row_position_from_rs12740374_kb	-59.967	-57.967	-55.967	-53.967	-51.967	-49.967	-47.967	-45.967	-43.967	-41.967	-39.967	-37.967	-35.967	-33.967	-31.967	-29.967	-27.967	-25.967	-23.967	-21.967	-19.967	-17.967	-15.967	-13.967	-11.967	-9.967	-7.967	-5.967	-3.967	-1.967	0.033	2.033	4.033	6.033	8.033	10.033	12.033	14.033	16.033	18.033	20.033	22.033	24.033	26.033	28.033	30.033	32.033	34.033	36.033	38.033	40.033	42.033	44.033	46.033	48.033	50.033	52.033	54.033	56.033	58.033	60.033	62.033	64.033	66.033	68.033	70.033	72.033	74.033	76.033	78.033	80.033	82.033	84.033	86.033	88.033	90.033	92.033	94.033	96.033	98.033	100.033	102.033	104.033	106.033	108.033	110.033	112.033	114.033	116.033	118.033	120.033	122.033	124.033	126.033	128.033	130.033	132.033	134.033	136.033	138.033	140.033	142.033	144.033	146.033	148.033	150.033	152.033	154.033	156.033	158.033	160.033	162.033	164.033
-59.967	0.9111246466636658	1.1228018999099731	1.268926978111267	1.3250893354415894	1.5487704277038574	2.011819362640381	1.5922406911849976	2.0735583305358887	1.3619771003723145	1.8865596055984497	1.3491082191467285	1.939959168434143	2.9380548000335693	2.606691837310791	2.5505778789520264	1.6930958032608032	1.660955786705017	1.4938112497329712	3.0727946758270264	2.028240442276001	2.0761799812316895	1.4726557731628418	2.605520009994507	0.9789562821388245	2.020716667175293	3.2533087730407715	2.2311973571777344	1.2456375360488892	2.518965721130371	1.5515735149383545	2.7717034816741943	1.136958360671997	0.0	1.9306520223617554	2.473459005355835	1.1612988710403442	0.3740787208080292	1.6534355878829956	3.024620532989502	0.0	1.0773718357086182	0.4028528928756714	1.566343903541565	1.690953016281128	0.7939664125442505	1.49250066280365	1.1458019018173218	0.9728962779045105	2.562960147857666	1.8764728307724	0.8432304859161377	1.2114386558532715	1.2334650754928589	1.4752720594406128	1.0205919742584229	0.0	0.0	1.1137200593948364	2.1639719009399414	0.8314398527145386	0.4981890916824341	1.7402639389038086	0.0	0.7038756608963013	0.6860947608947754	0.5315099954605103	1.376007318496704	3.895612955093384	2.813551425933838	1.1964191198349	0.47707805037498474	0.6720960140228271	0.8337694406509399	1.2901860475540161	1.6788215637207031	4.138147830963135	1.9211353063583374	1.8850361108779907	4.013156890869141	3.125035285949707	0.8457736372947693	4.029461860656738	1.8021109104156494	5.69751501083374	2.969057321548462	0.781977653503418	2.890699625015259	1.9236863851547241	2.2803025245666504	5.974949836730957	2.6390552520751953	3.4643664360046387	5.185631275177002	2.4016847610473633	2.2812821865081787	3.923222780227661	3.615018129348755	3.0432400703430176	2.178309917449951	1.976378321647644	4.321613788604736	1.480899691581726	2.293445587158203	3.800751209259033	5.207016468048096	1.7063285112380981	3.378464698791504	0.9423847794532776	0.9501824378967285	0.0	1.640991449356079	2.8096399307250977	0.780066967010498
-57.967	1.1228018999099731	1.3062303066253662	1.0876048803329468	1.1628705263137817	1.6711658239364624	1.8878886699676514	1.0271245241165161	1.4961109161376953	1.6676570177078247	2.4440746307373047	2.3832576274871826	1.7787688970565796	1.919458270072937	2.4693312644958496	1.248558521270752	1.5156325101852417	1.5957190990447998	2.467606782913208	1.402057409286499	1.7282804250717163	2.3065683841705322	0.9841548204421997	1.6616008281707764	1.3154534101486206	1.1300398111343384	1.4640706777572632	1.2525134086608887	0.5597481727600098	1.7741258144378662	2.000663995742798	2.188812732696533	1.7123174667358398	0.6061592698097229	0.7285192012786865	0.9346622824668884	0.43848302960395813	2.543818473815918	1.4088630676269531	0.8594582676887512	1.0442886352539062	1.2275949716567993	0.4588020443916321	0.5934497117996216	0.0	0.4535977244377136	1.2735793590545654	1.631636381149292	1.1100412607192993	0.41793808341026306	0.0	0.48237887024879456	2.303987979888916	0.7050985097885132	1.2648968696594238	2.3334555625915527	0.703269362449646	1.0999763011932373	2.555678606033325	1.2380274534225464	0.9530942440032959	2.8443355560302734	0.9963073134422302	0.9561031460762024	2.4216580390930176	0.0	2.441918134689331	1.5758107900619507	0.6391318440437317	3.2192280292510986	2.0586280822753906	1.0930638313293457	0.0	4.779578685760498	3.7113146781921387	0.9610540866851807	1.356601595878601	0.733606219291687	2.9015023708343506	0.0	1.7914882898330688	0.0	0.9292027354240417	3.448683738708496	1.6332972049713135	4.7713117599487305	3.593580961227417	0.0	2.2067463397979736	4.3514862060546875	2.5816638469696045	2.2810041904449463	2.9889297485351562	2.9685935974121094	6.462985992431641	3.490598678588867	0.9026156663894653	2.0770905017852783	1.7523857355117798	7.511425018310547	5.698068618774414	2.9810235500335693	5.104699611663818	0.8806668519973755	3.279653549194336	1.9968066215515137	0.9783355593681335	1.2992360591888428	3.252000331878662	1.0963672399520874	1.9614226818084717	3.77547550201416	4.309428691864014	0.8983445167541504
-55.967	1.268926978111267	1.0876048803329468	0.9723089337348938	1.2708446979522705	1.5480923652648926	2.03000807762146	1.7959600687026978	1.8700902462005615	1.4854192733764648	1.0280600786209106	1.4206607341766357	0.8930166363716125	2.0595414638519287	2.696901321411133	1.280516266822815	3.6443753242492676	1.0632319450378418	2.566615581512451	2.1940200328826904	1.6328054666519165	1.0373427867889404	2.0715208053588867	2.6298043727874756	1.7384026050567627	0.449521541595459	2.326838493347168	1.0011866092681885	3.572012186050415	1.699270486831665	2.002267837524414	2.50654935836792	2.0587098598480225	2.918735980987549	1.9547860622406006	2.2552261352539062	0.7063336968421936	1.3648369312286377	0.7563194036483765	1.3874932527542114	2.5299477577209473	1.3223295211791992	0.0	0.96039217710495	0.0	0.7348145246505737	0.68927001953125	1.5827440023422241	0.0	0.6775951981544495	1.1573537588119507	0.7819252610206604	0.0	3.429943561553955	0.0	1.895296573638916	2.2848355770111084	1.7838852405548096	1.0406126976013184	1.009221076965332	1.5496383905410767	0.0	1.6165746450424194	0.0	1.313056468963623	1.2780624628067017	2.9748473167419434	0.0	1.0400629043579102	5.253518104553223	1.115679383277893	0.0	1.258095145225525	3.1239614486694336	2.418506145477295	6.285345077514648	2.2070465087890625	3.5882647037506104	4.723186492919922	0.0	2.91397762298584	0.0	0.0	1.1300630569458008	2.664858818054199	1.1106197834014893	1.465360403060913	8.159948348999023	2.4098010063171387	2.837275743484497	0.0	2.4897444248199463	3.2630715370178223	4.852518558502197	6.008418083190918	4.290297985076904	2.9437496662139893	0.0	2.861478328704834	4.097419738769531	0.0	4.8850483894348145	1.3898661136627197	5.751495361328125	1.7895219326019287	4.896777629852295	1.5993444919586182	4.2340803146362305	1.777072548866272	1.792020559310913	1.6079635620117188	6.178228378295898	0.0	2.936899185180664
-53.967	1.3250893354415894	1.1628705263137817	1.2708446979522705	1.6326651573181152	0.7224827408790588	1.3727747201919556	0.8544813990592957	1.8940457105636597	2.423902988433838	1.0284309387207031	2.770575761795044	1.5329525470733643	2.262944459915161	1.5110690593719482	1.6539027690887451	2.2141828536987305	2.397969961166382	1.4708517789840698	1.802512764930725	1.177277684211731	1.1288914680480957	3.004782199859619	0.47821182012557983	1.7747814655303955	1.4780492782592773	3.1274771690368652	1.8328583240509033	3.2889351844787598	1.665448546409607	0.29454299807548523	1.1095967292785645	2.5345993041992188	1.0779139995574951	0.5782501697540283	1.672897219657898	0.5235084891319275	0.5064978003501892	1.1218138933181763	0.0	0.6272867321968079	1.9680635929107666	0.5530268549919128	1.0746941566467285	1.1608092784881592	1.0936574935913086	0.5144769549369812	1.184036135673523	1.7847328186035156	3.537754774093628	0.864558219909668	0.5843713283538818	1.1190377473831177	0.0	0.5117504596710205	0.0	0.8550711870193481	2.6703603267669678	1.5551502704620361	0.0	1.1640887260437012	1.3883402347564697	2.4265339374542236	0.0	0.0	1.9157711267471313	0.0	0.0	0.7821226119995117	7.87805700302124	0.8388950228691101	2.002065658569336	0.0	1.1715404987335205	2.7312674522399902	1.1795008182525635	4.156640529632568	0.8965861797332764	0.0	0.8074334263801575	2.9366018772125244	1.1854009628295898	1.1377195119857788	0.0	4.023399829864502	1.6698367595672607	1.1001193523406982	2.0441505908966064	1.8126330375671387	4.282736301422119	0.0	0.9332042932510376	2.4615931510925293	3.66133189201355	5.65661096572876	2.1440298557281494	5.556954383850098	2.550990581512451	6.465426921844482	8.220715522766113	1.403472661972046	4.901675224304199	4.1976494789123535	3.2468767166137695	2.692438840866089	3.6932644844055176	3.614232063293457	1.5946043729782104	1.3341844081878662	2.707188367843628	2.421936511993408	0.0	1.3278313875198364	1.1059868335723877
-51.967	1.5487704277038574	1.6711658239364624	1.5480923652648926	0.7224827408790588	0.9945898652076721	1.4937282800674438	1.5513705015182495	1.2683405876159668	1.4660238027572632	1.9795851707458496	1.9616016149520874	1.7663055658340454	2.0837039947509766	2.365645170211792	2.01230788230896	1.3800380229949951	2.279365301132202	1.3901691436767578	1.7134912014007568	1.946669578552246	1.7282321453094482	1.7357546091079712	2.5774333477020264	0.5873545408248901	1.6528429985046387	0.6616433262825012	1.1412498950958252	1.0227383375167847	1.6279795169830322	1.6089853048324585	1.7328745126724243	1.1911696195602417	1.4088789224624634	1.3602906465530396	1.7512166500091553	1.2368000745773315	1.1956058740615845	0.8839405179023743	0.40531182289123535	1.4824845790863037	1.5541408061981201	1.3107271194458008	1.132516622543335	0.919350802898407	1.7314945459365845	1.2193717956542969	1.5637441873550415	1.0630756616592407	0.399678498506546	0.0	1.853755235671997	1.3317878246307373	1.358142375946045	0.4069688618183136	3.3757314682006836	0.0	1.0609441995620728	0.6178609132766724	1.2015933990478516	1.8548296689987183	4.428809642791748	2.8947911262512207	0.0	3.125033140182495	1.5246940851211548	1.777267336845398	0.7671639919281006	0.6214300394058228	0.0	2.003286838531494	2.1308882236480713	1.502900242805481	0.9340959787368774	1.4498730897903442	1.885512351989746	1.3249727487564087	1.4341294765472412	1.411819577217102	3.863698720932007	2.338310956954956	2.853527069091797	0.0	1.353637933731079	4.81514835357666	4.014760494232178	0.8779985904693604	1.6292345523834229	2.8924241065979004	3.4199941158294678	2.527672290802002	3.7204527854919434	1.9590412378311157	4.398406982421875	7.249758720397949	4.285804748535156	4.4222869873046875	4.089876651763916	3.4381041526794434	6.573103904724121	4.484043598175049	0.9809321761131287	2.515241861343384	3.4701883792877197	3.2272768020629883	2.9496102333068848	0.9646509885787964	6.376041889190674	4.267515659332275	0.0	0.971077024936676	0.0	1.0649346113204956	2.65588116645813
-49.967	2.011819362640381	1.8878886699676514	2.03000807762146	1.3727747201919556	1.4937282800674438	0.8019735217094421	1.08296537399292	1.762420415878296	2.5391361713409424	1.762351155281067	2.0971174240112305	2.0338845252990723	1.4790706634521484	2.039722442626953	1.7535483837127686	1.5778146982192993	1.932441234588623	1.4848357439041138	1.6856998205184937	1.616369366645813	1.8200656175613403	2.0953850746154785	1.6772215366363525	1.2481396198272705	2.670947313308716	2.0195820331573486	0.5235629677772522	1.1769373416900635	1.1975816488265991	1.7008605003356934	2.1326920986175537	1.8336280584335327	1.566335916519165	1.0514973402023315	1.2181837558746338	0.7656973004341125	1.4849036931991577	1.6453533172607422	0.7555068731307983	2.3010010719299316	1.0861037969589233	0.8161860704421997	1.0582940578460693	0.8594471216201782	0.4055071175098419	0.7611525058746338	1.4612737894058228	0.9963985681533813	1.8772730827331543	0.6403642296791077	1.7362173795700073	2.0821125507354736	3.8236889839172363	0.3816806674003601	0.0	1.2749526500701904	1.9944510459899902	1.7421343326568604	1.6940027475357056	4.351006031036377	1.0433546304702759	0.9102150797843933	1.743385672569275	0.7362877726554871	2.147031784057617	2.2307331562042236	2.1660242080688477	1.7577497959136963	0.0	1.2611286640167236	1.5047111511230469	4.966595649719238	0.8786911964416504	0.6836773157119751	0.8879190683364868	2.5052733421325684	3.3794798851013184	3.338893175125122	2.4245615005493164	2.205791711807251	0.0	2.5774261951446533	0.6369521021842957	1.5129528045654297	3.788801431655884	3.3291635513305664	0.7689968943595886	2.0450830459594727	0.8068716526031494	3.183321475982666	2.1155784130096436	3.695214033126831	3.450312614440918	5.150707244873047	7.309187412261963	1.6729594469070435	3.8497917652130127	8.14980697631836	3.8759710788726807	3.1805989742279053	3.7069931030273438	3.9691715240478516	4.91896390914917	5.09976863861084	3.7172300815582275	0.9112579822540283	2.415480375289917	1.0091605186462402	3.0613436698913574	1.8309932947158813	1.7697358131408691	1.0070984363555908	2.519449234008789
-47.967	1.5922406911849976	1.0271245241165161	1.7959600687026978	0.8544813990592957	1.5513705015182495	1.08296537399292	0.8947758078575134	1.4421665668487549	1.9607378244400024	1.2949273586273193	1.5034157037734985	1.079060673713684	1.8520797491073608	1.7464704513549805	2.1530938148498535	2.259180784225464	1.6836187839508057	2.4941160678863525	1.1654456853866577	1.200844645500183	0.6661210656166077	1.0100829601287842	1.7299795150756836	2.3132357597351074	1.0542540550231934	2.101475954055786	2.73093581199646	1.5377838611602783	1.5700290203094482	0.5567992925643921	1.7557252645492554	1.4461339712142944	0.3433573246002197	1.942182183265686	1.0727611780166626	1.5169936418533325	1.9636807441711426	1.6368756294250488	1.5019642114639282	1.8323607444763184	0.0	1.0830104351043701	0.7038307785987854	0.5718401670455933	0.5398338437080383	1.0153896808624268	1.9484179019927979	1.3259366750717163	1.5033890008926392	0.8566382527351379	0.5781838297843933	1.1108096837997437	1.702571988105774	2.5504097938537598	1.4136087894439697	2.56170392036438	1.3322786092758179	1.55458664894104	0.7557640075683594	1.1646857261657715	2.0911853313446045	1.2214415073394775	5.854708671569824	0.0	1.9209845066070557	1.4910967350006104	2.903642416000366	0.7852598428726196	7.9361772537231445	0.84389328956604	3.37235426902771	0.0	1.1814641952514648	4.579200744628906	2.3849446773529053	5.040156364440918	2.7298762798309326	4.481751441955566	1.6330903768539429	2.956714630126953	2.4068603515625	1.1522928476333618	0.8608806133270264	4.055210113525391	4.238198280334473	6.711078643798828	2.0761544704437256	0.9163985252380371	6.499307632446289	3.2085187435150146	3.7941336631774902	1.2467674016952515	5.560699462890625	4.60302734375	4.382201671600342	3.3858256340026855	2.59244441986084	4.369764804840088	4.186803340911865	7.122154712677002	3.744420051574707	4.272050857543945	7.737764358520508	6.862834453582764	5.018901824951172	2.4530770778656006	1.6246821880340576	6.805285930633545	1.3745473623275757	2.466190814971924	2.375938892364502	2.7205922603607178	4.523941993713379
-45.967	2.0735583305358887	1.4961109161376953	1.8700902462005615	1.8940457105636597	1.2683405876159668	1.762420415878296	1.4421665668487549	1.3549742698669434	1.4494584798812866	1.6060305833816528	1.479501724243164	1.7454833984375	1.9001110792160034	1.8602385520935059	1.2959082126617432	1.5415853261947632	1.4772672653198242	2.092421293258667	1.6027568578720093	1.942083716392517	1.2628659009933472	2.054445505142212	0.6620755791664124	1.4207087755203247	1.6287883520126343	1.825666069984436	0.7931408882141113	1.4328268766403198	0.9161055684089661	1.7385846376419067	1.642715573310852	1.5122734308242798	1.0749467611312866	0.869158923625946	1.685471534729004	0.0	0.0	2.1481850147247314	0.7908574342727661	2.4100399017333984	1.5177117586135864	1.7104049921035767	1.3902289867401123	1.3586965799331665	0.8554807901382446	2.8170664310455322	1.238134503364563	1.0527080297470093	0.39707672595977783	0.6808081865310669	0.0	0.4405204951763153	0.0	3.6514153480529785	1.124873399734497	1.3581104278564453	2.1252171993255615	2.473325490951538	0.6023452281951904	1.8563793897628784	2.7775700092315674	0.9717995524406433	0.9356179237365723	3.9446122646331787	0.7661411762237549	1.7873449325561523	1.5409010648727417	3.1339914798736572	0.0	4.048001766204834	1.612416386604309	2.2850875854492188	0.9432138204574585	2.1996817588806152	2.853466033935547	2.686967134475708	0.7266982197761536	2.1556363105773926	2.610478162765503	1.1858264207839966	2.8815205097198486	3.686748504638672	2.0625133514404297	3.2635042667388916	5.411203861236572	0.0	4.1533660888671875	4.419522285461426	2.60115647315979	3.419710397720337	0.0	4.992692947387695	2.2342920303344727	3.681018114089966	3.49780011177063	2.719599485397339	2.0827255249023438	1.752124547958374	1.6708519458770752	4.580871105194092	6.989559173583984	3.4258832931518555	0.8855205774307251	0.0	3.0161824226379395	4.930319786071777	1.302095651626587	1.0901992321014404	1.1038509607315063	0.989008903503418	3.8110077381134033	2.174828052520752	4.54802942276001
-43.967	1.3619771003723145	1.6676570177078247	1.4854192733764648	2.423902988433838	1.4660238027572632	2.5391361713409424	1.9607378244400024	1.4494584798812866	1.123536229133606	1.3216322660446167	1.234798789024353	1.6301308870315552	2.8070342540740967	1.8159185647964478	1.0663385391235352	2.010737657546997	2.065934419631958	1.4929813146591187	1.2018667459487915	0.7673335075378418	1.5060815811157227	0.9231947660446167	1.5959148406982422	0.6443713903427124	1.552486538887024	2.971343755722046	2.2582647800445557	2.0457448959350586	0.7493329048156738	0.5343376994132996	3.3771605491638184	1.3973960876464844	0.6661060452461243	1.3436717987060547	0.5214492678642273	0.4937082827091217	0.0	1.0678372383117676	0.984031081199646	0.6015718579292297	0.0	2.6698684692382812	2.428589105606079	0.565434992313385	0.0	2.0154988765716553	0.38771042227745056	0.0	1.4944595098495483	1.704835295677185	1.7350934743881226	1.6633964776992798	0.8473160266876221	2.545670509338379	1.4137929677963257	1.7077049016952515	2.6705703735351562	0.0	1.5143110752105713	5.8447957038879395	2.098686695098877	1.2237811088562012	0.0	1.9921908378601074	0.9683193564414978	4.505641937255859	0.9728803038597107	2.3652405738830566	0.0	0.0	2.036959648132324	1.918261170387268	2.38676381111145	0.0	4.813198089599609	1.693319320678711	4.59131383895874	6.34728479385376	1.6533695459365845	0.0	1.2174341678619385	1.1624289751052856	4.344797134399414	4.118319988250732	2.580472946166992	3.3818445205688477	1.0491290092468262	2.79414701461792	2.20251202583313	0.0	2.876210927963257	0.0	3.770174026489258	10.517060279846191	4.420004844665527	6.86026668548584	3.9652175903320312	2.224287509918213	5.293198585510254	1.4443646669387817	6.342665672302246	4.3307623863220215	2.244234323501587	5.5796613693237305	2.5509355068206787	1.2485218048095703	1.6541318893432617	5.522602081298828	1.397150993347168	5.020122528076172	2.4149978160858154	4.134225368499756	1.14899480342865
-41.967	1.8865596055984497	2.4440746307373047	1.0280600786209106	1.0284309387207031	1.9795851707458496	1.762351155281067	1.2949273586273193	1.6060305833816528	1.3216322660446167	1.4459779262542725	1.0735623836517334	1.3100446462631226	1.7263072729110718	1.4539570808410645	2.0219180583953857	1.9639805555343628	1.3628984689712524	1.191202998161316	0.7614724636077881	1.8317960500717163	1.8082797527313232	1.1616971492767334	0.6053503155708313	2.458317995071411	0.6484044790267944	0.9508233070373535	1.2465200424194336	2.031904697418213	1.4513942003250122	1.037614345550537	1.314199447631836	2.9099695682525635	0.7793315052986145	1.2650874853134155	1.2248332500457764	0.3867948353290558	0.0	2.1005072593688965	1.935449481010437	1.4216052293777466	1.8692184686660767	0.42154833674430847	1.6456892490386963	2.233325242996216	0.846216082572937	1.1976594924926758	1.843919038772583	1.397027611732483	0.7916836142539978	2.0310556888580322	1.3753403425216675	1.3224706649780273	2.7006819248199463	0.8079447150230408	4.492818832397461	2.7175943851470947	2.1258933544158936	1.8598781824111938	0.6041243672370911	0.9302477240562439	3.346569299697876	0.9756515622138977	2.813286066055298	0.0	2.322021245956421	0.0	2.328941583633423	1.260545015335083	3.180513620376587	3.396663188934326	2.7102317810058594	0.767083466053009	3.8053550720214844	0.740901529788971	0.0	0.6780954003334045	0.0	1.4507497549057007	0.0	3.6030068397521973	0.0	1.8655251264572144	2.775249481201172	0.0	1.3743698596954346	2.722622871398926	1.6749989986419678	0.7447085380554199	1.7631199359893799	4.347451686859131	3.8385026454925537	2.019317865371704	3.7725229263305664	1.872510313987732	5.329880714416504	5.488180637359619	6.33231782913208	3.5745737552642822	5.104874134063721	2.3174304962158203	6.077170372009277	0.8707912564277649	5.38816499710083	3.357130765914917	3.0664432048797607	1.0027412176132202	0.0	1.1103774309158325	2.240323781967163	0.0	1.9401283264160156	2.2114105224609375	4.609201431274414
-39.967	1.3491082191467285	2.3832576274871826	1.4206607341766357	2.770575761795044	1.9616016149520874	2.0971174240112305	1.5034157037734985	1.479501724243164	1.234798789024353	1.0735623836517334	0.8959208726882935	1.0219241380691528	1.7574878931045532	1.4095951318740845	1.0901458263397217	1.6307358741760254	1.3692982196807861	1.5567362308502197	1.378448486328125	2.2234690189361572	2.3115391731262207	1.1950132846832275	2.088425874710083	2.1304264068603516	2.16648530960083	3.160416841506958	1.3123210668563843	1.7937302589416504	1.0246703624725342	1.6530290842056274	0.9328951835632324	1.2935981750488281	0.6952224969863892	2.2544443607330322	0.0	0.34595987200737	1.6874598264694214	1.8857189416885376	3.131373167037964	0.42588481307029724	1.6820220947265625	0.3804886043071747	1.4841463565826416	2.016944408416748	1.1454423666000366	1.081373691558838	0.27815157175064087	0.9487478733062744	3.585768938064575	2.458219528198242	1.6637897491455078	2.394995927810669	1.2264083623886108	0.7354465126991272	2.0361499786376953	2.4663748741149902	0.966172456741333	0.5637701153755188	0.5490199327468872	0.8478934168815613	1.0140964984893799	0.8886246085166931	2.562160015106201	0.0	2.111225128173828	1.6459771394729614	1.4191821813583374	1.149046778678894	5.80902099609375	1.2359466552734375	1.483325719833374	0.6995508074760437	2.6074905395507812	1.3494216203689575	2.638018846511841	1.2372993230819702	1.3407458066940308	0.661195695400238	1.2070889472961426	3.288227081298828	2.6751644611358643	3.4078099727630615	2.543947219848633	0.0	1.8844294548034668	4.969519138336182	3.8511440753936768	3.395575523376465	1.610428810119629	8.746260643005371	4.2310404777526855	2.7707011699676514	5.513943195343018	3.4246487617492676	8.943401336669922	5.040031433105469	0.0	4.890830039978027	1.5619550943374634	8.510472297668457	3.7128844261169434	2.382786273956299	1.6501775979995728	1.0230568647384644	5.620377540588379	2.7539479732513428	3.6495237350463867	4.067079544067383	2.0582544803619385	2.7631657123565674	0.0	1.0147393941879272	1.6898709535598755
-37.967	1.939959168434143	1.7787688970565796	0.8930166363716125	1.5329525470733643	1.7663055658340454	2.0338845252990723	1.079060673713684	1.7454833984375	1.6301308870315552	1.3100446462631226	1.0219241380691528	1.707144021987915	1.657150149345398	0.9787988066673279	1.1741268634796143	2.0116543769836426	1.6948575973510742	1.7144094705581665	1.6119391918182373	1.6859694719314575	1.5977522134780884	2.9177439212799072	1.648664116859436	1.5041143894195557	2.3053536415100098	2.136281728744507	2.8189303874969482	3.0057685375213623	2.776715040206909	1.5921722650527954	1.7741739749908447	1.057050108909607	1.264931082725525	2.675201654434204	0.40035519003868103	0.761476457118988	0.3706481456756592	1.2433494329452515	1.5341169834136963	2.3501522541046143	1.8561772108078003	1.2612113952636719	0.8224213123321533	1.7867597341537476	0.0	0.0	1.5418686866760254	2.4602081775665283	1.196028232574463	2.734227418899536	0.9272180795669556	1.7787559032440186	0.6817845702171326	2.460465908050537	0.0	2.0587069988250732	2.153339147567749	1.2584285736083984	3.0651395320892334	0.0	2.2698922157287598	1.9838205575942993	0.0	1.6148484945297241	1.573927402496338	3.0626280307769775	0.7955897450447083	0.0	0.0	2.0788350105285645	2.2091023921966553	0.783522367477417	0.9732658267021179	0.7568978667259216	2.9497716426849365	2.7802791595458984	0.7509720921516418	0.7427911162376404	2.026522159576416	1.8448415994644165	0.0	2.8749537467956543	2.8530256748199463	3.3830394744873047	2.110460042953491	2.788834571838379	3.4524710178375244	3.834439516067505	0.0	3.5669970512390137	3.9589881896972656	6.249958038330078	4.644838809967041	8.642955780029297	6.390328884124756	2.8320465087890625	2.1751461029052734	3.6587560176849365	8.74699592590332	2.3980143070220947	1.0463855266571045	3.575019598007202	3.6962709426879883	4.6166205406188965	3.1545803546905518	0.0	0.0	2.2908685207366943	4.6284379959106445	0.0	1.9971771240234375	1.1405171155929565	2.8563623428344727
-35.967	2.9380548000335693	1.919458270072937	2.0595414638519287	2.262944459915161	2.0837039947509766	1.4790706634521484	1.8520797491073608	1.9001110792160034	2.8070342540740967	1.7263072729110718	1.7574878931045532	1.657150149345398	1.1677324771881104	0.5137457251548767	1.2956299781799316	1.1622403860092163	1.8311245441436768	2.214087724685669	1.1911218166351318	1.1802037954330444	1.3928427696228027	1.4689387083053589	1.776932954788208	1.8589973449707031	2.0992190837860107	2.3414316177368164	1.3983780145645142	1.2825572490692139	1.2940013408660889	1.7331773042678833	1.6972769498825073	0.7099263668060303	1.8737725019454956	1.6660234928131104	1.62608802318573	1.0297248363494873	1.7646275758743286	0.8438864350318909	1.8232823610305786	1.601011872291565	1.5192419290542603	2.006988286972046	1.3103535175323486	0.6118940114974976	1.738493800163269	1.0948542356491089	1.6893272399902344	0.9632124304771423	1.369073748588562	2.3484158515930176	1.2747302055358887	0.9189322590827942	0.9387985467910767	1.6906425952911377	1.568447232246399	1.4220331907272339	2.2216227054595947	2.1666502952575684	1.691333293914795	2.611565351486206	1.1740161180496216	3.4302895069122314	1.3177663087844849	1.6741424798965454	1.6316015720367432	1.693238377571106	2.195651054382324	1.7871675491333008	0.0	2.3965904712677	1.5308663845062256	1.081718921661377	1.347367525100708	2.0951719284057617	4.771745204925537	1.4409621953964233	2.607172966003418	2.5712034702301025	3.7518820762634277	2.9774820804595947	2.7717816829681396	2.654679298400879	2.9749767780303955	3.5171289443969727	1.4680099487304688	3.860490322113037	2.993441581726074	2.655489683151245	1.2584410905838013	3.702514886856079	3.292842149734497	2.891322612762451	4.856369495391846	3.999544858932495	3.1641087532043457	0.6550684571266174	5.28744649887085	8.923847198486328	1.8197624683380127	5.809417724609375	7.28856897354126	2.4906411170959473	3.8556900024414062	5.591878890991211	0.7331236004829407	3.583083152770996	3.8038218021392822	4.774333477020264	0.8055905103683472	2.1659398078918457	4.1770710945129395	3.1706361770629883	1.322701096534729
-33.967	2.606691837310791	2.4693312644958496	2.696901321411133	1.5110690593719482	2.365645170211792	2.039722442626953	1.7464704513549805	1.8602385520935059	1.8159185647964478	1.4539570808410645	1.4095951318740845	0.9787988066673279	0.5137457251548767	1.0699937343597412	2.4701919555664062	1.7780472040176392	2.5967836380004883	2.5509610176086426	0.987270712852478	2.525015115737915	3.2720985412597656	2.4451942443847656	0.7046418786048889	2.871588945388794	3.3451836109161377	1.5806432962417603	0.6323562860488892	2.916680097579956	1.2656035423278809	2.5634055137634277	1.876404881477356	0.0	1.1800386905670166	1.3499248027801514	1.8859658241271973	0.7189900279045105	1.4064816236495972	0.3946755826473236	0.7293919920921326	1.794428825378418	1.4233723878860474	0.40341994166374207	2.370267868041992	1.292912483215332	0.40939852595329285	1.1592485904693604	0.29853540658950806	1.0205024480819702	4.644197463989258	1.330932378768921	1.3551712036132812	1.3030893802642822	0.6670104265213013	4.402231216430664	0.0	0.0	2.110466957092285	2.4594030380249023	1.2014446258544922	1.857993483543396	0.5570852160453796	1.952012538909912	0.940115213394165	0.794148862361908	3.101747989654541	2.414018392562866	0.7825669050216675	1.907765507698059	0.0	4.115057945251465	1.638354778289795	0.7731970548629761	0.959341824054718	1.495886206626892	1.9463273286819458	1.3739081621170044	1.4866784811019897	3.6829583644866943	2.0093913078308105	1.21841299533844	1.977545976638794	2.848245143890381	2.8334734439849854	3.362544298171997	2.79860782623291	0.9232670664787292	0.8548203110694885	3.039832592010498	2.696815013885498	3.5536186695098877	2.3503258228302	6.201226234436035	6.95195198059082	7.668024063110352	6.343124866485596	9.367574691772461	1.0812842845916748	3.653069496154785	3.488095760345459	3.561842441558838	3.122199535369873	0.8947176933288574	4.617829322814941	2.292034149169922	4.187135696411133	2.061379909515381	1.3609527349472046	1.1415425539016724	3.4634687900543213	2.073859453201294	3.9917445182800293	1.1399996280670166	0.9482014775276184
-31.967	2.5505778789520264	1.248558521270752	1.280516266822815	1.6539027690887451	2.01230788230896	1.7535483837127686	2.1530938148498535	1.2959082126617432	1.0663385391235352	2.0219180583953857	1.0901458263397217	1.1741268634796143	1.2956299781799316	2.4701919555664062	0.9648658633232117	1.4918180704116821	2.1812236309051514	2.2531096935272217	1.1558011770248413	1.5903126001358032	1.7897939682006836	1.0288734436035156	1.8674540519714355	1.2236324548721313	1.9632333517074585	1.826663613319397	1.8741893768310547	0.9354084134101868	1.574637770652771	1.905104398727417	1.7950067520141602	1.601990818977356	0.4954884350299835	1.3535078763961792	1.0616531372070312	2.0276875495910645	0.7462325096130371	0.8366190791130066	0.5184247493743896	1.9091490507125854	0.7576501369476318	2.2976157665252686	1.1263256072998047	0.9214691519737244	0.8764283061027527	0.5531677007675171	1.9215182065963745	1.218097448348999	3.046492099761963	0.9529622793197632	0.9726629257202148	0.9356986880302429	0.958297848701477	0.8642486929893494	0.0	1.4517686367034912	0.760006844997406	1.77531898021698	0.8635785579681396	0.6685993075370789	0.8031045794487	2.111494302749634	1.3550337553024292	1.1480262279510498	2.23606538772583	3.487156391143799	1.6955569982528687	0.9185421466827393	2.323943614959717	2.979757308959961	0.7917075157165527	1.1178325414657593	1.3894928693771362	1.6186552047729492	1.4079005718231201	3.974400043487549	1.6156671047210693	2.659691095352173	0.48601624369621277	2.2037675380706787	1.4347862005233765	4.11767578125	3.0800771713256836	2.4335596561431885	6.099320411682129	4.012362003326416	1.242762565612793	3.8477683067321777	1.30323326587677	1.2859231233596802	3.9996066093444824	5.97930383682251	6.154515743255615	8.34097671508789	5.940582752227783	1.35902738571167	3.916494846343994	7.947275161743164	5.0633673667907715	0.864640474319458	1.5084656476974487	3.235938787460327	2.6891181468963623	5.006180763244629	0.7607387900352478	1.491025447845459	0.9915882349014282	2.482809543609619	0.8390113711357117	0.7527871131896973	2.9042508602142334	2.4834492206573486	0.0
-29.967	1.6930958032608032	1.5156325101852417	3.6443753242492676	2.2141828536987305	1.3800380229949951	1.5778146982192993	2.259180784225464	1.5415853261947632	2.010737657546997	1.9639805555343628	1.6307358741760254	2.0116543769836426	1.1622403860092163	1.7780472040176392	1.4918180704116821	0.9000304937362671	1.3207783699035645	1.6645116806030273	1.3204838037490845	1.4592868089675903	1.1311273574829102	0.9126691818237305	2.21144962310791	2.783891439437866	1.4208732843399048	1.4639315605163574	1.9757657051086426	1.1338846683502197	1.8646186590194702	1.633673906326294	1.9308584928512573	0.9876543283462524	1.0758227109909058	1.0282317399978638	1.7332823276519775	0.27657702565193176	1.3598383665084839	1.2237465381622314	1.1361300945281982	1.4028764963150024	0.5555791854858398	0.6321970820426941	1.2434840202331543	1.0185556411743164	0.3228887915611267	2.1424953937530518	0.7109531164169312	1.6211216449737549	1.537951946258545	1.0575473308563232	1.4400149583816528	2.430116891860962	1.600662350654602	0.3209235370159149	1.785660982131958	2.159777879714966	1.6926205158233643	2.478571653366089	2.9001197814941406	4.471584320068359	0.0	0.7867473363876343	1.5153478384017944	2.566061019897461	3.1330013275146484	1.461930751800537	2.532200813293457	1.0287619829177856	2.6027779579162598	1.6658762693405151	2.2225723266601562	1.256524682044983	0.0	0.6059436202049255	0.7875037789344788	2.229173183441162	1.2079825401306152	2.390622138977051	1.6328738927841187	0.9919264316558838	0.8048864603042603	1.5443211793899536	2.8772084712982178	0.0	4.563629150390625	1.5067567825317383	1.3959048986434937	3.0982067584991455	2.9236106872558594	2.168276786804199	3.2063403129577637	5.071897983551025	3.137268304824829	4.684573650360107	2.226876735687256	6.140669345855713	3.5245585441589355	2.9759857654571533	2.8470475673675537	3.892805814743042	3.4071691036224365	2.909393548965454	1.5082396268844604	8.4766845703125	1.71781325340271	6.721555233001709	1.112255573272705	0.0	2.829862594604492	1.6967824697494507	4.904496192932129	3.7360408306121826	0.7779320478439331
-27.967	1.660955786705017	1.5957190990447998	1.0632319450378418	2.397969961166382	2.279365301132202	1.932441234588623	1.6836187839508057	1.4772672653198242	2.065934419631958	1.3628984689712524	1.3692982196807861	1.6948575973510742	1.8311245441436768	2.5967836380004883	2.1812236309051514	1.3207783699035645	1.2859681844711304	1.9644451141357422	0.9301956295967102	1.4351811408996582	1.4201536178588867	1.187239646911621	0.8839946389198303	1.3290488719940186	1.886547327041626	2.16400146484375	1.697110652923584	0.9217013716697693	1.6636182069778442	1.220461130142212	1.5827137231826782	1.489450454711914	0.5424243807792664	1.3413994312286377	0.8790568709373474	0.5064416527748108	0.6657006144523621	0.9379130601882935	0.6989558935165405	0.6465316414833069	1.2019366025924683	1.1698734760284424	1.4070624113082886	1.6816142797470093	1.2008944749832153	1.7073355913162231	2.500117063522339	1.3454536199569702	0.9565149545669556	0.658660888671875	0.6721234917640686	1.7293453216552734	1.3321388959884644	1.8036353588104248	1.1155263185501099	1.0140295028686523	1.0590810775756836	1.5477838516235352	0.6054893136024475	2.339212656021118	2.24114990234375	1.9696534872055054	1.8997902870178223	1.609258770942688	1.9635521173477173	2.7568349838256836	1.5875191688537598	1.2923752069473267	0.0	1.743812084197998	1.3936200141906738	1.978148102760315	1.4727915525436401	1.5236724615097046	1.983848214149475	2.7969272136688232	1.899763822555542	2.631150484085083	1.3717589378356934	2.803297996520996	2.5395398139953613	1.9433082342147827	3.9939019680023193	5.157607555389404	2.1570770740509033	0.47416555881500244	2.6456847190856934	1.1709166765213013	3.6963722705841064	3.6370351314544678	3.6382055282592773	9.044513702392578	6.367323875427246	5.401180267333984	3.7406299114227295	0.9681458473205566	2.790865659713745	5.632043361663818	2.2419981956481934	4.296183109283447	5.376474380493164	0.9212923645973206	1.9011187553405762	1.7774275541305542	7.068287372589111	2.1278786659240723	4.9206671714782715	2.3528082370758057	2.3907558917999268	2.67447829246521	2.0664448738098145	1.7690438032150269	0.9844323396682739
-25.967	1.4938112497329712	2.467606782913208	2.566615581512451	1.4708517789840698	1.3901691436767578	1.4848357439041138	2.4941160678863525	2.092421293258667	1.4929813146591187	1.191202998161316	1.5567362308502197	1.7144094705581665	2.214087724685669	2.5509610176086426	2.2531096935272217	1.6645116806030273	1.9644451141357422	1.0558347702026367	0.7427226305007935	1.4021713733673096	1.6630432605743408	1.7046931982040405	2.383120059967041	1.6528712511062622	1.344118595123291	1.2937043905258179	1.8922510147094727	2.1076529026031494	1.122478723526001	1.139212727546692	1.484428882598877	1.5327680110931396	1.1203334331512451	1.2736389636993408	0.45809751749038696	0.8794357776641846	1.9564135074615479	0.49128255248069763	1.834205150604248	1.9860734939575195	0.9031495451927185	1.2895324230194092	1.857315182685852	1.66581392288208	0.7955268025398254	1.0065702199935913	1.5604972839355469	2.010111093521118	1.5289541482925415	1.7532665729522705	1.493024468421936	2.015197515487671	0.8875426054000854	1.338425874710083	1.4907044172286987	1.807495355606079	2.83756947517395	2.0724642276763916	1.6182751655578613	1.881221055984497	1.8816876411437988	0.6586852073669434	0.6361321210861206	1.0793598890304565	2.1081349849700928	0.41082537174224854	2.669308662414551	2.600804567337036	6.592067718505859	1.4062758684158325	1.4984755516052246	1.5925960540771484	0.6615685820579529	1.0276840925216675	1.3343967199325562	2.3559391498565674	1.5302603244781494	1.5180110931396484	2.307765007019043	4.199718952178955	2.0478146076202393	4.592374324798584	1.4665846824645996	2.321333646774292	1.9345017671585083	5.115889072418213	0.0	3.6937782764434814	2.491248846054077	4.920177459716797	3.809025764465332	2.8708367347717285	5.8959503173828125	5.33148717880249	1.887818455696106	4.567680358886719	3.0131521224975586	2.544930934906006	3.631929636001587	2.48223876953125	2.9023289680480957	3.7332725524902344	3.864849090576172	2.3972198963165283	4.391534805297852	4.3238444328308105	2.8573362827301025	3.977635622024536	5.631839275360107	5.076979160308838	8.364212036132812	2.3925790786743164	1.3300213813781738
-23.967	3.0727946758270264	1.402057409286499	2.1940200328826904	1.802512764930725	1.7134912014007568	1.6856998205184937	1.1654456853866577	1.6027568578720093	1.2018667459487915	0.7614724636077881	1.378448486328125	1.6119391918182373	1.1911218166351318	0.987270712852478	1.1558011770248413	1.3204838037490845	0.9301956295967102	0.7427226305007935	1.3812048435211182	2.1672353744506836	1.2482585906982422	2.8100392818450928	1.7937676906585693	1.760626196861267	1.7134586572647095	1.250016689300537	0.9290019869804382	1.3333649635314941	0.8958521485328674	1.4411414861679077	1.3080191612243652	1.6586604118347168	1.2193632125854492	0.6323204040527344	1.0036911964416504	0.48470839858055115	0.23954081535339355	0.8144176006317139	1.524204969406128	1.8899142742156982	1.2575459480285645	3.156432628631592	2.456610679626465	0.6201587915420532	0.5926903486251831	0.5641822814941406	1.0946521759033203	1.5038890838623047	0.8589912056922913	2.4700450897216797	2.0175750255584717	0.9739471077919006	3.000293493270874	0.9054004549980164	2.5271224975585938	0.5109216570854187	0.8024163842201233	1.8792723417282104	0.4583471119403839	0.0	1.2803924083709717	2.9947454929351807	2.1599416732788086	1.8347824811935425	2.9909160137176514	0.9329935312271118	3.029096841812134	1.4800384044647217	2.4943289756774902	1.0662411451339722	1.7040982246398926	0.0	0.0	0.5858816504478455	2.2845447063446045	1.0726449489593506	4.071649551391602	2.8738465309143066	3.1543095111846924	2.8694636821746826	2.3361973762512207	1.492034912109375	1.1171174049377441	3.966754913330078	2.7625813484191895	2.9114627838134766	1.3553993701934814	3.006714105606079	3.5622191429138184	4.9100470542907715	1.8685115575790405	5.72193717956543	9.788557052612305	2.278395652770996	5.058535575866699	5.944253444671631	6.873269081115723	0.0	2.0828793048858643	1.8901604413986206	1.6553112268447876	2.1314449310302734	5.889354228973389	1.8326270580291748	5.0113844871521	7.387218952178955	0.0	0.9119994640350342	3.6826977729797363	3.3042256832122803	3.198655605316162	0.9104381799697876	3.043980121612549
-21.967	2.028240442276001	1.7282804250717163	1.6328054666519165	1.177277684211731	1.946669578552246	1.616369366645813	1.200844645500183	1.942083716392517	0.7673335075378418	1.8317960500717163	2.2234690189361572	1.6859694719314575	1.1802037954330444	2.525015115737915	1.5903126001358032	1.4592868089675903	1.4351811408996582	1.4021713733673096	2.1672353744506836	1.2307592630386353	0.986650288105011	1.2536333799362183	1.5037930011749268	2.2068774700164795	1.4603546857833862	1.2645457983016968	0.9388288855552673	1.1573114395141602	1.5716991424560547	1.6824718713760376	1.5531319379806519	1.4330867528915405	1.0585814714431763	1.1778550148010254	0.5863170623779297	0.9466519355773926	1.6946734189987183	1.066632628440857	1.2012282609939575	1.2443788051605225	0.995577335357666	1.1396870613098145	1.4993125200271606	1.2373727560043335	0.7080669403076172	1.1240389347076416	2.4501752853393555	2.206723690032959	2.0623128414154053	1.187511682510376	2.162085771560669	1.3035366535186768	2.01064133644104	2.4251036643981934	4.063581466674805	2.0588536262512207	2.587942123413086	1.1368988752365112	1.8524001836776733	4.009753227233887	1.3765143156051636	1.8164482116699219	1.7507399320602417	2.961731195449829	2.900481700897217	1.5102958679199219	1.4716800451278687	2.7946135997772217	2.0244476795196533	2.15777587890625	2.0730972290039062	1.4687535762786865	4.872862339019775	2.3716931343078613	1.2383581399917603	0.43652287125587463	1.8885211944580078	1.4021700620651245	3.4067516326904297	3.107624053955078	3.79425311088562	1.8207348585128784	3.1705472469329834	1.077344536781311	3.142007827758789	3.5579190254211426	2.2002649307250977	2.4466748237609863	4.631775856018066	2.8609397411346436	3.5459041595458984	1.334416151046753	4.471933841705322	6.7997941970825195	5.872646808624268	3.6509339809417725	2.790619373321533	7.090627670288086	3.957455635070801	7.7300615310668945	4.71901798248291	2.8896384239196777	3.596673011779785	4.4807353019714355	3.415006399154663	5.343519687652588	3.546783685684204	1.490869164466858	1.5053352117538452	3.3704755306243896	1.2989649772644043	1.4897100925445557	3.097525119781494
-19.967	2.0761799812316895	2.3065683841705322	1.0373427867889404	1.1288914680480957	1.7282321453094482	1.8200656175613403	0.6661210656166077	1.2628659009933472	1.5060815811157227	1.8082797527313232	2.3115391731262207	1.5977522134780884	1.3928427696228027	3.2720985412597656	1.7897939682006836	1.1311273574829102	1.4201536178588867	1.6630432605743408	1.2482585906982422	0.986650288105011	1.3981760740280151	0.8705169558525085	0.9523403644561768	1.6896220445632935	1.7416385412216187	1.3169138431549072	0.9535536170005798	0.5367992520332336	1.2913870811462402	0.9779908061027527	1.3016539812088013	1.8793140649795532	1.795764446258545	1.6730613708496094	0.3350559175014496	1.3029088973999023	0.0	1.4816018342971802	0.6950017809867859	1.7329553365707397	0.69500732421875	2.39155650138855	1.841469645500183	1.301108717918396	2.4964599609375	2.7683897018432617	0.3080729842185974	1.7711318731307983	2.8357205390930176	2.798877477645874	2.391648769378662	3.2398014068603516	2.139871120452881	1.2923089265823364	2.4041483402252197	2.9250330924987793	2.303500175476074	2.6997151374816895	1.3201651573181152	2.045419931411743	0.0	2.1567177772521973	1.0424731969833374	0.0	1.7236239910125732	5.391868591308594	2.631052017211914	0.7140609622001648	3.6186046600341797	2.320988655090332	1.2355831861495972	2.631148338317871	2.18217396736145	2.5490047931671143	1.1072800159454346	2.3519537448883057	3.3952009677886963	3.3519039154052734	2.2946701049804688	3.4751100540161133	3.4036741256713867	1.0886163711547852	5.6973557472229	1.9296767711639404	3.2312631607055664	3.1922202110290527	2.96956205368042	0.8772969245910645	3.1219472885131836	4.108357906341553	3.650923013687134	7.1916680335998535	6.270898818969727	2.217940330505371	2.1116487979888916	3.2767529487609863	5.04787540435791	4.239291667938232	4.062660217285156	2.7806780338287354	6.089764595031738	5.198883533477783	3.231128454208374	1.3431752920150757	4.9181084632873535	1.2064660787582397	4.781427383422852	4.01209020614624	0.0	2.43450665473938	2.3413779735565186	2.6725406646728516	3.3585357666015625
-17.967	1.4726557731628418	0.9841548204421997	2.0715208053588867	3.004782199859619	1.7357546091079712	2.0953850746154785	1.0100829601287842	2.054445505142212	0.9231947660446167	1.1616971492767334	1.1950132846832275	2.9177439212799072	1.4689387083053589	2.4451942443847656	1.0288734436035156	0.9126691818237305	1.187239646911621	1.7046931982040405	2.8100392818450928	1.2536333799362183	0.8705169558525085	1.1255526542663574	0.8275780081748962	1.9667609930038452	1.250364065170288	0.8955489993095398	2.1173746585845947	1.458248496055603	0.7842257022857666	0.96189284324646	1.2938661575317383	1.8853474855422974	2.6427276134490967	1.3377113342285156	1.1963589191436768	1.1697769165039062	0.5854942798614502	1.6736199855804443	0.6319685578346252	1.1814442873001099	1.2672055959701538	0.36430633068084717	0.7227440476417542	2.391117572784424	1.1456166505813599	1.0953519344329834	1.4191372394561768	1.6327447891235352	0.37460529804229736	1.943485975265503	2.214050531387329	1.7159621715545654	3.978942394256592	0.0	2.2364487648010254	0.6797155737876892	3.213496208190918	1.8876692056655884	0.6156566143035889	0.9542648792266846	2.870971918106079	3.023360013961792	0.9723202586174011	3.307075023651123	1.616098165512085	3.1462695598602295	2.4595725536346436	4.011303424835205	3.389500141143799	1.4484361410140991	1.1600329875946045	3.285038948059082	0.0	3.1882882118225098	0.0	5.139604568481445	2.3950257301330566	0.7889657616615295	2.154543876647949	1.9613327980041504	2.126178503036499	1.0228441953659058	0.7645531296730042	0.0	2.2732465267181396	3.008700132369995	0.930209755897522	2.480315923690796	4.885371685028076	5.800817966461182	5.1480937004089355	4.524129390716553	14.327837944030762	4.188337802886963	6.943676471710205	3.0852084159851074	2.3726372718811035	14.055694580078125	4.770164489746094	7.848514556884766	4.588927745819092	1.9675687551498413	5.074023723602295	10.110878944396973	6.948754787445068	4.549614906311035	1.5076375007629395	2.5178158283233643	5.106974124908447	4.603641033172607	2.214186906814575	5.0455827713012695	2.103605270385742
-15.967	2.605520009994507	1.6616008281707764	2.6298043727874756	0.47821182012557983	2.5774333477020264	1.6772215366363525	1.7299795150756836	0.6620755791664124	1.5959148406982422	0.6053503155708313	2.088425874710083	1.648664116859436	1.776932954788208	0.7046418786048889	1.8674540519714355	2.21144962310791	0.8839946389198303	2.383120059967041	1.7937676906585693	1.5037930011749268	0.9523403644561768	0.8275780081748962	1.8239201307296753	1.3971279859542847	1.7058651447296143	1.3722528219223022	1.014672040939331	0.4680643081665039	1.3373886346817017	1.3034958839416504	1.5973576307296753	1.8296229839324951	0.5916199684143066	1.5061805248260498	0.3388206362724304	1.6643993854522705	1.0054562091827393	1.9227988719940186	1.4564684629440308	1.82650887966156	0.7344157099723816	0.8470026254653931	1.4038829803466797	0.9307577610015869	1.7897638082504272	2.1365222930908203	2.6730549335479736	1.5345088243484497	1.321061134338379	0.7638868093490601	1.0455483198165894	2.5320262908935547	1.5675957202911377	1.4231849908828735	3.973701000213623	0.8062787652015686	0.0	0.7462136745452881	1.4637792110443115	0.0	1.3663616180419922	7.209348678588867	2.3174209594726562	0.9833062887191772	0.9639299511909485	2.2570056915283203	0.0	1.5938769578933716	0.0	1.7300320863723755	1.3846760988235474	2.949582099914551	1.2222371101379395	1.90707266330719	3.7276148796081543	7.904571533203125	0.9533961415290833	1.8924825191497803	4.311128616333008	3.131016731262207	1.2751506567001343	2.4442341327667236	1.8320298194885254	4.350400924682617	0.9093009233474731	4.798338413238525	2.2359251976013184	3.9629242420196533	2.348318576812744	3.4725046157836914	2.059753179550171	1.3557757139205933	7.09882926940918	13.817666053771973	7.165802478790283	4.928142070770264	1.4243030548095703	2.4069511890411377	6.914580345153809	6.267138481140137	1.3763439655303955	3.5448853969573975	4.897366523742676	3.0369575023651123	1.3895756006240845	8.196789741516113	5.437234401702881	1.5185003280639648	3.065056324005127	1.3788740634918213	5.33906364440918	1.5210881233215332	1.266052007675171
-13.967	0.9789562821388245	1.3154534101486206	1.7384026050567627	1.7747814655303955	0.5873545408248901	1.2481396198272705	2.3132357597351074	1.4207087755203247	0.6443713903427124	2.458317995071411	2.1304264068603516	1.5041143894195557	1.8589973449707031	2.871588945388794	1.2236324548721313	2.783891439437866	1.3290488719940186	1.6528712511062622	1.760626196861267	2.2068774700164795	1.6896220445632935	1.9667609930038452	1.3971279859542847	1.2910571098327637	0.9229095578193665	0.7734876871109009	1.1847351789474487	1.1865559816360474	1.4566234350204468	1.2765014171600342	1.2053583860397339	0.7187327742576599	0.7307454347610474	1.3299527168273926	3.027125358581543	0.7874414324760437	0.7966155409812927	1.6548094749450684	1.048242449760437	1.3185029029846191	1.0669043064117432	1.2300513982772827	1.3631426095962524	1.3590891361236572	2.8367984294891357	1.8818713426589966	1.4697985649108887	0.7544410228729248	3.0247058868408203	2.2500925064086914	2.3169562816619873	2.496819257736206	0.7728174328804016	1.1708201169967651	1.967423677444458	2.7920334339141846	1.8868826627731323	2.2162744998931885	0.7249807715415955	1.1269350051879883	2.0360100269317627	0.5970543622970581	2.307827949523926	1.4681419134140015	2.3939363956451416	1.8740514516830444	1.9494547843933105	1.584944486618042	0.0	1.7251856327056885	1.3814189434051514	1.9605116844177246	1.8332756757736206	3.8039634227752686	2.4831433296203613	3.510157585144043	4.286594867706299	2.3596560955047607	1.7274960279464722	2.3548102378845215	2.550405502319336	4.897640705108643	3.6566905975341797	4.353580474853516	2.2743780612945557	3.0059072971343994	5.026148796081543	2.983635187149048	2.3504412174224854	2.9045796394348145	3.6046173572540283	6.116637229919434	9.646003723144531	10.09976577758789	7.180380821228027	6.814444065093994	4.275688171386719	3.6206116676330566	3.461554765701294	7.113698482513428	6.884817600250244	2.3681492805480957	4.913217544555664	4.59063196182251	5.577946662902832	5.476478576660156	2.7273964881896973	0.7623722553253174	3.088031768798828	2.073686361312866	2.671410083770752	2.2976763248443604	1.9127939939498901
-11.967	2.020716667175293	1.1300398111343384	0.449521541595459	1.4780492782592773	1.6528429985046387	2.670947313308716	1.0542540550231934	1.6287883520126343	1.552486538887024	0.6484044790267944	2.16648530960083	2.3053536415100098	2.0992190837860107	3.3451836109161377	1.9632333517074585	1.4208732843399048	1.886547327041626	1.344118595123291	1.7134586572647095	1.4603546857833862	1.7416385412216187	1.250364065170288	1.7058651447296143	0.9229095578193665	0.6798548698425293	0.7375177145004272	1.3397347927093506	1.4195555448532104	1.4699279069900513	1.9506148099899292	2.541116237640381	1.1957398653030396	1.076789140701294	1.6422005891799927	1.277145266532898	1.0884766578674316	0.8309303522109985	1.2847133874893188	1.3300809860229492	1.2914626598358154	1.677045464515686	2.3103110790252686	2.2630763053894043	2.69395112991333	1.6912239789962769	1.9984782934188843	2.4470789432525635	2.1453537940979004	1.4311538934707642	2.25364351272583	2.1672353744506836	1.2048166990280151	1.866845965385437	2.262380361557007	2.378978729248047	3.1444973945617676	3.8110411167144775	2.6895930767059326	2.85714054107666	1.7091195583343506	2.6825881004333496	0.7264730334281921	0.7023041248321533	1.1938725709915161	0.5837315320968628	2.0522665977478027	2.6765687465667725	1.4540046453475952	7.3610711097717285	1.3149564266204834	3.163668394088745	2.994603395462036	1.8656467199325562	1.455962061882019	1.895848274230957	2.953547716140747	2.622985363006592	5.486703395843506	4.4850311279296875	3.1301615238189697	2.7410008907318115	2.6246135234832764	3.645930290222168	3.991316556930542	3.9029288291931152	5.157049655914307	3.770881414413452	4.563877582550049	6.141291618347168	6.409599304199219	7.280536651611328	9.573189735412598	12.468634605407715	12.385943412780762	9.207425117492676	6.842984676361084	7.461065292358398	2.9583919048309326	7.440726280212402	4.361977577209473	6.381312370300293	6.166604995727539	2.6383039951324463	3.7606873512268066	3.0121569633483887	6.310844421386719	3.3479561805725098	4.215630531311035	1.4242225885391235	2.9854912757873535	2.4604337215423584	0.938762366771698	3.539038896560669
-9.967	3.2533087730407715	1.4640706777572632	2.326838493347168	3.1274771690368652	0.6616433262825012	2.0195820331573486	2.101475954055786	1.825666069984436	2.971343755722046	0.9508233070373535	3.160416841506958	2.136281728744507	2.3414316177368164	1.5806432962417603	1.826663613319397	1.4639315605163574	2.16400146484375	1.2937043905258179	1.250016689300537	1.2645457983016968	1.3169138431549072	0.8955489993095398	1.3722528219223022	0.7734876871109009	0.7375177145004272	0.8652193546295166	1.7956368923187256	1.3341642618179321	1.6489506959915161	2.2313272953033447	2.1913504600524902	1.648919939994812	1.4468644857406616	0.9341199994087219	1.6632040739059448	1.251787781715393	1.5664600133895874	0.9968607425689697	1.2763187885284424	1.8229029178619385	1.319719910621643	1.727527379989624	1.6689536571502686	3.635996103286743	1.0358710289001465	1.794772982597351	2.0356273651123047	1.8123949766159058	1.877288818359375	1.8172247409820557	1.743922233581543	1.212602972984314	1.1308330297470093	0.45736414194107056	2.56471848487854	2.7414703369140625	1.8568000793457031	2.1821844577789307	2.1428284645080566	2.7751030921936035	1.6762125492095947	1.1830861568450928	6.293299674987793	0.9729591012001038	1.9068180322647095	2.2335619926452637	0.9690821170806885	3.168124198913574	2.0093941688537598	1.2867358922958374	4.821788787841797	3.4283604621887207	2.442103862762451	2.3807718753814697	3.109225034713745	2.1959781646728516	4.298584461212158	2.8392751216888428	3.458601713180542	3.151285409927368	1.286692500114441	5.5499186515808105	1.839967966079712	1.0930665731430054	4.106750965118408	5.4412736892700195	1.68753981590271	2.5008344650268555	4.73547887802124	4.690126895904541	4.6766839027404785	10.963218688964844	9.713728904724121	6.3644232749938965	9.676557540893555	5.6397833824157715	2.885108232498169	2.4397075176239014	5.8149495124816895	0.7971349954605103	8.383066177368164	4.80206823348999	3.09214448928833	6.1806321144104	2.8321120738983154	2.7814180850982666	0.9183923602104187	2.30971097946167	2.343395948410034	1.4047449827194214	1.3551933765411377	1.5436557531356812	4.517663478851318
-7.967	2.2311973571777344	1.2525134086608887	1.0011866092681885	1.8328583240509033	1.1412498950958252	0.5235629677772522	2.73093581199646	0.7931408882141113	2.2582647800445557	1.2465200424194336	1.3123210668563843	2.8189303874969482	1.3983780145645142	0.6323562860488892	1.8741893768310547	1.9757657051086426	1.697110652923584	1.8922510147094727	0.9290019869804382	0.9388288855552673	0.9535536170005798	2.1173746585845947	1.014672040939331	1.1847351789474487	1.3397347927093506	1.7956368923187256	1.0953526496887207	0.8685310482978821	1.9449013471603394	2.42303729057312	1.7506507635116577	2.3822576999664307	0.9970224499702454	2.0732827186584473	0.9341760277748108	1.5790767669677734	1.30535888671875	1.5319364070892334	0.7400317788124084	0.9440139532089233	1.5466210842132568	1.1287099123001099	2.422977924346924	1.2693085670471191	1.2290892601013184	2.1357502937316895	1.4944982528686523	3.2497806549072266	2.752021312713623	2.6124489307403564	1.8013441562652588	2.6248538494110107	4.535841464996338	1.932199239730835	0.0	2.3662405014038086	0.748832106590271	2.206853151321411	2.1652300357818604	3.3696906566619873	2.033755302429199	3.590606689453125	2.088655710220337	0.5922677516937256	0.5806024670600891	2.7260079383850098	2.955418825149536	1.446408987045288	2.4537243843078613	3.1496174335479736	4.197299003601074	0.5976293087005615	5.222931385040283	2.3287105560302734	2.2794713973999023	1.6146961450576782	2.3351383209228516	1.7384814023971558	3.1763124465942383	3.376391649246216	3.932349443435669	2.2712345123291016	1.6959433555603027	1.3396607637405396	4.482192039489746	2.2183780670166016	2.069673538208008	3.0664122104644775	4.36275053024292	11.485257148742676	7.032138824462891	7.564558029174805	6.917949199676514	6.240013122558594	5.9447526931762695	6.15142297744751	2.6652209758758545	2.996063232421875	7.166728973388672	1.9551262855529785	2.575709342956543	4.419320583343506	4.588230133056641	3.7890374660491943	2.6085572242736816	5.129693984985352	3.402691602706909	3.7875561714172363	2.8782272338867188	5.1814284324646	1.66768479347229	2.859009027481079	0.0
-5.967	1.2456375360488892	0.5597481727600098	3.572012186050415	3.2889351844787598	1.0227383375167847	1.1769373416900635	1.5377838611602783	1.4328268766403198	2.0457448959350586	2.031904697418213	1.7937302589416504	3.0057685375213623	1.2825572490692139	2.916680097579956	0.9354084134101868	1.1338846683502197	0.9217013716697693	2.1076529026031494	1.3333649635314941	1.1573114395141602	0.5367992520332336	1.458248496055603	0.4680643081665039	1.1865559816360474	1.4195555448532104	1.3341642618179321	0.8685310482978821	1.9111902713775635	1.5690547227859497	1.631461501121521	1.3393950462341309	1.0437759160995483	1.1716930866241455	1.5161426067352295	0.6004815697669983	0.6164711713790894	0.7725606560707092	1.8300867080688477	1.4821228981018066	0.9511215090751648	1.096013069152832	0.1838826835155487	1.2379003763198853	2.08138370513916	0.8111898899078369	1.3699668645858765	1.699673056602478	0.8982757329940796	1.6629737615585327	0.7259779572486877	0.999976396560669	1.954318642616272	1.8956940174102783	1.6160650253295898	1.9502869844436646	1.590100884437561	1.8868415355682373	3.340510606765747	1.0958342552185059	1.7039839029312134	2.7463505268096924	1.816833257675171	1.7624006271362305	2.504807233810425	2.4565675258636475	2.3077197074890137	0.5014232397079468	1.2264107465744019	0.0	0.8910940289497375	3.5705461502075195	2.02492094039917	1.8984856605529785	2.472658157348633	5.165792465209961	4.114046096801758	0.9945360422134399	2.953901767730713	1.802398681640625	2.4631664752960205	4.685582160949707	5.146292209625244	0.9648127555847168	3.4330668449401855	2.3864102363586426	1.8932437896728516	5.278440952301025	4.705190181732178	3.718196392059326	3.6773386001586914	5.440605163574219	5.031120300292969	8.043131828308105	6.002285480499268	3.1650211811065674	1.9700448513031006	3.7885587215423584	5.129997253417969	3.058655261993408	6.699404239654541	5.122864723205566	5.662745952606201	3.9132485389709473	3.2565627098083496	1.482045292854309	5.838283538818359	4.8465375900268555	6.502621650695801	0.8201491832733154	2.2116951942443848	2.8503692150115967	0.8151421546936035	1.3611429929733276
-3.967	2.518965721130371	1.7741258144378662	1.699270486831665	1.665448546409607	1.6279795169830322	1.1975816488265991	1.5700290203094482	0.9161055684089661	0.7493329048156738	1.4513942003250122	1.0246703624725342	2.776715040206909	1.2940013408660889	1.2656035423278809	1.574637770652771	1.8646186590194702	1.6636182069778442	1.122478723526001	0.8958521485328674	1.5716991424560547	1.2913870811462402	0.7842257022857666	1.3373886346817017	1.4566234350204468	1.4699279069900513	1.6489506959915161	1.9449013471603394	1.5690547227859497	1.403093934059143	1.9895778894424438	1.2359157800674438	0.8743597269058228	1.1970442533493042	1.3605632781982422	1.1633917093276978	1.2148300409317017	0.14269176125526428	1.0248517990112305	0.8376679420471191	1.7303255796432495	1.2538377046585083	1.6909570693969727	1.5742907524108887	0.7244487404823303	2.359910011291504	0.9166406989097595	1.808651089668274	2.3199446201324463	2.6911814212799072	2.568378210067749	3.2538483142852783	1.7322832345962524	1.3521977663040161	2.1911351680755615	3.086897611618042	3.313513994216919	0.7498389482498169	0.884928286075592	2.1799099445343018	2.040013551712036	1.642586350440979	2.1763579845428467	2.8126609325408936	1.7998710870742798	2.3592989444732666	2.7716662883758545	2.4098966121673584	2.4610369205474854	2.4988064765930176	4.816128253936768	1.7205195426940918	0.6112104654312134	3.8040852546691895	3.5718491077423096	2.33552622795105	2.756822109222412	2.997061252593994	2.3807880878448486	1.629994511604309	2.4797587394714355	2.425786018371582	5.439561367034912	4.072422504425049	5.5439839363098145	3.471926212310791	1.5260469913482666	3.5520753860473633	2.5232207775115967	5.998231887817383	3.706826686859131	6.593056678771973	12.154166221618652	8.460205078125	5.649363040924072	6.145443916320801	3.175818681716919	3.6737639904022217	7.762421131134033	2.9732725620269775	3.043581962585449	0.8898037672042847	4.56723165512085	3.163038730621338	5.913177967071533	3.6157631874084473	4.413626194000244	5.871709823608398	1.9718177318572998	0.999241054058075	2.6834428310394287	5.180552959442139	0.9887089729309082	0.8262106776237488
-1.967	1.5515735149383545	2.000663995742798	2.002267837524414	0.29454299807548523	1.6089853048324585	1.7008605003356934	0.5567992925643921	1.7385846376419067	0.5343376994132996	1.037614345550537	1.6530290842056274	1.5921722650527954	1.7331773042678833	2.5634055137634277	1.905104398727417	1.633673906326294	1.220461130142212	1.139212727546692	1.4411414861679077	1.6824718713760376	0.9779908061027527	0.96189284324646	1.3034958839416504	1.2765014171600342	1.9506148099899292	2.2313272953033447	2.42303729057312	1.631461501121521	1.9895778894424438	1.2658981084823608	0.773390531539917	0.9796514511108398	0.892727255821228	0.943635880947113	1.0631273984909058	0.8912070989608765	1.0453687906265259	1.161125659942627	1.0463584661483765	1.4997103214263916	2.1578831672668457	1.078741431236267	2.385209560394287	2.0239298343658447	1.6795060634613037	1.4870693683624268	2.361952066421509	2.064987897872925	2.082083225250244	3.0903985500335693	2.7233669757843018	1.5240236520767212	1.7823446989059448	2.3604917526245117	3.573862314224243	1.2534151077270508	0.9958255290985107	2.0591554641723633	1.1592990159988403	3.6208114624023438	3.564005136489868	1.4517496824264526	2.8182730674743652	1.6018184423446655	1.9695543050765991	1.5462620258331299	6.052666187286377	1.31917142868042	1.6777422428131104	1.7955917119979858	2.3046810626983643	2.05298113822937	2.0490009784698486	3.192898750305176	3.1356074810028076	2.9655442237854004	2.01589035987854	2.4005253314971924	2.9304206371307373	2.6678574085235596	1.634212613105774	2.093874931335449	1.9595003128051758	1.864201545715332	0.7816447019577026	2.5793557167053223	3.8318979740142822	5.113104820251465	6.558376312255859	5.502199172973633	4.447295188903809	6.453400135040283	7.452056407928467	12.01674747467041	10.367635726928711	3.761054039001465	3.715373992919922	8.39505672454834	4.515922546386719	4.124662399291992	3.0056679248809814	2.0644309520721436	4.801351070404053	3.997959852218628	3.05098032951355	2.401890754699707	0.7921074628829956	1.3321679830551147	1.3517541885375977	0.6077257990837097	4.673487663269043	1.3361074924468994	2.2353479862213135
0.033	2.7717034816741943	2.188812732696533	2.50654935836792	1.1095967292785645	1.7328745126724243	2.1326920986175537	1.7557252645492554	1.642715573310852	3.3771605491638184	1.314199447631836	0.9328951835632324	1.7741739749908447	1.6972769498825073	1.876404881477356	1.7950067520141602	1.9308584928512573	1.5827137231826782	1.484428882598877	1.3080191612243652	1.5531319379806519	1.3016539812088013	1.2938661575317383	1.5973576307296753	1.2053583860397339	2.541116237640381	2.1913504600524902	1.7506507635116577	1.3393950462341309	1.2359157800674438	0.773390531539917	0.9964710474014282	1.0578234195709229	1.093279480934143	1.2070388793945312	1.3063092231750488	1.4371198415756226	0.2786164879798889	1.6024638414382935	1.2633806467056274	0.7562190294265747	1.7801783084869385	1.8223170042037964	2.702686071395874	1.4180363416671753	1.923231601715088	1.1962088346481323	3.53908371925354	2.235243797302246	1.8568650484085083	0.6533419489860535	2.7211828231811523	2.4476661682128906	2.437007427215576	3.6133813858032227	2.404717206954956	2.209266185760498	1.756317377090454	2.0816702842712402	2.0534496307373047	1.068801760673523	3.8892390727996826	2.295311212539673	3.339095115661621	0.9502591490745544	2.801990509033203	3.668363571166992	4.318229675292969	1.9616098403930664	0.0	4.282668590545654	1.3735584020614624	2.9307024478912354	3.056051254272461	2.863734006881714	0.6223119497299194	3.535865306854248	2.4072816371917725	4.779809951782227	5.68541145324707	3.593971014022827	2.6023447513580322	3.1318514347076416	3.751237154006958	5.576192378997803	6.535707950592041	2.4754018783569336	3.4511420726776123	3.0616166591644287	6.052649021148682	6.5756754875183105	5.329562664031982	8.434718132019043	7.366112232208252	7.841866970062256	6.231561183929443	9.015926361083984	3.721529245376587	7.539963245391846	4.216894626617432	3.2969372272491455	3.617417812347412	4.335103511810303	5.78210973739624	3.9922518730163574	2.9311039447784424	4.319746017456055	3.8282132148742676	3.989999294281006	2.433130979537964	3.650559425354004	2.8198888301849365	3.211308002471924	1.341350793838501
2.033	1.136958360671997	1.7123174667358398	2.0587098598480225	2.5345993041992188	1.1911696195602417	1.8336280584335327	1.4461339712142944	1.5122734308242798	1.3973960876464844	2.9099695682525635	1.2935981750488281	1.057050108909607	0.7099263668060303	0.0	1.601990818977356	0.9876543283462524	1.489450454711914	1.5327680110931396	1.6586604118347168	1.4330867528915405	1.8793140649795532	1.8853474855422974	1.8296229839324951	0.7187327742576599	1.1957398653030396	1.648919939994812	2.3822576999664307	1.0437759160995483	0.8743597269058228	0.9796514511108398	1.0578234195709229	0.9818302989006042	0.8988409042358398	1.2635838985443115	1.4658315181732178	1.5921136140823364	0.7426479458808899	1.0687812566757202	2.3179571628570557	1.090513825416565	2.4709253311157227	1.116853952407837	2.3070201873779297	3.5182583332061768	1.961408019065857	2.1423985958099365	2.5687851905822754	1.8132472038269043	2.121948003768921	1.2439379692077637	3.175405740737915	1.4199373722076416	2.6712169647216797	2.727247714996338	1.5409235954284668	4.272133827209473	3.765779733657837	4.019508361816406	0.8838399648666382	4.145310401916504	6.284448146820068	4.456177711486816	0.7224867939949036	3.0815489292144775	1.2132364511489868	1.9045445919036865	2.4924347400665283	4.085842609405518	2.600430965423584	2.78999400138855	4.035040378570557	1.9122705459594727	2.388134002685547	3.117461919784546	3.259084701538086	4.033505916595459	2.513908624649048	0.6249020099639893	3.4321534633636475	4.175821781158447	4.264573097229004	4.914068222045898	5.528518199920654	4.38267707824707	3.057600975036621	4.85582971572876	3.777177333831787	1.3417094945907593	4.761394500732422	5.496415138244629	4.881294250488281	13.833036422729492	11.73259162902832	4.293708801269531	7.346062660217285	3.390242099761963	4.88352632522583	1.6537102460861206	10.267475128173828	3.2501542568206787	2.8490805625915527	7.344173431396484	7.596065521240234	4.210872650146484	0.0	4.732821464538574	2.512587308883667	1.0555920600891113	3.1913952827453613	0.0	3.7089850902557373	2.121358871459961	1.764794945716858
4.033	0.0	0.6061592698097229	2.918735980987549	1.0779139995574951	1.4088789224624634	1.566335916519165	0.3433573246002197	1.0749467611312866	0.6661060452461243	0.7793315052986145	0.6952224969863892	1.264931082725525	1.8737725019454956	1.1800386905670166	0.4954884350299835	1.0758227109909058	0.5424243807792664	1.1203334331512451	1.2193632125854492	1.0585814714431763	1.795764446258545	2.6427276134490967	0.5916199684143066	0.7307454347610474	1.076789140701294	1.4468644857406616	0.9970224499702454	1.1716930866241455	1.1970442533493042	0.892727255821228	1.093279480934143	0.8988409042358398	1.1533403396606445	1.5188117027282715	2.082390546798706	1.3875840902328491	1.2171720266342163	1.1063235998153687	2.307326555252075	2.122777223587036	2.498453378677368	1.4047094583511353	3.091155767440796	2.246157646179199	2.9397542476654053	3.3185930252075195	2.2233803272247314	2.2311997413635254	2.4648234844207764	1.90828537940979	1.8972710371017456	3.9310126304626465	3.2362804412841797	2.88934588432312	1.5356347560882568	2.2049734592437744	2.513716697692871	2.9750173091888428	2.9455699920654297	3.233483076095581	2.524137020111084	3.479827880859375	0.9683794379234314	2.4857566356658936	1.6297403573989868	2.2417397499084473	1.6750913858413696	3.0909407138824463	0.0	2.6340854167938232	2.117279052734375	3.8783295154571533	2.6894965171813965	4.625157833099365	4.960024833679199	3.515690565109253	6.363786220550537	2.9566400051116943	4.259565830230713	3.5351247787475586	2.8863656520843506	1.1119277477264404	2.9112467765808105	1.9819189310073853	6.636470794677734	6.587120056152344	3.0692412853240967	3.193509578704834	3.7815146446228027	6.396701335906982	9.485422134399414	13.120392799377441	11.25250244140625	7.582223892211914	6.109210968017578	5.748332500457764	1.9967747926712036	6.741843223571777	2.1526710987091064	4.41281270980835	3.8781330585479736	6.101039886474609	7.485907077789307	3.580472946166992	2.625145435333252	2.5719828605651855	2.565732717514038	2.8699018955230713	2.9145302772521973	1.3028916120529175	1.261533498764038	1.444751501083374	1.8109381198883057
6.033	1.9306520223617554	0.7285192012786865	1.9547860622406006	0.5782501697540283	1.3602906465530396	1.0514973402023315	1.942182183265686	0.869158923625946	1.3436717987060547	1.2650874853134155	2.2544443607330322	2.675201654434204	1.6660234928131104	1.3499248027801514	1.3535078763961792	1.0282317399978638	1.3413994312286377	1.2736389636993408	0.6323204040527344	1.1778550148010254	1.6730613708496094	1.3377113342285156	1.5061805248260498	1.3299527168273926	1.6422005891799927	0.9341199994087219	2.0732827186584473	1.5161426067352295	1.3605632781982422	0.943635880947113	1.2070388793945312	1.2635838985443115	1.5188117027282715	1.1669554710388184	1.5181390047073364	1.140758752822876	1.0614598989486694	2.2641074657440186	1.8812150955200195	1.303009271621704	1.7433933019638062	2.563175916671753	2.264723539352417	2.225125551223755	1.8261228799819946	2.2181196212768555	2.5248820781707764	2.030996799468994	2.2783687114715576	2.224153518676758	2.4071288108825684	2.513817310333252	1.761094570159912	2.3029117584228516	1.1542401313781738	2.3756043910980225	3.0296506881713867	4.283095836639404	3.786435127258301	2.0970206260681152	3.8314480781555176	1.8887629508972168	1.8394466638565063	3.151709794998169	2.4871954917907715	2.685814142227173	3.8367979526519775	1.3100446462631226	4.014035701751709	1.4396600723266602	2.778517007827759	2.3100860118865967	2.063946008682251	2.9026401042938232	5.4845452308654785	3.5992188453674316	1.6324167251586914	3.560255289077759	4.159512042999268	2.71653413772583	2.2190003395080566	3.8443074226379395	2.5637803077697754	2.284783363342285	4.790703773498535	4.649075508117676	5.513954162597656	4.2081098556518555	5.838357925415039	7.414559841156006	4.385856628417969	8.682463645935059	7.932591438293457	3.148453950881958	5.566466808319092	4.883914947509766	1.5372817516326904	5.2152628898620605	2.490520715713501	5.688723564147949	1.4942644834518433	4.713516712188721	3.554307699203491	3.327589273452759	1.5202888250350952	3.4880237579345703	3.9568774700164795	3.326676368713379	1.124353051185608	2.026005983352661	4.862874507904053	1.1156296730041504	1.4000250101089478
8.033	2.473459005355835	0.9346622824668884	2.2552261352539062	1.672897219657898	1.7512166500091553	1.2181837558746338	1.0727611780166626	1.685471534729004	0.5214492678642273	1.2248332500457764	0.0	0.40035519003868103	1.62608802318573	1.8859658241271973	1.0616531372070312	1.7332823276519775	0.8790568709373474	0.45809751749038696	1.0036911964416504	0.5863170623779297	0.3350559175014496	1.1963589191436768	0.3388206362724304	3.027125358581543	1.277145266532898	1.6632040739059448	0.9341760277748108	0.6004815697669983	1.1633917093276978	1.0631273984909058	1.3063092231750488	1.4658315181732178	2.082390546798706	1.5181390047073364	1.2073723077774048	0.5507147908210754	1.0873644351959229	1.6153396368026733	0.951084315776825	0.7410284876823425	2.9806439876556396	2.215324640274048	2.5592455863952637	1.3861548900604248	1.754064917564392	2.4548933506011963	2.992918014526367	2.3806207180023193	1.2087104320526123	1.7941008806228638	2.016247272491455	2.251133680343628	4.729623317718506	1.2162256240844727	3.463141679763794	2.1425399780273438	2.056218385696411	2.037544012069702	0.40501663088798523	0.0	1.5459873676300049	0.6880246996879578	0.6708748936653137	2.87338924407959	1.7027724981307983	2.235585927963257	2.925030469894409	0.960133969783783	2.449652671813965	2.1097755432128906	0.42517390847206116	3.031296730041504	3.7931742668151855	1.7818691730499268	0.7765879034996033	6.612120628356934	3.6095058917999268	4.781803607940674	6.55632209777832	2.0007529258728027	2.455249547958374	1.5761160850524902	2.954380512237549	5.633395195007324	5.890505313873291	6.247860908508301	5.821854114532471	2.5917775630950928	2.3077890872955322	6.867945671081543	6.777785778045654	7.136472225189209	9.352763175964355	3.320399761199951	11.093969345092773	5.750344753265381	4.749110698699951	3.211854934692383	3.852858304977417	4.211847305297852	4.622781753540039	3.9621753692626953	5.766082286834717	3.0806353092193604	2.8256008625030518	3.6934263706207275	8.585177421569824	4.103997230529785	2.085122585296631	3.7512969970703125	3.6293771266937256	1.0320266485214233	4.324023723602295
10.033	1.1612988710403442	0.43848302960395813	0.7063336968421936	0.5235084891319275	1.2368000745773315	0.7656973004341125	1.5169936418533325	0.0	0.4937082827091217	0.3867948353290558	0.34595987200737	0.761476457118988	1.0297248363494873	0.7189900279045105	2.0276875495910645	0.27657702565193176	0.5064416527748108	0.8794357776641846	0.48470839858055115	0.9466519355773926	1.3029088973999023	1.1697769165039062	1.6643993854522705	0.7874414324760437	1.0884766578674316	1.251787781715393	1.5790767669677734	0.6164711713790894	1.2148300409317017	0.8912070989608765	1.4371198415756226	1.5921136140823364	1.3875840902328491	1.140758752822876	0.5507147908210754	1.3648531436920166	1.779754400253296	2.4109530448913574	2.397984027862549	1.6961299180984497	1.7369908094406128	4.340527057647705	2.736241102218628	2.150984048843384	2.3474247455596924	1.7762746810913086	1.8152869939804077	2.9055235385894775	2.5940043926239014	1.2392244338989258	2.4020795822143555	2.6084320545196533	1.378602385520935	2.338974714279175	3.0361428260803223	1.8831738233566284	0.6036272644996643	1.4403846263885498	1.7873588800430298	3.3784613609313965	3.0818636417388916	1.8298559188842773	2.386350393295288	3.581648349761963	3.0318028926849365	3.9854094982147217	2.092158794403076	3.4308416843414307	2.1914238929748535	2.357365131378174	4.182940483093262	2.717686414718628	2.721806764602661	3.730724811553955	4.189690113067627	2.4760475158691406	4.316732406616211	2.1509649753570557	4.433746814727783	4.041818141937256	3.6787374019622803	2.838189125061035	2.6612467765808105	2.535607099533081	5.318327903747559	4.219619274139404	3.2828032970428467	3.5072062015533447	3.46986722946167	5.498227119445801	3.6782963275909424	7.269204139709473	1.8096410036087036	7.509067535400391	3.5702295303344727	3.711287498474121	6.006160259246826	4.360069274902344	2.7804179191589355	5.726300239562988	5.848780632019043	4.309016704559326	2.231266975402832	0.9295503497123718	0.8514638543128967	4.189481258392334	1.1096229553222656	0.9316076636314392	4.709723949432373	2.547461748123169	0.0	0.9401692748069763	3.905935049057007
12.033	0.3740787208080292	2.543818473815918	1.3648369312286377	0.5064978003501892	1.1956058740615845	1.4849036931991577	1.9636807441711426	0.0	0.0	0.0	1.6874598264694214	0.3706481456756592	1.7646275758743286	1.4064816236495972	0.7462325096130371	1.3598383665084839	0.6657006144523621	1.9564135074615479	0.23954081535339355	1.6946734189987183	0.0	0.5854942798614502	1.0054562091827393	0.7966155409812927	0.8309303522109985	1.5664600133895874	1.30535888671875	0.7725606560707092	0.14269176125526428	1.0453687906265259	0.2786164879798889	0.7426479458808899	1.2171720266342163	1.0614598989486694	1.0873644351959229	1.779754400253296	1.3819698095321655	2.343324661254883	1.3866658210754395	1.98286771774292	2.456324815750122	2.6146275997161865	2.0649540424346924	1.3279699087142944	1.7503975629806519	1.9123129844665527	2.1038804054260254	2.032383441925049	1.6734668016433716	2.4646410942077637	2.1355674266815186	2.1332643032073975	2.7757084369659424	1.7231453657150269	2.7328999042510986	0.6800097227096558	2.7315752506256104	2.938966989517212	1.3010562658309937	2.5587003231048584	2.504384994506836	1.112918734550476	2.723006248474121	2.8111348152160645	0.4632580280303955	2.192054510116577	1.4401915073394775	2.763730764389038	0.0	2.1715087890625	2.100069522857666	0.5005697011947632	1.884526252746582	3.4456448554992676	3.871108055114746	2.7510159015655518	3.4954686164855957	1.4899648427963257	2.281827449798584	3.335695505142212	2.0406270027160645	0.6568232774734497	5.428049087524414	4.703741550445557	2.464901924133301	3.2690937519073486	4.870328903198242	3.2581992149353027	3.2232797145843506	3.1921515464782715	5.116807460784912	3.761272430419922	2.249545097351074	6.981649875640869	4.655781269073486	4.132242679595947	3.1932318210601807	6.759451866149902	3.238762617111206	0.0	3.119251012802124	2.0049102306365967	1.3881497383117676	0.8642376661300659	3.968285322189331	5.459812641143799	1.0368335247039795	2.6037023067474365	0.8806924223899841	1.5799853801727295	0.0	2.6255300045013428	1.465591549873352
14.033	1.6534355878829956	1.4088630676269531	0.7563194036483765	1.1218138933181763	0.8839405179023743	1.6453533172607422	1.6368756294250488	2.1481850147247314	1.0678372383117676	2.1005072593688965	1.8857189416885376	1.2433494329452515	0.8438864350318909	0.3946755826473236	0.8366190791130066	1.2237465381622314	0.9379130601882935	0.49128255248069763	0.8144176006317139	1.066632628440857	1.4816018342971802	1.6736199855804443	1.9227988719940186	1.6548094749450684	1.2847133874893188	0.9968607425689697	1.5319364070892334	1.8300867080688477	1.0248517990112305	1.161125659942627	1.6024638414382935	1.0687812566757202	1.1063235998153687	2.2641074657440186	1.6153396368026733	2.4109530448913574	2.343324661254883	1.1651606559753418	1.0425165891647339	2.173861503601074	2.2922890186309814	2.1109275817871094	2.0411221981048584	1.2598934173583984	2.051065683364868	1.3698396682739258	2.180828809738159	1.2655960321426392	1.8296555280685425	0.8284185528755188	1.967044472694397	2.766803741455078	1.8923813104629517	1.767447829246521	2.2564857006073	1.753997802734375	2.826508045196533	1.3550609350204468	0.0	1.0674463510513306	1.3044432401657104	1.1662079095840454	1.7084804773330688	2.4511911869049072	2.9173738956451416	2.303546190261841	0.5044271945953369	1.2461079359054565	6.381586074829102	1.831662893295288	2.586946725845337	0.5281172394752502	1.989343523979187	1.0417379140853882	2.732081651687622	1.9423503875732422	2.649735927581787	2.1073145866394043	2.4156644344329834	3.0992112159729004	2.8955888748168945	0.6960404515266418	3.1415348052978516	1.249659776687622	2.6206166744232178	4.862753868103027	5.83873176574707	1.1543092727661133	4.80523681640625	4.758488655090332	4.842835903167725	3.998234748840332	3.001908540725708	1.4921895265579224	2.1264748573303223	2.2059550285339355	0.0	1.4417349100112915	1.3812772035598755	7.57520055770874	4.151285648345947	3.5746958255767822	2.2209904193878174	0.924446165561676	4.228979110717773	4.1666669845581055	3.3188843727111816	0.9295570254325867	4.7022271156311035	1.6932623386383057	1.6310442686080933	1.8705780506134033	1.5637776851654053
16.033	3.024620532989502	0.8594582676887512	1.3874932527542114	0.0	0.40531182289123535	0.7555068731307983	1.5019642114639282	0.7908574342727661	0.984031081199646	1.935449481010437	3.131373167037964	1.5341169834136963	1.8232823610305786	0.7293919920921326	0.5184247493743896	1.1361300945281982	0.6989558935165405	1.834205150604248	1.524204969406128	1.2012282609939575	0.6950017809867859	0.6319685578346252	1.4564684629440308	1.048242449760437	1.3300809860229492	1.2763187885284424	0.7400317788124084	1.4821228981018066	0.8376679420471191	1.0463584661483765	1.2633806467056274	2.3179571628570557	2.307326555252075	1.8812150955200195	0.951084315776825	2.397984027862549	1.3866658210754395	1.0425165891647339	1.1456732749938965	1.2193523645401	1.6473571062088013	2.780005693435669	1.7065850496292114	1.5852693319320679	1.1374715566635132	1.3931891918182373	1.9320682287216187	1.7588883638381958	1.38379967212677	1.6042543649673462	1.642534613609314	1.4923454523086548	2.6615750789642334	1.82938814163208	1.9166388511657715	2.398561716079712	3.8639111518859863	0.8708436489105225	2.3236024379730225	2.297075033187866	1.9715731143951416	1.0060349702835083	0.9883581399917603	2.9716548919677734	2.106544256210327	1.6684629917144775	1.3168865442276	1.8071198463439941	5.559662342071533	2.400928497314453	1.936055302619934	4.155879020690918	0.5793451070785522	3.6425797939300537	1.7955354452133179	2.128483295440674	1.8590940237045288	3.2409746646881104	2.12194561958313	1.9407070875167847	1.2730536460876465	1.8402349948883057	4.135252952575684	3.294090986251831	1.3837131261825562	4.892841339111328	1.1416051387786865	4.07448673248291	3.0208945274353027	2.9971792697906494	4.803886890411377	9.1659574508667	3.699491262435913	4.617084503173828	3.1363744735717773	4.542562007904053	4.503994464874268	3.8092727661132812	1.2198538780212402	5.852304458618164	1.4687808752059937	1.8910176753997803	1.9675469398498535	0.8165517449378967	1.4983972311019897	1.4708365201950073	0.9787977337837219	1.642672061920166	3.3364343643188477	0.7486634850502014	1.4475045204162598	1.6518397331237793	2.075866222381592
18.033	0.0	1.0442886352539062	2.5299477577209473	0.6272867321968079	1.4824845790863037	2.3010010719299316	1.8323607444763184	2.4100399017333984	0.6015718579292297	1.4216052293777466	0.42588481307029724	2.3501522541046143	1.601011872291565	1.794428825378418	1.9091490507125854	1.4028764963150024	0.6465316414833069	1.9860734939575195	1.8899142742156982	1.2443788051605225	1.7329553365707397	1.1814442873001099	1.82650887966156	1.3185029029846191	1.2914626598358154	1.8229029178619385	0.9440139532089233	0.9511215090751648	1.7303255796432495	1.4997103214263916	0.7562190294265747	1.090513825416565	2.122777223587036	1.303009271621704	0.7410284876823425	1.6961299180984497	1.98286771774292	2.173861503601074	1.2193523645401	1.0228877067565918	1.3916610479354858	1.9056570529937744	1.5298218727111816	1.3086848258972168	1.7428631782531738	1.0386106967926025	1.9618438482284546	1.6676890850067139	1.6394498348236084	1.5071659088134766	1.9920306205749512	2.3911826610565186	0.8899767994880676	1.8643893003463745	5.390531063079834	0.0	1.6451383829116821	0.9884148240089417	1.3224951028823853	2.097186326980591	2.576535224914551	2.3085267543792725	2.265288829803467	2.9362246990203857	1.9386345148086548	1.5364147424697876	3.041034698486328	0.835637092590332	2.1421594619750977	0.9262321591377258	1.8729277849197388	1.071197509765625	2.0187883377075195	1.5853723287582397	3.475165605545044	2.477715492248535	3.2476367950439453	4.315374851226807	2.4773342609405518	1.81171452999115	2.2239084243774414	1.433058500289917	3.227531909942627	3.840137004852295	3.2302846908569336	1.4299951791763306	3.337989568710327	2.9764938354492188	4.2496161460876465	4.205183029174805	2.5010600090026855	5.781162261962891	4.333316326141357	1.5426180362701416	8.103424072265625	1.5257869958877563	4.400339603424072	2.9827492237091064	3.5680041313171387	0.0	1.7227563858032227	1.4813610315322876	3.072636842727661	1.9219154119491577	4.395529270172119	3.46152925491333	5.73747444152832	0.0	2.9371819496154785	3.5283994674682617	0.0	0.0	1.6234627962112427
20.033	1.0773718357086182	1.2275949716567993	1.3223295211791992	1.9680635929107666	1.5541408061981201	1.0861037969589233	0.0	1.5177117586135864	0.0	1.8692184686660767	1.6820220947265625	1.8561772108078003	1.5192419290542603	1.4233723878860474	0.7576501369476318	0.5555791854858398	1.2019366025924683	0.9031495451927185	1.2575459480285645	0.995577335357666	0.69500732421875	1.2672055959701538	0.7344157099723816	1.0669043064117432	1.677045464515686	1.319719910621643	1.5466210842132568	1.096013069152832	1.2538377046585083	2.1578831672668457	1.7801783084869385	2.4709253311157227	2.498453378677368	1.7433933019638062	2.9806439876556396	1.7369908094406128	2.456324815750122	2.2922890186309814	1.6473571062088013	1.3916610479354858	1.4781322479248047	1.2426035404205322	1.8071110248565674	0.9602550268173218	1.2997115850448608	1.4375643730163574	1.321170449256897	1.37077796459198	0.8525453805923462	1.4081852436065674	1.5368901491165161	1.5702292919158936	0.8493438959121704	2.413522958755493	2.339536666870117	1.719030737876892	1.1977767944335938	1.448227882385254	0.9685381650924683	1.5403621196746826	1.185800313949585	1.2774708271026611	2.5155346393585205	1.8093013763427734	3.2444400787353516	1.9957470893859863	2.6350796222686768	0.6225645542144775	1.5978875160217285	1.0362377166748047	2.2378270626068115	0.8023756742477417	3.5254158973693848	1.980322241783142	3.6434943675994873	2.9704880714416504	2.032782793045044	1.6213879585266113	1.8623408079147339	3.7531545162200928	5.581604957580566	2.1537561416625977	2.4326303005218506	2.9008820056915283	4.049713611602783	2.692544937133789	1.0071682929992676	4.043245792388916	2.136653423309326	3.7109768390655518	3.301997423171997	1.8727329969406128	3.7429895401000977	5.246539115905762	3.335103988647461	2.312413454055786	3.337881565093994	4.5127363204956055	1.622430682182312	2.221367359161377	2.608234167098999	2.242236375808716	4.076894283294678	2.9049277305603027	2.6702098846435547	1.965609073638916	1.742520809173584	1.4604830741882324	2.2275049686431885	0.6680798530578613	1.2927340269088745	3.6903059482574463	1.2349867820739746
22.033	0.4028528928756714	0.4588020443916321	0.0	0.5530268549919128	1.3107271194458008	0.8161860704421997	1.0830104351043701	1.7104049921035767	2.6698684692382812	0.42154833674430847	0.3804886043071747	1.2612113952636719	2.006988286972046	0.40341994166374207	2.2976157665252686	0.6321970820426941	1.1698734760284424	1.2895324230194092	3.156432628631592	1.1396870613098145	2.39155650138855	0.36430633068084717	0.8470026254653931	1.2300513982772827	2.3103110790252686	1.727527379989624	1.1287099123001099	0.1838826835155487	1.6909570693969727	1.078741431236267	1.8223170042037964	1.116853952407837	1.4047094583511353	2.563175916671753	2.215324640274048	4.340527057647705	2.6146275997161865	2.1109275817871094	2.780005693435669	1.9056570529937744	1.2426035404205322	1.2460390329360962	1.383319616317749	0.9828106164932251	1.3021373748779297	1.693777322769165	1.3619155883789062	1.176404356956482	1.2093075513839722	1.9247230291366577	0.9006732702255249	1.4594203233718872	1.5159388780593872	1.7886942625045776	1.6081575155258179	3.3107292652130127	2.908540964126587	2.519455909729004	2.034520387649536	2.021636962890625	1.7481274604797363	1.3486340045928955	3.1044137477874756	1.1521930694580078	1.5286489725112915	2.4322397708892822	2.8041441440582275	1.988743782043457	0.0	1.8469290733337402	1.4955554008483887	3.006622791290283	1.6225175857543945	2.124840497970581	1.6778178215026855	1.594630241394043	1.3102262020111084	3.9284563064575195	4.012686252593994	1.838636875152588	3.6168620586395264	1.162458896636963	2.183962106704712	1.044869303703308	3.07010555267334	3.484388828277588	2.7188048362731934	5.344229221343994	1.7337865829467773	2.8660483360290527	1.023087739944458	2.025527238845825	4.05605411529541	4.421629428863525	5.420636177062988	3.7522058486938477	2.1757619380950928	2.453817844390869	2.93261981010437	4.022595405578613	1.411449670791626	4.8668928146362305	1.8957926034927368	3.947054624557495	2.893104314804077	5.706340789794922	2.8371658325195312	0.0	3.22096848487854	2.905519962310791	2.8073558807373047	0.8044421076774597	1.3420480489730835
24.033	1.566343903541565	0.5934497117996216	0.96039217710495	1.0746941566467285	1.132516622543335	1.0582940578460693	0.7038307785987854	1.3902289867401123	2.428589105606079	1.6456892490386963	1.4841463565826416	0.8224213123321533	1.3103535175323486	2.370267868041992	1.1263256072998047	1.2434840202331543	1.4070624113082886	1.857315182685852	2.456610679626465	1.4993125200271606	1.841469645500183	0.7227440476417542	1.4038829803466797	1.3631426095962524	2.2630763053894043	1.6689536571502686	2.422977924346924	1.2379003763198853	1.5742907524108887	2.385209560394287	2.702686071395874	2.3070201873779297	3.091155767440796	2.264723539352417	2.5592455863952637	2.736241102218628	2.0649540424346924	2.0411221981048584	1.7065850496292114	1.5298218727111816	1.8071110248565674	1.383319616317749	0.8506630659103394	0.5676715970039368	1.2277109622955322	2.092574119567871	1.409119725227356	1.1616196632385254	1.8122996091842651	1.089715600013733	1.4010547399520874	1.5369219779968262	1.8989226818084717	1.456303358078003	2.3785314559936523	1.2111189365386963	1.2421338558197021	1.5116658210754395	2.7548134326934814	3.182866096496582	1.8140661716461182	1.3645920753479004	0.8097900152206421	0.46844974160194397	1.1692500114440918	2.044024705886841	2.4628489017486572	2.847007989883423	3.143268346786499	2.047215461730957	2.2130043506622314	2.6479108333587646	2.6706550121307373	2.8942184448242188	3.1137444972991943	2.96354341506958	1.622052788734436	2.433058023452759	1.743862509727478	3.197618007659912	2.6219682693481445	2.8952476978302	1.902876853942871	3.893946409225464	1.9126389026641846	3.9886460304260254	5.409248352050781	2.1171562671661377	2.5223402976989746	5.720846652984619	2.8699557781219482	3.3770501613616943	6.323135852813721	3.55171799659729	2.2575607299804688	1.9533566236495972	3.6185665130615234	3.842360019683838	1.4709726572036743	1.0060827732086182	3.0945475101470947	1.8980474472045898	1.581599235534668	1.9752758741378784	1.3598145246505737	1.7822675704956055	0.5935834646224976	1.9898182153701782	1.0107131004333496	2.27085542678833	0.0	3.5251500606536865	1.6866577863693237
26.033	1.690953016281128	0.0	0.0	1.1608092784881592	0.919350802898407	0.8594471216201782	0.5718401670455933	1.3586965799331665	0.565434992313385	2.233325242996216	2.016944408416748	1.7867597341537476	0.6118940114974976	1.292912483215332	0.9214691519737244	1.0185556411743164	1.6816142797470093	1.66581392288208	0.6201587915420532	1.2373727560043335	1.301108717918396	2.391117572784424	0.9307577610015869	1.3590891361236572	2.69395112991333	3.635996103286743	1.2693085670471191	2.08138370513916	0.7244487404823303	2.0239298343658447	1.4180363416671753	3.5182583332061768	2.246157646179199	2.225125551223755	1.3861548900604248	2.150984048843384	1.3279699087142944	1.2598934173583984	1.5852693319320679	1.3086848258972168	0.9602550268173218	0.9828106164932251	0.5676715970039368	1.085964322090149	1.7901954650878906	2.8624324798583984	2.5825729370117188	2.3338823318481445	2.1918065547943115	0.9674673676490784	1.8835110664367676	1.3245996236801147	2.021585464477539	1.0668503046035767	0.0	2.693814277648926	1.1104152202606201	1.132651448249817	1.8412296772003174	4.062230587005615	2.294367551803589	1.6562998294830322	2.875136613845825	1.7865777015686035	1.429801106452942	1.994942307472229	2.6409616470336914	1.8801679611206055	0.0	2.4500107765197754	3.7002789974212646	3.2734909057617188	1.5474647283554077	3.2563984394073486	2.684368133544922	1.1487287282943726	2.0987610816955566	1.2582565546035767	3.8671765327453613	2.843261241912842	2.332443952560425	3.381777048110962	4.666623115539551	3.0370140075683594	5.529735088348389	3.397136688232422	3.7035796642303467	5.184486389160156	6.74681282043457	5.028788089752197	2.492750406265259	5.935934543609619	6.440591335296631	3.08392596244812	2.9459073543548584	4.281927108764648	2.124678373336792	3.603752851486206	1.7319321632385254	4.743108749389648	2.7712502479553223	2.9800262451171875	3.091939926147461	3.0977325439453125	2.132031202316284	1.3997371196746826	3.717374324798584	0.7825660109519958	0.0	0.7143977880477905	1.378904938697815	2.373624801635742	1.3232167959213257
28.033	0.7939664125442505	0.4535977244377136	0.7348145246505737	1.0936574935913086	1.7314945459365845	0.4055071175098419	0.5398338437080383	0.8554807901382446	0.0	0.846216082572937	1.1454423666000366	0.0	1.738493800163269	0.40939852595329285	0.8764283061027527	0.3228887915611267	1.2008944749832153	0.7955268025398254	0.5926903486251831	0.7080669403076172	2.4964599609375	1.1456166505813599	1.7897638082504272	2.8367984294891357	1.6912239789962769	1.0358710289001465	1.2290892601013184	0.8111898899078369	2.359910011291504	1.6795060634613037	1.923231601715088	1.961408019065857	2.9397542476654053	1.8261228799819946	1.754064917564392	2.3474247455596924	1.7503975629806519	2.051065683364868	1.1374715566635132	1.7428631782531738	1.2997115850448608	1.3021373748779297	1.2277109622955322	1.7901954650878906	1.5260683298110962	1.4056267738342285	1.660746693611145	1.327826976776123	1.306034803390503	1.8646975755691528	1.8667182922363281	2.0939581394195557	1.3809123039245605	2.0004007816314697	1.1940679550170898	1.3460553884506226	2.2330291271209717	1.9617092609405518	2.2050769329071045	1.6139229536056519	1.6091349124908447	0.36526888608932495	1.4488023519515991	1.5800608396530151	2.535520553588867	1.5191633701324463	1.3452578783035278	2.790065050125122	4.329036235809326	2.815382957458496	2.5455563068389893	2.2024452686309814	4.169677257537842	2.924501657485962	0.9655029773712158	4.489663124084473	2.2696197032928467	3.4065308570861816	2.4410271644592285	1.9239795207977295	2.636890411376953	3.569901466369629	4.608206272125244	2.754779577255249	3.085179090499878	2.561535596847534	0.9603405594825745	3.0009615421295166	2.036939859390259	4.560555458068848	1.811306357383728	4.7946319580078125	3.1493589878082275	4.494139194488525	3.7465176582336426	2.2269208431243896	0.6445316672325134	4.37282133102417	2.098060131072998	1.442611575126648	3.1640002727508545	2.7144341468811035	2.2572340965270996	1.4079302549362183	1.9433560371398926	0.0	0.8484426736831665	1.4242560863494873	2.8990745544433594	1.95386803150177	1.2606587409973145	0.7206730842590332	0.6041641235351562
30.033	1.49250066280365	1.2735793590545654	0.68927001953125	0.5144769549369812	1.2193717956542969	0.7611525058746338	1.0153896808624268	2.8170664310455322	2.0154988765716553	1.1976594924926758	1.081373691558838	0.0	1.0948542356491089	1.1592485904693604	0.5531677007675171	2.1424953937530518	1.7073355913162231	1.0065702199935913	0.5641822814941406	1.1240389347076416	2.7683897018432617	1.0953519344329834	2.1365222930908203	1.8818713426589966	1.9984782934188843	1.794772982597351	2.1357502937316895	1.3699668645858765	0.9166406989097595	1.4870693683624268	1.1962088346481323	2.1423985958099365	3.3185930252075195	2.2181196212768555	2.4548933506011963	1.7762746810913086	1.9123129844665527	1.3698396682739258	1.3931891918182373	1.0386106967926025	1.4375643730163574	1.693777322769165	2.092574119567871	2.8624324798583984	1.4056267738342285	1.0713534355163574	1.149865746498108	1.440140724182129	1.3177318572998047	1.7669124603271484	1.543613076210022	1.4715124368667603	1.261228322982788	1.4980179071426392	1.757220983505249	1.795209527015686	2.9957172870635986	1.5165009498596191	1.9031168222427368	1.4009712934494019	2.453040361404419	2.553144931793213	1.9105898141860962	0.5554638504981995	2.234870433807373	1.118711233139038	1.4889144897460938	1.487237572669983	0.0	3.629936456680298	2.7209606170654297	1.308695912361145	2.899506092071533	3.2723188400268555	2.592522382736206	2.785465717315674	2.380166530609131	4.419318675994873	2.509110450744629	2.305436372756958	3.3195245265960693	3.2178099155426025	3.8092644214630127	1.6567977666854858	4.532179832458496	3.240344762802124	2.598055601119995	3.4898746013641357	4.154735088348389	2.744483232498169	2.046395778656006	1.6275824308395386	4.074517250061035	3.5590128898620605	3.886651039123535	2.0161306858062744	1.169260025024414	2.9746005535125732	1.4271857738494873	1.3062642812728882	1.1508995294570923	2.470946788787842	3.073692798614502	3.2011797428131104	1.7605682611465454	1.7381465435028076	1.5411409139633179	1.9438327550888062	2.629237174987793	1.780486822128296	2.2908401489257812	2.626605272293091	0.5484482645988464
32.033	1.1458019018173218	1.631636381149292	1.5827440023422241	1.184036135673523	1.5637441873550415	1.4612737894058228	1.9484179019927979	1.238134503364563	0.38771042227745056	1.843919038772583	0.27815157175064087	1.5418686866760254	1.6893272399902344	0.29853540658950806	1.9215182065963745	0.7109531164169312	2.500117063522339	1.5604972839355469	1.0946521759033203	2.4501752853393555	0.3080729842185974	1.4191372394561768	2.6730549335479736	1.4697985649108887	2.4470789432525635	2.0356273651123047	1.4944982528686523	1.699673056602478	1.808651089668274	2.361952066421509	3.53908371925354	2.5687851905822754	2.2233803272247314	2.5248820781707764	2.992918014526367	1.8152869939804077	2.1038804054260254	2.180828809738159	1.9320682287216187	1.9618438482284546	1.321170449256897	1.3619155883789062	1.409119725227356	2.5825729370117188	1.660746693611145	1.149865746498108	0.9249200820922852	0.9551475048065186	1.7297605276107788	1.5652841329574585	1.8946348428726196	1.7133934497833252	1.750543475151062	2.349795341491699	2.2207276821136475	1.5713610649108887	2.4573965072631836	2.7058637142181396	1.8230379819869995	2.966595411300659	2.1146485805511475	1.1368309259414673	2.2753865718841553	2.196603775024414	2.610320806503296	3.064453125	2.582509756088257	2.153925895690918	0.9303644895553589	4.052789211273193	1.324212908744812	2.1450910568237305	3.0193748474121094	2.631967306137085	2.846909523010254	2.492079019546509	2.242863655090332	2.2492003440856934	1.6126352548599243	2.755673885345459	2.0912654399871826	2.028315544128418	3.8292174339294434	1.8328405618667603	3.0866336822509766	1.7112075090408325	2.2398769855499268	3.717737913131714	3.073367118835449	5.765102863311768	1.208592414855957	5.213375091552734	2.7148213386535645	4.518881797790527	1.7980293035507202	2.2450807094573975	3.462989568710327	3.677734613418579	3.1759490966796875	2.4223592281341553	2.130714178085327	1.1026095151901245	1.144144058227539	1.4260016679763794	3.4920198917388916	2.1463561058044434	3.4349613189697266	0.962550699710846	0.4891200363636017	1.3206123113632202	1.707278847694397	1.951768159866333	0.8173882961273193
34.033	0.9728962779045105	1.1100412607192993	0.0	1.7847328186035156	1.0630756616592407	0.9963985681533813	1.3259366750717163	1.0527080297470093	0.0	1.397027611732483	0.9487478733062744	2.4602081775665283	0.9632124304771423	1.0205024480819702	1.218097448348999	1.6211216449737549	1.3454536199569702	2.010111093521118	1.5038890838623047	2.206723690032959	1.7711318731307983	1.6327447891235352	1.5345088243484497	0.7544410228729248	2.1453537940979004	1.8123949766159058	3.2497806549072266	0.8982757329940796	2.3199446201324463	2.064987897872925	2.235243797302246	1.8132472038269043	2.2311997413635254	2.030996799468994	2.3806207180023193	2.9055235385894775	2.032383441925049	1.2655960321426392	1.7588883638381958	1.6676890850067139	1.37077796459198	1.176404356956482	1.1616196632385254	2.3338823318481445	1.327826976776123	1.440140724182129	0.9551475048065186	1.1699326038360596	1.5728791952133179	1.6766047477722168	1.6419917345046997	1.7198522090911865	2.8671226501464844	2.075361490249634	3.0530242919921875	1.692124605178833	2.496147394180298	1.5678867101669312	2.3812525272369385	1.8467612266540527	1.6858152151107788	1.192004680633545	1.6759576797485352	1.6859996318817139	3.4117186069488525	1.7122101783752441	2.0621683597564697	3.065490245819092	1.990091323852539	2.1745755672454834	2.6613192558288574	1.7988609075546265	2.598968267440796	1.288007378578186	2.049670696258545	2.2046570777893066	2.155428647994995	3.516814708709717	3.7520837783813477	2.7595832347869873	2.271956205368042	3.3027548789978027	3.604570150375366	3.3259310722351074	1.9612605571746826	0.7458856105804443	2.096458911895752	2.184901475906372	4.463656425476074	3.334580421447754	4.301119804382324	3.498124837875366	3.2932302951812744	1.6470311880111694	3.1470556259155273	4.908769607543945	2.847763776779175	1.6087552309036255	3.479734182357788	3.7154197692871094	3.734927177429199	2.411953926086426	2.9324729442596436	2.0906362533569336	2.393232583999634	2.357905387878418	1.879437804222107	2.1124253273010254	1.0731760263442993	2.902822732925415	3.740593671798706	0.5370904207229614	0.4485400915145874
36.033	2.562960147857666	0.41793808341026306	0.6775951981544495	3.537754774093628	0.399678498506546	1.8772730827331543	1.5033890008926392	0.39707672595977783	1.4944595098495483	0.7916836142539978	3.585768938064575	1.196028232574463	1.369073748588562	4.644197463989258	3.046492099761963	1.537951946258545	0.9565149545669556	1.5289541482925415	0.8589912056922913	2.0623128414154053	2.8357205390930176	0.37460529804229736	1.321061134338379	3.0247058868408203	1.4311538934707642	1.877288818359375	2.752021312713623	1.6629737615585327	2.6911814212799072	2.082083225250244	1.8568650484085083	2.121948003768921	2.4648234844207764	2.2783687114715576	1.2087104320526123	2.5940043926239014	1.6734668016433716	1.8296555280685425	1.38379967212677	1.6394498348236084	0.8525453805923462	1.2093075513839722	1.8122996091842651	2.1918065547943115	1.306034803390503	1.3177318572998047	1.7297605276107788	1.5728791952133179	1.0328550338745117	1.1287422180175781	1.8393388986587524	2.027838706970215	1.6197078227996826	1.9782549142837524	2.808241128921509	2.011489152908325	2.503004550933838	2.5667524337768555	1.7946157455444336	3.377800226211548	2.147761821746826	1.7357279062271118	2.0037124156951904	1.5487228631973267	1.7961807250976562	2.902539014816284	2.184138298034668	2.2386791706085205	3.179018497467041	3.0165188312530518	2.4694364070892334	1.0992480516433716	1.7473329305648804	0.829586923122406	3.6693718433380127	2.11148738861084	2.034554958343506	2.9180169105529785	2.1611757278442383	2.9894065856933594	1.639399766921997	4.3753790855407715	2.702716827392578	0.7208301424980164	2.739163398742676	3.242380380630493	1.5195080041885376	2.040292263031006	3.240382432937622	4.831876754760742	4.327711582183838	3.821659564971924	4.657292366027832	2.2425055503845215	3.43316650390625	3.5716378688812256	2.0707216262817383	2.6398003101348877	3.7965922355651855	3.4812235832214355	2.041229248046875	2.636357545852661	3.199997663497925	3.4367237091064453	4.20071268081665	2.0636825561523438	2.059922456741333	0.0	1.1748895645141602	3.1771984100341797	0.0	1.761055588722229	2.462911367416382
38.033	1.8764728307724	0.0	1.1573537588119507	0.864558219909668	0.0	0.6403642296791077	0.8566382527351379	0.6808081865310669	1.704835295677185	2.0310556888580322	2.458219528198242	2.734227418899536	2.3484158515930176	1.330932378768921	0.9529622793197632	1.0575473308563232	0.658660888671875	1.7532665729522705	2.4700450897216797	1.187511682510376	2.798877477645874	1.943485975265503	0.7638868093490601	2.2500925064086914	2.25364351272583	1.8172247409820557	2.6124489307403564	0.7259779572486877	2.568378210067749	3.0903985500335693	0.6533419489860535	1.2439379692077637	1.90828537940979	2.224153518676758	1.7941008806228638	1.2392244338989258	2.4646410942077637	0.8284185528755188	1.6042543649673462	1.5071659088134766	1.4081852436065674	1.9247230291366577	1.089715600013733	0.9674673676490784	1.8646975755691528	1.7669124603271484	1.5652841329574585	1.6766047477722168	1.1287422180175781	1.275547742843628	1.8989136219024658	1.4294426441192627	1.5752131938934326	1.4554611444473267	2.1429805755615234	1.8103699684143066	3.7494494915008545	1.482681393623352	2.3573265075683594	3.5916993618011475	3.3414394855499268	2.3288209438323975	1.9696671962738037	1.749958872795105	3.5642645359039307	2.8884618282318115	3.1105010509490967	2.9335899353027344	0.0	1.4946972131729126	2.4520788192749023	1.7796978950500488	1.1302474737167358	1.349454641342163	3.573855400085449	2.1435279846191406	3.788463592529297	1.9040451049804688	2.203197717666626	2.034203290939331	4.028277397155762	4.55720853805542	2.4610416889190674	1.1805452108383179	2.4936578273773193	2.6630167961120605	3.1213791370391846	2.2362005710601807	2.6691644191741943	2.6521196365356445	5.334052085876465	1.5748262405395508	2.3673832416534424	2.9511637687683105	0.0	4.4189677238464355	0.8543767929077148	5.8052449226379395	2.7912776470184326	3.829043388366699	5.061224460601807	3.631319046020508	1.5111886262893677	3.780687093734741	0.8701810240745544	1.7117198705673218	0.0	2.866828680038452	0.9698470830917358	2.629917860031128	0.0	1.9466910362243652	2.44234037399292
40.033	0.8432304859161377	0.48237887024879456	0.7819252610206604	0.5843713283538818	1.853755235671997	1.7362173795700073	0.5781838297843933	0.0	1.7350934743881226	1.3753403425216675	1.6637897491455078	0.9272180795669556	1.2747302055358887	1.3551712036132812	0.9726629257202148	1.4400149583816528	0.6721234917640686	1.493024468421936	2.0175750255584717	2.162085771560669	2.391648769378662	2.214050531387329	1.0455483198165894	2.3169562816619873	2.1672353744506836	1.743922233581543	1.8013441562652588	0.999976396560669	3.2538483142852783	2.7233669757843018	2.7211828231811523	3.175405740737915	1.8972710371017456	2.4071288108825684	2.016247272491455	2.4020795822143555	2.1355674266815186	1.967044472694397	1.642534613609314	1.9920306205749512	1.5368901491165161	0.9006732702255249	1.4010547399520874	1.8835110664367676	1.8667182922363281	1.543613076210022	1.8946348428726196	1.6419917345046997	1.8393388986587524	1.8989136219024658	1.2841421365737915	1.3531477451324463	1.5708963871002197	1.3863641023635864	1.5806212425231934	1.8775595426559448	2.185223340988159	1.5381214618682861	2.003915786743164	1.7821478843688965	1.278220534324646	1.911706566810608	1.9521489143371582	2.831897020339966	1.3387584686279297	1.2702038288116455	0.9799586534500122	2.273271083831787	1.0788209438323975	1.9002162218093872	2.929982900619507	3.1251275539398193	3.62070369720459	3.45426082611084	2.300553321838379	2.478532075881958	2.4351325035095215	3.069148063659668	1.1378153562545776	4.201714515686035	2.169489860534668	1.6881186962127686	2.550443410873413	0.765724241733551	4.525258541107178	2.1586101055145264	1.6232119798660278	2.1813952922821045	4.775474548339844	2.1612801551818848	1.1585994958877563	3.584571361541748	3.0884320735931396	1.9293479919433594	1.8405895233154297	2.4002797603607178	2.7887558937072754	0.9478665590286255	3.1882376670837402	2.506575345993042	1.6522438526153564	4.750790119171143	1.9769189357757568	3.091125726699829	2.841160774230957	0.561278223991394	0.7457213997840881	1.2512314319610596	0.636102020740509	2.86368989944458	1.1118501424789429	1.9125497341156006	2.1367762088775635
42.033	1.2114386558532715	2.303987979888916	0.0	1.1190377473831177	1.3317878246307373	2.0821125507354736	1.1108096837997437	0.4405204951763153	1.6633964776992798	1.3224706649780273	2.394995927810669	1.7787559032440186	0.9189322590827942	1.3030893802642822	0.9356986880302429	2.430116891860962	1.7293453216552734	2.015197515487671	0.9739471077919006	1.3035366535186768	3.2398014068603516	1.7159621715545654	2.5320262908935547	2.496819257736206	1.2048166990280151	1.212602972984314	2.6248538494110107	1.954318642616272	1.7322832345962524	1.5240236520767212	2.4476661682128906	1.4199373722076416	3.9310126304626465	2.513817310333252	2.251133680343628	2.6084320545196533	2.1332643032073975	2.766803741455078	1.4923454523086548	2.3911826610565186	1.5702292919158936	1.4594203233718872	1.5369219779968262	1.3245996236801147	2.0939581394195557	1.4715124368667603	1.7133934497833252	1.7198522090911865	2.027838706970215	1.4294426441192627	1.3531477451324463	1.0508580207824707	1.1143171787261963	1.8735880851745605	2.271984100341797	1.8399300575256348	1.7664917707443237	2.177854537963867	1.8815491199493408	2.0206971168518066	1.9774200916290283	1.0363825559616089	1.7032798528671265	2.294785737991333	1.771317720413208	1.7708256244659424	2.181138515472412	3.3217360973358154	1.9386868476867676	2.1335179805755615	2.815401315689087	1.2829246520996094	1.638243556022644	1.5681990385055542	2.0863912105560303	1.507388710975647	2.7711000442504883	1.6774721145629883	2.859116315841675	1.2012450695037842	4.366055011749268	1.9326763153076172	0.8786496520042419	0.7028712630271912	5.3481597900390625	2.7757315635681152	3.3564083576202393	3.3492579460144043	3.6010189056396484	1.1956318616867065	1.7840898036956787	3.310253620147705	3.202239513397217	2.6752724647521973	1.7053004503250122	4.428812026977539	2.576080799102783	4.384649753570557	1.686265468597412	1.7389148473739624	5.109401226043701	2.197916030883789	1.3745111227035522	1.146155595779419	2.6336522102355957	2.0776917934417725	2.0792181491851807	1.1640805006027222	2.360698938369751	3.7265267372131348	1.029456615447998	3.5513715744018555	1.983399510383606
44.033	1.2334650754928589	0.7050985097885132	3.429943561553955	0.0	1.358142375946045	3.8236889839172363	1.702571988105774	0.0	0.8473160266876221	2.7006819248199463	1.2264083623886108	0.6817845702171326	0.9387985467910767	0.6670104265213013	0.958297848701477	1.600662350654602	1.3321388959884644	0.8875426054000854	3.000293493270874	2.01064133644104	2.139871120452881	3.978942394256592	1.5675957202911377	0.7728174328804016	1.866845965385437	1.1308330297470093	4.535841464996338	1.8956940174102783	1.3521977663040161	1.7823446989059448	2.437007427215576	2.6712169647216797	3.2362804412841797	1.761094570159912	4.729623317718506	1.378602385520935	2.7757084369659424	1.8923813104629517	2.6615750789642334	0.8899767994880676	0.8493438959121704	1.5159388780593872	1.8989226818084717	2.021585464477539	1.3809123039245605	1.261228322982788	1.750543475151062	2.8671226501464844	1.6197078227996826	1.5752131938934326	1.5708963871002197	1.1143171787261963	1.5116593837738037	1.4024161100387573	2.054696798324585	1.8517707586288452	1.5317364931106567	1.2891451120376587	2.8748514652252197	1.8080778121948242	3.4328017234802246	1.707645297050476	1.4752329587936401	1.5994142293930054	1.380150556564331	1.5880342721939087	2.4731855392456055	1.3124229907989502	2.7657790184020996	3.6752052307128906	1.515062689781189	1.8463897705078125	1.8910380601882935	3.400820255279541	2.0176987648010254	1.820049524307251	2.019388437271118	2.43977952003479	1.5130770206451416	1.402893304824829	2.320530414581299	1.1298056840896606	2.1428234577178955	2.0632426738739014	3.921511650085449	2.3293333053588867	3.8307275772094727	4.425718784332275	4.711010456085205	1.7604848146438599	2.1024110317230225	2.792116641998291	2.624708652496338	1.9695950746536255	0.0	3.2777581214904785	2.2781474590301514	2.588329792022705	3.738614320755005	3.4285154342651367	1.5101221799850464	1.3030585050582886	2.0318853855133057	0.0	3.900327444076538	0.7692357301712036	1.0247015953063965	0.864233136177063	1.7544124126434326	0.0	3.0574827194213867	0.0	2.2064826488494873
46.033	1.4752720594406128	1.2648968696594238	0.0	0.5117504596710205	0.4069688618183136	0.3816806674003601	2.5504097938537598	3.6514153480529785	2.545670509338379	0.8079447150230408	0.7354465126991272	2.460465908050537	1.6906425952911377	4.402231216430664	0.8642486929893494	0.3209235370159149	1.8036353588104248	1.338425874710083	0.9054004549980164	2.4251036643981934	1.2923089265823364	0.0	1.4231849908828735	1.1708201169967651	2.262380361557007	0.45736414194107056	1.932199239730835	1.6160650253295898	2.1911351680755615	2.3604917526245117	3.6133813858032227	2.727247714996338	2.88934588432312	2.3029117584228516	1.2162256240844727	2.338974714279175	1.7231453657150269	1.767447829246521	1.82938814163208	1.8643893003463745	2.413522958755493	1.7886942625045776	1.456303358078003	1.0668503046035767	2.0004007816314697	1.4980179071426392	2.349795341491699	2.075361490249634	1.9782549142837524	1.4554611444473267	1.3863641023635864	1.8735880851745605	1.4024161100387573	1.0027762651443481	2.3057682514190674	1.852029800415039	2.2354941368103027	2.068960666656494	2.1144700050354004	3.035977363586426	1.7255122661590576	1.8167262077331543	3.6482293605804443	1.012440800666809	2.109116792678833	1.4949027299880981	2.7291831970214844	2.7676310539245605	1.5402671098709106	1.5396430492401123	2.6965243816375732	1.8673350811004639	2.663973093032837	2.5616605281829834	3.426384925842285	3.514643430709839	1.6038157939910889	1.8563264608383179	2.1540892124176025	2.1982979774475098	2.3211097717285156	2.586198568344116	2.207043409347534	3.546180248260498	2.253540515899658	3.3436291217803955	0.9439826011657715	2.542740821838379	2.0311191082000732	2.36710524559021	2.424095630645752	2.8180575370788574	1.5169063806533813	2.6547329425811768	1.4519413709640503	1.8953357934951782	1.7603846788406372	2.987363338470459	0.7200811505317688	2.4801440238952637	3.4972641468048096	1.8848782777786255	3.1443302631378174	0.0	0.4523475766181946	1.3381065130233765	1.7824786901474	2.5014216899871826	1.019945502281189	0.9184471964836121	3.5488765239715576	2.5453391075134277	0.8519500494003296
48.033	1.0205919742584229	2.3334555625915527	1.895296573638916	0.0	3.3757314682006836	0.0	1.4136087894439697	1.124873399734497	1.4137929677963257	4.492818832397461	2.0361499786376953	0.0	1.568447232246399	0.0	0.0	1.785660982131958	1.1155263185501099	1.4907044172286987	2.5271224975585938	4.063581466674805	2.4041483402252197	2.2364487648010254	3.973701000213623	1.967423677444458	2.378978729248047	2.56471848487854	0.0	1.9502869844436646	3.086897611618042	3.573862314224243	2.404717206954956	1.5409235954284668	1.5356347560882568	1.1542401313781738	3.463141679763794	3.0361428260803223	2.7328999042510986	2.2564857006073	1.9166388511657715	5.390531063079834	2.339536666870117	1.6081575155258179	2.3785314559936523	0.0	1.1940679550170898	1.757220983505249	2.2207276821136475	3.0530242919921875	2.808241128921509	2.1429805755615234	1.5806212425231934	2.271984100341797	2.054696798324585	2.3057682514190674	0.6204245090484619	0.8985573649406433	1.1084548234939575	1.247510313987732	1.649321436882019	2.1857197284698486	3.000087261199951	1.1043950319290161	2.3425443172454834	0.7195910811424255	2.647603988647461	0.9438207149505615	0.866828203201294	1.4875825643539429	3.9551892280578613	1.7633417844772339	3.301344633102417	3.7771971225738525	0.6925907135009766	1.1132183074951172	1.4928098917007446	3.7906126976013184	1.2042760848999023	2.436415672302246	0.5687863826751709	2.632976531982422	0.8742735385894775	3.419973134994507	1.2987241744995117	4.694650173187256	1.9913783073425293	0.8890995979309082	2.5080199241638184	2.2550742626190186	3.599837303161621	0.8994976878166199	2.4238736629486084	5.369630336761475	1.6192632913589478	6.085163116455078	3.8809375762939453	4.044854164123535	3.5326333045959473	0.0	0.9614138007164001	1.3262317180633545	1.1706299781799316	1.0099273920059204	4.209184646606445	3.95737886428833	1.2114653587341309	2.3936524391174316	0.0	5.369118690490723	2.7320168018341064	2.4706993103027344	0.0	1.3670769929885864	4.584139347076416
50.033	0.0	0.703269362449646	2.2848355770111084	0.8550711870193481	0.0	1.2749526500701904	2.56170392036438	1.3581104278564453	1.7077049016952515	2.7175943851470947	2.4663748741149902	2.0587069988250732	1.4220331907272339	0.0	1.4517686367034912	2.159777879714966	1.0140295028686523	1.807495355606079	0.5109216570854187	2.0588536262512207	2.9250330924987793	0.6797155737876892	0.8062787652015686	2.7920334339141846	3.1444973945617676	2.7414703369140625	2.3662405014038086	1.590100884437561	3.313513994216919	1.2534151077270508	2.209266185760498	4.272133827209473	2.2049734592437744	2.3756043910980225	2.1425399780273438	1.8831738233566284	0.6800097227096558	1.753997802734375	2.398561716079712	0.0	1.719030737876892	3.3107292652130127	1.2111189365386963	2.693814277648926	1.3460553884506226	1.795209527015686	1.5713610649108887	1.692124605178833	2.011489152908325	1.8103699684143066	1.8775595426559448	1.8399300575256348	1.8517707586288452	1.852029800415039	0.8985573649406433	1.3014512062072754	1.5990444421768188	1.6707921028137207	0.9216424822807312	1.4854921102523804	1.5290627479553223	1.5336413383483887	2.481560468673706	1.350355625152588	2.66437029838562	2.5807981491088867	2.145824670791626	2.4700446128845215	2.199610948562622	2.2192301750183105	0.8236058950424194	2.12656831741333	3.5312066078186035	3.467384099960327	2.5435945987701416	2.4667952060699463	1.7177391052246094	1.0460786819458008	2.2765979766845703	2.1201794147491455	2.509068489074707	2.4552431106567383	1.8705090284347534	1.8052719831466675	3.062718629837036	2.567096471786499	2.9053962230682373	2.6101768016815186	4.694155216217041	3.646270990371704	1.4044381380081177	4.366299152374268	1.8818377256393433	2.9478256702423096	1.1303603649139404	3.532594919204712	3.4212608337402344	4.669144630432129	3.369621992111206	2.3142573833465576	2.7271201610565186	1.178184986114502	3.0704140663146973	1.5386090278625488	2.1258127689361572	4.887423515319824	1.8635337352752686	2.3534598350524902	0.7983468174934387	1.441578984260559	0.0	1.6037769317626953	1.3407793045043945
52.033	0.0	1.0999763011932373	1.7838852405548096	2.6703603267669678	1.0609441995620728	1.9944510459899902	1.3322786092758179	2.1252171993255615	2.6705703735351562	2.1258933544158936	0.966172456741333	2.153339147567749	2.2216227054595947	2.110466957092285	0.760006844997406	1.6926205158233643	1.0590810775756836	2.83756947517395	0.8024163842201233	2.587942123413086	2.303500175476074	3.213496208190918	0.0	1.8868826627731323	3.8110411167144775	1.8568000793457031	0.748832106590271	1.8868415355682373	0.7498389482498169	0.9958255290985107	1.756317377090454	3.765779733657837	2.513716697692871	3.0296506881713867	2.056218385696411	0.6036272644996643	2.7315752506256104	2.826508045196533	3.8639111518859863	1.6451383829116821	1.1977767944335938	2.908540964126587	1.2421338558197021	1.1104152202606201	2.2330291271209717	2.9957172870635986	2.4573965072631836	2.496147394180298	2.503004550933838	3.7494494915008545	2.185223340988159	1.7664917707443237	1.5317364931106567	2.2354941368103027	1.1084548234939575	1.5990444421768188	0.5167127847671509	1.156848430633545	1.8249598741531372	0.9924879670143127	2.3249943256378174	3.7967000007629395	1.3948709964752197	3.176348924636841	1.7079951763153076	1.690623164176941	2.0266897678375244	2.346669912338257	1.5769143104553223	1.4209809303283691	3.2818996906280518	2.2087788581848145	2.861212730407715	1.8503888845443726	1.8658064603805542	3.1757991313934326	2.0270698070526123	5.1537580490112305	3.858511209487915	2.6918742656707764	4.4862260818481445	5.111019611358643	3.3395862579345703	1.3471171855926514	3.43232798576355	3.068361759185791	2.897515058517456	1.3055180311203003	3.1278347969055176	2.3461406230926514	4.2137932777404785	3.7450523376464844	2.8314766883850098	3.549901247024536	2.5533406734466553	3.5538787841796875	3.096184730529785	3.5142767429351807	4.2396650314331055	0.0	2.0546367168426514	2.6663622856140137	0.9279189705848694	1.1629928350448608	1.0705463886260986	2.115896701812744	1.4081467390060425	1.18781578540802	2.4174301624298096	2.1825613975524902	0.0	0.0	1.0186806917190552
54.033	1.1137200593948364	2.555678606033325	1.0406126976013184	1.5551502704620361	0.6178609132766724	1.7421343326568604	1.55458664894104	2.473325490951538	0.0	1.8598781824111938	0.5637701153755188	1.2584285736083984	2.1666502952575684	2.4594030380249023	1.77531898021698	2.478571653366089	1.5477838516235352	2.0724642276763916	1.8792723417282104	1.1368988752365112	2.6997151374816895	1.8876692056655884	0.7462136745452881	2.2162744998931885	2.6895930767059326	2.1821844577789307	2.206853151321411	3.340510606765747	0.884928286075592	2.0591554641723633	2.0816702842712402	4.019508361816406	2.9750173091888428	4.283095836639404	2.037544012069702	1.4403846263885498	2.938966989517212	1.3550609350204468	0.8708436489105225	0.9884148240089417	1.448227882385254	2.519455909729004	1.5116658210754395	1.132651448249817	1.9617092609405518	1.5165009498596191	2.7058637142181396	1.5678867101669312	2.5667524337768555	1.482681393623352	1.5381214618682861	2.177854537963867	1.2891451120376587	2.068960666656494	1.247510313987732	1.6707921028137207	1.156848430633545	1.5369889736175537	1.1909763813018799	1.5190205574035645	1.9565602540969849	2.4175117015838623	2.0606162548065186	1.1985896825790405	1.6024538278579712	1.501325249671936	1.4147270917892456	1.23992919921875	2.5143654346466064	2.8495240211486816	2.0840346813201904	2.3873491287231445	0.6206855773925781	1.7614128589630127	2.042447566986084	0.4964715242385864	3.337047815322876	3.1188812255859375	1.063484787940979	2.977740526199341	0.8261319994926453	2.02874493598938	1.5433237552642822	2.242532968521118	3.1841304302215576	1.2824747562408447	1.2109379768371582	4.0060625076293945	1.3128039836883545	2.6236958503723145	2.752722978591919	4.714565277099609	3.1701955795288086	0.9960421919822693	0.9556582570075989	2.495018720626831	2.9042654037475586	2.9653592109680176	3.33233642578125	2.6293716430664062	1.7393873929977417	1.4984440803527832	3.132826328277588	0.6554216146469116	2.4143753051757812	2.384442090988159	3.183105945587158	1.3389992713928223	4.095428466796875	0.6162109375	0.0	0.6861997246742249	1.7301651239395142
56.033	2.1639719009399414	1.2380274534225464	1.009221076965332	0.0	1.2015933990478516	1.6940027475357056	0.7557640075683594	0.6023452281951904	1.5143110752105713	0.6041243672370911	0.5490199327468872	3.0651395320892334	1.691333293914795	1.2014446258544922	0.8635785579681396	2.9001197814941406	0.6054893136024475	1.6182751655578613	0.4583471119403839	1.8524001836776733	1.3201651573181152	0.6156566143035889	1.4637792110443115	0.7249807715415955	2.85714054107666	2.1428284645080566	2.1652300357818604	1.0958342552185059	2.1799099445343018	1.1592990159988403	2.0534496307373047	0.8838399648666382	2.9455699920654297	3.786435127258301	0.40501663088798523	1.7873588800430298	1.3010562658309937	0.0	2.3236024379730225	1.3224951028823853	0.9685381650924683	2.034520387649536	2.7548134326934814	1.8412296772003174	2.2050769329071045	1.9031168222427368	1.8230379819869995	2.3812525272369385	1.7946157455444336	2.3573265075683594	2.003915786743164	1.8815491199493408	2.8748514652252197	2.1144700050354004	1.649321436882019	0.9216424822807312	1.8249598741531372	1.1909763813018799	1.3807401657104492	1.2401381731033325	1.441544771194458	1.8439950942993164	1.423990249633789	1.7519595623016357	1.34617280960083	2.244939088821411	1.835451602935791	1.8967751264572144	2.2182350158691406	1.5172492265701294	1.717631220817566	1.9276213645935059	1.6801997423171997	1.8228414058685303	2.7825090885162354	1.3611444234848022	2.2864794731140137	1.8184902667999268	0.9768945574760437	2.969099283218384	1.1443979740142822	3.7426676750183105	2.8639755249023438	0.0	1.1800416707992554	2.383781671524048	1.1267750263214111	2.371877670288086	3.668829917907715	3.677340269088745	3.3042333126068115	2.938509702682495	4.442349910736084	2.793034553527832	2.238558053970337	2.3388006687164307	2.723527431488037	1.8577229976654053	1.7885253429412842	2.4647648334503174	0.5451318025588989	3.294743061065674	5.879250526428223	1.2315727472305298	1.70389986038208	2.244710683822632	2.2459957599639893	0.0	1.284735083580017	0.5810156464576721	0.0	0.6469539999961853	1.6285111904144287
58.033	0.8314398527145386	0.9530942440032959	1.5496383905410767	1.1640887260437012	1.8548296689987183	4.351006031036377	1.1646857261657715	1.8563793897628784	5.8447957038879395	0.9302477240562439	0.8478934168815613	0.0	2.611565351486206	1.857993483543396	0.6685993075370789	4.471584320068359	2.339212656021118	1.881221055984497	0.0	4.009753227233887	2.045419931411743	0.9542648792266846	0.0	1.1269350051879883	1.7091195583343506	2.7751030921936035	3.3696906566619873	1.7039839029312134	2.040013551712036	3.6208114624023438	1.068801760673523	4.145310401916504	3.233483076095581	2.0970206260681152	0.0	3.3784613609313965	2.5587003231048584	1.0674463510513306	2.297075033187866	2.097186326980591	1.5403621196746826	2.021636962890625	3.182866096496582	4.062230587005615	1.6139229536056519	1.4009712934494019	2.966595411300659	1.8467612266540527	3.377800226211548	3.5916993618011475	1.7821478843688965	2.0206971168518066	1.8080778121948242	3.035977363586426	2.1857197284698486	1.4854921102523804	0.9924879670143127	1.5190205574035645	1.2401381731033325	0.8152430653572083	0.9284950494766235	1.2220873832702637	1.3241734504699707	0.8302391767501831	2.232555627822876	2.277249336242676	0.6213905811309814	1.4857538938522339	1.0243710279464722	1.178565263748169	1.207878589630127	1.5153968334197998	1.9908243417739868	2.606795310974121	2.6621415615081787	2.61232590675354	3.3116614818573	3.3852367401123047	3.5463736057281494	0.9974911212921143	1.66933274269104	4.3822550773620605	2.0934042930603027	3.0534510612487793	3.0304369926452637	4.0836615562438965	2.7660727500915527	1.4990664720535278	3.005483388900757	3.016183853149414	3.2621097564697266	2.898609161376953	4.388219356536865	0.6892083883285522	1.3264646530151367	3.4730334281921387	2.427685260772705	4.141500473022461	3.329584836959839	2.7517635822296143	1.619739055633545	2.805433750152588	2.1951098442077637	2.7472424507141113	3.382845401763916	2.5106704235076904	1.1169952154159546	2.8257627487182617	0.960618793964386	0.866589367389679	0.0	0.0	0.0
60.033	0.4981890916824341	2.8443355560302734	0.0	1.3883402347564697	4.428809642791748	1.0433546304702759	2.0911853313446045	2.7775700092315674	2.098686695098877	3.346569299697876	1.0140964984893799	2.2698922157287598	1.1740161180496216	0.5570852160453796	0.8031045794487	0.0	2.24114990234375	1.8816876411437988	1.2803924083709717	1.3765143156051636	0.0	2.870971918106079	1.3663616180419922	2.0360100269317627	2.6825881004333496	1.6762125492095947	2.033755302429199	2.7463505268096924	1.642586350440979	3.564005136489868	3.8892390727996826	6.284448146820068	2.524137020111084	3.8314480781555176	1.5459873676300049	3.0818636417388916	2.504384994506836	1.3044432401657104	1.9715731143951416	2.576535224914551	1.185800313949585	1.7481274604797363	1.8140661716461182	2.294367551803589	1.6091349124908447	2.453040361404419	2.1146485805511475	1.6858152151107788	2.147761821746826	3.3414394855499268	1.278220534324646	1.9774200916290283	3.4328017234802246	1.7255122661590576	3.000087261199951	1.5290627479553223	2.3249943256378174	1.9565602540969849	1.441544771194458	0.9284950494766235	1.013634443283081	1.6233015060424805	2.6697447299957275	1.4291952848434448	1.9565813541412354	1.8726898431777954	1.8206793069839478	1.660440444946289	1.636000156402588	1.5218489170074463	1.9676576852798462	1.8209924697875977	1.312886118888855	1.7993099689483643	1.7249308824539185	2.729921579360962	3.0854241847991943	2.962026834487915	1.5953056812286377	1.1250494718551636	0.9438110589981079	1.5515981912612915	1.9038610458374023	1.7335667610168457	1.4834282398223877	1.9948424100875854	2.839280605316162	2.000833749771118	1.7212954759597778	3.799928903579712	3.11730694770813	2.500551462173462	2.2064085006713867	1.983001947402954	3.432175636291504	1.5984610319137573	2.333418607711792	1.5929847955703735	1.9218138456344604	1.0610615015029907	1.8727731704711914	2.832613706588745	2.1171774864196777	1.062272071838379	2.9305882453918457	2.9037201404571533	1.293853521347046	2.183100700378418	0.5562543869018555	2.0131518840789795	0.0	1.1220309734344482	0.9413809776306152
62.033	1.7402639389038086	0.9963073134422302	1.6165746450424194	2.4265339374542236	2.8947911262512207	0.9102150797843933	1.2214415073394775	0.9717995524406433	1.2237811088562012	0.9756515622138977	0.8886246085166931	1.9838205575942993	3.4302895069122314	1.952012538909912	2.111494302749634	0.7867473363876343	1.9696534872055054	0.6586852073669434	2.9947454929351807	1.8164482116699219	2.1567177772521973	3.023360013961792	7.209348678588867	0.5970543622970581	0.7264730334281921	1.1830861568450928	3.590606689453125	1.816833257675171	2.1763579845428467	1.4517496824264526	2.295311212539673	4.456177711486816	3.479827880859375	1.8887629508972168	0.6880246996879578	1.8298559188842773	1.112918734550476	1.1662079095840454	1.0060349702835083	2.3085267543792725	1.2774708271026611	1.3486340045928955	1.3645920753479004	1.6562998294830322	0.36526888608932495	2.553144931793213	1.1368309259414673	1.192004680633545	1.7357279062271118	2.3288209438323975	1.911706566810608	1.0363825559616089	1.707645297050476	1.8167262077331543	1.1043950319290161	1.5336413383483887	3.7967000007629395	2.4175117015838623	1.8439950942993164	1.2220873832702637	1.6233015060424805	1.562646746635437	0.5549077987670898	1.8734534978866577	1.9331541061401367	1.7564836740493774	1.4257652759552002	1.6237802505493164	0.838298499584198	1.9733961820602417	1.3752853870391846	1.8392364978790283	2.4454123973846436	2.8902668952941895	1.1931720972061157	1.1817668676376343	2.6807377338409424	3.1113061904907227	3.9343106746673584	2.4654650688171387	0.5185797214508057	2.0513064861297607	1.9703164100646973	2.880194664001465	2.461700439453125	3.8849241733551025	3.153129816055298	2.382179021835327	2.302384853363037	2.891432285308838	2.6089375019073486	2.7938034534454346	2.119443416595459	1.998402714729309	4.49000358581543	0.0	4.708646774291992	2.685234785079956	4.5373640060424805	3.580230236053467	2.374577045440674	0.0	0.0	1.796830654144287	1.6560853719711304	2.4508984088897705	3.280428171157837	1.84784996509552	0.9420890808105469	0.8518401384353638	1.6552890539169312	0.9498505592346191	0.7984334826469421
64.033	0.0	0.9561031460762024	0.0	0.0	0.0	1.743385672569275	5.854708671569824	0.9356179237365723	0.0	2.813286066055298	2.562160015106201	0.0	1.3177663087844849	0.940115213394165	1.3550337553024292	1.5153478384017944	1.8997902870178223	0.6361321210861206	2.1599416732788086	1.7507399320602417	1.0424731969833374	0.9723202586174011	2.3174209594726562	2.307827949523926	0.7023041248321533	6.293299674987793	2.088655710220337	1.7624006271362305	2.8126609325408936	2.8182730674743652	3.339095115661621	0.7224867939949036	0.9683794379234314	1.8394466638565063	0.6708748936653137	2.386350393295288	2.723006248474121	1.7084804773330688	0.9883581399917603	2.265288829803467	2.5155346393585205	3.1044137477874756	0.8097900152206421	2.875136613845825	1.4488023519515991	1.9105898141860962	2.2753865718841553	1.6759576797485352	2.0037124156951904	1.9696671962738037	1.9521489143371582	1.7032798528671265	1.4752329587936401	3.6482293605804443	2.3425443172454834	2.481560468673706	1.3948709964752197	2.0606162548065186	1.423990249633789	1.3241734504699707	2.6697447299957275	0.5549077987670898	1.4298547506332397	1.2779818773269653	1.7757090330123901	1.71385657787323	2.2475080490112305	0.8397965431213379	0.6961124539375305	1.6667534112930298	1.763715386390686	2.497344970703125	1.5232410430908203	2.281808614730835	3.159198045730591	3.1439943313598633	1.4944030046463013	1.5471463203430176	1.4716928005218506	1.391979694366455	0.46830034255981445	2.322269916534424	2.146836519241333	2.6203722953796387	3.370763063430786	3.0361621379852295	1.4459707736968994	2.616380214691162	2.108578681945801	4.781217575073242	2.399630546569824	3.211740732192993	4.3911285400390625	2.4610259532928467	4.143580436706543	1.2413510084152222	4.348074913024902	3.721484422683716	0.6003392338752747	3.3173835277557373	2.2011373043060303	1.905461311340332	1.3259752988815308	0.0	3.847818613052368	2.282942533493042	0.0	0.8580475449562073	0.8762648105621338	3.1707139015197754	0.0	0.0	2.2282345294952393
66.033	0.7038756608963013	2.4216580390930176	1.313056468963623	0.0	3.125033140182495	0.7362877726554871	0.0	3.9446122646331787	1.9921908378601074	0.0	0.0	1.6148484945297241	1.6741424798965454	0.794148862361908	1.1480262279510498	2.566061019897461	1.609258770942688	1.0793598890304565	1.8347824811935425	2.961731195449829	0.0	3.307075023651123	0.9833062887191772	1.4681419134140015	1.1938725709915161	0.9729591012001038	0.5922677516937256	2.504807233810425	1.7998710870742798	1.6018184423446655	0.9502591490745544	3.0815489292144775	2.4857566356658936	3.151709794998169	2.87338924407959	3.581648349761963	2.8111348152160645	2.4511911869049072	2.9716548919677734	2.9362246990203857	1.8093013763427734	1.1521930694580078	0.46844974160194397	1.7865777015686035	1.5800608396530151	0.5554638504981995	2.196603775024414	1.6859996318817139	1.5487228631973267	1.749958872795105	2.831897020339966	2.294785737991333	1.5994142293930054	1.012440800666809	0.7195910811424255	1.350355625152588	3.176348924636841	1.1985896825790405	1.7519595623016357	0.8302391767501831	1.4291952848434448	1.8734534978866577	1.2779818773269653	1.8149069547653198	1.7196489572525024	1.5577778816223145	1.6561073064804077	1.330737590789795	1.9904627799987793	2.4347548484802246	1.5286412239074707	1.8780022859573364	2.54689359664917	1.1668249368667603	2.16668701171875	1.8304954767227173	1.6319150924682617	1.4565292596817017	0.9269184470176697	1.5388414859771729	2.2325587272644043	1.1067413091659546	1.7101898193359375	2.0927529335021973	0.8991276025772095	2.031508445739746	2.319272994995117	1.4071177244186401	2.5462405681610107	1.7117527723312378	2.714554786682129	2.59833025932312	1.5787066221237183	1.4949356317520142	0.9617792367935181	0.5038101077079773	2.356248378753662	0.0	2.927277088165283	2.026848316192627	1.1959521770477295	3.107163906097412	2.166700601577759	0.6798121929168701	0.6272009015083313	1.8662078380584717	1.6618932485580444	3.50006103515625	0.0	3.8910329341888428	0.0	2.8986332416534424	1.2186686992645264
68.033	0.6860947608947754	0.0	1.2780624628067017	1.9157711267471313	1.5246940851211548	2.147031784057617	1.9209845066070557	0.7661411762237549	0.9683193564414978	2.322021245956421	2.111225128173828	1.573927402496338	1.6316015720367432	3.101747989654541	2.23606538772583	3.1330013275146484	1.9635521173477173	2.1081349849700928	2.9909160137176514	2.900481700897217	1.7236239910125732	1.616098165512085	0.9639299511909485	2.3939363956451416	0.5837315320968628	1.9068180322647095	0.5806024670600891	2.4565675258636475	2.3592989444732666	1.9695543050765991	2.801990509033203	1.2132364511489868	1.6297403573989868	2.4871954917907715	1.7027724981307983	3.0318028926849365	0.4632580280303955	2.9173738956451416	2.106544256210327	1.9386345148086548	3.2444400787353516	1.5286489725112915	1.1692500114440918	1.429801106452942	2.535520553588867	2.234870433807373	2.610320806503296	3.4117186069488525	1.7961807250976562	3.5642645359039307	1.3387584686279297	1.771317720413208	1.380150556564331	2.109116792678833	2.647603988647461	2.66437029838562	1.7079951763153076	1.6024538278579712	1.34617280960083	2.232555627822876	1.9565813541412354	1.9331541061401367	1.7757090330123901	1.7196489572525024	1.1528875827789307	1.6008760929107666	1.0990912914276123	1.1446075439453125	0.7954306602478027	1.8059024810791016	2.4824302196502686	1.462229609489441	2.208057165145874	0.6815783381462097	1.43700110912323	1.9900895357131958	2.712379217147827	0.43659794330596924	2.5150768756866455	3.5915720462799072	1.6937000751495361	1.6896779537200928	1.8270699977874756	1.2813092470169067	2.7595412731170654	1.8741954565048218	1.4312564134597778	0.9757441282272339	3.5521676540374756	2.780221462249756	3.601367712020874	3.388679027557373	1.8405482769012451	3.7177560329437256	2.245134115219116	2.3593177795410156	4.409965991973877	3.7768194675445557	1.3705339431762695	1.8989739418029785	2.24641489982605	0.4865782856941223	0.0	2.5613229274749756	2.3619542121887207	2.922487735748291	2.3493154048919678	0.6611961126327515	1.3464471101760864	1.832165241241455	3.5650672912597656	1.3675943613052368	1.1492186784744263
70.033	0.5315099954605103	2.441918134689331	2.9748473167419434	0.0	1.777267336845398	2.2307331562042236	1.4910967350006104	1.7873449325561523	4.505641937255859	0.0	1.6459771394729614	3.0626280307769775	1.693238377571106	2.414018392562866	3.487156391143799	1.461930751800537	2.7568349838256836	0.41082537174224854	0.9329935312271118	1.5102958679199219	5.391868591308594	3.1462695598602295	2.2570056915283203	1.8740514516830444	2.0522665977478027	2.2335619926452637	2.7260079383850098	2.3077197074890137	2.7716662883758545	1.5462620258331299	3.668363571166992	1.9045445919036865	2.2417397499084473	2.685814142227173	2.235585927963257	3.9854094982147217	2.192054510116577	2.303546190261841	1.6684629917144775	1.5364147424697876	1.9957470893859863	2.4322397708892822	2.044024705886841	1.994942307472229	1.5191633701324463	1.118711233139038	3.064453125	1.7122101783752441	2.902539014816284	2.8884618282318115	1.2702038288116455	1.7708256244659424	1.5880342721939087	1.4949027299880981	0.9438207149505615	2.5807981491088867	1.690623164176941	1.501325249671936	2.244939088821411	2.277249336242676	1.8726898431777954	1.7564836740493774	1.71385657787323	1.5577778816223145	1.6008760929107666	1.3543850183486938	1.3925349712371826	1.348036527633667	1.942612886428833	1.4087536334991455	1.8757882118225098	1.8681737184524536	2.1966559886932373	1.5335959196090698	2.0109474658966064	2.29966402053833	1.6302937269210815	1.716185450553894	2.859694242477417	0.8646972179412842	1.4731477499008179	2.702425956726074	2.1002509593963623	1.4054700136184692	2.8333775997161865	1.6536563634872437	3.426962375640869	1.6829913854599	3.2055323123931885	2.35986065864563	3.2030324935913086	2.8721137046813965	5.202968120574951	0.6922595500946045	2.006437063217163	1.7592421770095825	3.2983527183532715	0.7056066989898682	1.3675336837768555	1.8933286666870117	0.42018452286720276	2.9194512367248535	3.438344955444336	1.4419621229171753	2.2207984924316406	0.878880500793457	1.1751853227615356	0.9952210187911987	0.5078042149543762	1.3761097192764282	2.681079864501953	0.0	0.0
72.033	1.376007318496704	1.5758107900619507	0.0	0.0	0.7671639919281006	2.1660242080688477	2.903642416000366	1.5409010648727417	0.9728803038597107	2.328941583633423	1.4191821813583374	0.7955897450447083	2.195651054382324	0.7825669050216675	1.6955569982528687	2.532200813293457	1.5875191688537598	2.669308662414551	3.029096841812134	1.4716800451278687	2.631052017211914	2.4595725536346436	0.0	1.9494547843933105	2.6765687465667725	0.9690821170806885	2.955418825149536	0.5014232397079468	2.4098966121673584	6.052666187286377	4.318229675292969	2.4924347400665283	1.6750913858413696	3.8367979526519775	2.925030469894409	2.092158794403076	1.4401915073394775	0.5044271945953369	1.3168865442276	3.041034698486328	2.6350796222686768	2.8041441440582275	2.4628489017486572	2.6409616470336914	1.3452578783035278	1.4889144897460938	2.582509756088257	2.0621683597564697	2.184138298034668	3.1105010509490967	0.9799586534500122	2.181138515472412	2.4731855392456055	2.7291831970214844	0.866828203201294	2.145824670791626	2.0266897678375244	1.4147270917892456	1.835451602935791	0.6213905811309814	1.8206793069839478	1.4257652759552002	2.2475080490112305	1.6561073064804077	1.0990912914276123	1.3925349712371826	1.453665852546692	1.304160714149475	1.354120135307312	1.4980965852737427	1.8015503883361816	2.0483388900756836	1.076623558998108	2.419581413269043	2.899334192276001	1.6382263898849487	2.0923869609832764	1.2924429178237915	1.9713069200515747	2.2414441108703613	1.4772074222564697	1.4833214282989502	1.3874986171722412	2.2837963104248047	1.9725067615509033	2.020507574081421	3.2291691303253174	2.3607938289642334	2.8710601329803467	4.717066287994385	3.3027126789093018	0.0	2.030036211013794	3.0028460025787354	2.489712953567505	3.055845260620117	2.560896396636963	1.7584508657455444	2.1282382011413574	1.180269479751587	1.0469212532043457	4.548801422119141	1.9094184637069702	0.0	1.6663426160812378	1.6520546674728394	0.735985279083252	0.0	3.183473587036133	1.1528544425964355	1.1182852983474731	0.645291268825531	2.1733291149139404
74.033	3.895612955093384	0.6391318440437317	1.0400629043579102	0.7821226119995117	0.6214300394058228	1.7577497959136963	0.7852598428726196	3.1339914798736572	2.3652405738830566	1.260545015335083	1.149046778678894	0.0	1.7871675491333008	1.907765507698059	0.9185421466827393	1.0287619829177856	1.2923752069473267	2.600804567337036	1.4800384044647217	2.7946135997772217	0.7140609622001648	4.011303424835205	1.5938769578933716	1.584944486618042	1.4540046453475952	3.168124198913574	1.446408987045288	1.2264107465744019	2.4610369205474854	1.31917142868042	1.9616098403930664	4.085842609405518	3.0909407138824463	1.3100446462631226	0.960133969783783	3.4308416843414307	2.763730764389038	1.2461079359054565	1.8071198463439941	0.835637092590332	0.6225645542144775	1.988743782043457	2.847007989883423	1.8801679611206055	2.790065050125122	1.487237572669983	2.153925895690918	3.065490245819092	2.2386791706085205	2.9335899353027344	2.273271083831787	3.3217360973358154	1.3124229907989502	2.7676310539245605	1.4875825643539429	2.4700446128845215	2.346669912338257	1.23992919921875	1.8967751264572144	1.4857538938522339	1.660440444946289	1.6237802505493164	0.8397965431213379	1.330737590789795	1.1446075439453125	1.348036527633667	1.304160714149475	1.1545538902282715	1.6543651819229126	1.4795283079147339	1.7635732889175415	1.005725622177124	1.7965373992919922	1.9817452430725098	1.5182275772094727	2.0453109741210938	1.528510332107544	1.9057502746582031	2.392284631729126	1.8011301755905151	2.8795430660247803	1.789652705192566	2.0999250411987305	3.466787576675415	3.012885093688965	1.7996844053268433	2.719792366027832	1.5857253074645996	1.9322867393493652	3.920473337173462	3.0550708770751953	1.7186905145645142	3.4034640789031982	2.3250107765197754	2.255948305130005	1.6973214149475098	2.7876272201538086	1.368932843208313	0.99711674451828	2.302133083343506	1.635935664176941	2.1307337284088135	0.7457510828971863	2.3523480892181396	3.0458316802978516	0.4315629005432129	0.5779756307601929	0.4882601797580719	1.4963096380233765	0.0	0.8806478977203369	1.5180222988128662	0.853198766708374
76.033	2.813551425933838	3.2192280292510986	5.253518104553223	7.87805700302124	0.0	0.0	7.9361772537231445	0.0	0.0	3.180513620376587	5.80902099609375	0.0	0.0	0.0	2.323943614959717	2.6027779579162598	0.0	6.592067718505859	2.4943289756774902	2.0244476795196533	3.6186046600341797	3.389500141143799	0.0	0.0	7.3610711097717285	2.0093941688537598	2.4537243843078613	0.0	2.4988064765930176	1.6777422428131104	0.0	2.600430965423584	0.0	4.014035701751709	2.449652671813965	2.1914238929748535	0.0	6.381586074829102	5.559662342071533	2.1421594619750977	1.5978875160217285	0.0	3.143268346786499	0.0	4.329036235809326	0.0	0.9303644895553589	1.990091323852539	3.179018497467041	0.0	1.0788209438323975	1.9386868476867676	2.7657790184020996	1.5402671098709106	3.9551892280578613	2.199610948562622	1.5769143104553223	2.5143654346466064	2.2182350158691406	1.0243710279464722	1.636000156402588	0.838298499584198	0.6961124539375305	1.9904627799987793	0.7954306602478027	1.942612886428833	1.354120135307312	1.6543651819229126	0.0	3.298367738723755	0.7437312602996826	2.281142473220825	2.192476511001587	2.0188047885894775	3.620182514190674	2.871894121170044	2.8665263652801514	0.6192108988761902	2.440614700317383	1.1882290840148926	2.058339834213257	2.088775396347046	3.2867774963378906	0.0	1.7799456119537354	1.2226626873016357	2.350912094116211	3.240243673324585	5.278003215789795	0.0	6.117390155792236	3.29990291595459	2.5281906127929688	3.2007853984832764	3.1076157093048096	0.0	7.713148593902588	0.0	3.2224111557006836	0.0	1.9869625568389893	3.455448627471924	0.0	0.0	2.1215503215789795	0.0	2.820491313934326	2.3876240253448486	2.4378349781036377	0.0	4.308722496032715	0.0	2.0830307006835938
78.033	1.1964191198349	2.0586280822753906	1.115679383277893	0.8388950228691101	2.003286838531494	1.2611286640167236	0.84389328956604	4.048001766204834	0.0	3.396663188934326	1.2359466552734375	2.0788350105285645	2.3965904712677	4.115057945251465	2.979757308959961	1.6658762693405151	1.743812084197998	1.4062758684158325	1.0662411451339722	2.15777587890625	2.320988655090332	1.4484361410140991	1.7300320863723755	1.7251856327056885	1.3149564266204834	1.2867358922958374	3.1496174335479736	0.8910940289497375	4.816128253936768	1.7955917119979858	4.282668590545654	2.78999400138855	2.6340854167938232	1.4396600723266602	2.1097755432128906	2.357365131378174	2.1715087890625	1.831662893295288	2.400928497314453	0.9262321591377258	1.0362377166748047	1.8469290733337402	2.047215461730957	2.4500107765197754	2.815382957458496	3.629936456680298	4.052789211273193	2.1745755672454834	3.0165188312530518	1.4946972131729126	1.9002162218093872	2.1335179805755615	3.6752052307128906	1.5396430492401123	1.7633417844772339	2.2192301750183105	1.4209809303283691	2.8495240211486816	1.5172492265701294	1.178565263748169	1.5218489170074463	1.9733961820602417	1.6667534112930298	2.4347548484802246	1.8059024810791016	1.4087536334991455	1.4980965852737427	1.4795283079147339	3.298367738723755	0.8970712423324585	1.1996012926101685	1.177267074584961	2.054763078689575	1.200822114944458	1.4149668216705322	2.205566167831421	1.7196704149246216	1.1750741004943848	1.2872426509857178	2.299995183944702	2.404635190963745	1.8413610458374023	1.7791553735733032	3.2341363430023193	2.2985999584198	1.4618401527404785	1.649835467338562	1.2989691495895386	3.713574171066284	2.4328339099884033	1.7294881343841553	2.0058867931365967	1.534978985786438	1.6290199756622314	1.2626551389694214	2.6698412895202637	1.9659701585769653	2.0296692848205566	3.9468352794647217	2.2878801822662354	1.222046136856079	1.061712622642517	1.859145998954773	0.9380838871002197	1.7403565645217896	0.8655387759208679	2.900425434112549	0.9825146198272705	2.010512590408325	0.4552936851978302	0.886175274848938	1.5355933904647827	1.2920185327529907
80.033	0.47707805037498474	1.0930638313293457	0.0	2.002065658569336	2.1308882236480713	1.5047111511230469	3.37235426902771	1.612416386604309	2.036959648132324	2.7102317810058594	1.483325719833374	2.2091023921966553	1.5308663845062256	1.638354778289795	0.7917075157165527	2.2225723266601562	1.3936200141906738	1.4984755516052246	1.7040982246398926	2.0730972290039062	1.2355831861495972	1.1600329875946045	1.3846760988235474	1.3814189434051514	3.163668394088745	4.821788787841797	4.197299003601074	3.5705461502075195	1.7205195426940918	2.3046810626983643	1.3735584020614624	4.035040378570557	2.117279052734375	2.778517007827759	0.42517390847206116	4.182940483093262	2.100069522857666	2.586946725845337	1.936055302619934	1.8729277849197388	2.2378270626068115	1.4955554008483887	2.2130043506622314	3.7002789974212646	2.5455563068389893	2.7209606170654297	1.324212908744812	2.6613192558288574	2.4694364070892334	2.4520788192749023	2.929982900619507	2.815401315689087	1.515062689781189	2.6965243816375732	3.301344633102417	0.8236058950424194	3.2818996906280518	2.0840346813201904	1.717631220817566	1.207878589630127	1.9676576852798462	1.3752853870391846	1.763715386390686	1.5286412239074707	2.4824302196502686	1.8757882118225098	1.8015503883361816	1.7635732889175415	0.7437312602996826	1.1996012926101685	1.1989716291427612	1.5567295551300049	1.5973366498947144	1.4613114595413208	1.7832353115081787	1.4904042482376099	2.2262284755706787	2.2280688285827637	1.663737177848816	1.321921706199646	1.1623717546463013	1.6414604187011719	1.7803584337234497	2.6827611923217773	2.622563362121582	2.175873041152954	2.287116289138794	2.2765238285064697	2.3899941444396973	2.442676067352295	2.238334894180298	1.011576771736145	2.1359357833862305	1.2349748611450195	2.6479368209838867	2.031763792037964	2.095845937728882	3.1006360054016113	1.5091841220855713	2.0993828773498535	1.2475004196166992	0.2717832922935486	1.1412349939346313	1.8020482063293457	1.3362314701080322	0.9973854422569275	1.7868385314941406	0.37847423553466797	1.549566388130188	0.3516368865966797	2.736351251602173	0.7887082695960999	0.6655977964401245
82.033	0.6720960140228271	0.0	1.258095145225525	0.0	1.502900242805481	4.966595649719238	0.0	2.2850875854492188	1.918261170387268	0.767083466053009	0.6995508074760437	0.783522367477417	1.081718921661377	0.7731970548629761	1.1178325414657593	1.256524682044983	1.978148102760315	1.5925960540771484	0.0	1.4687535762786865	2.631148338317871	3.285038948059082	2.949582099914551	1.9605116844177246	2.994603395462036	3.4283604621887207	0.5976293087005615	2.02492094039917	0.6112104654312134	2.05298113822937	2.9307024478912354	1.9122705459594727	3.8783295154571533	2.3100860118865967	3.031296730041504	2.717686414718628	0.5005697011947632	0.5281172394752502	4.155879020690918	1.071197509765625	0.8023756742477417	3.006622791290283	2.6479108333587646	3.2734909057617188	2.2024452686309814	1.308695912361145	2.1450910568237305	1.7988609075546265	1.0992480516433716	1.7796978950500488	3.1251275539398193	1.2829246520996094	1.8463897705078125	1.8673350811004639	3.7771971225738525	2.12656831741333	2.2087788581848145	2.3873491287231445	1.9276213645935059	1.5153968334197998	1.8209924697875977	1.8392364978790283	2.497344970703125	1.8780022859573364	1.462229609489441	1.8681737184524536	2.0483388900756836	1.005725622177124	2.281142473220825	1.177267074584961	1.5567295551300049	1.245039701461792	1.202622413635254	2.1139070987701416	1.982246994972229	2.1475412845611572	1.2448314428329468	1.6164344549179077	3.1076033115386963	1.7704010009765625	3.1466095447540283	1.1511344909667969	1.841996192932129	3.1029484272003174	1.3715360164642334	1.6690768003463745	1.160830020904541	2.367495536804199	2.917795181274414	1.3550528287887573	3.7359395027160645	4.062510013580322	1.3022645711898804	0.997249186038971	3.883094310760498	1.3736733198165894	1.6160659790039062	0.6977565288543701	1.3626883029937744	1.4234260320663452	2.5372259616851807	0.737933337688446	2.331059694290161	1.4710901975631714	1.8206076622009277	2.715729236602783	1.2170000076293945	0.0	1.5876281261444092	0.9611205458641052	2.8105156421661377	1.079589605331421	1.8185420036315918
84.033	0.8337694406509399	4.779578685760498	3.1239614486694336	1.1715404987335205	0.9340959787368774	0.8786911964416504	1.1814641952514648	0.9432138204574585	2.38676381111145	3.8053550720214844	2.6074905395507812	0.9732658267021179	1.347367525100708	0.959341824054718	1.3894928693771362	0.0	1.4727915525436401	0.6615685820579529	0.0	4.872862339019775	2.18217396736145	0.0	1.2222371101379395	1.8332756757736206	1.8656467199325562	2.442103862762451	5.222931385040283	1.8984856605529785	3.8040852546691895	2.0490009784698486	3.056051254272461	2.388134002685547	2.6894965171813965	2.063946008682251	3.7931742668151855	2.721806764602661	1.884526252746582	1.989343523979187	0.5793451070785522	2.0187883377075195	3.5254158973693848	1.6225175857543945	2.6706550121307373	1.5474647283554077	4.169677257537842	2.899506092071533	3.0193748474121094	2.598968267440796	1.7473329305648804	1.1302474737167358	3.62070369720459	1.638243556022644	1.8910380601882935	2.663973093032837	0.6925907135009766	3.5312066078186035	2.861212730407715	0.6206855773925781	1.6801997423171997	1.9908243417739868	1.312886118888855	2.4454123973846436	1.5232410430908203	2.54689359664917	2.208057165145874	2.1966559886932373	1.076623558998108	1.7965373992919922	2.192476511001587	2.054763078689575	1.5973366498947144	1.202622413635254	1.027717113494873	1.322042465209961	1.2019929885864258	1.6226179599761963	1.6328520774841309	1.806746006011963	1.6701093912124634	1.3662484884262085	2.458035707473755	2.574963092803955	1.3861513137817383	0.8808093070983887	1.3709964752197266	1.6422028541564941	2.680406332015991	2.4935970306396484	2.465928554534912	3.802682399749756	2.6201653480529785	3.175001859664917	1.53055739402771	1.5658574104309082	0.764710545539856	3.2424347400665283	1.9185599088668823	0.0	1.2115414142608643	2.2568113803863525	1.5103529691696167	1.3176851272583008	2.315328359603882	2.3449909687042236	0.5436934232711792	1.0828691720962524	2.18198299407959	0.6180609464645386	0.6344351768493652	1.1527396440505981	1.1240723133087158	1.9470579624176025	0.0
86.033	1.2901860475540161	3.7113146781921387	2.418506145477295	2.7312674522399902	1.4498730897903442	0.6836773157119751	4.579200744628906	2.1996817588806152	0.0	0.740901529788971	1.3494216203689575	0.7568978667259216	2.0951719284057617	1.495886206626892	1.6186552047729492	0.6059436202049255	1.5236724615097046	1.0276840925216675	0.5858816504478455	2.3716931343078613	2.5490047931671143	3.1882882118225098	1.90707266330719	3.8039634227752686	1.455962061882019	2.3807718753814697	2.3287105560302734	2.472658157348633	3.5718491077423096	3.192898750305176	2.863734006881714	3.117461919784546	4.625157833099365	2.9026401042938232	1.7818691730499268	3.730724811553955	3.4456448554992676	1.0417379140853882	3.6425797939300537	1.5853723287582397	1.980322241783142	2.124840497970581	2.8942184448242188	3.2563984394073486	2.924501657485962	3.2723188400268555	2.631967306137085	1.288007378578186	0.829586923122406	1.349454641342163	3.45426082611084	1.5681990385055542	3.400820255279541	2.5616605281829834	1.1132183074951172	3.467384099960327	1.8503888845443726	1.7614128589630127	1.8228414058685303	2.606795310974121	1.7993099689483643	2.8902668952941895	2.281808614730835	1.1668249368667603	0.6815783381462097	1.5335959196090698	2.419581413269043	1.9817452430725098	2.0188047885894775	1.200822114944458	1.4613114595413208	2.1139070987701416	1.322042465209961	1.201721429824829	1.1826092004776	1.018890619277954	1.274532437324524	1.6966943740844727	1.759537696838379	1.838368535041809	2.8034074306488037	0.8918207883834839	1.2129952907562256	1.2446539402008057	2.3663454055786133	2.152845621109009	2.3110148906707764	1.8019877672195435	3.1294779777526855	2.304946184158325	1.9176744222640991	1.4518613815307617	2.470794677734375	2.3038604259490967	1.1273542642593384	2.098327398300171	2.480246067047119	0.0	1.79682457447052	1.6745545864105225	1.4988644123077393	1.9638779163360596	2.070239782333374	0.8747323155403137	1.6274241209030151	1.6192997694015503	1.0891668796539307	1.8496278524398804	1.8996872901916504	2.5949907302856445	0.0	0.487428218126297	0.0
88.033	1.6788215637207031	0.9610540866851807	6.285345077514648	1.1795008182525635	1.885512351989746	0.8879190683364868	2.3849446773529053	2.853466033935547	4.813198089599609	0.0	2.638018846511841	2.9497716426849365	4.771745204925537	1.9463273286819458	1.4079005718231201	0.7875037789344788	1.983848214149475	1.3343967199325562	2.2845447063446045	1.2383581399917603	1.1072800159454346	0.0	3.7276148796081543	2.4831433296203613	1.895848274230957	3.109225034713745	2.2794713973999023	5.165792465209961	2.33552622795105	3.1356074810028076	0.6223119497299194	3.259084701538086	4.960024833679199	5.4845452308654785	0.7765879034996033	4.189690113067627	3.871108055114746	2.732081651687622	1.7955354452133179	3.475165605545044	3.6434943675994873	1.6778178215026855	3.1137444972991943	2.684368133544922	0.9655029773712158	2.592522382736206	2.846909523010254	2.049670696258545	3.6693718433380127	3.573855400085449	2.300553321838379	2.0863912105560303	2.0176987648010254	3.426384925842285	1.4928098917007446	2.5435945987701416	1.8658064603805542	2.042447566986084	2.7825090885162354	2.6621415615081787	1.7249308824539185	1.1931720972061157	3.159198045730591	2.16668701171875	1.43700110912323	2.0109474658966064	2.899334192276001	1.5182275772094727	3.620182514190674	1.4149668216705322	1.7832353115081787	1.982246994972229	1.2019929885864258	1.1826092004776	1.0855234861373901	1.267497181892395	1.7598453760147095	1.5957096815109253	1.5669186115264893	1.7725071907043457	1.4203171730041504	2.0425400733947754	1.6872936487197876	1.0936089754104614	1.6458098888397217	1.163844108581543	2.304516553878784	2.816629409790039	1.8922616243362427	3.916118860244751	1.0374281406402588	2.133861780166626	3.0251822471618652	1.7681301832199097	1.7348345518112183	2.218571901321411	0.4385351240634918	2.2781059741973877	2.234391212463379	2.0780234336853027	2.3264307975769043	1.6307302713394165	0.8605695962905884	0.5453630089759827	1.523841381072998	1.5208587646484375	4.088374614715576	1.1587836742401123	2.3784217834472656	0.541792631149292	0.0	2.449409008026123	0.5167742967605591
90.033	4.138147830963135	1.356601595878601	2.2070465087890625	4.156640529632568	1.3249727487564087	2.5052733421325684	5.040156364440918	2.686967134475708	1.693319320678711	0.6780954003334045	1.2372993230819702	2.7802791595458984	1.4409621953964233	1.3739081621170044	3.974400043487549	2.229173183441162	2.7969272136688232	2.3559391498565674	1.0726449489593506	0.43652287125587463	2.3519537448883057	5.139604568481445	7.904571533203125	3.510157585144043	2.953547716140747	2.1959781646728516	1.6146961450576782	4.114046096801758	2.756822109222412	2.9655442237854004	3.535865306854248	4.033505916595459	3.515690565109253	3.5992188453674316	6.612120628356934	2.4760475158691406	2.7510159015655518	1.9423503875732422	2.128483295440674	2.477715492248535	2.9704880714416504	1.594630241394043	2.96354341506958	1.1487287282943726	4.489663124084473	2.785465717315674	2.492079019546509	2.2046570777893066	2.11148738861084	2.1435279846191406	2.478532075881958	1.507388710975647	1.820049524307251	3.514643430709839	3.7906126976013184	2.4667952060699463	3.1757991313934326	0.4964715242385864	1.3611444234848022	2.61232590675354	2.729921579360962	1.1817668676376343	3.1439943313598633	1.8304954767227173	1.9900895357131958	2.29966402053833	1.6382263898849487	2.0453109741210938	2.871894121170044	2.205566167831421	1.4904042482376099	2.1475412845611572	1.6226179599761963	1.018890619277954	1.267497181892395	0.8162084221839905	0.8486791849136353	1.4762847423553467	1.5204397439956665	1.4187898635864258	1.6034719944000244	1.0394370555877686	2.358079671859741	0.9167975187301636	1.673301100730896	1.9406218528747559	2.0813004970550537	3.9375405311584473	2.9970147609710693	3.1191649436950684	1.5364904403686523	3.7568423748016357	2.1924123764038086	3.052985906600952	1.1554694175720215	2.7159695625305176	0.8802275657653809	1.0195597410202026	1.997631311416626	1.0512052774429321	1.8790780305862427	1.9220300912857056	2.034863233566284	1.475551962852478	1.374172568321228	2.746361017227173	1.8513224124908447	1.5728585720062256	0.4041096568107605	1.8396371603012085	1.4400217533111572	1.2512435913085938	2.4649715423583984
92.033	1.9211353063583374	0.733606219291687	3.5882647037506104	0.8965861797332764	1.4341294765472412	3.3794798851013184	2.7298762798309326	0.7266982197761536	4.59131383895874	0.0	1.3407458066940308	0.7509720921516418	2.607172966003418	1.4866784811019897	1.6156671047210693	1.2079825401306152	1.899763822555542	1.5302603244781494	4.071649551391602	1.8885211944580078	3.3952009677886963	2.3950257301330566	0.9533961415290833	4.286594867706299	2.622985363006592	4.298584461212158	2.3351383209228516	0.9945360422134399	2.997061252593994	2.01589035987854	2.4072816371917725	2.513908624649048	6.363786220550537	1.6324167251586914	3.6095058917999268	4.316732406616211	3.4954686164855957	2.649735927581787	1.8590940237045288	3.2476367950439453	2.032782793045044	1.3102262020111084	1.622052788734436	2.0987610816955566	2.2696197032928467	2.380166530609131	2.242863655090332	2.155428647994995	2.034554958343506	3.788463592529297	2.4351325035095215	2.7711000442504883	2.019388437271118	1.6038157939910889	1.2042760848999023	1.7177391052246094	2.0270698070526123	3.337047815322876	2.2864794731140137	3.3116614818573	3.0854241847991943	2.6807377338409424	1.4944030046463013	1.6319150924682617	2.712379217147827	1.6302937269210815	2.0923869609832764	1.528510332107544	2.8665263652801514	1.7196704149246216	2.2262284755706787	1.2448314428329468	1.6328520774841309	1.274532437324524	1.7598453760147095	0.8486791849136353	1.4645086526870728	1.21286940574646	1.8589422702789307	1.999646782875061	1.7631545066833496	1.4310879707336426	1.80191171169281	1.749024510383606	2.221552848815918	1.6024036407470703	2.19623064994812	2.5076889991760254	1.581504225730896	2.205132484436035	1.8916852474212646	1.661489486694336	1.1114437580108643	1.6771382093429565	0.9427419304847717	1.7678191661834717	0.9026350378990173	1.5713773965835571	2.0594558715820312	0.3608202338218689	2.9195716381073	0.5676397681236267	2.1046624183654785	2.2963292598724365	1.4274383783340454	1.782820701599121	0.9626297950744629	0.8203318119049072	0.8423522114753723	0.3840075433254242	1.5017765760421753	0.8704196810722351	1.473331093788147
94.033	1.8850361108779907	2.9015023708343506	4.723186492919922	0.0	1.411819577217102	3.338893175125122	4.481751441955566	2.1556363105773926	6.34728479385376	1.4507497549057007	0.661195695400238	0.7427911162376404	2.5712034702301025	3.6829583644866943	2.659691095352173	2.390622138977051	2.631150484085083	1.5180110931396484	2.8738465309143066	1.4021700620651245	3.3519039154052734	0.7889657616615295	1.8924825191497803	2.3596560955047607	5.486703395843506	2.8392751216888428	1.7384814023971558	2.953901767730713	2.3807880878448486	2.4005253314971924	4.779809951782227	0.6249020099639893	2.9566400051116943	3.560255289077759	4.781803607940674	2.1509649753570557	1.4899648427963257	2.1073145866394043	3.2409746646881104	4.315374851226807	1.6213879585266113	3.9284563064575195	2.433058023452759	1.2582565546035767	3.4065308570861816	4.419318675994873	2.2492003440856934	3.516814708709717	2.9180169105529785	1.9040451049804688	3.069148063659668	1.6774721145629883	2.43977952003479	1.8563264608383179	2.436415672302246	1.0460786819458008	5.1537580490112305	3.1188812255859375	1.8184902667999268	3.3852367401123047	2.962026834487915	3.1113061904907227	1.5471463203430176	1.4565292596817017	0.43659794330596924	1.716185450553894	1.2924429178237915	1.9057502746582031	0.6192108988761902	1.1750741004943848	2.2280688285827637	1.6164344549179077	1.806746006011963	1.6966943740844727	1.5957096815109253	1.4762847423553467	1.21286940574646	1.078346610069275	0.9206951856613159	1.3905390501022339	1.0441292524337769	1.4728502035140991	1.37242591381073	2.058666229248047	1.8463624715805054	1.9258460998535156	3.7821404933929443	1.6281547546386719	1.4301307201385498	2.5078632831573486	2.043783187866211	2.1824262142181396	2.0510923862457275	0.8869461417198181	1.7558339834213257	2.1159136295318604	0.5618232488632202	2.4514195919036865	1.448643684387207	1.3581860065460205	0.9147316217422485	0.8050416707992554	2.269479751586914	1.8066391944885254	2.0277211666107178	1.0142529010772705	1.825284481048584	1.5573923587799072	0.0	1.0959651470184326	0.0	1.242875099182129	1.0524729490280151
96.033	4.013156890869141	0.0	0.0	0.8074334263801575	3.863698720932007	2.4245615005493164	1.6330903768539429	2.610478162765503	1.6533695459365845	0.0	1.2070889472961426	2.026522159576416	3.7518820762634277	2.0093913078308105	0.48601624369621277	1.6328738927841187	1.3717589378356934	2.307765007019043	3.1543095111846924	3.4067516326904297	2.2946701049804688	2.154543876647949	4.311128616333008	1.7274960279464722	4.4850311279296875	3.458601713180542	3.1763124465942383	1.802398681640625	1.629994511604309	2.9304206371307373	5.68541145324707	3.4321534633636475	4.259565830230713	4.159512042999268	6.55632209777832	4.433746814727783	2.281827449798584	2.4156644344329834	2.12194561958313	2.4773342609405518	1.8623408079147339	4.012686252593994	1.743862509727478	3.8671765327453613	2.4410271644592285	2.509110450744629	1.6126352548599243	3.7520837783813477	2.1611757278442383	2.203197717666626	1.1378153562545776	2.859116315841675	1.5130770206451416	2.1540892124176025	0.5687863826751709	2.2765979766845703	3.858511209487915	1.063484787940979	0.9768945574760437	3.5463736057281494	1.5953056812286377	3.9343106746673584	1.4716928005218506	0.9269184470176697	2.5150768756866455	2.859694242477417	1.9713069200515747	2.392284631729126	2.440614700317383	1.2872426509857178	1.663737177848816	3.1076033115386963	1.6701093912124634	1.759537696838379	1.5669186115264893	1.5204397439956665	1.8589422702789307	0.9206951856613159	0.8100139498710632	1.0333747863769531	0.9828454256057739	1.4444128274917603	1.3880412578582764	1.0120203495025635	1.4573174715042114	2.1645278930664062	1.6957449913024902	1.4400686025619507	2.239150047302246	1.9516226053237915	1.714524745941162	2.207526683807373	1.4490851163864136	1.1318949460983276	1.4983032941818237	2.826141595840454	1.2056055068969727	2.532372236251831	1.0418821573257446	2.0553934574127197	0.793691873550415	1.8605132102966309	0.9892371892929077	1.571712613105774	1.765129566192627	0.2952122986316681	0.39894014596939087	1.7017631530761719	1.4039548635482788	1.2828811407089233	1.882482647895813	0.7278382182121277	0.9237794876098633
98.033	3.125035285949707	1.7914882898330688	2.91397762298584	2.9366018772125244	2.338310956954956	2.205791711807251	2.956714630126953	1.1858264207839966	0.0	3.6030068397521973	3.288227081298828	1.8448415994644165	2.9774820804595947	1.21841299533844	2.2037675380706787	0.9919264316558838	2.803297996520996	4.199718952178955	2.8694636821746826	3.107624053955078	3.4751100540161133	1.9613327980041504	3.131016731262207	2.3548102378845215	3.1301615238189697	3.151285409927368	3.376391649246216	2.4631664752960205	2.4797587394714355	2.6678574085235596	3.593971014022827	4.175821781158447	3.5351247787475586	2.71653413772583	2.0007529258728027	4.041818141937256	3.335695505142212	3.0992112159729004	1.9407070875167847	1.81171452999115	3.7531545162200928	1.838636875152588	3.197618007659912	2.843261241912842	1.9239795207977295	2.305436372756958	2.755673885345459	2.7595832347869873	2.9894065856933594	2.034203290939331	4.201714515686035	1.2012450695037842	1.402893304824829	2.1982979774475098	2.632976531982422	2.1201794147491455	2.6918742656707764	2.977740526199341	2.969099283218384	0.9974911212921143	1.1250494718551636	2.4654650688171387	1.391979694366455	1.5388414859771729	3.5915720462799072	0.8646972179412842	2.2414441108703613	1.8011301755905151	1.1882290840148926	2.299995183944702	1.321921706199646	1.7704010009765625	1.3662484884262085	1.838368535041809	1.7725071907043457	1.4187898635864258	1.999646782875061	1.3905390501022339	1.0333747863769531	1.0129411220550537	1.4718079566955566	2.031690835952759	1.5799692869186401	2.16037654876709	1.9781676530838013	1.8661108016967773	1.8668323755264282	1.8340333700180054	2.265608549118042	2.18953013420105	2.412719488143921	2.770350456237793	2.192704200744629	1.7545509338378906	2.3836758136749268	1.0307704210281372	1.2388691902160645	0.7226039171218872	1.4311848878860474	1.2636700868606567	0.9126764535903931	0.8049882054328918	0.8550167083740234	0.8198927640914917	0.5104880928993225	1.025159239768982	1.0422381162643433	0.5935056209564209	1.223975658416748	1.679710865020752	0.5494006872177124	1.910162091255188	0.2697579264640808
100.033	0.8457736372947693	0.0	0.0	1.1854009628295898	2.853527069091797	0.0	2.4068603515625	2.8815205097198486	1.2174341678619385	0.0	2.6751644611358643	0.0	2.7717816829681396	1.977545976638794	1.4347862005233765	0.8048864603042603	2.5395398139953613	2.0478146076202393	2.3361973762512207	3.79425311088562	3.4036741256713867	2.126178503036499	1.2751506567001343	2.550405502319336	2.7410008907318115	1.286692500114441	3.932349443435669	4.685582160949707	2.425786018371582	1.634212613105774	2.6023447513580322	4.264573097229004	2.8863656520843506	2.2190003395080566	2.455249547958374	3.6787374019622803	2.0406270027160645	2.8955888748168945	1.2730536460876465	2.2239084243774414	5.581604957580566	3.6168620586395264	2.6219682693481445	2.332443952560425	2.636890411376953	3.3195245265960693	2.0912654399871826	2.271956205368042	1.639399766921997	4.028277397155762	2.169489860534668	4.366055011749268	2.320530414581299	2.3211097717285156	0.8742735385894775	2.509068489074707	4.4862260818481445	0.8261319994926453	1.1443979740142822	1.66933274269104	0.9438110589981079	0.5185797214508057	0.46830034255981445	2.2325587272644043	1.6937000751495361	1.4731477499008179	1.4772074222564697	2.8795430660247803	2.058339834213257	2.404635190963745	1.1623717546463013	3.1466095447540283	2.458035707473755	2.8034074306488037	1.4203171730041504	1.6034719944000244	1.7631545066833496	1.0441292524337769	0.9828454256057739	1.4718079566955566	0.6302676200866699	1.1689034700393677	1.6746982336044312	2.072394371032715	2.144524335861206	1.230463981628418	1.3148651123046875	1.5527808666229248	3.598843812942505	1.5202370882034302	2.27133846282959	1.8322135210037231	2.0062167644500732	0.9598139524459839	1.202221393585205	1.8259758949279785	1.572277307510376	2.214672088623047	0.5481127500534058	0.3882942795753479	1.405800700187683	0.9317880272865295	0.6620206236839294	0.4227173924446106	0.7942520976066589	3.183403730392456	0.0	1.8498347997665405	0.477439820766449	2.18380069732666	1.7163907289505005	0.4988139569759369	1.2669215202331543
102.033	4.029461860656738	0.9292027354240417	0.0	1.1377195119857788	0.0	2.5774261951446533	1.1522928476333618	3.686748504638672	1.1624289751052856	1.8655251264572144	3.4078099727630615	2.8749537467956543	2.654679298400879	2.848245143890381	4.11767578125	1.5443211793899536	1.9433082342147827	4.592374324798584	1.492034912109375	1.8207348585128784	1.0886163711547852	1.0228441953659058	2.4442341327667236	4.897640705108643	2.6246135234832764	5.5499186515808105	2.2712345123291016	5.146292209625244	5.439561367034912	2.093874931335449	3.1318514347076416	4.914068222045898	1.1119277477264404	3.8443074226379395	1.5761160850524902	2.838189125061035	0.6568232774734497	0.6960404515266418	1.8402349948883057	1.433058500289917	2.1537561416625977	1.162458896636963	2.8952476978302	3.381777048110962	3.569901466369629	3.2178099155426025	2.028315544128418	3.3027548789978027	4.3753790855407715	4.55720853805542	1.6881186962127686	1.9326763153076172	1.1298056840896606	2.586198568344116	3.419973134994507	2.4552431106567383	5.111019611358643	2.02874493598938	3.7426676750183105	4.3822550773620605	1.5515981912612915	2.0513064861297607	2.322269916534424	1.1067413091659546	1.6896779537200928	2.702425956726074	1.4833214282989502	1.789652705192566	2.088775396347046	1.8413610458374023	1.6414604187011719	1.1511344909667969	2.574963092803955	0.8918207883834839	2.0425400733947754	1.0394370555877686	1.4310879707336426	1.4728502035140991	1.4444128274917603	2.031690835952759	1.1689034700393677	1.3258980512619019	1.4713393449783325	2.2839982509613037	1.8322383165359497	0.8815281391143799	1.7483936548233032	1.7850762605667114	2.1142141819000244	1.1551542282104492	1.1213130950927734	2.9954264163970947	1.2797073125839233	0.42349305748939514	0.4263927638530731	1.163153886795044	1.96994948387146	0.0	0.4950631856918335	1.7529792785644531	1.2730125188827515	1.1279098987579346	1.8066362142562866	1.5432939529418945	1.4481525421142578	2.1894617080688477	1.9757169485092163	0.4234689474105835	0.0	1.60664701461792	0.7891463041305542	0.9184958338737488	0.7799912691116333
104.033	1.8021109104156494	3.448683738708496	1.1300630569458008	0.0	1.353637933731079	0.6369521021842957	0.8608806133270264	2.0625133514404297	4.344797134399414	2.775249481201172	2.543947219848633	2.8530256748199463	2.9749767780303955	2.8334734439849854	3.0800771713256836	2.8772084712982178	3.9939019680023193	1.4665846824645996	1.1171174049377441	3.1705472469329834	5.6973557472229	0.7645531296730042	1.8320298194885254	3.6566905975341797	3.645930290222168	1.839967966079712	1.6959433555603027	0.9648127555847168	4.072422504425049	1.9595003128051758	3.751237154006958	5.528518199920654	2.9112467765808105	2.5637803077697754	2.954380512237549	2.6612467765808105	5.428049087524414	3.1415348052978516	4.135252952575684	3.227531909942627	2.4326303005218506	2.183962106704712	1.902876853942871	4.666623115539551	4.608206272125244	3.8092644214630127	3.8292174339294434	3.604570150375366	2.702716827392578	2.4610416889190674	2.550443410873413	0.8786496520042419	2.1428234577178955	2.207043409347534	1.2987241744995117	1.8705090284347534	3.3395862579345703	1.5433237552642822	2.8639755249023438	2.0934042930603027	1.9038610458374023	1.9703164100646973	2.146836519241333	1.7101898193359375	1.8270699977874756	2.1002509593963623	1.3874986171722412	2.0999250411987305	3.2867774963378906	1.7791553735733032	1.7803584337234497	1.841996192932129	1.3861513137817383	1.2129952907562256	1.6872936487197876	2.358079671859741	1.80191171169281	1.37242591381073	1.3880412578582764	1.5799692869186401	1.6746982336044312	1.4713393449783325	0.8568899035453796	1.6832941770553589	2.255542516708374	1.8637257814407349	1.1330009698867798	2.071697950363159	2.2221317291259766	2.27984356880188	1.773461103439331	1.2096033096313477	0.43462222814559937	1.446777582168579	1.6121734380722046	0.9641259908676147	0.7820547819137573	0.3464925289154053	1.7309207916259766	1.480126142501831	0.895423412322998	1.7902586460113525	0.6388651728630066	1.093645453453064	1.0296813249588013	0.7774693965911865	3.175715923309326	1.207573413848877	0.9384869337081909	0.28740888833999634	1.1307196617126465	0.0	0.5594332814216614
106.033	5.69751501083374	1.6332972049713135	2.664858818054199	4.023399829864502	4.81514835357666	1.5129528045654297	4.055210113525391	3.2635042667388916	4.118319988250732	0.0	0.0	3.3830394744873047	3.5171289443969727	3.362544298171997	2.4335596561431885	0.0	5.157607555389404	2.321333646774292	3.966754913330078	1.077344536781311	1.9296767711639404	0.0	4.350400924682617	4.353580474853516	3.991316556930542	1.0930665731430054	1.3396607637405396	3.4330668449401855	5.5439839363098145	1.864201545715332	5.576192378997803	4.38267707824707	1.9819189310073853	2.284783363342285	5.633395195007324	2.535607099533081	4.703741550445557	1.249659776687622	3.294090986251831	3.840137004852295	2.9008820056915283	1.044869303703308	3.893946409225464	3.0370140075683594	2.754779577255249	1.6567977666854858	1.8328405618667603	3.3259310722351074	0.7208301424980164	1.1805452108383179	0.765724241733551	0.7028712630271912	2.0632426738739014	3.546180248260498	4.694650173187256	1.8052719831466675	1.3471171855926514	2.242532968521118	0.0	3.0534510612487793	1.7335667610168457	2.880194664001465	2.6203722953796387	2.0927529335021973	1.2813092470169067	1.4054700136184692	2.2837963104248047	3.466787576675415	0.0	3.2341363430023193	2.6827611923217773	3.1029484272003174	0.8808093070983887	1.2446539402008057	1.0936089754104614	0.9167975187301636	1.749024510383606	2.058666229248047	1.0120203495025635	2.16037654876709	2.072394371032715	2.2839982509613037	1.6832941770553589	1.7090449333190918	0.8272291421890259	1.059040904045105	0.8900380730628967	1.8365904092788696	1.20315420627594	2.342292308807373	1.1704739332199097	1.13733971118927	1.8585470914840698	0.9365973472595215	0.31812891364097595	1.4037195444107056	0.429033488035202	1.5294758081436157	0.3833748996257782	1.0960304737091064	1.5011669397354126	1.7779830694198608	0.9544990062713623	1.8429133892059326	2.318084955215454	0.0	0.0	0.0	0.0	0.0	0.0	0.0	1.2731167078018188
108.033	2.969057321548462	4.7713117599487305	1.1106197834014893	1.6698367595672607	4.014760494232178	3.788801431655884	4.238198280334473	5.411203861236572	2.580472946166992	1.3743698596954346	1.8844294548034668	2.110460042953491	1.4680099487304688	2.79860782623291	6.099320411682129	4.563629150390625	2.1570770740509033	1.9345017671585083	2.7625813484191895	3.142007827758789	3.2312631607055664	2.2732465267181396	0.9093009233474731	2.2743780612945557	3.9029288291931152	4.106750965118408	4.482192039489746	2.3864102363586426	3.471926212310791	0.7816447019577026	6.535707950592041	3.057600975036621	6.636470794677734	4.790703773498535	5.890505313873291	5.318327903747559	2.464901924133301	2.6206166744232178	1.3837131261825562	3.2302846908569336	4.049713611602783	3.07010555267334	1.9126389026641846	5.529735088348389	3.085179090499878	4.532179832458496	3.0866336822509766	1.9612605571746826	2.739163398742676	2.4936578273773193	4.525258541107178	5.3481597900390625	3.921511650085449	2.253540515899658	1.9913783073425293	3.062718629837036	3.43232798576355	3.1841304302215576	1.1800416707992554	3.0304369926452637	1.4834282398223877	2.461700439453125	3.370763063430786	0.8991276025772095	2.7595412731170654	2.8333775997161865	1.9725067615509033	3.012885093688965	1.7799456119537354	2.2985999584198	2.622563362121582	1.3715360164642334	1.3709964752197266	2.3663454055786133	1.6458098888397217	1.673301100730896	2.221552848815918	1.8463624715805054	1.4573174715042114	1.9781676530838013	2.144524335861206	1.8322383165359497	2.255542516708374	0.8272291421890259	0.8892203569412231	1.4916950464248657	1.5688368082046509	1.648375391960144	1.5929601192474365	1.9344346523284912	1.8342530727386475	1.0458801984786987	1.211018443107605	0.9398588538169861	0.4832839369773865	1.7428383827209473	0.9894403219223022	1.1813971996307373	1.1913565397262573	0.0	2.1520626544952393	2.273315191268921	1.5015478134155273	0.9691935777664185	0.9166547656059265	0.6958349943161011	0.9494921565055847	0.5441271662712097	0.28299573063850403	1.2980976104736328	1.5377689599990845	0.8986766934394836	1.0199376344680786
110.033	0.781977653503418	3.593580961227417	1.465360403060913	1.1001193523406982	0.8779985904693604	3.3291635513305664	6.711078643798828	0.0	3.3818445205688477	2.722622871398926	4.969519138336182	2.788834571838379	3.860490322113037	0.9232670664787292	4.012362003326416	1.5067567825317383	0.47416555881500244	5.115889072418213	2.9114627838134766	3.5579190254211426	3.1922202110290527	3.008700132369995	4.798338413238525	3.0059072971343994	5.157049655914307	5.4412736892700195	2.2183780670166016	1.8932437896728516	1.5260469913482666	2.5793557167053223	2.4754018783569336	4.85582971572876	6.587120056152344	4.649075508117676	6.247860908508301	4.219619274139404	3.2690937519073486	4.862753868103027	4.892841339111328	1.4299951791763306	2.692544937133789	3.484388828277588	3.9886460304260254	3.397136688232422	2.561535596847534	3.240344762802124	1.7112075090408325	0.7458856105804443	3.242380380630493	2.6630167961120605	2.1586101055145264	2.7757315635681152	2.3293333053588867	3.3436291217803955	0.8890995979309082	2.567096471786499	3.068361759185791	1.2824747562408447	2.383781671524048	4.0836615562438965	1.9948424100875854	3.8849241733551025	3.0361621379852295	2.031508445739746	1.8741954565048218	1.6536563634872437	2.020507574081421	1.7996844053268433	1.2226626873016357	1.4618401527404785	2.175873041152954	1.6690768003463745	1.6422028541564941	2.152845621109009	1.163844108581543	1.9406218528747559	1.6024036407470703	1.9258460998535156	2.1645278930664062	1.8661108016967773	1.230463981628418	0.8815281391143799	1.8637257814407349	1.059040904045105	1.4916950464248657	1.2327139377593994	1.4421777725219727	1.8686771392822266	1.5312179327011108	1.1996055841445923	1.894688606262207	1.195809245109558	1.1065517663955688	1.2446832656860352	0.7187169790267944	0.8048734068870544	1.195054054260254	1.076735258102417	0.7273436188697815	1.0494000911712646	0.24111412465572357	1.5131200551986694	0.9338183403015137	0.0	2.0003926753997803	1.4498933553695679	1.5858808755874634	0.3419569730758667	0.7105560302734375	1.6392842531204224	1.2919460535049438	0.3777403235435486	0.0
112.033	2.890699625015259	0.0	8.159948348999023	2.0441505908966064	1.6292345523834229	0.7689968943595886	2.0761544704437256	4.1533660888671875	1.0491290092468262	1.6749989986419678	3.8511440753936768	3.4524710178375244	2.993441581726074	0.8548203110694885	1.242762565612793	1.3959048986434937	2.6456847190856934	0.0	1.3553993701934814	2.2002649307250977	2.96956205368042	0.930209755897522	2.2359251976013184	5.026148796081543	3.770881414413452	1.68753981590271	2.069673538208008	5.278440952301025	3.5520753860473633	3.8318979740142822	3.4511420726776123	3.777177333831787	3.0692412853240967	5.513954162597656	5.821854114532471	3.2828032970428467	4.870328903198242	5.83873176574707	1.1416051387786865	3.337989568710327	1.0071682929992676	2.7188048362731934	5.409248352050781	3.7035796642303467	0.9603405594825745	2.598055601119995	2.2398769855499268	2.096458911895752	1.5195080041885376	3.1213791370391846	1.6232119798660278	3.3564083576202393	3.8307275772094727	0.9439826011657715	2.5080199241638184	2.9053962230682373	2.897515058517456	1.2109379768371582	1.1267750263214111	2.7660727500915527	2.839280605316162	3.153129816055298	1.4459707736968994	2.319272994995117	1.4312564134597778	3.426962375640869	3.2291691303253174	2.719792366027832	2.350912094116211	1.649835467338562	2.287116289138794	1.160830020904541	2.680406332015991	2.3110148906707764	2.304516553878784	2.0813004970550537	2.19623064994812	3.7821404933929443	1.6957449913024902	1.8668323755264282	1.3148651123046875	1.7483936548233032	1.1330009698867798	0.8900380730628967	1.5688368082046509	1.4421777725219727	1.2325738668441772	1.2518184185028076	1.840938925743103	1.973062515258789	1.3875254392623901	1.6960521936416626	0.5669190883636475	0.6794975996017456	0.8340530395507812	0.6742751598358154	1.0104048252105713	1.5262290239334106	0.6223796606063843	0.6766970753669739	0.6255191564559937	0.9379286170005798	1.4224058389663696	1.0554461479187012	1.0008050203323364	0.25462526082992554	0.0	0.9048928022384644	1.2577472925186157	0.5796511769294739	2.2976574897766113	0.6703967452049255	1.4318945407867432
114.033	1.9236863851547241	2.2067463397979736	2.4098010063171387	1.8126330375671387	2.8924241065979004	2.0450830459594727	0.9163985252380371	4.419522285461426	2.79414701461792	0.7447085380554199	3.395575523376465	3.834439516067505	2.655489683151245	3.039832592010498	3.8477683067321777	3.0982067584991455	1.1709166765213013	3.6937782764434814	3.006714105606079	2.4466748237609863	0.8772969245910645	2.480315923690796	3.9629242420196533	2.983635187149048	4.563877582550049	2.5008344650268555	3.0664122104644775	4.705190181732178	2.5232207775115967	5.113104820251465	3.0616166591644287	1.3417094945907593	3.193509578704834	4.2081098556518555	2.5917775630950928	3.5072062015533447	3.2581992149353027	1.1543092727661133	4.07448673248291	2.9764938354492188	4.043245792388916	5.344229221343994	2.1171562671661377	5.184486389160156	3.0009615421295166	3.4898746013641357	3.717737913131714	2.184901475906372	2.040292263031006	2.2362005710601807	2.1813952922821045	3.3492579460144043	4.425718784332275	2.542740821838379	2.2550742626190186	2.6101768016815186	1.3055180311203003	4.0060625076293945	2.371877670288086	1.4990664720535278	2.000833749771118	2.382179021835327	2.616380214691162	1.4071177244186401	0.9757441282272339	1.6829913854599	2.3607938289642334	1.5857253074645996	3.240243673324585	1.2989691495895386	2.2765238285064697	2.367495536804199	2.4935970306396484	1.8019877672195435	2.816629409790039	3.9375405311584473	2.5076889991760254	1.6281547546386719	1.4400686025619507	1.8340333700180054	1.5527808666229248	1.7850762605667114	2.071697950363159	1.8365904092788696	1.648375391960144	1.8686771392822266	1.2518184185028076	1.3612865209579468	1.1109124422073364	1.6438847780227661	1.2219016551971436	0.9631335735321045	0.6706960797309875	0.6097952127456665	0.8390035629272461	1.1748241186141968	0.8087425231933594	0.0	1.137902855873108	1.4753127098083496	1.712838888168335	0.6199572682380676	1.010895848274231	1.0971711874008179	0.6281065344810486	0.4259994626045227	1.171268105506897	1.0148134231567383	0.7949948906898499	0.24507953226566315	1.4554734230041504	0.2847856283187866	1.699623942375183
116.033	2.2803025245666504	4.3514862060546875	2.837275743484497	4.282736301422119	3.4199941158294678	0.8068716526031494	6.499307632446289	2.60115647315979	2.20251202583313	1.7631199359893799	1.610428810119629	0.0	1.2584410905838013	2.696815013885498	1.30323326587677	2.9236106872558594	3.6963722705841064	2.491248846054077	3.5622191429138184	4.631775856018066	3.1219472885131836	4.885371685028076	2.348318576812744	2.3504412174224854	6.141291618347168	4.73547887802124	4.36275053024292	3.718196392059326	5.998231887817383	6.558376312255859	6.052649021148682	4.761394500732422	3.7815146446228027	5.838357925415039	2.3077890872955322	3.46986722946167	3.2232797145843506	4.80523681640625	3.0208945274353027	4.2496161460876465	2.136653423309326	1.7337865829467773	2.5223402976989746	6.74681282043457	2.036939859390259	4.154735088348389	3.073367118835449	4.463656425476074	3.240382432937622	2.6691644191741943	4.775474548339844	3.6010189056396484	4.711010456085205	2.0311191082000732	3.599837303161621	4.694155216217041	3.1278347969055176	1.3128039836883545	3.668829917907715	3.005483388900757	1.7212954759597778	2.302384853363037	2.108578681945801	2.5462405681610107	3.5521676540374756	3.2055323123931885	2.8710601329803467	1.9322867393493652	5.278003215789795	3.713574171066284	2.3899941444396973	2.917795181274414	2.465928554534912	3.1294779777526855	1.8922616243362427	2.9970147609710693	1.581504225730896	1.4301307201385498	2.239150047302246	2.265608549118042	3.598843812942505	2.1142141819000244	2.2221317291259766	1.20315420627594	1.5929601192474365	1.5312179327011108	1.840938925743103	1.1109124422073364	1.1653151512145996	1.141601324081421	0.932208776473999	1.0891780853271484	0.9497541785240173	1.2243072986602783	0.3824695944786072	0.7799562811851501	0.5693749785423279	0.5263493061065674	2.1790249347686768	1.3987040519714355	1.1203539371490479	1.697717308998108	0.37123897671699524	0.4852108657360077	1.8573631048202515	0.7129995822906494	2.612945079803467	1.1352548599243164	0.2972075641155243	1.3770610094070435	0.0	0.3207319676876068	1.1002652645111084
118.033	5.974949836730957	2.5816638469696045	0.0	0.0	2.527672290802002	3.183321475982666	3.2085187435150146	3.419710397720337	0.0	4.347451686859131	8.746260643005371	3.5669970512390137	3.702514886856079	3.5536186695098877	1.2859231233596802	2.168276786804199	3.6370351314544678	4.920177459716797	4.9100470542907715	2.8609397411346436	4.108357906341553	5.800817966461182	3.4725046157836914	2.9045796394348145	6.409599304199219	4.690126895904541	11.485257148742676	3.6773386001586914	3.706826686859131	5.502199172973633	6.5756754875183105	5.496415138244629	6.396701335906982	7.414559841156006	6.867945671081543	5.498227119445801	3.1921515464782715	4.758488655090332	2.9971792697906494	4.205183029174805	3.7109768390655518	2.8660483360290527	5.720846652984619	5.028788089752197	4.560555458068848	2.744483232498169	5.765102863311768	3.334580421447754	4.831876754760742	2.6521196365356445	2.1612801551818848	1.1956318616867065	1.7604848146438599	2.36710524559021	0.8994976878166199	3.646270990371704	2.3461406230926514	2.6236958503723145	3.677340269088745	3.016183853149414	3.799928903579712	2.891432285308838	4.781217575073242	1.7117527723312378	2.780221462249756	2.35986065864563	4.717066287994385	3.920473337173462	0.0	2.4328339099884033	2.442676067352295	1.3550528287887573	3.802682399749756	2.304946184158325	3.916118860244751	3.1191649436950684	2.205132484436035	2.5078632831573486	1.9516226053237915	2.18953013420105	1.5202370882034302	1.1551542282104492	2.27984356880188	2.342292308807373	1.9344346523284912	1.1996055841445923	1.973062515258789	1.6438847780227661	1.141601324081421	0.99152672290802	1.3575115203857422	1.5007840394973755	0.9222856163978577	0.7812066078186035	0.4003465175628662	0.8579915761947632	0.37162452936172485	1.1591672897338867	0.9699875116348267	0.8976974487304688	1.5189127922058105	2.0070066452026367	0.8480272889137268	0.44591444730758667	0.642357587814331	0.6595332026481628	0.9120174646377563	1.0563066005706787	0.5546891093254089	0.7729899287223816	2.0512025356292725	0.0	0.7752387523651123
120.033	2.6390552520751953	2.2810041904449463	2.4897444248199463	0.9332042932510376	3.7204527854919434	2.1155784130096436	3.7941336631774902	0.0	2.876210927963257	3.8385026454925537	4.2310404777526855	3.9589881896972656	3.292842149734497	2.3503258228302	3.9996066093444824	3.2063403129577637	3.6382055282592773	3.809025764465332	1.8685115575790405	3.5459041595458984	3.650923013687134	5.1480937004089355	2.059753179550171	3.6046173572540283	7.280536651611328	4.6766839027404785	7.032138824462891	5.440605163574219	6.593056678771973	4.447295188903809	5.329562664031982	4.881294250488281	9.485422134399414	4.385856628417969	6.777785778045654	3.6782963275909424	5.116807460784912	4.842835903167725	4.803886890411377	2.5010600090026855	3.301997423171997	1.023087739944458	2.8699557781219482	2.492750406265259	1.811306357383728	2.046395778656006	1.208592414855957	4.301119804382324	4.327711582183838	5.334052085876465	1.1585994958877563	1.7840898036956787	2.1024110317230225	2.424095630645752	2.4238736629486084	1.4044381380081177	4.2137932777404785	2.752722978591919	3.3042333126068115	3.2621097564697266	3.11730694770813	2.6089375019073486	2.399630546569824	2.714554786682129	3.601367712020874	3.2030324935913086	3.3027126789093018	3.0550708770751953	6.117390155792236	1.7294881343841553	2.238334894180298	3.7359395027160645	2.6201653480529785	1.9176744222640991	1.0374281406402588	1.5364904403686523	1.8916852474212646	2.043783187866211	1.714524745941162	2.412719488143921	2.27133846282959	1.1213130950927734	1.773461103439331	1.1704739332199097	1.8342530727386475	1.894688606262207	1.3875254392623901	1.2219016551971436	0.932208776473999	1.3575115203857422	1.0862798690795898	1.5483217239379883	1.1184756755828857	0.892983078956604	0.8770440220832825	0.7178321480751038	0.7624207735061646	1.0884922742843628	0.8643785119056702	1.1498392820358276	1.3635648488998413	1.1292434930801392	1.386861801147461	1.2822985649108887	0.8847078680992126	1.640816330909729	0.2528614103794098	0.6630497574806213	0.9281742572784424	0.4324099123477936	0.4313911497592926	1.52568519115448	0.6556591987609863
122.033	3.4643664360046387	2.9889297485351562	3.2630715370178223	2.4615931510925293	1.9590412378311157	3.695214033126831	1.2467674016952515	4.992692947387695	0.0	2.019317865371704	2.7707011699676514	6.249958038330078	2.891322612762451	6.201226234436035	5.97930383682251	5.071897983551025	9.044513702392578	2.8708367347717285	5.72193717956543	1.334416151046753	7.1916680335998535	4.524129390716553	1.3557757139205933	6.116637229919434	9.573189735412598	10.963218688964844	7.564558029174805	5.031120300292969	12.154166221618652	6.453400135040283	8.434718132019043	13.833036422729492	13.120392799377441	8.682463645935059	7.136472225189209	7.269204139709473	3.761272430419922	3.998234748840332	9.1659574508667	5.781162261962891	1.8727329969406128	2.025527238845825	3.3770501613616943	5.935934543609619	4.7946319580078125	1.6275824308395386	5.213375091552734	3.498124837875366	3.821659564971924	1.5748262405395508	3.584571361541748	3.310253620147705	2.792116641998291	2.8180575370788574	5.369630336761475	4.366299152374268	3.7450523376464844	4.714565277099609	2.938509702682495	2.898609161376953	2.500551462173462	2.7938034534454346	3.211740732192993	2.59833025932312	3.388679027557373	2.8721137046813965	0.0	1.7186905145645142	3.29990291595459	2.0058867931365967	1.011576771736145	4.062510013580322	3.175001859664917	1.4518613815307617	2.133861780166626	3.7568423748016357	1.661489486694336	2.1824262142181396	2.207526683807373	2.770350456237793	1.8322135210037231	2.9954264163970947	1.2096033096313477	1.13733971118927	1.0458801984786987	1.195809245109558	1.6960521936416626	0.9631335735321045	1.0891780853271484	1.5007840394973755	1.5483217239379883	1.0200787782669067	0.31732839345932007	1.0333473682403564	0.9693776965141296	0.6998016238212585	0.7451274394989014	0.6211012601852417	1.2263023853302002	1.3510390520095825	1.4573065042495728	0.6015004515647888	2.006316661834717	1.999734878540039	1.5095340013504028	1.564354658126831	0.6220998167991638	0.5453822016716003	1.1523113250732422	0.5366498231887817	0.0	0.31730857491493225	0.5465304851531982
124.033	5.185631275177002	2.9685935974121094	4.852518558502197	3.66133189201355	4.398406982421875	3.450312614440918	5.560699462890625	2.2342920303344727	3.770174026489258	3.7725229263305664	5.513943195343018	4.644838809967041	4.856369495391846	6.95195198059082	6.154515743255615	3.137268304824829	6.367323875427246	5.8959503173828125	9.788557052612305	4.471933841705322	6.270898818969727	14.327837944030762	7.09882926940918	9.646003723144531	12.468634605407715	9.713728904724121	6.917949199676514	8.043131828308105	8.460205078125	7.452056407928467	7.366112232208252	11.73259162902832	11.25250244140625	7.932591438293457	9.352763175964355	1.8096410036087036	2.249545097351074	3.001908540725708	3.699491262435913	4.333316326141357	3.7429895401000977	4.05605411529541	6.323135852813721	6.440591335296631	3.1493589878082275	4.074517250061035	2.7148213386535645	3.2932302951812744	4.657292366027832	2.3673832416534424	3.0884320735931396	3.202239513397217	2.624708652496338	1.5169063806533813	1.6192632913589478	1.8818377256393433	2.8314766883850098	3.1701955795288086	4.442349910736084	4.388219356536865	2.2064085006713867	2.119443416595459	4.3911285400390625	1.5787066221237183	1.8405482769012451	5.202968120574951	2.030036211013794	3.4034640789031982	2.5281906127929688	1.534978985786438	2.1359357833862305	1.3022645711898804	1.53055739402771	2.470794677734375	3.0251822471618652	2.1924123764038086	1.1114437580108643	2.0510923862457275	1.4490851163864136	2.192704200744629	2.0062167644500732	1.2797073125839233	0.43462222814559937	1.8585470914840698	1.211018443107605	1.1065517663955688	0.5669190883636475	0.6706960797309875	0.9497541785240173	0.9222856163978577	1.1184756755828857	0.31732839345932007	1.033322811126709	1.11915123462677	1.1066899299621582	1.1429740190505981	1.17770254611969	1.180952548980713	0.6497337818145752	1.2235875129699707	0.8636747002601624	1.621248483657837	1.2507280111312866	0.6079893708229065	0.890545129776001	1.2364118099212646	1.5144984722137451	1.1420648097991943	1.4118059873580933	0.189026340842247	0.7562685608863831	1.1205501556396484	1.1609801054000854
126.033	2.4016847610473633	6.462985992431641	6.008418083190918	5.65661096572876	7.249758720397949	5.150707244873047	4.60302734375	3.681018114089966	10.517060279846191	1.872510313987732	3.4246487617492676	8.642955780029297	3.999544858932495	7.668024063110352	8.34097671508789	4.684573650360107	5.401180267333984	5.33148717880249	2.278395652770996	6.7997941970825195	2.217940330505371	4.188337802886963	13.817666053771973	10.09976577758789	12.385943412780762	6.3644232749938965	6.240013122558594	6.002285480499268	5.649363040924072	12.01674747467041	7.841866970062256	4.293708801269531	7.582223892211914	3.148453950881958	3.320399761199951	7.509067535400391	6.981649875640869	1.4921895265579224	4.617084503173828	1.5426180362701416	5.246539115905762	4.421629428863525	3.55171799659729	3.08392596244812	4.494139194488525	3.5590128898620605	4.518881797790527	1.6470311880111694	2.2425055503845215	2.9511637687683105	1.9293479919433594	2.6752724647521973	1.9695950746536255	2.6547329425811768	6.085163116455078	2.9478256702423096	3.549901247024536	0.9960421919822693	2.793034553527832	0.6892083883285522	1.983001947402954	1.998402714729309	2.4610259532928467	1.4949356317520142	3.7177560329437256	0.6922595500946045	3.0028460025787354	2.3250107765197754	3.2007853984832764	1.6290199756622314	1.2349748611450195	0.997249186038971	1.5658574104309082	2.3038604259490967	1.7681301832199097	3.052985906600952	1.6771382093429565	0.8869461417198181	1.1318949460983276	1.7545509338378906	0.9598139524459839	0.42349305748939514	1.446777582168579	0.9365973472595215	0.9398588538169861	1.2446832656860352	0.6794975996017456	0.6097952127456665	1.2243072986602783	0.7812066078186035	0.892983078956604	1.0333473682403564	1.11915123462677	1.2788615226745605	1.8814849853515625	1.347351312637329	1.5347399711608887	1.206589698791504	1.673250675201416	1.4368394613265991	1.1820100545883179	2.0213916301727295	0.6367814540863037	1.8900667428970337	1.1814229488372803	2.4754698276519775	1.4922947883605957	1.1003904342651367	0.7020423412322998	0.6599442958831787	0.4427963197231293	0.7870376110076904	1.1358463764190674
128.033	2.2812821865081787	3.490598678588867	4.290297985076904	2.1440298557281494	4.285804748535156	7.309187412261963	4.382201671600342	3.49780011177063	4.420004844665527	5.329880714416504	8.943401336669922	6.390328884124756	3.1641087532043457	6.343124866485596	5.940582752227783	2.226876735687256	3.7406299114227295	1.887818455696106	5.058535575866699	5.872646808624268	2.1116487979888916	6.943676471710205	7.165802478790283	7.180380821228027	9.207425117492676	9.676557540893555	5.9447526931762695	3.1650211811065674	6.145443916320801	10.367635726928711	6.231561183929443	7.346062660217285	6.109210968017578	5.566466808319092	11.093969345092773	3.5702295303344727	4.655781269073486	2.1264748573303223	3.1363744735717773	8.103424072265625	3.335103988647461	5.420636177062988	2.2575607299804688	2.9459073543548584	3.7465176582336426	3.886651039123535	1.7980293035507202	3.1470556259155273	3.43316650390625	0.0	1.8405895233154297	1.7053004503250122	0.0	1.4519413709640503	3.8809375762939453	1.1303603649139404	2.5533406734466553	0.9556582570075989	2.238558053970337	1.3264646530151367	3.432175636291504	4.49000358581543	4.143580436706543	0.9617792367935181	2.245134115219116	2.006437063217163	2.489712953567505	2.255948305130005	3.1076157093048096	1.2626551389694214	2.6479368209838867	3.883094310760498	0.764710545539856	1.1273542642593384	1.7348345518112183	1.1554694175720215	0.9427419304847717	1.7558339834213257	1.4983032941818237	2.3836758136749268	1.202221393585205	0.4263927638530731	1.6121734380722046	0.31812891364097595	0.4832839369773865	0.7187169790267944	0.8340530395507812	0.8390035629272461	0.3824695944786072	0.4003465175628662	0.8770440220832825	0.9693776965141296	1.1066899299621582	1.8814849853515625	0.8653299808502197	1.2709605693817139	1.3111035823822021	1.5041476488113403	1.9624611139297485	1.2549816370010376	1.6552985906600952	1.4114058017730713	1.7282650470733643	2.0619795322418213	2.48214054107666	1.2309597730636597	1.5243316888809204	1.1616686582565308	1.0353114604949951	0.9766584634780884	1.1830703020095825	0.4702012538909912	1.221055507659912
130.033	3.923222780227661	0.9026156663894653	2.9437496662139893	5.556954383850098	4.4222869873046875	1.6729594469070435	3.3858256340026855	2.719599485397339	6.86026668548584	5.488180637359619	5.040031433105469	2.8320465087890625	0.6550684571266174	9.367574691772461	1.35902738571167	6.140669345855713	0.9681458473205566	4.567680358886719	5.944253444671631	3.6509339809417725	3.2767529487609863	3.0852084159851074	4.928142070770264	6.814444065093994	6.842984676361084	5.6397833824157715	6.15142297744751	1.9700448513031006	3.175818681716919	3.761054039001465	9.015926361083984	3.390242099761963	5.748332500457764	4.883914947509766	5.750344753265381	3.711287498474121	4.132242679595947	2.2059550285339355	4.542562007904053	1.5257869958877563	2.312413454055786	3.7522058486938477	1.9533566236495972	4.281927108764648	2.2269208431243896	2.0161306858062744	2.2450807094573975	4.908769607543945	3.5716378688812256	4.4189677238464355	2.4002797603607178	4.428812026977539	3.2777581214904785	1.8953357934951782	4.044854164123535	3.532594919204712	3.5538787841796875	2.495018720626831	2.3388006687164307	3.4730334281921387	1.5984610319137573	0.0	1.2413510084152222	0.5038101077079773	2.3593177795410156	1.7592421770095825	3.055845260620117	1.6973214149475098	0.0	2.6698412895202637	2.031763792037964	1.3736733198165894	3.2424347400665283	2.098327398300171	2.218571901321411	2.7159695625305176	1.7678191661834717	2.1159136295318604	2.826141595840454	1.0307704210281372	1.8259758949279785	1.163153886795044	0.9641259908676147	1.4037195444107056	1.7428383827209473	0.8048734068870544	0.6742751598358154	1.1748241186141968	0.7799562811851501	0.8579915761947632	0.7178321480751038	0.6998016238212585	1.1429740190505981	1.347351312637329	1.2709605693817139	1.0382990837097168	1.0525944232940674	1.716402530670166	1.5499552488327026	1.3151118755340576	1.7097177505493164	1.941308856010437	1.773966670036316	2.040410280227661	1.9079952239990234	2.0293266773223877	1.4444538354873657	0.5537710189819336	1.983604907989502	0.7528208494186401	0.7626160979270935	1.8240177631378174	1.588742971420288
132.033	3.615018129348755	2.0770905017852783	0.0	2.550990581512451	4.089876651763916	3.8497917652130127	2.59244441986084	2.0827255249023438	3.9652175903320312	6.33231782913208	0.0	2.1751461029052734	5.28744649887085	1.0812842845916748	3.916494846343994	3.5245585441589355	2.790865659713745	3.0131521224975586	6.873269081115723	2.790619373321533	5.04787540435791	2.3726372718811035	1.4243030548095703	4.275688171386719	7.461065292358398	2.885108232498169	2.6652209758758545	3.7885587215423584	3.6737639904022217	3.715373992919922	3.721529245376587	4.88352632522583	1.9967747926712036	1.5372817516326904	4.749110698699951	6.006160259246826	3.1932318210601807	0.0	4.503994464874268	4.400339603424072	3.337881565093994	2.1757619380950928	3.6185665130615234	2.124678373336792	0.6445316672325134	1.169260025024414	3.462989568710327	2.847763776779175	2.0707216262817383	0.8543767929077148	2.7887558937072754	2.576080799102783	2.2781474590301514	1.7603846788406372	3.5326333045959473	3.4212608337402344	3.096184730529785	2.9042654037475586	2.723527431488037	2.427685260772705	2.333418607711792	4.708646774291992	4.348074913024902	2.356248378753662	4.409965991973877	3.2983527183532715	2.560896396636963	2.7876272201538086	7.713148593902588	1.9659701585769653	2.095845937728882	1.6160659790039062	1.9185599088668823	2.480246067047119	0.4385351240634918	0.8802275657653809	0.9026350378990173	0.5618232488632202	1.2056055068969727	1.2388691902160645	1.572277307510376	1.96994948387146	0.7820547819137573	0.429033488035202	0.9894403219223022	1.195054054260254	1.0104048252105713	0.8087425231933594	0.5693749785423279	0.37162452936172485	0.7624207735061646	0.7451274394989014	1.17770254611969	1.5347399711608887	1.3111035823822021	1.0525944232940674	1.2667251825332642	0.9649916887283325	1.0450618267059326	1.4930078983306885	0.8927773237228394	1.9005047082901	1.1829537153244019	1.2455428838729858	2.666736364364624	2.1121809482574463	0.6502858400344849	1.7554280757904053	0.8435298800468445	1.407314419746399	2.4580655097961426	1.4749737977981567	0.859045684337616
134.033	3.0432400703430176	1.7523857355117798	2.861478328704834	6.465426921844482	3.4381041526794434	8.14980697631836	4.369764804840088	1.752124547958374	2.224287509918213	3.5745737552642822	4.890830039978027	3.6587560176849365	8.923847198486328	3.653069496154785	7.947275161743164	2.9759857654571533	5.632043361663818	2.544930934906006	0.0	7.090627670288086	4.239291667938232	14.055694580078125	2.4069511890411377	3.6206116676330566	2.9583919048309326	2.4397075176239014	2.996063232421875	5.129997253417969	7.762421131134033	8.39505672454834	7.539963245391846	1.6537102460861206	6.741843223571777	5.2152628898620605	3.211854934692383	4.360069274902344	6.759451866149902	1.4417349100112915	3.8092727661132812	2.9827492237091064	4.5127363204956055	2.453817844390869	3.842360019683838	3.603752851486206	4.37282133102417	2.9746005535125732	3.677734613418579	1.6087552309036255	2.6398003101348877	5.8052449226379395	0.9478665590286255	4.384649753570557	2.588329792022705	2.987363338470459	0.0	4.669144630432129	3.5142767429351807	2.9653592109680176	1.8577229976654053	4.141500473022461	1.5929847955703735	2.685234785079956	3.721484422683716	0.0	3.7768194675445557	0.7056066989898682	1.7584508657455444	1.368932843208313	0.0	2.0296692848205566	3.1006360054016113	0.6977565288543701	0.0	0.0	2.2781059741973877	1.0195597410202026	1.5713773965835571	2.4514195919036865	2.532372236251831	0.7226039171218872	2.214672088623047	0.0	0.3464925289154053	1.5294758081436157	1.1813971996307373	1.076735258102417	1.5262290239334106	0.0	0.5263493061065674	1.1591672897338867	1.0884922742843628	0.6211012601852417	1.180952548980713	1.206589698791504	1.5041476488113403	1.716402530670166	0.9649916887283325	0.8775750994682312	1.2299957275390625	1.9965540170669556	1.6197870969772339	1.9537675380706787	2.8275973796844482	1.419562578201294	1.8827199935913086	2.503800868988037	1.6525664329528809	0.9004632830619812	1.30574631690979	0.3131159543991089	1.9233208894729614	0.3869243562221527	1.6960828304290771
136.033	2.178309917449951	7.511425018310547	4.097419738769531	8.220715522766113	6.573103904724121	3.8759710788726807	4.186803340911865	1.6708519458770752	5.293198585510254	5.104874134063721	1.5619550943374634	8.74699592590332	1.8197624683380127	3.488095760345459	5.0633673667907715	2.8470475673675537	2.2419981956481934	3.631929636001587	2.0828793048858643	3.957455635070801	4.062660217285156	4.770164489746094	6.914580345153809	3.461554765701294	7.440726280212402	5.8149495124816895	7.166728973388672	3.058655261993408	2.9732725620269775	4.515922546386719	4.216894626617432	10.267475128173828	2.1526710987091064	2.490520715713501	3.852858304977417	2.7804179191589355	3.238762617111206	1.3812772035598755	1.2198538780212402	3.5680041313171387	1.622430682182312	2.93261981010437	1.4709726572036743	1.7319321632385254	2.098060131072998	1.4271857738494873	3.1759490966796875	3.479734182357788	3.7965922355651855	2.7912776470184326	3.1882376670837402	1.686265468597412	3.738614320755005	0.7200811505317688	0.9614138007164001	3.369621992111206	4.2396650314331055	3.33233642578125	1.7885253429412842	3.329584836959839	1.9218138456344604	4.5373640060424805	0.6003392338752747	2.927277088165283	1.3705339431762695	1.3675336837768555	2.1282382011413574	0.99711674451828	3.2224111557006836	3.9468352794647217	1.5091841220855713	1.3626883029937744	1.2115414142608643	1.79682457447052	2.234391212463379	1.997631311416626	2.0594558715820312	1.448643684387207	1.0418821573257446	1.4311848878860474	0.5481127500534058	0.4950631856918335	1.7309207916259766	0.3833748996257782	1.1913565397262573	0.7273436188697815	0.6223796606063843	1.137902855873108	2.1790249347686768	0.9699875116348267	0.8643785119056702	1.2263023853302002	0.6497337818145752	1.673250675201416	1.9624611139297485	1.5499552488327026	1.0450618267059326	1.2299957275390625	0.9329915642738342	1.5150377750396729	1.5968191623687744	1.2543898820877075	1.6131056547164917	1.2340797185897827	1.7342349290847778	1.3435264825820923	1.2694917917251587	1.2946280241012573	0.9947075843811035	0.6855323314666748	0.2824469804763794	1.3702465295791626	1.5103042125701904
138.033	1.976378321647644	5.698068618774414	0.0	1.403472661972046	4.484043598175049	3.1805989742279053	7.122154712677002	4.580871105194092	1.4443646669387817	2.3174304962158203	8.510472297668457	2.3980143070220947	5.809417724609375	3.561842441558838	0.864640474319458	3.892805814743042	4.296183109283447	2.48223876953125	1.8901604413986206	7.7300615310668945	2.7806780338287354	7.848514556884766	6.267138481140137	7.113698482513428	4.361977577209473	0.7971349954605103	1.9551262855529785	6.699404239654541	3.043581962585449	4.124662399291992	3.2969372272491455	3.2501542568206787	4.41281270980835	5.688723564147949	4.211847305297852	5.726300239562988	0.0	7.57520055770874	5.852304458618164	0.0	2.221367359161377	4.022595405578613	1.0060827732086182	4.743108749389648	1.442611575126648	1.3062642812728882	2.4223592281341553	3.7154197692871094	3.4812235832214355	3.829043388366699	2.506575345993042	1.7389148473739624	3.4285154342651367	2.4801440238952637	1.3262317180633545	2.3142573833465576	0.0	2.6293716430664062	2.4647648334503174	2.7517635822296143	1.0610615015029907	3.580230236053467	3.3173835277557373	2.026848316192627	1.8989739418029785	1.8933286666870117	1.180269479751587	2.302133083343506	0.0	2.2878801822662354	2.0993828773498535	1.4234260320663452	2.2568113803863525	1.6745545864105225	2.0780234336853027	1.0512052774429321	0.3608202338218689	1.3581860065460205	2.0553934574127197	1.2636700868606567	0.3882942795753479	1.7529792785644531	1.480126142501831	1.0960304737091064	0.0	1.0494000911712646	0.6766970753669739	1.4753127098083496	1.3987040519714355	0.8976974487304688	1.1498392820358276	1.3510390520095825	1.2235875129699707	1.4368394613265991	1.2549816370010376	1.3151118755340576	1.4930078983306885	1.9965540170669556	1.5150377750396729	1.1398671865463257	2.0586419105529785	1.447170615196228	1.4377131462097168	1.7598206996917725	1.207925796508789	1.707378625869751	0.8508521914482117	0.7904949188232422	0.8769065737724304	1.3662561178207397	1.7694785594940186	0.647771954536438	0.9565391540527344
140.033	4.321613788604736	2.9810235500335693	4.8850483894348145	4.901675224304199	0.9809321761131287	3.7069931030273438	3.744420051574707	6.989559173583984	6.342665672302246	6.077170372009277	3.7128844261169434	1.0463855266571045	7.28856897354126	3.122199535369873	1.5084656476974487	3.4071691036224365	5.376474380493164	2.9023289680480957	1.6553112268447876	4.71901798248291	6.089764595031738	4.588927745819092	1.3763439655303955	6.884817600250244	6.381312370300293	8.383066177368164	2.575709342956543	5.122864723205566	0.8898037672042847	3.0056679248809814	3.617417812347412	2.8490805625915527	3.8781330585479736	1.4942644834518433	4.622781753540039	5.848780632019043	3.119251012802124	4.151285648345947	1.4687808752059937	1.7227563858032227	2.608234167098999	1.411449670791626	3.0945475101470947	2.7712502479553223	3.1640002727508545	1.1508995294570923	2.130714178085327	3.734927177429199	2.041229248046875	5.061224460601807	1.6522438526153564	5.109401226043701	1.5101221799850464	3.4972641468048096	1.1706299781799316	2.7271201610565186	2.0546367168426514	1.7393873929977417	0.5451318025588989	1.619739055633545	1.8727731704711914	2.374577045440674	2.2011373043060303	1.1959521770477295	2.24641489982605	0.42018452286720276	1.0469212532043457	1.635935664176941	1.9869625568389893	1.222046136856079	1.2475004196166992	2.5372259616851807	1.5103529691696167	1.4988644123077393	2.3264307975769043	1.8790780305862427	2.9195716381073	0.9147316217422485	0.793691873550415	0.9126764535903931	1.405800700187683	1.2730125188827515	0.895423412322998	1.5011669397354126	2.1520626544952393	0.24111412465572357	0.6255191564559937	1.712838888168335	1.1203539371490479	1.5189127922058105	1.3635648488998413	1.4573065042495728	0.8636747002601624	1.1820100545883179	1.6552985906600952	1.7097177505493164	0.8927773237228394	1.6197870969772339	1.5968191623687744	2.0586419105529785	0.9822976589202881	1.1579339504241943	1.7750475406646729	1.7255184650421143	2.1781511306762695	1.6931463479995728	0.5172604322433472	1.344198226928711	1.0977468490600586	1.4854758977890015	1.129703164100647	1.7333412170410156	0.6180586218833923
142.033	1.480899691581726	5.104699611663818	1.3898661136627197	4.1976494789123535	2.515241861343384	3.9691715240478516	4.272050857543945	3.4258832931518555	4.3307623863220215	0.8707912564277649	2.382786273956299	3.575019598007202	2.4906411170959473	0.8947176933288574	3.235938787460327	2.909393548965454	0.9212923645973206	3.7332725524902344	2.1314449310302734	2.8896384239196777	5.198883533477783	1.9675687551498413	3.5448853969573975	2.3681492805480957	6.166604995727539	4.80206823348999	4.419320583343506	5.662745952606201	4.56723165512085	2.0644309520721436	4.335103511810303	7.344173431396484	6.101039886474609	4.713516712188721	3.9621753692626953	4.309016704559326	2.0049102306365967	3.5746958255767822	1.8910176753997803	1.4813610315322876	2.242236375808716	4.8668928146362305	1.8980474472045898	2.9800262451171875	2.7144341468811035	2.470946788787842	1.1026095151901245	2.411953926086426	2.636357545852661	3.631319046020508	4.750790119171143	2.197916030883789	1.3030585050582886	1.8848782777786255	1.0099273920059204	1.178184986114502	2.6663622856140137	1.4984440803527832	3.294743061065674	2.805433750152588	2.832613706588745	0.0	1.905461311340332	3.107163906097412	0.4865782856941223	2.9194512367248535	4.548801422119141	2.1307337284088135	3.455448627471924	1.061712622642517	0.2717832922935486	0.737933337688446	1.3176851272583008	1.9638779163360596	1.6307302713394165	1.9220300912857056	0.5676397681236267	0.8050416707992554	1.8605132102966309	0.8049882054328918	0.9317880272865295	1.1279098987579346	1.7902586460113525	1.7779830694198608	2.273315191268921	1.5131200551986694	0.9379286170005798	0.6199572682380676	1.697717308998108	2.0070066452026367	1.1292434930801392	0.6015004515647888	1.621248483657837	2.0213916301727295	1.4114058017730713	1.941308856010437	1.9005047082901	1.9537675380706787	1.2543898820877075	1.447170615196228	1.1579339504241943	0.8382036089897156	1.3130745887756348	0.9465795755386353	1.8635039329528809	1.9725364446640015	1.7888246774673462	0.9090227484703064	0.8305823802947998	1.2411434650421143	0.43722406029701233	0.6770519614219666	0.9713635444641113
144.033	2.293445587158203	0.8806668519973755	5.751495361328125	3.2468767166137695	3.4701883792877197	4.91896390914917	7.737764358520508	0.8855205774307251	2.244234323501587	5.38816499710083	1.6501775979995728	3.6962709426879883	3.8556900024414062	4.617829322814941	2.6891181468963623	1.5082396268844604	1.9011187553405762	3.864849090576172	5.889354228973389	3.596673011779785	3.231128454208374	5.074023723602295	4.897366523742676	4.913217544555664	2.6383039951324463	3.09214448928833	4.588230133056641	3.9132485389709473	3.163038730621338	4.801351070404053	5.78210973739624	7.596065521240234	7.485907077789307	3.554307699203491	5.766082286834717	2.231266975402832	1.3881497383117676	2.2209904193878174	1.9675469398498535	3.072636842727661	4.076894283294678	1.8957926034927368	1.581599235534668	3.091939926147461	2.2572340965270996	3.073692798614502	1.144144058227539	2.9324729442596436	3.199997663497925	1.5111886262893677	1.9769189357757568	1.3745111227035522	2.0318853855133057	3.1443302631378174	4.209184646606445	3.0704140663146973	0.9279189705848694	3.132826328277588	5.879250526428223	2.1951098442077637	2.1171774864196777	0.0	1.3259752988815308	2.166700601577759	0.0	3.438344955444336	1.9094184637069702	0.7457510828971863	0.0	1.859145998954773	1.1412349939346313	2.331059694290161	2.315328359603882	2.070239782333374	0.8605695962905884	2.034863233566284	2.1046624183654785	2.269479751586914	0.9892371892929077	0.8550167083740234	0.6620206236839294	1.8066362142562866	0.6388651728630066	0.9544990062713623	1.5015478134155273	0.9338183403015137	1.4224058389663696	1.010895848274231	0.37123897671699524	0.8480272889137268	1.386861801147461	2.006316661834717	1.2507280111312866	0.6367814540863037	1.7282650470733643	1.773966670036316	1.1829537153244019	2.8275973796844482	1.6131056547164917	1.4377131462097168	1.7750475406646729	1.3130745887756348	0.8370442390441895	1.3396209478378296	1.572454810142517	1.7561700344085693	0.4819311499595642	0.8796406984329224	0.9331893920898438	0.6618998050689697	1.4161620140075684	0.7598816156387329	0.8022889494895935
146.033	3.800751209259033	3.279653549194336	1.7895219326019287	2.692438840866089	3.2272768020629883	5.09976863861084	6.862834453582764	0.0	5.5796613693237305	3.357130765914917	1.0230568647384644	4.6166205406188965	5.591878890991211	2.292034149169922	5.006180763244629	8.4766845703125	1.7774275541305542	2.3972198963165283	1.8326270580291748	4.4807353019714355	1.3431752920150757	10.110878944396973	3.0369575023651123	4.59063196182251	3.7606873512268066	6.1806321144104	3.7890374660491943	3.2565627098083496	5.913177967071533	3.997959852218628	3.9922518730163574	4.210872650146484	3.580472946166992	3.327589273452759	3.0806353092193604	0.9295503497123718	0.8642376661300659	0.924446165561676	0.8165517449378967	1.9219154119491577	2.9049277305603027	3.947054624557495	1.9752758741378784	3.0977325439453125	1.4079302549362183	3.2011797428131104	1.4260016679763794	2.0906362533569336	3.4367237091064453	3.780687093734741	3.091125726699829	1.146155595779419	0.0	0.0	3.95737886428833	1.5386090278625488	1.1629928350448608	0.6554216146469116	1.2315727472305298	2.7472424507141113	1.062272071838379	1.796830654144287	0.0	0.6798121929168701	2.5613229274749756	1.4419621229171753	0.0	2.3523480892181396	0.0	0.9380838871002197	1.8020482063293457	1.4710901975631714	2.3449909687042236	0.8747323155403137	0.5453630089759827	1.475551962852478	2.2963292598724365	1.8066391944885254	1.571712613105774	0.8198927640914917	0.4227173924446106	1.5432939529418945	1.093645453453064	1.8429133892059326	0.9691935777664185	0.0	1.0554461479187012	1.0971711874008179	0.4852108657360077	0.44591444730758667	1.2822985649108887	1.999734878540039	0.6079893708229065	1.8900667428970337	2.0619795322418213	2.040410280227661	1.2455428838729858	1.419562578201294	1.2340797185897827	1.7598206996917725	1.7255184650421143	0.9465795755386353	1.3396209478378296	1.0919753313064575	1.0807329416275024	1.5745378732681274	0.7881524562835693	0.8202679753303528	0.8883287310600281	0.9196812510490417	2.0014023780822754	1.1273247003555298	1.5466078519821167
148.033	5.207016468048096	1.9968066215515137	4.896777629852295	3.6932644844055176	2.9496102333068848	3.7172300815582275	5.018901824951172	3.0161824226379395	2.5509355068206787	3.0664432048797607	5.620377540588379	3.1545803546905518	0.7331236004829407	4.187135696411133	0.7607387900352478	1.71781325340271	7.068287372589111	4.391534805297852	5.0113844871521	3.415006399154663	4.9181084632873535	6.948754787445068	1.3895756006240845	5.577946662902832	3.0121569633483887	2.8321120738983154	2.6085572242736816	1.482045292854309	3.6157631874084473	3.05098032951355	2.9311039447784424	0.0	2.625145435333252	1.5202888250350952	2.8256008625030518	0.8514638543128967	3.968285322189331	4.228979110717773	1.4983972311019897	4.395529270172119	2.6702098846435547	2.893104314804077	1.3598145246505737	2.132031202316284	1.9433560371398926	1.7605682611465454	3.4920198917388916	2.393232583999634	4.20071268081665	0.8701810240745544	2.841160774230957	2.6336522102355957	3.900327444076538	0.4523475766181946	1.2114653587341309	2.1258127689361572	1.0705463886260986	2.4143753051757812	1.70389986038208	3.382845401763916	2.9305882453918457	1.6560853719711304	3.847818613052368	0.6272009015083313	2.3619542121887207	2.2207984924316406	1.6663426160812378	3.0458316802978516	2.1215503215789795	1.7403565645217896	1.3362314701080322	1.8206076622009277	0.5436934232711792	1.6274241209030151	1.523841381072998	1.374172568321228	1.4274383783340454	2.0277211666107178	1.765129566192627	0.5104880928993225	0.7942520976066589	1.4481525421142578	1.0296813249588013	2.318084955215454	0.9166547656059265	2.0003926753997803	1.0008050203323364	0.6281065344810486	1.8573631048202515	0.642357587814331	0.8847078680992126	1.5095340013504028	0.890545129776001	1.1814229488372803	2.48214054107666	1.9079952239990234	2.666736364364624	1.8827199935913086	1.7342349290847778	1.207925796508789	2.1781511306762695	1.8635039329528809	1.572454810142517	1.0807329416275024	1.2588590383529663	1.6059668064117432	0.6749897599220276	0.650551974773407	0.8927146196365356	0.47650179266929626	0.35316652059555054	1.2519465684890747	1.0537081956863403
150.033	1.7063285112380981	0.9783355593681335	1.5993444919586182	3.614232063293457	0.9646509885787964	0.9112579822540283	2.4530770778656006	4.930319786071777	1.2485218048095703	1.0027412176132202	2.7539479732513428	0.0	3.583083152770996	2.061379909515381	1.491025447845459	6.721555233001709	2.1278786659240723	4.3238444328308105	7.387218952178955	5.343519687652588	1.2064660787582397	4.549614906311035	8.196789741516113	5.476478576660156	6.310844421386719	2.7814180850982666	5.129693984985352	5.838283538818359	4.413626194000244	2.401890754699707	4.319746017456055	4.732821464538574	2.5719828605651855	3.4880237579345703	3.6934263706207275	4.189481258392334	5.459812641143799	4.1666669845581055	1.4708365201950073	3.46152925491333	1.965609073638916	5.706340789794922	1.7822675704956055	1.3997371196746826	0.0	1.7381465435028076	2.1463561058044434	2.357905387878418	2.0636825561523438	1.7117198705673218	0.561278223991394	2.0776917934417725	0.7692357301712036	1.3381065130233765	2.3936524391174316	4.887423515319824	2.115896701812744	2.384442090988159	2.244710683822632	2.5106704235076904	2.9037201404571533	2.4508984088897705	2.282942533493042	1.8662078380584717	2.922487735748291	0.878880500793457	1.6520546674728394	0.4315629005432129	0.0	0.8655387759208679	0.9973854422569275	2.715729236602783	1.0828691720962524	1.6192997694015503	1.5208587646484375	2.746361017227173	1.782820701599121	1.0142529010772705	0.2952122986316681	1.025159239768982	3.183403730392456	2.1894617080688477	0.7774693965911865	0.0	0.6958349943161011	1.4498933553695679	0.25462526082992554	0.4259994626045227	0.7129995822906494	0.6595332026481628	1.640816330909729	1.564354658126831	1.2364118099212646	2.4754698276519775	1.2309597730636597	2.0293266773223877	2.1121809482574463	2.503800868988037	1.3435264825820923	1.707378625869751	1.6931463479995728	1.9725364446640015	1.7561700344085693	1.5745378732681274	1.6059668064117432	0.7121637463569641	0.4178919494152069	0.6688156723976135	0.5179179310798645	1.2201707363128662	1.4723855257034302	1.5514018535614014	1.826156497001648
152.033	3.378464698791504	1.2992360591888428	4.2340803146362305	1.5946043729782104	6.376041889190674	2.415480375289917	1.6246821880340576	1.302095651626587	1.6541318893432617	0.0	3.6495237350463867	0.0	3.8038218021392822	1.3609527349472046	0.9915882349014282	1.112255573272705	4.9206671714782715	2.8573362827301025	0.0	3.546783685684204	4.781427383422852	1.5076375007629395	5.437234401702881	2.7273964881896973	3.3479561805725098	0.9183923602104187	3.402691602706909	4.8465375900268555	5.871709823608398	0.7921074628829956	3.8282132148742676	2.512587308883667	2.565732717514038	3.9568774700164795	8.585177421569824	1.1096229553222656	1.0368335247039795	3.3188843727111816	0.9787977337837219	5.73747444152832	1.742520809173584	2.8371658325195312	0.5935834646224976	3.717374324798584	0.8484426736831665	1.5411409139633179	3.4349613189697266	1.879437804222107	2.059922456741333	0.0	0.7457213997840881	2.0792181491851807	1.0247015953063965	1.7824786901474	0.0	1.8635337352752686	1.4081467390060425	3.183105945587158	2.2459957599639893	1.1169952154159546	1.293853521347046	3.280428171157837	0.0	1.6618932485580444	2.3493154048919678	1.1751853227615356	0.735985279083252	0.5779756307601929	2.820491313934326	2.900425434112549	1.7868385314941406	1.2170000076293945	2.18198299407959	1.0891668796539307	4.088374614715576	1.8513224124908447	0.9626297950744629	1.825284481048584	0.39894014596939087	1.0422381162643433	0.0	1.9757169485092163	3.175715923309326	0.0	0.9494921565055847	1.5858808755874634	0.0	1.171268105506897	2.612945079803467	0.9120174646377563	0.2528614103794098	0.6220998167991638	1.5144984722137451	1.4922947883605957	1.5243316888809204	1.4444538354873657	0.6502858400344849	1.6525664329528809	1.2694917917251587	0.8508521914482117	0.5172604322433472	1.7888246774673462	0.4819311499595642	0.7881524562835693	0.6749897599220276	0.4178919494152069	0.924347996711731	2.0809783935546875	1.4834901094436646	2.0131707191467285	1.4475150108337402	1.2013630867004395	2.7321078777313232
154.033	0.9423847794532776	3.252000331878662	1.777072548866272	1.3341844081878662	4.267515659332275	1.0091605186462402	6.805285930633545	1.0901992321014404	5.522602081298828	1.1103774309158325	4.067079544067383	2.2908685207366943	4.774333477020264	1.1415425539016724	2.482809543609619	0.0	2.3528082370758057	3.977635622024536	0.9119994640350342	1.490869164466858	4.01209020614624	2.5178158283233643	1.5185003280639648	0.7623722553253174	4.215630531311035	2.30971097946167	3.7875561714172363	6.502621650695801	1.9718177318572998	1.3321679830551147	3.989999294281006	1.0555920600891113	2.8699018955230713	3.326676368713379	4.103997230529785	0.9316076636314392	2.6037023067474365	0.9295570254325867	1.642672061920166	0.0	1.4604830741882324	0.0	1.9898182153701782	0.7825660109519958	1.4242560863494873	1.9438327550888062	0.962550699710846	2.1124253273010254	0.0	2.866828680038452	1.2512314319610596	1.1640805006027222	0.864233136177063	2.5014216899871826	5.369118690490723	2.3534598350524902	1.18781578540802	1.3389992713928223	0.0	2.8257627487182617	2.183100700378418	1.84784996509552	0.8580475449562073	3.50006103515625	0.6611961126327515	0.9952210187911987	0.0	0.4882601797580719	2.3876240253448486	0.9825146198272705	0.37847423553466797	0.0	0.6180609464645386	1.8496278524398804	1.1587836742401123	1.5728585720062256	0.8203318119049072	1.5573923587799072	1.7017631530761719	0.5935056209564209	1.8498347997665405	0.4234689474105835	1.207573413848877	0.0	0.5441271662712097	0.3419569730758667	0.9048928022384644	1.0148134231567383	1.1352548599243164	1.0563066005706787	0.6630497574806213	0.5453822016716003	1.1420648097991943	1.1003904342651367	1.1616686582565308	0.5537710189819336	1.7554280757904053	0.9004632830619812	1.2946280241012573	0.7904949188232422	1.344198226928711	0.9090227484703064	0.8796406984329224	0.8202679753303528	0.650551974773407	0.6688156723976135	2.0809783935546875	1.270805835723877	1.291730523109436	1.2554497718811035	1.2747645378112793	2.1868271827697754	1.6458879709243774
156.033	0.9501824378967285	1.0963672399520874	1.792020559310913	2.707188367843628	0.0	3.0613436698913574	1.3745473623275757	1.1038509607315063	1.397150993347168	2.240323781967163	2.0582544803619385	4.6284379959106445	0.8055905103683472	3.4634687900543213	0.8390113711357117	2.829862594604492	2.3907558917999268	5.631839275360107	3.6826977729797363	1.5053352117538452	0.0	5.106974124908447	3.065056324005127	3.088031768798828	1.4242225885391235	2.343395948410034	2.8782272338867188	0.8201491832733154	0.999241054058075	1.3517541885375977	2.433130979537964	3.1913952827453613	2.9145302772521973	1.124353051185608	2.085122585296631	4.709723949432373	0.8806924223899841	4.7022271156311035	3.3364343643188477	2.9371819496154785	2.2275049686431885	3.22096848487854	1.0107131004333496	0.0	2.8990745544433594	2.629237174987793	0.4891200363636017	1.0731760263442993	1.1748895645141602	0.9698470830917358	0.636102020740509	2.360698938369751	1.7544124126434326	1.019945502281189	2.7320168018341064	0.7983468174934387	2.4174301624298096	4.095428466796875	1.284735083580017	0.960618793964386	0.5562543869018555	0.9420890808105469	0.8762648105621338	0.0	1.3464471101760864	0.5078042149543762	3.183473587036133	1.4963096380233765	2.4378349781036377	2.010512590408325	1.549566388130188	1.5876281261444092	0.6344351768493652	1.8996872901916504	2.3784217834472656	0.4041096568107605	0.8423522114753723	0.0	1.4039548635482788	1.223975658416748	0.477439820766449	0.0	0.9384869337081909	0.0	0.28299573063850403	0.7105560302734375	1.2577472925186157	0.7949948906898499	0.2972075641155243	0.5546891093254089	0.9281742572784424	1.1523113250732422	1.4118059873580933	0.7020423412322998	1.0353114604949951	1.983604907989502	0.8435298800468445	1.30574631690979	0.9947075843811035	0.8769065737724304	1.0977468490600586	0.8305823802947998	0.9331893920898438	0.8883287310600281	0.8927146196365356	0.5179179310798645	1.4834901094436646	1.291730523109436	0.986754834651947	1.6287697553634644	1.9371514320373535	1.6855406761169434	1.1862127780914307
158.033	0.0	1.9614226818084717	1.6079635620117188	2.421936511993408	0.971077024936676	1.8309932947158813	2.466190814971924	0.989008903503418	5.020122528076172	0.0	2.7631657123565674	0.0	2.1659398078918457	2.073859453201294	0.7527871131896973	1.6967824697494507	2.67447829246521	5.076979160308838	3.3042256832122803	3.3704755306243896	2.43450665473938	4.603641033172607	1.3788740634918213	2.073686361312866	2.9854912757873535	1.4047449827194214	5.1814284324646	2.2116951942443848	2.6834428310394287	0.6077257990837097	3.650559425354004	0.0	1.3028916120529175	2.026005983352661	3.7512969970703125	2.547461748123169	1.5799853801727295	1.6932623386383057	0.7486634850502014	3.5283994674682617	0.6680798530578613	2.905519962310791	2.27085542678833	0.7143977880477905	1.95386803150177	1.780486822128296	1.3206123113632202	2.902822732925415	3.1771984100341797	2.629917860031128	2.86368989944458	3.7265267372131348	0.0	0.9184471964836121	2.4706993103027344	1.441578984260559	2.1825613975524902	0.6162109375	0.5810156464576721	0.866589367389679	2.0131518840789795	0.8518401384353638	3.1707139015197754	3.8910329341888428	1.832165241241455	1.3761097192764282	1.1528544425964355	0.0	0.0	0.4552936851978302	0.3516368865966797	0.9611205458641052	1.1527396440505981	2.5949907302856445	0.541792631149292	1.8396371603012085	0.3840075433254242	1.0959651470184326	1.2828811407089233	1.679710865020752	2.18380069732666	1.60664701461792	0.28740888833999634	0.0	1.2980976104736328	1.6392842531204224	0.5796511769294739	0.24507953226566315	1.3770610094070435	0.7729899287223816	0.4324099123477936	0.5366498231887817	0.189026340842247	0.6599442958831787	0.9766584634780884	0.7528208494186401	1.407314419746399	0.3131159543991089	0.6855323314666748	1.3662561178207397	1.4854758977890015	1.2411434650421143	0.6618998050689697	0.9196812510490417	0.47650179266929626	1.2201707363128662	2.0131707191467285	1.2554497718811035	1.6287697553634644	0.9792506098747253	2.8548800945281982	1.7140170335769653	1.6359949111938477
160.033	1.640991449356079	3.77547550201416	6.178228378295898	0.0	0.0	1.7697358131408691	2.375938892364502	3.8110077381134033	2.4149978160858154	1.9401283264160156	0.0	1.9971771240234375	4.1770710945129395	3.9917445182800293	2.9042508602142334	4.904496192932129	2.0664448738098145	8.364212036132812	3.198655605316162	1.2989649772644043	2.3413779735565186	2.214186906814575	5.33906364440918	2.671410083770752	2.4604337215423584	1.3551933765411377	1.66768479347229	2.8503692150115967	5.180552959442139	4.673487663269043	2.8198888301849365	3.7089850902557373	1.261533498764038	4.862874507904053	3.6293771266937256	0.0	0.0	1.6310442686080933	1.4475045204162598	0.0	1.2927340269088745	2.8073558807373047	0.0	1.378904938697815	1.2606587409973145	2.2908401489257812	1.707278847694397	3.740593671798706	0.0	0.0	1.1118501424789429	1.029456615447998	3.0574827194213867	3.5488765239715576	0.0	0.0	0.0	0.0	0.0	0.0	0.0	1.6552890539169312	0.0	0.0	3.5650672912597656	2.681079864501953	1.1182852983474731	0.8806478977203369	4.308722496032715	0.886175274848938	2.736351251602173	2.8105156421661377	1.1240723133087158	0.0	0.0	1.4400217533111572	1.5017765760421753	0.0	1.882482647895813	0.5494006872177124	1.7163907289505005	0.7891463041305542	1.1307196617126465	0.0	1.5377689599990845	1.2919460535049438	2.2976574897766113	1.4554734230041504	0.0	2.0512025356292725	0.4313911497592926	0.0	0.7562685608863831	0.4427963197231293	1.1830703020095825	0.7626160979270935	2.4580655097961426	1.9233208894729614	0.2824469804763794	1.7694785594940186	1.129703164100647	0.43722406029701233	1.4161620140075684	2.0014023780822754	0.35316652059555054	1.4723855257034302	1.4475150108337402	1.2747645378112793	1.9371514320373535	2.8548800945281982	0.2992749810218811	2.4984261989593506	1.3519381284713745
162.033	2.8096399307250977	4.309428691864014	0.0	1.3278313875198364	1.0649346113204956	1.0070984363555908	2.7205922603607178	2.174828052520752	4.134225368499756	2.2114105224609375	1.0147393941879272	1.1405171155929565	3.1706361770629883	1.1399996280670166	2.4834492206573486	3.7360408306121826	1.7690438032150269	2.3925790786743164	0.9104381799697876	1.4897100925445557	2.6725406646728516	5.0455827713012695	1.5210881233215332	2.2976763248443604	0.938762366771698	1.5436557531356812	2.859009027481079	0.8151421546936035	0.9887089729309082	1.3361074924468994	3.211308002471924	2.121358871459961	1.444751501083374	1.1156296730041504	1.0320266485214233	0.9401692748069763	2.6255300045013428	1.8705780506134033	1.6518397331237793	0.0	3.6903059482574463	0.8044421076774597	3.5251500606536865	2.373624801635742	0.7206730842590332	2.626605272293091	1.951768159866333	0.5370904207229614	1.761055588722229	1.9466910362243652	1.9125497341156006	3.5513715744018555	0.0	2.5453391075134277	1.3670769929885864	1.6037769317626953	0.0	0.6861997246742249	0.6469539999961853	0.0	1.1220309734344482	0.9498505592346191	0.0	2.8986332416534424	1.3675943613052368	0.0	0.645291268825531	1.5180222988128662	0.0	1.5355933904647827	0.7887082695960999	1.079589605331421	1.9470579624176025	0.487428218126297	2.449409008026123	1.2512435913085938	0.8704196810722351	1.242875099182129	0.7278382182121277	1.910162091255188	0.4988139569759369	0.9184958338737488	0.0	0.0	0.8986766934394836	0.3777403235435486	0.6703967452049255	0.2847856283187866	0.3207319676876068	0.0	1.52568519115448	0.31730857491493225	1.1205501556396484	0.7870376110076904	0.4702012538909912	1.8240177631378174	1.4749737977981567	0.3869243562221527	1.3702465295791626	0.647771954536438	1.7333412170410156	0.6770519614219666	0.7598816156387329	1.1273247003555298	1.2519465684890747	1.5514018535614014	1.2013630867004395	2.1868271827697754	1.6855406761169434	1.7140170335769653	2.4984261989593506	1.3398510217666626	1.091506838798523
164.033	0.780066967010498	0.8983445167541504	2.936899185180664	1.1059868335723877	2.65588116645813	2.519449234008789	4.523941993713379	4.54802942276001	1.14899480342865	4.609201431274414	1.6898709535598755	2.8563623428344727	1.322701096534729	0.9482014775276184	0.0	0.7779320478439331	0.9844323396682739	1.3300213813781738	3.043980121612549	3.097525119781494	3.3585357666015625	2.103605270385742	1.266052007675171	1.9127939939498901	3.539038896560669	4.517663478851318	0.0	1.3611429929733276	0.8262106776237488	2.2353479862213135	1.341350793838501	1.764794945716858	1.8109381198883057	1.4000250101089478	4.324023723602295	3.905935049057007	1.465591549873352	1.5637776851654053	2.075866222381592	1.6234627962112427	1.2349867820739746	1.3420480489730835	1.6866577863693237	1.3232167959213257	0.6041641235351562	0.5484482645988464	0.8173882961273193	0.4485400915145874	2.462911367416382	2.44234037399292	2.1367762088775635	1.983399510383606	2.2064826488494873	0.8519500494003296	4.584139347076416	1.3407793045043945	1.0186806917190552	1.7301651239395142	1.6285111904144287	0.0	0.9413809776306152	0.7984334826469421	2.2282345294952393	1.2186686992645264	1.1492186784744263	0.0	2.1733291149139404	0.853198766708374	2.0830307006835938	1.2920185327529907	0.6655977964401245	1.8185420036315918	0.0	0.0	0.5167742967605591	2.4649715423583984	1.473331093788147	1.0524729490280151	0.9237794876098633	0.2697579264640808	1.2669215202331543	0.7799912691116333	0.5594332814216614	1.2731167078018188	1.0199376344680786	0.0	1.4318945407867432	1.699623942375183	1.1002652645111084	0.7752387523651123	0.6556591987609863	0.5465304851531982	1.1609801054000854	1.1358463764190674	1.221055507659912	1.588742971420288	0.859045684337616	1.6960828304290771	1.5103042125701904	0.9565391540527344	0.6180586218833923	0.9713635444641113	0.8022889494895935	1.5466078519821167	1.0537081956863403	1.826156497001648	2.7321078777313232	1.6458879709243774	1.1862127780914307	1.6359949111938477	1.3519381284713745	1.091506838798523	1.3392467498779297
