Position	GenomeRef	GenomeAlt	ConstructRef	ConstructAlt	variant_id_genome	variant_id_construct	offset	is_rs12740374_position	is_rs12740374_construct_to_genome	kircher_primary_log2_effect	kircher_primary_sd	kircher_primary_n_constructs	kircher_primary_min_p	kircher_primary_tags	kircher_primary_dna	kircher_primary_rna	kircher_primary_abs_log2_effect	ag_api_ref	ag_api_alt	ag_atac_n_tracks	ag_atac_mean_score	ag_atac_abs_score	ag_atac_max_abs_score	ag_h3k27ac_n_tracks	ag_h3k27ac_mean_score	ag_h3k27ac_abs_score	ag_h3k27ac_max_abs_score	ag_rna_lnfc_CELSR2	ag_rna_lnfc_PSRC1	ag_rna_lnfc_SORT1	ag_rna_n_tracks_CELSR2	ag_rna_n_tracks_PSRC1	ag_rna_n_tracks_SORT1	ag_rna_percent_change_CELSR2	ag_rna_percent_change_PSRC1	ag_rna_percent_change_SORT1	ag_rna_abs_percent_change_SORT1	ag_rna_abs_percent_change_PSRC1	ag_rna_abs_percent_change_CELSR2	ag_rna_3gene_mean_percent_change	ag_rna_3gene_mean_abs_percent_change	ag_rna_3gene_max_abs_percent_change
109274652	G	A	G	A	109274652:G>A	109274652:G>A	-316	False	False	0.025	0.12020815280171307	2	0.01505	505	93759	69634	0.025	G	A	1	-0.0498056411743164	0.0498056411743164	0.0498056411743164	1	-0.0149507522583007	0.0149507522583007	0.0149507522583007	-0.010756731033325168	-0.006150933603445634	-0.0018690526485442666	3.0	3.0	3.0	-1.0699084284071296	-0.6132055337500621	-0.18673070573460693	0.18673070573460693	0.6132055337500621	1.0699084284071296	-0.623281555963933	0.623281555963933	1.0699084284071296
109274652	G	C	G	C	109274652:G>C	109274652:G>C	-316	False	False	-0.02	0.08485281374238571	2	0.32959	138	22875	19614	0.02	G	C	1	-0.0065784454345703	0.0065784454345703	0.0065784454345703	1	-0.0064973831176757	0.0064973831176757	0.0064973831176757	-0.0090045531590779	-0.0029127995173136	-0.0018050074577330999	3.0	3.0	3.0	-0.8964133581340772	-0.2908561432695141	-0.18033794114644056	0.18033794114644056	0.2908561432695141	0.8964133581340772	-0.45586914751667723	0.45586914751667723	0.8964133581340772
109274652	G	T	G	T	109274652:G>T	109274652:G>T	-316	False	False	-0.024999999999999998	0.049497474683058325	2	0.30043	326	86782	82901	0.024999999999999998	G	T	1	-0.0019817352294921	0.0019817352294921	0.0019817352294921	1	-0.0045833587646484	0.0045833587646484	0.0045833587646484	-0.004373947779337533	-0.0017478391528128667	0.0001500348250071	3.0	3.0	3.0	-0.43643960011502825	-0.1746312571496542	0.015004608079437045	0.015004608079437045	0.1746312571496542	0.43643960011502825	-0.19868874972841513	0.20869182178137316	0.43643960011502825
109274653	A	C	A	C	109274653:A>C	109274653:A>C	-315	False	False	0.0049999999999999975	0.16263455967290594	2	0.19281	56	10894	10149	0.0049999999999999975	A	C	1	0.0250406265258789	0.0250406265258789	0.0250406265258789	1	-0.0103330612182617	0.0103330612182617	0.0103330612182617	-0.011610110600789333	-0.008649415026108366	-0.001193751891454	3.0	3.0	3.0	-1.1542973341563436	-0.8612116450381464	-0.11930396531049751	0.11930396531049751	0.8612116450381464	1.1542973341563436	-0.7116043148349958	0.7116043148349958	1.1542973341563436
109274653	A	G	A	G	109274653:A>G	109274653:A>G	-315	False	False	-0.03	0.12727922061357855	2	0.12898	203	44979	32602	0.03	A	G	1	0.0280408859252929	0.0280408859252929	0.0280408859252929	1	-0.0087976455688476	0.0087976455688476	0.0087976455688476	-0.0127786000569661	-0.006667594114939334	-0.0020122925440469665	3.0	3.0	3.0	-1.2697300414250885	-0.6645415030386782	-0.2010269240792457	0.2010269240792457	0.6645415030386782	1.2697300414250885	-0.7117661561810041	0.7117661561810041	1.2697300414250885
109274653	A	T	A	T	109274653:A>T	109274653:A>T	-315	False	False	0.005000000000000001	0.049497474683058325	2	0.19556	719	171906	141402	0.005000000000000001	A	T	1	-0.0333099365234375	0.0333099365234375	0.0333099365234375	1	-0.0514354705810546	0.0514354705810546	0.0514354705810546	-0.02060059706370033	-0.009068050732215201	-0.0026207764943439998	3.0	3.0	3.0	-2.0389854386582447	-0.9027059955893202	-0.26173452577832557	0.26173452577832557	0.9027059955893202	2.0389854386582447	-1.0678086533419635	1.0678086533419635	2.0389854386582447
109274654	A	C	A	C	109274654:A>C	109274654:A>C	-314	False	False	0.03	0.014142135623730952	2	0.59999	205	50321	49162	0.03	A	C	1	-0.0032072067260742	0.0032072067260742	0.0032072067260742	1	-0.0308361053466796	0.0308361053466796	0.0308361053466796	-0.015780051549275666	-0.006723110874493866	-0.0006301005681355333	3.0	3.0	3.0	-1.5656198858886246	-0.6700561327246918	-0.06299020964604447	0.06299020964604447	0.6700561327246918	1.5656198858886246	-0.7662220760864535	0.7662220760864535	1.5656198858886246
109274654	A	G	A	G	109274654:A>G	109274654:A>G	-314	False	False	0.045000000000000005	0.03535533905932738	2	0.29939	255	59402	63827	0.045000000000000005	A	G	1	0.0083217620849609	0.0083217620849609	0.0083217620849609	1	-0.0053482055664062	0.0053482055664062	0.0053482055664062	-0.012531876564025832	-0.005444539089997567	-0.0017510851224262665	3.0	3.0	3.0	-1.2453679591365363	-0.5429744449224048	-0.17495528673734453	0.17495528673734453	0.5429744449224048	1.2453679591365363	-0.6544325635987619	0.6544325635987619	1.2453679591365363
109274654	A	T	A	T	109274654:A>T	109274654:A>T	-314	False	False	-0.005	0.007071067811865475	2	0.61724	1063	158872	125354	0.005	A	T	1	-0.0120973587036132	0.0120973587036132	0.0120973587036132	1	-0.015721321105957	0.015721321105957	0.015721321105957	-0.0118723313013712	-0.0068688243627548	-0.00030318895975744114	3.0	3.0	3.0	-1.1802133255556795	-0.6845287908779958	-0.03031430026294637	0.03031430026294637	0.6845287908779958	1.1802133255556795	-0.6316854722322072	0.6316854722322072	1.1802133255556795
109274655	C	A	C	A	109274655:C>A	109274655:C>A	-313	False	False	-0.015	0.021213203435596427	2	0.30327	753	98275	78016	0.015	C	A	1	0.0008172988891601	0.0008172988891601	0.0008172988891601	1	0.0307502746582031	0.0307502746582031	0.0307502746582031	0.018896222114562967	0.0078248704473177	0.002306913336118	3.0	3.0	3.0	1.907588558906491	0.7855564753500885	0.23095763080429366	0.23095763080429366	0.7855564753500885	1.907588558906491	0.9747008883536243	0.9747008883536243	1.907588558906491
109274655	C	G	C	G	109274655:C>G	109274655:C>G	-313	False	False	-0.034999999999999996	0.07778174593052022	2	0.21002	367	164631	158602	0.034999999999999996	C	G	1	0.0471782684326171	0.0471782684326171	0.0471782684326171	1	0.0703334808349609	0.0703334808349609	0.0703334808349609	0.03538143634796136	0.0141254588961601	0.0023660262425740336	3.0	3.0	3.0	3.6014807146869567	1.4225694593003921	0.23688274915047997	0.23688274915047997	1.4225694593003921	3.6014807146869567	1.7536443077126096	1.7536443077126096	3.6014807146869567
109274655	C	T	C	T	109274655:C>T	109274655:C>T	-313	False	False	-0.009999999999999998	0.0282842712474619	2	0.41274	1009	141855	113731	0.009999999999999998	C	T	1	-0.0557937622070312	0.0557937622070312	0.0557937622070312	1	-0.0382575988769531	0.0382575988769531	0.0382575988769531	-0.017111102739969835	-0.006852483997742301	-0.0012406110763549334	3.0	3.0	3.0	-1.6965539254588293	-0.6829059265679889	-0.12398418365755612	0.12398418365755612	0.6829059265679889	1.6965539254588293	-0.8344813452281249	0.8344813452281249	1.6965539254588293
109274656	T	A	T	A	109274656:T>A	109274656:T>A	-312	False	False	0.055	0.03535533905932738	2	0.25442	215	47473	36590	0.055	T	A	1	0.0270614624023437	0.0270614624023437	0.0270614624023437	1	0.0303773880004882	0.0303773880004882	0.0303773880004882	0.015283862749735465	0.005130161841710367	0.0018934905529021668	3.0	3.0	3.0	1.5401258303324328	0.5143343653941338	0.18952843381322584	0.18952843381322584	0.5143343653941338	1.5401258303324328	0.7479962098465975	0.7479962098465975	1.5401258303324328
109274656	T	C	T	C	109274656:T>C	109274656:T>C	-312	False	False	0.0049999999999999975	0.07778174593052023	2	0.17566	472	98643	98618	0.0049999999999999975	T	C	1	0.0445995330810546	0.0445995330810546	0.0445995330810546	1	0.0553646087646484	0.0553646087646484	0.0553646087646484	0.020951867103576632	0.005557733277479733	0.0007022817929585	3.0	3.0	3.0	2.117289844524417	0.5573206128450321	0.07025284505545273	0.07025284505545273	0.5573206128450321	2.117289844524417	0.9149544341416339	0.9149544341416339	2.117289844524417
109274656	T	G	T	G	109274656:T>G	109274656:T>G	-312	False	False	-0.004999999999999999	0.035355339059327376	2	0.83828	65	16163	16603	0.004999999999999999	T	G	1	-0.0082044601440429	0.0082044601440429	0.0082044601440429	1	-0.0184221267700195	0.0184221267700195	0.0184221267700195	-0.011515339215596465	-0.013532008975744199	0.0009526014328002334	3.0	3.0	3.0	-1.144929146083271	-1.3440862935162965	0.09530553016523849	0.09530553016523849	1.3440862935162965	1.144929146083271	-0.7979033031447763	0.8614403232549354	1.3440862935162965
109274657	G	A	G	A	109274657:G>A	109274657:G>A	-311	False	False	0.0	0.0282842712474619	2	0.50798	450	95916	113623	0.0	G	A	1	-0.0100431442260742	0.0100431442260742	0.0100431442260742	1	0.0019054412841796	0.0019054412841796	0.0019054412841796	-0.007196386655171667	-0.006097507973511967	-0.0014170408248901	3.0	3.0	3.0	-0.7170554667526253	-0.6078955898063277	-0.1416037296609881	0.1416037296609881	0.6078955898063277	0.7170554667526253	-0.488851595406647	0.488851595406647	0.7170554667526253
109274657	G	C	G	C	109274657:G>C	109274657:G>C	-311	False	False	0.0	0.01414213562373095	2	0.81292	143	31126	22857	0.0	G	C	1	-0.0347223281860351	0.0347223281860351	0.0347223281860351	1	-0.0149507522583007	0.0149507522583007	0.0149507522583007	-0.012662251790364532	-0.008867473651965434	-0.0027657548586526998	3.0	3.0	3.0	-1.2582422773765456	-0.88282735616418	-0.27619336823077534	0.27619336823077534	0.88282735616418	1.2582422773765456	-0.8057543339238337	0.8057543339238337	1.2582422773765456
109274657	G	T	G	T	109274657:G>T	109274657:G>T	-311	False	False	-0.095	0.09192388155425119	2	0.01725	214	26573	16509	0.095	G	T	1	-0.0257129669189453	0.0257129669189453	0.0257129669189453	1	-0.00152587890625	0.00152587890625	0.00152587890625	-0.006621758143107066	-0.0033318201700845668	-0.0007377564907073334	3.0	3.0	3.0	-0.6599882614107359	-0.33262758165672557	-0.07374844153001221	0.07374844153001221	0.33262758165672557	0.6599882614107359	-0.3554547615324912	0.3554547615324912	0.6599882614107359
109274658	G	A	G	A	109274658:G>A	109274658:G>A	-310	False	False	0.08	0.1131370849898476	2	0.00724	284	47933	42689	0.08	G	A	1	-0.0178747177124023	0.0178747177124023	0.0178747177124023	1	0.0155506134033203	0.0155506134033203	0.0155506134033203	0.0023034413655598665	-0.00018827865521112673	-0.0016392270723978334	3.0	3.0	3.0	0.2306096324745063	-0.018826093189744736	-0.16378842735180343	0.16378842735180343	0.018826093189744736	0.2306096324745063	0.015998370644319377	0.13774138433868482	0.2306096324745063
109274658	G	C	G	C	109274658:G>C	109274658:G>C	-310	False	False	0.039999999999999994	0.1979898987322333	2	0.08744	81	13117	10681	0.039999999999999994	G	C	1	0.0035552978515625	0.0035552978515625	0.0035552978515625	1	-0.0141801834106445	0.0141801834106445	0.0141801834106445	-0.011102040608723865	-0.0069172220925489665	-0.0014695525169372001	3.0	3.0	3.0	-1.1040640388528111	-0.6893353179045189	-0.1468473253380078	0.1468473253380078	0.6893353179045189	1.1040640388528111	-0.6467488940317793	0.6467488940317793	1.1040640388528111
109274658	G	T	G	T	109274658:G>T	109274658:G>T	-310	False	False	0.04	0.0565685424949238	2	0.18345	190	39410	28915	0.04	G	T	1	0.0067386627197265	0.0067386627197265	0.0067386627197265	1	0.0045690536499023	0.0045690536499023	0.0045690536499023	-0.004088481267293233	-0.004386665920416433	0.00031435489654537286	3.0	3.0	3.0	-0.4080134806414122	-0.4377058554702873	0.03144043112236436	0.03144043112236436	0.4377058554702873	0.4080134806414122	-0.2714263016631117	0.2923865890780213	0.4377058554702873
109274659	A	C	A	C	109274659:A>C	109274659:A>C	-309	False	False	-0.03	0.07071067811865477	2	0.42712	38	10994	9797	0.03	A	C	1	-0.0309638977050781	0.0309638977050781	0.0309638977050781	1	-0.0331754684448242	0.0331754684448242	0.0331754684448242	-0.013758420944213832	-0.008749425411224301	-0.0010057489077249667	3.0	3.0	3.0	-1.3664206446621388	-0.8711260576610773	-0.10052433118073244	0.10052433118073244	0.8711260576610773	1.3664206446621388	-0.7793570111679827	0.7793570111679827	1.3664206446621388
109274659	A	G	A	G	109274659:A>G	109274659:A>G	-309	False	False	-0.025	0.007071067811865473	2	0.66454	162	26242	14793	0.025	A	G	1	0.0138988494873046	0.0138988494873046	0.0138988494873046	1	-0.0219030380249023	0.0219030380249023	0.0219030380249023	-0.012776652971903432	-0.008074611425399699	-0.0008515516916910333	3.0	3.0	3.0	-1.2695378050040689	-0.8042099316962253	-0.08511892244430558	0.08511892244430558	0.8042099316962253	1.2695378050040689	-0.7196222197148666	0.7196222197148666	1.2695378050040689
109274659	A	T	A	T	109274659:A>T	109274659:A>T	-309	False	False	-0.05500000000000001	0.021213203435596427	2	0.208	377	82242	71710	0.05500000000000001	A	T	1	-0.004678726196289	0.004678726196289	0.004678726196289	1	-0.0219030380249023	0.0219030380249023	0.0219030380249023	-0.0100677410761515	-0.005689394970734867	-7.706880569456667e-05	3.0	3.0	3.0	-1.001723102046825	-0.5673241013102694	-0.007706583597045261	0.007706583597045261	0.5673241013102694	1.001723102046825	-0.5255845956513799	0.5255845956513799	1.001723102046825
109274660	A	C	A	C	109274660:A>C	109274660:A>C	-308	False	False	-0.06	0.0282842712474619	2	0.36548	145	19959	16797	0.06	A	C	1	0.0238609313964843	0.0238609313964843	0.0238609313964843	1	-0.0398244857788085	0.0398244857788085	0.0398244857788085	-0.017906705538431735	-0.004324100911617233	-0.0013851920763651002	3.0	3.0	3.0	-1.7747333182584786	-0.43147654479465963	-0.13842331406420483	0.13842331406420483	0.43147654479465963	1.7747333182584786	-0.7815443923724477	0.7815443923724477	1.7747333182584786
109274660	A	G	A	G	109274660:A>G	109274660:A>G	-308	False	False	-0.05	0.042426406871192854	2	0.17367	205	48893	32076	0.05	A	G	1	0.0005073547363281	0.0005073547363281	0.0005073547363281	1	-0.0219030380249023	0.0219030380249023	0.0219030380249023	-0.009845932324727334	-0.0014848311742146666	-0.0007496476173400334	3.0	3.0	3.0	-0.9797619823607162	-0.14837293578112926	-0.07493667017652236	0.07493667017652236	0.14837293578112926	0.9797619823607162	-0.4010238627727893	0.4010238627727893	0.9797619823607162
109274660	A	T	A	T	109274660:A>T	109274660:A>T	-308	False	False	0.015000000000000001	0.04949747468305833	2	0.19971	462	101983	84238	0.015000000000000001	A	T	1	0.0308513641357421	0.0308513641357421	0.0308513641357421	1	-0.0219030380249023	0.0219030380249023	0.0219030380249023	-0.008528550465901633	-0.005258237322171466	-0.00027378400166826666	3.0	3.0	3.0	-0.8492285548333195	-0.5244436991370164	-0.027374652624861672	0.027374652624861672	0.5244436991370164	0.8492285548333195	-0.46701563553173253	0.46701563553173253	0.8492285548333195
109274661	A	C	A	C	109274661:A>C	109274661:A>C	-307	False	False	-0.12	0.0565685424949238	2	0.12439	153	22266	18623	0.12	A	C	1	0.039560317993164	0.039560317993164	0.039560317993164	1	-0.011871337890625	0.011871337890625	0.011871337890625	-0.0009261369705200001	-0.0053026738266149995	-0.0031245748202005335	3.0	3.0	3.0	-0.0925708238041132	-0.5288639469256949	-0.3119698416515248	0.3119698416515248	0.5288639469256949	0.0925708238041132	-0.3111348707937776	0.3111348707937776	0.5288639469256949
109274661	A	G	A	G	109274661:A>G	109274661:A>G	-307	False	False	0.05500000000000001	0.1202081528017131	2	0.03985	208	39569	28979	0.05500000000000001	A	G	1	0.013432502746582	0.013432502746582	0.013432502746582	1	-0.0207414627075195	0.0207414627075195	0.0207414627075195	-0.009417732556660932	-0.0073603081206480335	-0.0015479624271392334	3.0	3.0	3.0	-0.937352460181903	-0.7333287387115913	-0.1546764951263567	0.1546764951263567	0.7333287387115913	0.937352460181903	-0.6084525646732837	0.6084525646732837	0.937352460181903
109274661	A	T	A	T	109274661:A>T	109274661:A>T	-307	False	False	-0.024999999999999998	0.09192388155425119	2	0.00993	420	97270	76769	0.024999999999999998	A	T	1	0.0156803131103515	0.0156803131103515	0.0156803131103515	1	-0.0335655212402343	0.0335655212402343	0.0335655212402343	-0.015738447507222468	-0.008546179781357433	-0.0014016926288604	3.0	3.0	3.0	-1.5615245326078422	-0.8509764996532316	-0.1400710716580818	0.1400710716580818	0.8509764996532316	1.5615245326078422	-0.8508573679730519	0.8508573679730519	1.5615245326078422
109274662	A	C	A	C	109274662:A>C	109274662:A>C	-306	False	False	-0.11499999999999999	0.13435028842544403	2	0.22815	124	15178	8489	0.11499999999999999	A	C	1	0.0211238861083984	0.0211238861083984	0.0211238861083984	1	-0.0022897720336914	0.0022897720336914	0.0022897720336914	0.0028415520985921334	-0.0071407208840051665	0.00012178222338359998	3.0	3.0	3.0	0.2845593134454752	-0.711528651255705	0.01217896391395988	0.01217896391395988	0.711528651255705	0.2845593134454752	-0.1382634579654233	0.3360889762050467	0.711528651255705
109274662	A	G	A	G	109274662:A>G	109274662:A>G	-306	False	False	-0.02	0.01414213562373095	2	0.34546	758	131285	102829	0.02	A	G	1	0.0154895782470703	0.0154895782470703	0.0154895782470703	1	0.0068483352661132	0.0068483352661132	0.0068483352661132	0.00031471252441405995	0.00011729449033736353	0.0008962750434874999	3.0	3.0	3.0	0.03147620515960434	0.011730136960505939	0.08966768179888096	0.08966768179888096	0.011730136960505939	0.03147620515960434	0.04429134130633041	0.04429134130633041	0.08966768179888096
109274662	A	T	A	T	109274662:A>T	109274662:A>T	-306	False	False	-0.06	0.028284271247461905	2	0.11428	377	89194	90826	0.06	A	T	1	-0.027724266052246	0.027724266052246	0.027724266052246	1	-0.0230655670166015	0.0230655670166015	0.0230655670166015	-0.0082859595616658	-0.0033399462699889664	-0.0013482669989267667	3.0	3.0	3.0	-0.8251725617681763	-0.33343748539152224	-0.13473584953242485	0.13473584953242485	0.33343748539152224	0.8251725617681763	-0.4311152988973745	0.4311152988973745	0.8251725617681763
109274663	G	A	G	A	109274663:G>A	109274663:G>A	-305	False	False	0.09	0.014142135623730947	2	0.00313	704	113511	103044	0.09	G	A	1	-0.0012588500976562	0.0012588500976562	0.0012588500976562	1	0.0383834838867187	0.0383834838867187	0.0383834838867187	0.021960536638895634	0.006775061289469367	0.0015619893868763334	3.0	3.0	3.0	2.22034440908237	0.6798063935978161	0.15632099277065706	0.15632099277065706	0.6798063935978161	2.22034440908237	1.0188239318169476	1.0188239318169476	2.22034440908237
109274663	G	C	G	C	109274663:G>C	109274663:G>C	-305	False	False	0.09	0.014142135623730958	2	0.15492	135	24946	24404	0.09	G	C	1	-0.0387287139892578	0.0387287139892578	0.0387287139892578	1	-0.00152587890625	0.00152587890625	0.00152587890625	0.006078521410624133	0.004013903439044933	0.0005953808625538667	3.0	3.0	3.0	0.6097033110808726	0.4021969938559593	0.05955581369197904	0.05955581369197904	0.4021969938559593	0.6097033110808726	0.357152039542937	0.357152039542937	0.6097033110808726
109274663	G	T	G	T	109274663:G>T	109274663:G>T	-305	False	False	0.08	0.02828427124746191	2	0.12972	192	27971	25212	0.08	G	T	1	0.0150556564331054	0.0150556564331054	0.0150556564331054	1	0.0571985244750976	0.0571985244750976	0.0571985244750976	0.025760134061177498	0.015402096013228067	0.0022545258204141666	3.0	3.0	3.0	2.6094793761530313	1.552131960532794	0.22570691747451402	0.22570691747451402	1.552131960532794	2.6094793761530313	1.4624394180534466	1.4624394180534466	2.6094793761530313
109274664	C	A	C	A	109274664:C>A	109274664:C>A	-304	False	False	-0.13499999999999998	0.2192031021678297	2	0.00105	102	12491	10675	0.13499999999999998	C	A	1	-0.0336809158325195	0.0336809158325195	0.0336809158325195	1	-0.0207414627075195	0.0207414627075195	0.0207414627075195	-0.0029029448827107003	-0.008054862419764134	-0.0006910165150959667	3.0	3.0	3.0	-0.28987354124865405	-0.802250894134684	-0.0690777818168238	0.0690777818168238	0.802250894134684	0.28987354124865405	-0.3870674057333872	0.3870674057333872	0.802250894134684
109274664	C	G	C	G	109274664:C>G	109274664:C>G	-304	False	False	-0.005000000000000001	0.049497474683058325	2	0.6546	52	12973	8002	0.005000000000000001	C	G	1	-0.0015773773193359	0.0015773773193359	0.0015773773193359	1	0.0147972106933593	0.0147972106933593	0.0147972106933593	0.005715211232503199	0.002133687337239533	0.0026718576749165668	3.0	3.0	3.0	0.5731574209991345	0.21359652679085772	0.2675430267745355	0.2675430267745355	0.21359652679085772	0.5731574209991345	0.35143232485484255	0.35143232485484255	0.5731574209991345
109274664	C	T	C	T	109274664:C>T	109274664:C>T	-304	False	False	0.035	0.021213203435596427	2	0.13173	1031	229015	239759	0.035	C	T	1	-0.0047578811645507	0.0047578811645507	0.0047578811645507	1	0.0117740631103515	0.0117740631103515	0.0117740631103515	0.007576425870259567	0.0027552247047424	0.0023123721281686667	3.0	3.0	3.0	0.7605199606199392	0.27590238246709775	0.23150477225240373	0.23150477225240373	0.27590238246709775	0.7605199606199392	0.42264237177981356	0.42264237177981356	0.7605199606199392
109274665	C	A	C	A	109274665:C>A	109274665:C>A	-303	False	False	0.015	0.09192388155425119	2	0.42202	139	28568	20902	0.015	C	A	1	0.0103321075439453	0.0103321075439453	0.0103321075439453	1	-0.000762939453125	0.000762939453125	0.000762939453125	0.0045115947723388	0.0010866448283195	0.0024553537368773998	3.0	3.0	3.0	0.4521787338511818	0.108723544072022	0.24583705865030314	0.24583705865030314	0.108723544072022	0.4521787338511818	0.268913112191169	0.268913112191169	0.4521787338511818
109274665	C	G	C	G	109274665:C>G	109274665:C>G	-303	False	False	-0.034999999999999996	0.035355339059327376	2	0.77114	21	6305	3942	0.034999999999999996	C	G	1	-0.0008754730224609	0.0008754730224609	0.0008754730224609	1	-0.015721321105957	0.015721321105957	0.015721321105957	-0.0078021685282389	-0.009025548895200033	0.0006938477357228334	3.0	3.0	3.0	-0.7771810615191984	-0.8984940890446517	0.06940885037452464	0.06940885037452464	0.8984940890446517	0.7771810615191984	-0.5354221000631085	0.5816946669794582	0.8984940890446517
109274665	C	T	C	T	109274665:C>T	109274665:C>T	-303	False	False	0.03	0.014142135623730952	2	0.47907	456	120391	110270	0.03	C	T	1	-0.006230354309082	0.006230354309082	0.006230354309082	1	-0.0034360885620117	0.0034360885620117	0.0034360885620117	-0.0026546319325764667	-0.003224144379297833	-0.0007235308488209334	3.0	3.0	3.0	-0.26511115130561047	-0.32189524071966513	-0.072326916349261	0.072326916349261	0.32189524071966513	0.26511115130561047	-0.21977776945817887	0.21977776945817887	0.32189524071966513
109274666	C	A	C	A	109274666:C>A	109274666:C>A	-302	False	False	-0.07	0.042426406871192854	2	0.0341	397	81833	60402	0.07	C	A	1	-0.0158987045288085	0.0158987045288085	0.0158987045288085	1	0.0019054412841796	0.0019054412841796	0.0019054412841796	0.005299011866251567	0.003003281851609467	0.0025769968827565	3.0	3.0	3.0	0.5313076461475827	0.3007796220725894	0.25803201933305425	0.25803201933305425	0.3007796220725894	0.5313076461475827	0.36337309585107547	0.36337309585107547	0.5313076461475827
109274666	C	G	C	G	109274666:C>G	109274666:C>G	-302	False	False	0.005	0.007071067811865475	2	0.93548	30	3883	2786	0.005	C	G	1	-0.0144891738891601	0.0144891738891601	0.0144891738891601	1	-0.0080318450927734	0.0080318450927734	0.0080318450927734	-0.0011434157689412	-0.005260178198417	-0.000902513662974	3.0	3.0	3.0	-0.11427623182098878	-0.5246367686938899	-0.09021065200113129	0.09021065200113129	0.5246367686938899	0.11427623182098878	-0.24304121750533667	0.24304121750533667	0.5246367686938899
109274666	C	T	C	T	109274666:C>T	109274666:C>T	-302	False	False	0.0	0.01414213562373095	2	0.75277	533	115968	102353	0.0	C	T	1	-0.0182790756225585	0.0182790756225585	0.0182790756225585	1	-0.006880760192871	0.006880760192871	0.006880760192871	0.0019355217615763	-0.0002738013863563333	-0.000558465719223	3.0	3.0	3.0	0.1937396092895681	-0.027376390617753432	-0.05583098062685905	0.05583098062685905	0.027376390617753432	0.1937396092895681	0.036844079348318536	0.0923156601780602	0.1937396092895681
109274667	T	A	T	A	109274667:T>A	109274667:T>A	-301	False	False	-0.055	0.06363961030678929	2	0.18722	157	27668	23411	0.055	T	A	1	0.0057907104492187	0.0057907104492187	0.0057907104492187	1	0.0106391906738281	0.0106391906738281	0.0106391906738281	0.0054211616516113	0.0009332175056139001	0.00032319625218707183	3.0	3.0	3.0	0.5435882738212406	0.09336530885576302	0.03232484857228618	0.03232484857228618	0.09336530885576302	0.5435882738212406	0.22309281041642995	0.22309281041642995	0.5435882738212406
109274667	T	C	T	C	109274667:T>C	109274667:T>C	-301	False	False	0.035	0.021213203435596427	2	0.35108	404	75836	65568	0.035	T	C	1	-0.0132379531860351	0.0132379531860351	0.0132379531860351	1	0.0053300857543945	0.0053300857543945	0.0053300857543945	-0.0014406045277913333	-0.0044531164069969995	0.0022828181584675336	3.0	3.0	3.0	-0.14395673552002158	-0.44432159854916103	0.2285425771697931	0.2285425771697931	0.44432159854916103	0.14395673552002158	-0.11991191896646318	0.27227363707965857	0.44432159854916103
109274667	T	G	T	G	109274667:T>G	109274667:T>G	-301	False	False	-0.19	0.11313708498984762	2	0.00376	81	12242	8982	0.19	T	G	1	-0.0047893524169921	0.0047893524169921	0.0047893524169921	1	-0.0011453628540039	0.0011453628540039	0.0011453628540039	-0.0045298735300699335	-0.010741764058669367	0.0009164214134216087	3.0	3.0	3.0	-0.451962912742432	-1.068427733153145	0.09168414558272497	0.09168414558272497	1.068427733153145	0.451962912742432	-0.476235500104284	0.5373582638261006	1.068427733153145
109274668	G	A	G	A	109274668:G>A	109274668:G>A	-300	False	False	0.009999999999999995	0.1131370849898476	2	0.01712	748	141343	127861	0.009999999999999995	G	A	1	-0.0001506805419921	0.0001506805419921	0.0001506805419921	1	0.0136632919311523	0.0136632919311523	0.0136632919311523	0.004827459653218533	0.0016817624370256666	0.00041505694389340004	3.0	3.0	3.0	0.4839130609369356	0.16831773925681445	0.04151430919451072	0.04151430919451072	0.16831773925681445	0.4839130609369356	0.2312483697960869	0.2312483697960869	0.4839130609369356
109274668	G	C	G	C	109274668:G>C	109274668:G>C	-300	False	False	0.020000000000000004	0.07071067811865477	2	0.25579	323	69836	54620	0.020000000000000004	G	C	1	-0.0141162872314453	0.0141162872314453	0.0141162872314453	1	0.0053300857543945	0.0053300857543945	0.0053300857543945	-0.0005419651667276667	-0.0031240805983543	3.445148468017578e-05	3.0	3.0	3.0	-0.05418183301346644	-0.31192057363703785	0.003445207813938928	0.003445207813938928	0.31192057363703785	0.05418183301346644	-0.1208857329455218	0.1231825381548144	0.31192057363703785
109274668	G	T	G	T	109274668:G>T	109274668:G>T	-300	False	False	0.18	0.16970562748477142	2	0.00834	78	9888	5738	0.18	G	T	1	0.0002689361572265	0.0002689361572265	0.0002689361572265	1	0.0570154190063476	0.0570154190063476	0.0570154190063476	0.0193541049957275	0.008635741968949567	0.0029610693454742	3.0	3.0	3.0	1.9542609836050864	0.8673137557332409	0.29654576415892586	0.29654576415892586	0.8673137557332409	1.9542609836050864	1.039373501165751	1.039373501165751	1.9542609836050864
109274669	T	A	T	A	109274669:T>A	109274669:T>A	-299	False	False	-0.035	0.13435028842544403	2	0.03256	233	30057	18610	0.035	T	A	1	0.0051250457763671	0.0051250457763671	0.0051250457763671	1	0.0045690536499023	0.0045690536499023	0.0045690536499023	-0.0004649957021077334	8.846819400783335e-05	0.0018688340981800665	3.0	3.0	3.0	-0.04648876083612691	0.008847210743391258	0.18705814569616763	0.18705814569616763	0.008847210743391258	0.04648876083612691	0.049805531867810664	0.08079803909189527	0.18705814569616763
109274669	T	C	T	C	109274669:T>C	109274669:T>C	-299	False	False	0.035	0.021213203435596427	2	0.39998	295	51035	38558	0.035	T	C	1	-0.0062074661254882	0.0062074661254882	0.0062074661254882	1	0.0053300857543945	0.0053300857543945	0.0053300857543945	-0.0007840792338052869	-0.0015769352515538333	-3.394484519956666e-05	3.0	3.0	3.0	-0.07837719240065028	-0.15756925424697893	-0.003394426907982763	0.003394426907982763	0.15756925424697893	0.07837719240065028	-0.07978029118520398	0.07978029118520398	0.15756925424697893
109274669	T	G	T	G	109274669:T>G	109274669:T>G	-299	False	False	0.15	0.0	1	0.37037	26	3546	1336	0.15	T	G	1	0.002197265625	0.002197265625	0.002197265625	1	0.0076065063476562	0.0076065063476562	0.0076065063476562	0.0016327301661173668	-8.03048412005e-05	0.0003538032372792	3.0	3.0	3.0	0.1634063795735378	-0.00803016168530507	0.035386583302652964	0.035386583302652964	0.00803016168530507	0.1634063795735378	0.06358760039696189	0.06894104152049861	0.1634063795735378
109274670	C	A	C	A	109274670:C>A	109274670:C>A	-298	False	False	0.015	0.19091883092036782	2	0.07994	127	22891	17570	0.015	C	A	1	0.0041913986206054	0.0041913986206054	0.0041913986206054	1	0.000380516052246	0.000380516052246	0.000380516052246	0.0023858944574991665	-0.0010377218325932	0.00045858820279436665	3.0	3.0	3.0	0.23887429686454895	-0.10371835854919687	0.04586933704398372	0.04586933704398372	0.10371835854919687	0.23887429686454895	0.06034175845311193	0.12948733081924316	0.23887429686454895
109274670	C	G	C	G	109274670:C>G	109274670:C>G	-298	False	False	-0.23	0.042426406871192854	2	0.25275	20	4361	2011	0.23	C	G	1	0.0019340515136718	0.0019340515136718	0.0019340515136718	1	-0.0030536651611328	0.0030536651611328	0.0030536651611328	6.568431854250013e-05	-0.0011185655991236	0.0004161198933918724	3.0	3.0	3.0	0.006568647580458384	-0.11179402378147774	0.04162064832848865	0.04162064832848865	0.11179402378147774	0.006568647580458384	-0.021201575957510235	0.053327773230141595	0.11179402378147774
109274670	C	T	C	T	109274670:C>T	109274670:C>T	-298	False	False	-0.01	0.042426406871192854	2	0.41214	426	80702	73852	0.01	C	T	1	-0.0224695205688476	0.0224695205688476	0.0224695205688476	1	0.000762939453125	0.000762939453125	0.000762939453125	0.0041050116221109665	0.0009992395838101	-0.00014804800351463337	3.0	3.0	3.0	0.4113448723168724	0.09997389900113225	-0.014803704494976559	0.014803704494976559	0.09997389900113225	0.4113448723168724	0.1655050222743427	0.17537415860432706	0.4113448723168724
109274671	C	A	C	A	109274671:C>A	109274671:C>A	-297	False	False	-0.045000000000000005	0.03535533905932738	2	0.10436	466	89218	64457	0.045000000000000005	C	A	1	-0.0343303680419921	0.0343303680419921	0.0343303680419921	1	-0.0149507522583007	0.0149507522583007	0.0149507522583007	0.0026615858078003	0.0019433026512463666	0.000901848077774	3.0	3.0	3.0	0.2665130971861489	0.19451920875608414	0.09022548650292696	0.09022548650292696	0.19451920875608414	0.2665130971861489	0.18375259748172001	0.18375259748172001	0.2665130971861489
109274671	C	G	C	G	109274671:C>G	109274671:C>G	-297	False	False	0.01	0.042426406871192854	2	0.12668	812	214425	212153	0.01	C	G	1	-0.0191717147827148	0.0191717147827148	0.0191717147827148	1	-0.0022897720336914	0.0022897720336914	0.0022897720336914	0.0025344689687092667	0.00019235908985136668	0.0008414983749389333	3.0	3.0	3.0	0.2537683450280211	0.01923775920474271	0.08418525340309126	0.08418525340309126	0.01923775920474271	0.2537683450280211	0.11906378587861836	0.11906378587861836	0.2537683450280211
109274671	C	T	C	T	109274671:C>T	109274671:C>T	-297	False	False	0.025	0.03535533905932738	2	0.108	725	159638	134368	0.025	C	T	1	-0.0160646438598632	0.0160646438598632	0.0160646438598632	1	0.0022859573364257	0.0022859573364257	0.0022859573364257	0.0017704963684081999	0.003161390622456834	-0.0014384090900420668	3.0	3.0	3.0	0.17720646224962924	0.3166393087984162	-0.14373750755249579	0.14373750755249579	0.3166393087984162	0.17720646224962924	0.11670275449851654	0.21252775953351374	0.3166393087984162
109274672	G	A	G	A	109274672:G>A	109274672:G>A	-296	False	False	0.010000000000000002	0.0565685424949238	2	0.15632	747	142702	117686	0.010000000000000002	G	A	1	0.0062627792358398	0.0062627792358398	0.0062627792358398	1	-0.000762939453125	0.000762939453125	0.000762939453125	0.00032623608907063334	0.0012641300757725666	-0.00025958816210427856	3.0	3.0	3.0	0.03262893098508951	0.12649294249884457	-0.025955447201257226	0.025955447201257226	0.12649294249884457	0.03262893098508951	0.04438880876089229	0.0616924402283971	0.12649294249884457
109274672	G	C	G	C	109274672:G>C	109274672:G>C	-296	False	False	0.005	0.021213203435596427	2	0.72784	157	24213	18382	0.005	G	C	1	-0.0026826858520507	0.0026826858520507	0.0026826858520507	1	0.0022859573364257	0.0022859573364257	0.0022859573364257	-0.004995385805765733	-0.0016686916351318002	5.355477333066668e-05	3.0	3.0	3.0	-0.4982929615880856	-0.1667300143343074	0.005355620741314047	0.005355620741314047	0.1667300143343074	0.4982929615880856	-0.219889118393693	0.22345953222123568	0.4982929615880856
109274672	G	T	G	T	109274672:G>T	109274672:G>T	-296	False	False	0.015	0.03535533905932738	2	0.34108	506	89044	72432	0.015	G	T	1	0.0004148483276367	0.0004148483276367	0.0004148483276367	1	0.0041894912719726	0.0041894912719726	0.0041894912719726	-8.94467035929333e-05	0.005073266724745367	3.298123677581901e-06	3.0	3.0	3.0	-0.008944270335581171	0.5086157532658512	0.0003298129116397777	0.0003298129116397777	0.5086157532658512	0.008944270335581171	0.16666709861396992	0.1726299455043574	0.5086157532658512
109274673	G	A	G	A	109274673:G>A	109274673:G>A	-295	False	False	0.019999999999999997	0.0565685424949238	2	0.08396	1058	234486	193563	0.019999999999999997	G	A	1	-0.0252132415771484	0.0252132415771484	0.0252132415771484	1	-0.0137948989868164	0.0137948989868164	0.0137948989868164	-0.0023504495620726997	0.0004933923482894334	-0.0008183022340138334	3.0	3.0	3.0	-0.2347689418450408	0.04935140863148222	-0.08179675160471163	0.08179675160471163	0.04935140863148222	0.2347689418450408	-0.08907142827275673	0.12197236736041155	0.2347689418450408
109274673	G	C	G	C	109274673:G>C	109274673:G>C	-295	False	False	0.015	0.007071067811865476	2	0.48145	842	149095	119391	0.015	G	C	1	-0.0019683837890625	0.0019683837890625	0.0019683837890625	1	0.004948616027832	0.004948616027832	0.004948616027832	-0.0034472942352294666	-0.0005637456973393	0.0004048248132069667	3.0	3.0	3.0	-0.34413591384244413	-0.05635868225900536	0.04049067658301061	0.04049067658301061	0.05635868225900536	0.34413591384244413	-0.12000130650614631	0.14699509089482002	0.34413591384244413
109274673	G	T	G	T	109274673:G>T	109274673:G>T	-295	False	False	0.0	0.0565685424949238	2	0.52319	174	28019	17687	0.0	G	T	1	-0.0175962448120117	0.0175962448120117	0.0175962448120117	1	-0.0038185119628906	0.0038185119628906	0.0038185119628906	-0.0022506713867187	-4.4000645478544264e-05	0.0007813076178232333	3.0	3.0	3.0	-0.22481405249419928	-0.00439996774643408	0.07816129181260412	0.07816129181260412	0.00439996774643408	0.22481405249419928	-0.05035090947600975	0.10245843735107917	0.22481405249419928
109274674	T	A	T	A	109274674:T>A	109274674:T>A	-294	False	False	-0.025	0.14849242404917498	2	0.0124	402	90835	74969	0.025	T	A	1	-0.0042238235473632	0.0042238235473632	0.0042238235473632	1	-0.0064973831176757	0.0064973831176757	0.0064973831176757	-0.0031590859095255003	-0.0014295081297555998	-0.0005020002524057667	3.0	3.0	3.0	-0.31541012480064856	-0.142848686970023	-0.05018742713607796	0.05018742713607796	0.142848686970023	0.31541012480064856	-0.16948207963558318	0.16948207963558318	0.31541012480064856
109274674	T	C	T	C	109274674:T>C	109274674:T>C	-294	False	False	-0.025	0.007071067811865473	2	0.4466	917	172826	167513	0.025	T	C	1	-0.0066413879394531	0.0066413879394531	0.0066413879394531	1	0.0030469894409179	0.0030469894409179	0.0030469894409179	-0.006907780965169234	-0.004117805510759333	-0.0007529159386952001	3.0	3.0	3.0	-0.688397708843053	-0.4109338974816619	-0.0752632568612242	0.0752632568612242	0.4109338974816619	0.688397708843053	-0.3915316210619797	0.3915316210619797	0.688397708843053
109274674	T	G	T	G	109274674:T>G	109274674:T>G	-294	False	False	0.065	0.007071067811865481	2	0.05324	387	101644	108344	0.065	T	G	1	-0.0017919540405273	0.0017919540405273	0.0017919540405273	1	0.0060892105102539	0.0060892105102539	0.0060892105102539	-0.0010204712549845	-0.004021664460500033	0.0016504824161529333	3.0	3.0	3.0	-0.10199507512614599	-0.4013588398015474	0.16518452119096264	0.16518452119096264	0.4013588398015474	0.10199507512614599	-0.11272313124557692	0.22284614537288536	0.4013588398015474
109274675	G	A	G	A	109274675:G>A	109274675:G>A	-293	False	False	0.024999999999999998	0.049497474683058325	2	0.08153	578	109677	85117	0.024999999999999998	G	A	1	-0.0101232528686523	0.0101232528686523	0.0101232528686523	1	-0.0049657821655273	0.0049657821655273	0.0049657821655273	-0.0045885245005289335	-0.0011703024307886	0.0010947982470194	3.0	3.0	3.0	-0.4578013305087805	-0.11696178939632562	0.10953977573812414	0.10953977573812414	0.11696178939632562	0.4578013305087805	-0.15507444805566067	0.22810096521441006	0.4578013305087805
109274675	G	C	G	C	109274675:G>C	109274675:G>C	-293	False	False	-0.22000000000000003	0.4666904755831214	2	0.02605	24	2925	1965	0.22000000000000003	G	C	1	0.0174226760864257	0.0174226760864257	0.0174226760864257	1	0.0045690536499023	0.0045690536499023	0.0045690536499023	-0.004209558169047	-0.003332371513048767	-0.0020941893259684	3.0	3.0	3.0	-0.4200710398479934	-0.33268253254612035	-0.20919980414237127	0.20919980414237127	0.33268253254612035	0.4200710398479934	-0.3206511255121616	0.3206511255121616	0.4200710398479934
109274675	G	T	G	T	109274675:G>T	109274675:G>T	-293	False	False	0.19999999999999998	0.12727922061357852	2	0.01138	80	18720	14832	0.19999999999999998	G	T	1	0.0006313323974609	0.0006313323974609	0.0006313323974609	1	0.0030469894409179	0.0030469894409179	0.0030469894409179	-0.003986954689025833	-0.0040186618765195	0.0009809136390685669	3.0	3.0	3.0	-0.3979017337304023	-0.4010597860681502	0.09813948921952773	0.09813948921952773	0.4010597860681502	0.3979017337304023	-0.23360734352634158	0.2990336696726934	0.4010597860681502
109274676	A	C	A	C	109274676:A>C	109274676:A>C	-292	False	False	-0.010000000000000002	0.0565685424949238	2	0.62551	78	9626	6138	0.010000000000000002	A	C	1	0.0243711471557617	0.0243711471557617	0.0243711471557617	1	0.0095024108886718	0.0095024108886718	0.0095024108886718	-0.0039292573928832435	-0.006201177835464433	-0.000687758127848268	3.0	3.0	3.0	-0.39215479618052546	-0.618199021462801	-0.06875216764372906	0.06875216764372906	0.618199021462801	0.39215479618052546	-0.3597019950956852	0.3597019950956852	0.618199021462801
109274676	A	G	A	G	109274676:A>G	109274676:A>G	-292	False	False	0.045000000000000005	0.03535533905932738	2	0.02119	1099	200594	166281	0.045000000000000005	A	G	1	-0.0068006515502929	0.0068006515502929	0.0068006515502929	1	0.0076065063476562	0.0076065063476562	0.0076065063476562	0.0001835028330485	-0.002451613545417733	0.0025944511095682336	3.0	3.0	3.0	0.0183519670723273	-0.24486107952919003	0.259781961035513	0.259781961035513	0.24486107952919003	0.0183519670723273	0.011090949526216752	0.17433166921234344	0.259781961035513
109274676	A	T	A	T	109274676:A>T	109274676:A>T	-292	False	False	0.085	0.10606601717798214	2	0.00084	427	60621	47242	0.085	A	T	1	0.0159492492675781	0.0159492492675781	0.0159492492675781	1	0.008366584777832	0.008366584777832	0.008366584777832	-0.0014529228210449	-0.0003082752227782913	0.0005575716495513334	3.0	3.0	3.0	-0.14518678396803	-0.03082277108541769	0.05577271215177693	0.05577271215177693	0.03082277108541769	0.14518678396803	-0.040078947633890256	0.07726075573507488	0.14518678396803
109274677	G	A	G	A	109274677:G>A	109274677:G>A	-291	False	False	-0.030000000000000002	0.05656854249492381	2	0.01312	796	173658	145242	0.030000000000000002	G	A	1	0.0066452026367187	0.0066452026367187	0.0066452026367187	1	0.0022859573364257	0.0022859573364257	0.0022859573364257	-0.0031285285949706667	-0.000407832364241248	-0.0003756682078043334	3.0	3.0	3.0	-0.3123639848908718	-0.04077492119270392	-0.03755976533384557	0.03755976533384557	0.04077492119270392	0.3123639848908718	-0.13023289047247377	0.13023289047247377	0.3123639848908718
109274677	G	C	G	C	109274677:G>C	109274677:G>C	-291	False	False	-0.10500000000000001	0.035355339059327376	2	0.16103	126	25148	20258	0.10500000000000001	G	C	1	0.0281953811645507	0.0281953811645507	0.0281953811645507	1	0.0106391906738281	0.0106391906738281	0.0106391906738281	-0.0014894406000773	-0.007246367633342667	0.0008835494518279668	3.0	3.0	3.0	-0.1488331933925826	-0.7220176014288887	0.08839398966288421	0.08839398966288421	0.7220176014288887	0.1488331933925826	-0.26081893505286236	0.3197482614947852	0.7220176014288887
109274677	G	T	G	T	109274677:G>T	109274677:G>T	-291	False	False	-0.07	0.0282842712474619	2	0.02593	405	79508	67348	0.07	G	T	1	-0.0097255706787109	0.0097255706787109	0.0097255706787109	1	-0.0453224182128906	0.0453224182128906	0.0453224182128906	-0.012271563212076767	-0.007664766162633833	0.00026641289393101726	3.0	3.0	3.0	-1.2196574636020312	-0.7635466747980042	0.02664483849977329	0.02664483849977329	0.7635466747980042	1.2196574636020312	-0.6521864333000874	0.669949658966603	1.2196574636020312
109274678	G	A	G	A	109274678:G>A	109274678:G>A	-290	False	False	-0.045	0.007071067811865474	2	0.04411	733	174213	150831	0.045	G	A	1	0.0289278030395507	0.0289278030395507	0.0289278030395507	1	0.008366584777832	0.008366584777832	0.008366584777832	0.0025602976481119335	0.0012875248988468999	0.0008063117663065332	3.0	3.0	3.0	0.256357800910483	0.1288354114870047	0.08066369230254658	0.08066369230254658	0.1288354114870047	0.256357800910483	0.15528563490001143	0.15528563490001143	0.256357800910483
109274678	G	C	G	C	109274678:G>C	109274678:G>C	-290	False	False	0.0	0.14142135623730953	2	0.23871	100	24125	16097	0.0	G	C	1	0.0273294448852539	0.0273294448852539	0.0273294448852539	1	0.0030469894409179	0.0030469894409179	0.0030469894409179	-0.006424744923909466	-0.009920785824457734	0.0007308125495910303	3.0	3.0	3.0	-0.6404150378744095	-0.9871737163199004	0.07310796581471489	0.07310796581471489	0.9871737163199004	0.6404150378744095	-0.5181602627931983	0.5668989066696749	0.9871737163199004
109274678	G	T	G	T	109274678:G>T	109274678:G>T	-290	False	False	0.06	0.08485281374238571	2	0.00898	364	61625	45772	0.06	G	T	1	-0.0099439620971679	0.0099439620971679	0.0099439620971679	1	-0.015721321105957	0.015721321105957	0.015721321105957	-0.008215705553690533	-0.0032618095477421664	0.0003314117590586	3.0	3.0	3.0	-0.8182048878997431	-0.3256495626216081	0.033146668200282337	0.033146668200282337	0.3256495626216081	0.8182048878997431	-0.3702359274403563	0.39233370624054453	0.8182048878997431
109274679	G	A	G	A	109274679:G>A	109274679:G>A	-289	False	False	-0.02	0.08485281374238571	2	0.02075	741	167093	146838	0.02	G	A	1	0.0259170532226562	0.0259170532226562	0.0259170532226562	1	0.0091238021850585	0.0091238021850585	0.0091238021850585	0.005769809087117467	0.0036463662981986666	-0.0027933319409688003	3.0	3.0	3.0	0.5786486495293885	0.36530223795002575	-0.2789434219357315	0.2789434219357315	0.36530223795002575	0.5786486495293885	0.22166915518122762	0.4076314364717153	0.5786486495293885
109274679	G	C	G	C	109274679:G>C	109274679:G>C	-289	False	False	-0.065	0.07778174593052022	2	0.10543	155	30016	23806	0.065	G	C	1	0.0326318740844726	0.0326318740844726	0.0326318740844726	1	0.0125293731689453	0.0125293731689453	0.0125293731689453	-0.002480189005533833	-0.0088357329368591	-0.0026375154654184664	3.0	3.0	3.0	-0.2477115877953014	-0.8796812562956811	-0.26340402774620447	0.26340402774620447	0.8796812562956811	0.2477115877953014	-0.46359895727906225	0.46359895727906225	0.8796812562956811
109274679	G	T	G	T	109274679:G>T	109274679:G>T	-289	False	False	-0.08	0.0	2	0.02604	617	120428	89189	0.08	G	T	1	0.0248622894287109	0.0248622894287109	0.0248622894287109	1	0.014418601989746	0.014418601989746	0.014418601989746	0.009109854698181067	0.0005912110209464667	0.0010355313618977333	3.0	3.0	3.0	0.9151475715626893	0.05913858206282465	0.10360677096174545	0.10360677096174545	0.05913858206282465	0.9151475715626893	0.3592976415290865	0.3592976415290865	0.9151475715626893
109274680	G	A	G	A	109274680:G>A	109274680:G>A	-288	False	False	-0.08	0.0565685424949238	2	0.002	723	140429	113672	0.08	G	A	1	0.0292549133300781	0.0292549133300781	0.0292549133300781	1	0.0098810195922851	0.0098810195922851	0.0098810195922851	0.0033676624298095334	-0.000477522611618	0.0012763639291127	3.0	3.0	3.0	0.3373339375820554	-0.04774086158416057	0.12771788282181984	0.12771788282181984	0.04774086158416057	0.3373339375820554	0.13910365293990487	0.1709308939960119	0.3373339375820554
109274680	G	C	G	C	109274680:G>C	109274680:G>C	-288	False	False	-0.15	0.042426406871192854	2	0.00467	150	32326	25711	0.15	G	C	1	0.0269060134887695	0.0269060134887695	0.0269060134887695	1	-0.0107183456420898	0.0107183456420898	0.0107183456420898	-0.0078941186269124	-0.010295818249384534	0.0012336572011311666	3.0	3.0	3.0	-0.7863041900685417	-1.0242997744869673	0.12344184691918743	0.12344184691918743	1.0242997744869673	0.7863041900685417	-0.5623873725454405	0.6446819371582321	1.0242997744869673
109274680	G	T	G	T	109274680:G>T	109274680:G>T	-288	False	False	-0.125	0.03535533905932737	2	0.00054	347	60423	44341	0.125	G	T	1	0.0183849334716796	0.0183849334716796	0.0183849334716796	1	-0.0172634124755859	0.0172634124755859	0.0172634124755859	-0.005254427591959566	-0.005796971420446967	0.0009725491205850667	3.0	3.0	3.0	-0.5240647233829342	-0.5780201402375623	0.09730221998328806	0.09730221998328806	0.5780201402375623	0.5240647233829342	-0.3349275478790695	0.39979569453459485	0.5780201402375623
109274681	G	A	G	A	109274681:G>A	109274681:G>A	-287	False	False	0.005000000000000001	0.06363961030678929	2	0.03185	1080	182548	142021	0.005000000000000001	G	A	1	0.013127326965332	0.013127326965332	0.013127326965332	1	0.0015239715576171	0.0015239715576171	0.0015239715576171	-0.0025442441304524333	0.00040766596794126965	0.0009405712286630666	3.0	3.0	3.0	-0.25410102845006705	0.04077490750049019	0.09410137044969664	0.09410137044969664	0.04077490750049019	0.25410102845006705	-0.03974158349996007	0.12965910213341794	0.25410102845006705
109274681	G	C	G	C	109274681:G>C	109274681:G>C	-287	False	False	0.0	0.01414213562373095	2	0.75541	256	48885	41702	0.0	G	C	1	0.0110197067260742	0.0110197067260742	0.0110197067260742	1	0.0041894912719726	0.0041894912719726	0.0041894912719726	-0.0032630761464436664	-0.0013490865627924	-0.0008933643500009334	3.0	3.0	3.0	-0.32577580994449257	-0.1348176954608155	-0.0892965418875799	0.0892965418875799	0.1348176954608155	0.32577580994449257	-0.18329668243096267	0.18329668243096267	0.32577580994449257
109274681	G	T	G	T	109274681:G>T	109274681:G>T	-287	False	False	-0.024999999999999998	0.049497474683058325	2	0.45103	189	40170	32600	0.024999999999999998	G	T	1	0.0060052871704101	0.0060052871704101	0.0060052871704101	1	-0.0130243301391601	0.0130243301391601	0.0130243301391601	-0.005771676699320434	-0.0012860397497812667	0.0006607174873351666	3.0	3.0	3.0	-0.5755052571766631	-0.12852131550447923	0.06609358092145821	0.06609358092145821	0.12852131550447923	0.5755052571766631	-0.21264433058656138	0.2567067178675335	0.5755052571766631
109274682	C	A	C	A	109274682:C>A	109274682:C>A	-286	False	False	0.030000000000000006	0.15556349186104046	2	0.22555	68	14536	12229	0.030000000000000006	C	A	1	-0.0011968612670898	0.0011968612670898	0.0011968612670898	1	0.0072269439697265	0.0072269439697265	0.0072269439697265	0.002785563468933067	0.00012883543968196328	0.0007291038831074666	3.0	3.0	3.0	0.278944675572959	0.01288437393236478	0.07293697439531134	0.07293697439531134	0.01288437393236478	0.278944675572959	0.12158867463354504	0.12158867463354504	0.278944675572959
109274682	C	G	C	G	109274682:C>G	109274682:C>G	-286	False	False	0.095	0.07778174593052022	2	0.00054	270	75805	75683	0.095	C	G	1	0.0132818222045898	0.0132818222045898	0.0132818222045898	1	0.0147972106933593	0.0147972106933593	0.0147972106933593	0.0052327712376912	-0.00019533435503641162	0.0018613239129384	3.0	3.0	3.0	0.5246486096909214	-0.019531527852340254	0.1863057251560882	0.1863057251560882	0.019531527852340254	0.5246486096909214	0.23047426899822313	0.24349528756644997	0.5246486096909214
109274682	C	T	C	T	109274682:C>T	109274682:C>T	-286	False	False	0.05	0.08485281374238571	2	0.0	1033	230416	208334	0.05	C	T	1	0.0037155151367187	0.0037155151367187	0.0037155151367187	1	-0.0003814697265625	0.0003814697265625	0.0003814697265625	-0.0011351108551024998	-0.0020726720492044667	0.00026695926984146665	3.0	3.0	3.0	-0.11344668604672953	-0.20705255477466603	0.026699490663846432	0.026699490663846432	0.20705255477466603	0.11344668604672953	-0.09793325005251637	0.11573291049508067	0.20705255477466603
109274683	A	C	A	C	109274683:A>C	109274683:A>C	-285	False	False	0.020000000000000004	0.1131370849898476	2	0.16204	85	10814	9029	0.020000000000000004	A	C	1	0.0035057067871093	0.0035057067871093	0.0035057067871093	1	0.000380516052246	0.000380516052246	0.000380516052246	-0.005690892537434833	-0.004022192209959	0.00018571813901263338	3.0	3.0	3.0	-0.5674730082630849	-0.40141140291666344	0.018573538569386986	0.018573538569386986	0.40141140291666344	0.5674730082630849	-0.31677029087012043	0.32915264991637844	0.5674730082630849
109274683	A	G	A	G	109274683:A>G	109274683:A>G	-285	False	False	-0.005	0.007071067811865475	2	0.67888	1257	246497	207232	0.005	A	G	1	0.0252065658569335	0.0252065658569335	0.0252065658569335	1	0.016305923461914	0.016305923461914	0.016305923461914	0.004694660504658966	-0.0010462328791618	0.0005332628885904667	3.0	3.0	3.0	0.4705697688470336	-0.10456857683614838	0.053340509852194344	0.053340509852194344	0.10456857683614838	0.4705697688470336	0.1397805672876932	0.20949295184512542	0.4705697688470336
109274683	A	T	A	T	109274683:A>T	109274683:A>T	-285	False	False	0.015	0.03535533905932738	2	0.39172	623	151886	137433	0.015	A	T	1	0.005507469177246	0.005507469177246	0.005507469177246	1	0.0057096481323242	0.0057096481323242	0.0057096481323242	-0.0003082752227782771	-0.000591330230236	0.00023805101712539258	3.0	3.0	3.0	-0.03082277108541627	-0.059115542897219285	0.02380793535172275	0.02380793535172275	0.059115542897219285	0.03082277108541627	-0.022043459543637605	0.0379154164447861	0.059115542897219285
109274684	G	A	G	A	109274684:G>A	109274684:G>A	-284	False	False	0.0	0.042426406871192854	2	0.43257	482	91746	74928	0.0	G	A	1	-0.0277719497680664	0.0277719497680664	0.0277719497680664	1	-0.0011453628540039	0.0011453628540039	0.0011453628540039	-0.006397883097330667	-0.0035405283172924664	0.0007296303908029647	3.0	3.0	3.0	-0.6377460220870563	-0.35342680373218677	0.07298966358061008	0.07298966358061008	0.35342680373218677	0.6377460220870563	-0.3060610540795443	0.35472082979995107	0.6377460220870563
109274684	G	C	G	C	109274684:G>C	109274684:G>C	-284	False	False	0.04	0.07071067811865475	2	0.141	115	25106	28463	0.04	G	C	1	-0.0214757919311523	0.0214757919311523	0.0214757919311523	1	-0.0134096145629882	0.0134096145629882	0.0134096145629882	-0.008794347445170067	-0.0013068268696466666	0.0008838176727294333	3.0	3.0	3.0	-0.8755790282823231	-0.13059733432572782	0.08842083546574676	0.08842083546574676	0.13059733432572782	0.8755790282823231	-0.30591850904743473	0.3648657326912659	0.8755790282823231
109274684	G	T	G	T	109274684:G>T	109274684:G>T	-284	False	False	-0.025	0.10606601717798214	2	0.03212	289	57043	41707	0.025	G	T	1	-0.0213603973388671	0.0213603973388671	0.0213603973388671	1	-0.0230655670166015	0.0230655670166015	0.0230655670166015	-0.012000560760498033	-0.0033005947868028998	0.0003096958001454101	3.0	3.0	3.0	-1.1928841209499905	-0.3295153811627124	0.030974376084067147	0.030974376084067147	0.3295153811627124	1.1928841209499905	-0.49714170867621194	0.5177912927322567	1.1928841209499905
109274685	A	C	A	C	109274685:A>C	109274685:A>C	-283	False	False	-0.015000000000000001	0.04949747468305833	2	0.48247	108	22057	19929	0.015000000000000001	A	C	1	0.0052061080932617	0.0052061080932617	0.0052061080932617	1	-0.0057325363159179	0.0057325363159179	0.0057325363159179	-0.005923350652058866	-0.0027630577484766337	-0.0007799565792083	3.0	3.0	3.0	-0.5905842197214948	-0.2759244017743968	-0.07796524921389499	0.07796524921389499	0.2759244017743968	0.5905842197214948	-0.31482462356992885	0.31482462356992885	0.5905842197214948
109274685	A	G	A	G	109274685:A>G	109274685:A>G	-283	False	False	0.04	0.0282842712474619	2	0.02244	1037	223423	181748	0.04	A	G	1	0.0203104019165039	0.0203104019165039	0.0203104019165039	1	0.0	0.0	0.0	-0.0014725128809610598	-0.0008459488550821333	0.0013399720191955334	3.0	3.0	3.0	-0.14714292658131095	-0.08455911412257454	0.13408701828282252	0.13408701828282252	0.08455911412257454	0.14714292658131095	-0.03253834080702099	0.12192968632890266	0.14714292658131095
109274685	A	T	A	T	109274685:A>T	109274685:A>T	-283	False	False	0.05	0.07071067811865477	2	0.00521	557	94453	74303	0.05	A	T	1	0.0188894271850585	0.0188894271850585	0.0188894271850585	1	-0.0011453628540039	0.0011453628540039	0.0011453628540039	-0.006322900454203233	-0.0035551364223161998	-0.0002441902955373101	3.0	3.0	3.0	-0.6302952983227034	-0.3548824407066182	-0.024416048351374446	0.024416048351374446	0.3548824407066182	0.6302952983227034	-0.33653126246023196	0.33653126246023196	0.6302952983227034
109274686	A	C	A	C	109274686:A>C	109274686:A>C	-282	False	False	0.165	0.09192388155425119	2	0.00224	153	27943	21818	0.165	A	C	1	0.004408836364746	0.004408836364746	0.004408836364746	1	-0.0084142684936523	0.0084142684936523	0.0084142684936523	-0.006351153055826768	-0.0027700066566466665	-0.0005474487940469666	3.0	3.0	3.0	-0.6331027113445405	-0.2766173728103714	-0.05472989712972566	0.05472989712972566	0.2766173728103714	0.6331027113445405	-0.3214833270948792	0.3214833270948792	0.6331027113445405
109274686	A	G	A	G	109274686:A>G	109274686:A>G	-282	False	False	0.024999999999999998	0.049497474683058325	2	0.0216	1158	223510	184755	0.024999999999999998	A	G	1	0.005746841430664	0.005746841430664	0.005746841430664	1	0.0030469894409179	0.0030469894409179	0.0030469894409179	-0.004474083582560166	-0.0003892530997593666	0.0011036296685536	3.0	3.0	3.0	-0.4464089780532117	-0.038917735060038094	0.11042388918746195	0.11042388918746195	0.038917735060038094	0.4464089780532117	-0.12496760797526263	0.19858353410023724	0.4464089780532117
109274686	A	T	A	T	109274686:A>T	109274686:A>T	-282	False	False	-0.005	0.007071067811865475	2	0.73588	592	120558	107092	0.005	A	T	1	-0.0026931762695312	0.0026931762695312	0.0026931762695312	1	-0.0107183456420898	0.0107183456420898	0.0107183456420898	-0.007307648658752366	-0.0016743962963421666	0.0014976759751637331	3.0	3.0	3.0	-0.7281012715822026	-0.16729952769265674	0.14987980519262412	0.14987980519262412	0.16729952769265674	0.7281012715822026	-0.24850699802741175	0.34842686815582785	0.7281012715822026
109274687	G	A	G	A	109274687:G>A	109274687:G>A	-281	False	False	0.115	0.06363961030678927	2	0.0	543	112849	114406	0.115	G	A	1	-0.0161380767822265	0.0161380767822265	0.0161380767822265	1	0.0060892105102539	0.0060892105102539	0.0060892105102539	-0.004181146621704033	-0.0021456976731617666	0.0021397769451140997	3.0	3.0	3.0	-0.4172417797902951	-0.21433973094985972	0.21420679015553631	0.21420679015553631	0.21433973094985972	0.4172417797902951	-0.1391249068615395	0.28192943363189704	0.4172417797902951
109274687	G	C	G	C	109274687:G>C	109274687:G>C	-281	False	False	0.015	0.007071067811865476	2	0.86632	92	18375	16433	0.015	G	C	1	0.0016469955444335	0.0016469955444335	0.0016469955444335	1	0.0057096481323242	0.0057096481323242	0.0057096481323242	0.0006501674652099335	-1.1456402955930164e-17	0.0003769497076670035	3.0	3.0	3.0	0.06503788698900081	-1.1456402955930165e-15	0.037702076213576526	0.037702076213576526	1.1456402955930165e-15	0.06503788698900081	0.03424665440085873	0.03424665440085949	0.06503788698900081
109274687	G	T	G	T	109274687:G>T	109274687:G>T	-281	False	False	0.13	0.0	2	0.00045	439	78696	69366	0.13	G	T	1	0.0427446365356445	0.0427446365356445	0.0427446365356445	1	0.1889905929565429	0.1889905929565429	0.1889905929565429	0.0769219795862833	0.05650971333185827	0.009344865878423	3.0	3.0	3.0	7.995781435009117	5.813689278510035	0.9388665465007513	0.9388665465007513	5.813689278510035	7.995781435009117	4.916112420006634	4.916112420006634	7.995781435009117
109274688	G	A	G	A	109274688:G>A	109274688:G>A	-280	False	False	0.01	0.01414213562373095	2	0.6169	544	97024	67102	0.01	G	A	1	-0.0170459747314453	0.0170459747314453	0.0170459747314453	1	0.0	0.0	0.0	-0.000347097714742	-0.0015688265363375	-4.2965014775633326e-05	3.0	3.0	3.0	-0.03470374832991441	-0.15675965712716333	-0.0042964091792604695	0.0042964091792604695	0.15675965712716333	0.03470374832991441	-0.06525327154544606	0.06525327154544606	0.15675965712716333
109274688	G	C	G	C	109274688:G>C	109274688:G>C	-280	False	False	0.01	0.042426406871192854	2	0.76578	63	12834	9227	0.01	G	C	1	0.0062313079833984	0.0062313079833984	0.0062313079833984	1	0.0041894912719726	0.0041894912719726	0.0041894912719726	-0.000550627708435	-0.0017999112606048	-0.0012557009855905666	3.0	3.0	3.0	-0.0550476140818738	-0.1798292391750867	-0.1254912922999465	0.1254912922999465	0.1798292391750867	0.0550476140818738	-0.12012271518563566	0.12012271518563566	0.1798292391750867
109274688	G	T	G	T	109274688:G>T	109274688:G>T	-280	False	False	-0.03	0.0	2	0.67531	158	26422	24655	0.03	G	T	1	3.62396240234375e-05	3.62396240234375e-05	3.62396240234375e-05	1	-0.0026721954345703	0.0026721954345703	0.0026721954345703	-0.002295772234598733	-0.0027327959736187664	0.00039540727933246223	3.0	3.0	3.0	-0.22931389650366688	-0.2729065285878652	0.03954854630952069	0.03954854630952069	0.2729065285878652	0.22931389650366688	-0.15422395959400378	0.18058965713368424	0.2729065285878652
109274689	A	C	A	C	109274689:A>C	109274689:A>C	-279	False	False	0.015	0.06363961030678927	2	0.54475	111	33058	26382	0.015	A	C	1	0.010136604309082	0.010136604309082	0.010136604309082	1	0.0277605056762695	0.0277605056762695	0.0277605056762695	0.011279582977294866	0.0035279467701911336	-0.0008991062641143334	3.0	3.0	3.0	1.1343437331019794	0.35341772992347803	-0.08987021891884207	0.08987021891884207	0.35341772992347803	1.1343437331019794	0.46596374803553847	0.5258772273147665	1.1343437331019794
109274689	A	G	A	G	109274689:A>G	109274689:A>G	-279	False	False	0.04	0.0282842712474619	2	0.01566	1178	221678	176717	0.04	A	G	1	0.0044336318969726	0.0044336318969726	0.0044336318969726	1	0.0087442398071289	0.0087442398071289	0.0087442398071289	-0.00226306915283198	-0.0013183876872062	-0.00029264887173969156	3.0	3.0	3.0	-0.2260510342455644	-0.13175189959585315	-0.029260605423555963	0.029260605423555963	0.13175189959585315	0.2260510342455644	-0.12902117975499117	0.12902117975499117	0.2260510342455644
109274689	A	T	A	T	109274689:A>T	109274689:A>T	-279	False	False	0.06	0.028284271247461905	2	0.09512	455	94349	70516	0.06	A	T	1	-0.013442039489746	0.013442039489746	0.013442039489746	1	0.0041894912719726	0.0041894912719726	0.0041894912719726	-0.0012495120366413667	0.0001073578993479	0.0005914469559987	3.0	3.0	3.0	-0.12487317215147305	0.010736366241341121	0.059162189523697346	0.059162189523697346	0.010736366241341121	0.12487317215147305	-0.018324872128811526	0.06492390930550383	0.12487317215147305
109274690	C	A	C	A	109274690:C>A	109274690:C>A	-278	False	False	-0.025	0.12020815280171307	2	0.08045	203	34330	22639	0.025	C	A	1	-0.0233049392700195	0.0233049392700195	0.0233049392700195	1	0.0	0.0	0.0	0.0005580981572468666	0.0011065180102983792	-0.0006484389305114333	3.0	3.0	3.0	0.055825392299960655	0.11071304272145556	-0.06482287394226151	0.06482287394226151	0.11071304272145556	0.055825392299960655	0.033905187026384905	0.07712043632122591	0.11071304272145556
109274690	C	G	C	G	109274690:C>G	109274690:C>G	-278	False	False	0.025	0.021213203435596427	2	0.41678	222	63349	55859	0.025	C	G	1	-0.0071783065795898	0.0071783065795898	0.0071783065795898	1	-0.0049657821655273	0.0049657821655273	0.0049657821655273	-0.0024015903472899666	-0.002731390297412833	0.00028730432192483336	3.0	3.0	3.0	-0.23987088363897022	-0.2727663444869588	0.02873455977643461	0.02873455977643461	0.2727663444869588	0.23987088363897022	-0.16130088944983148	0.1804572626341212	0.2727663444869588
109274690	C	T	C	T	109274690:C>T	109274690:C>T	-278	False	False	0.02	0.01414213562373095	2	0.29224	866	200907	175966	0.02	C	T	1	-0.0173730850219726	0.0173730850219726	0.0173730850219726	1	0.0015239715576171	0.0015239715576171	0.0015239715576171	-0.0028324921925862	-0.0006626198689142334	-0.0015341242154438665	3.0	3.0	3.0	-0.2828484471414976	-0.06624003848497376	-0.1532948048428646	0.1532948048428646	0.06624003848497376	0.2828484471414976	-0.16746109682311197	0.16746109682311197	0.2828484471414976
109274691	T	A	T	A	109274691:T>A	109274691:T>A	-277	False	False	0.0	0.07071067811865477	2	0.15123	635	127381	92137	0.0	T	A	1	0.0203151702880859	0.0203151702880859	0.0203151702880859	1	0.004948616027832	0.004948616027832	0.004948616027832	-0.0022691488265990664	-0.0009805088241894332	-0.0016114910443623335	3.0	3.0	3.0	-0.2266576254617899	-0.09800282824835697	-0.16101932898694896	0.16101932898694896	0.09800282824835697	0.2266576254617899	-0.16189326089903194	0.16189326089903194	0.2266576254617899
109274691	T	C	T	C	109274691:T>C	109274691:T>C	-277	False	False	-0.005	0.021213203435596427	2	0.48395	929	169077	135233	0.005	T	C	1	-0.0080642700195312	0.0080642700195312	0.0080642700195312	1	-0.0019073486328125	0.0019073486328125	0.0019073486328125	-0.0029942989349364666	-0.005274138102928767	-0.00028263529141739997	3.0	3.0	3.0	-0.29898204929271016	-0.526025425573091	-0.028259535382610224	0.028259535382610224	0.526025425573091	0.29898204929271016	-0.2844223367494705	0.2844223367494705	0.526025425573091
109274691	T	G	T	G	109274691:T>G	109274691:T>G	-277	False	False	-0.12	0.24041630560342614	2	0.04588	79	9928	4314	0.12	T	G	1	-0.0017061233520507	0.0017061233520507	0.0017061233520507	1	-0.0064973831176757	0.0064973831176757	0.0064973831176757	-0.005710244178771934	-0.0085628243784109	0.0019235014915465667	3.0	3.0	3.0	-0.5693971722447448	-0.8526267814634636	0.19253526072248764	0.19253526072248764	0.8526267814634636	0.5693971722447448	-0.4098295643285736	0.538186404810232	0.8526267814634636
109274692	C	A	C	A	109274692:C>A	109274692:C>A	-276	False	False	0.005	0.007071067811865475	2	0.87461	137	22268	18768	0.005	C	A	1	-0.0069150924682617	0.0069150924682617	0.0069150924682617	1	0.0045690536499023	0.0045690536499023	0.0045690536499023	-0.0036243200302123334	-0.003006219863891567	-0.0003620684146881	3.0	3.0	3.0	-0.3617760109848233	-0.3001705709602965	-0.03620028758297315	0.03620028758297315	0.3001705709602965	0.3617760109848233	-0.232715623176031	0.232715623176031	0.3617760109848233
109274692	C	G	C	G	109274692:C>G	109274692:C>G	-276	False	False	0.075	0.06363961030678927	2	0.50448	35	8454	11341	0.075	C	G	1	0.0046539306640625	0.0046539306640625	0.0046539306640625	1	-0.0003814697265625	0.0003814697265625	0.0003814697265625	-0.003396193186442	-0.0016278252005576669	-0.0007896323998768961	3.0	3.0	3.0	-0.33904326455106853	-0.16265010117293208	-0.07893207222557423	0.07893207222557423	0.16265010117293208	0.33904326455106853	-0.19354181264985826	0.19354181264985826	0.33904326455106853
109274692	C	T	C	T	109274692:C>T	109274692:C>T	-276	False	False	0.005000000000000001	0.06363961030678929	2	0.08866	663	163628	137496	0.005000000000000001	C	T	1	-0.0122957229614257	0.0122957229614257	0.0122957229614257	1	-0.0064973831176757	0.0064973831176757	0.0064973831176757	-0.0044912497202554665	-0.0026909833153088334	-0.00023048122723896662	3.0	3.0	3.0	-0.4481179140367989	-0.26873658652672855	-0.02304546684813827	0.02304546684813827	0.26873658652672855	0.4481179140367989	-0.24663332247055525	0.24663332247055525	0.4481179140367989
109274693	A	C	A	C	109274693:A>C	109274693:A>C	-275	False	False	-0.085	0.07778174593052024	2	0.06848	119	21023	15676	0.085	A	C	1	0.0028162002563476	0.0028162002563476	0.0028162002563476	1	-0.0038185119628906	0.0038185119628906	0.0038185119628906	-0.007216493288675868	-0.0071748668948809005	0.0005698502063751	3.0	3.0	3.0	-0.7190516924628165	-0.7149188985961735	0.05700126018495195	0.05700126018495195	0.7149188985961735	0.7190516924628165	-0.4589897769580127	0.49699061708131403	0.7190516924628165
109274693	A	G	A	G	109274693:A>G	109274693:A>G	-275	False	False	-0.019999999999999997	0.0565685424949238	2	0.06449	1034	226846	191119	0.019999999999999997	A	G	1	-0.009068489074707	0.009068489074707	0.009068489074707	1	-0.0034360885620117	0.0034360885620117	0.0034360885620117	-0.008496165275573701	-0.007788274437189067	-0.00041150053342182144	3.0	3.0	3.0	-0.8460174862336532	-0.7758024410613291	-0.04114158786895389	0.04114158786895389	0.7758024410613291	0.8460174862336532	-0.5543205050546454	0.5543205050546454	0.8460174862336532
109274693	A	T	A	T	109274693:A>T	109274693:A>T	-275	False	False	0.055	0.03535533905932738	2	0.01561	476	108982	96240	0.055	A	T	1	0.006256103515625	0.006256103515625	0.006256103515625	1	0.000380516052246	0.000380516052246	0.000380516052246	-0.0013566017150878334	-0.00024008254210153334	-3.438194592793334e-05	3.0	3.0	3.0	-0.1355681946947838	-0.0240053724594262	-0.0034381354875604305	0.0034381354875604305	0.0240053724594262	0.1355681946947838	-0.054337234213923474	0.054337234213923474	0.1355681946947838
109274694	G	A	G	A	109274694:G>A	109274694:G>A	-274	False	False	0.04	0.0282842712474619	2	0.06453	591	110178	104405	0.04	G	A	1	-0.0187158584594726	0.0187158584594726	0.0187158584594726	1	-0.0103330612182617	0.0103330612182617	0.0103330612182617	0.0011586348215738666	-0.0003699958324432111	8.569161097209044e-05	3.0	3.0	3.0	0.11593062982057764	-0.036992739242629906	0.008569528260306117	0.008569528260306117	0.036992739242629906	0.11593062982057764	0.029169139612751287	0.05383096577450455	0.11593062982057764
109274694	G	C	G	C	109274694:G>C	109274694:G>C	-274	False	False	-0.04	0.16970562748477142	2	0.06197	83	15994	10438	0.04	G	C	1	0.0077581405639648	0.0077581405639648	0.0077581405639648	1	0.0030469894409179	0.0030469894409179	0.0030469894409179	0.006758173306782966	-0.012004765371481534	8.963545163473419e-05	3.0	3.0	3.0	0.6781061291276298	-1.1932995655612715	0.00896394690118613	0.00896394690118613	1.1932995655612715	0.6781061291276298	-0.16874316317748517	0.6267898805300292	1.1932995655612715
109274694	G	T	G	T	109274694:G>T	109274694:G>T	-274	False	False	0.05	0.042426406871192854	2	0.20492	285	44649	35015	0.05	G	T	1	-0.0106201171875	0.0106201171875	0.0106201171875	1	-0.0134096145629882	0.0134096145629882	0.0134096145629882	-0.0004692475001017	0.0003519604603448981	-0.0012096365292866707	3.0	3.0	3.0	-0.046913742071235685	0.0352022405694946	-0.1208905213925159	0.1208905213925159	0.0352022405694946	0.046913742071235685	-0.04420067429808566	0.06766883467774873	0.1208905213925159
109274695	C	A	C	A	109274695:C>A	109274695:C>A	-273	False	False	0.009999999999999998	0.07071067811865475	2	0.42295	213	42214	33299	0.009999999999999998	C	A	1	-0.0001897811889648	0.0001897811889648	0.0001897811889648	1	0.0125293731689453	0.0125293731689453	0.0125293731689453	-0.0007300376892089667	0.002026615043481167	-0.0011079808076222334	3.0	3.0	3.0	-0.072977127652951	0.2028670015726475	-0.11073672235212617	0.11073672235212617	0.2028670015726475	0.072977127652951	0.006384383855856777	0.12886028385924156	0.2028670015726475
109274695	C	G	C	G	109274695:C>G	109274695:C>G	-273	False	False	0.095	0.021213203435596427	2	0.03475	350	93029	86873	0.095	C	G	1	0.0162353515625	0.0162353515625	0.0162353515625	1	0.0204477310180664	0.0204477310180664	0.0204477310180664	0.0047483046849568005	0.0047172755002975	-0.0005446573098500496	3.0	3.0	3.0	0.4759595747709076	0.4728419360365858	-0.05445090109827058	0.05445090109827058	0.4728419360365858	0.4759595747709076	0.2981168699030743	0.3344174706352547	0.4759595747709076
109274695	C	T	C	T	109274695:C>T	109274695:C>T	-273	False	False	0.015	0.03535533905932738	2	0.12398	1584	345664	287751	0.015	C	T	1	0.0003156661987304	0.0003156661987304	0.0003156661987304	1	0.0038080215454101	0.0038080215454101	0.0038080215454101	0.0059585571289062006	0.006290105481942434	-0.0018033683300017667	3.0	3.0	3.0	0.5976344642190511	0.6309929739189033	-0.18017432383613277	0.18017432383613277	0.6309929739189033	0.5976344642190511	0.34948437143394057	0.46960058732469573	0.6309929739189033
109274696	G	A	G	A	109274696:G>A	109274696:G>A	-272	False	False	0.005	0.007071067811865475	2	0.65623	1063	233479	215399	0.005	G	A	1	-0.0116796493530273	0.0116796493530273	0.0116796493530273	1	-0.0066595077514648	0.0066595077514648	0.0066595077514648	0.0018006165822346792	0.0034827217459678004	-0.0008194943269093334	3.0	3.0	3.0	0.18022386657101513	0.3488793468007648	-0.08191586331393903	0.08191586331393903	0.3488793468007648	0.18022386657101513	0.1490624500192803	0.20367302556190633	0.3488793468007648
109274696	G	C	G	C	109274696:G>C	109274696:G>C	-272	False	False	0.049999999999999996	0.0565685424949238	2	0.08118	187	31393	26331	0.049999999999999996	G	C	1	-0.0138759613037109	0.0138759613037109	0.0138759613037109	1	0.0029478073120117	0.0029478073120117	0.0029478073120117	-0.0009075403213500334	0.003223021825154566	-0.00016852219899494492	3.0	3.0	3.0	-0.09071286311838223	0.32282213445514557	-0.016850799992679848	0.016850799992679848	0.32282213445514557	0.09071286311838223	0.07175282378136116	0.1434619325220692	0.32282213445514557
109274696	G	T	G	T	109274696:G>T	109274696:G>T	-272	False	False	0.045	0.007071067811865474	2	0.4795	178	32052	22187	0.045	G	T	1	0.0051507949829101	0.0051507949829101	0.0051507949829101	1	0.0124921798706054	0.0124921798706054	0.0124921798706054	-0.0002516905466715333	-0.0009755690892537333	-0.0005679229895273333	3.0	3.0	3.0	-0.025165887526307846	-0.09750933764392611	-0.05677617517913001	0.05677617517913001	0.09750933764392611	0.025165887526307846	-0.059817133449787986	0.059817133449787986	0.09750933764392611
109274697	C	A	C	A	109274697:C>A	109274697:C>A	-271	False	False	-0.04	0.042426406871192854	2	0.28037	208	42280	29410	0.04	C	A	1	0.0059814453125	0.0059814453125	0.0059814453125	1	0.0036859512329101	0.0036859512329101	0.0036859512329101	0.008552591005961067	0.005576888720194433	0.0009231468041737334	3.0	3.0	3.0	0.8589268901531956	0.5592468512884913	0.09235730353326484	0.09235730353326484	0.5592468512884913	0.8589268901531956	0.5035103483249839	0.5035103483249839	0.8589268901531956
109274697	C	G	C	G	109274697:C>G	109274697:C>G	-271	False	False	-0.055	0.06363961030678929	2	0.35436	84	10240	5475	0.055	C	G	1	0.0156736373901367	0.0156736373901367	0.0156736373901367	1	0.008462905883789	0.008462905883789	0.008462905883789	0.0030507644017537003	0.0026959280172983665	0.0019288957118987666	3.0	3.0	3.0	0.30554227194098593	0.26995652991177865	0.19307572279301397	0.19307572279301397	0.26995652991177865	0.30554227194098593	0.25619150821525954	0.25619150821525954	0.30554227194098593
109274697	C	T	C	T	109274697:C>T	109274697:C>T	-271	False	False	-0.030000000000000002	0.028284271247461905	2	0.13496	887	151705	129817	0.030000000000000002	C	T	1	0.0129632949829101	0.0129632949829101	0.0129632949829101	1	0.0124921798706054	0.0124921798706054	0.0124921798706054	0.0034923156102498	0.0038942247629165003	-0.0007185737291971351	3.0	3.0	3.0	0.349842084948251	0.39018171084027203	-0.0718315616922924	0.0718315616922924	0.39018171084027203	0.349842084948251	0.22273074469874354	0.2706184524936051	0.39018171084027203
109274698	C	A	C	A	109274698:C>A	109274698:C>A	-270	False	False	0.035	0.06363961030678929	2	0.15309	329	68742	52376	0.035	C	A	1	-0.008270263671875	0.008270263671875	0.008270263671875	1	-0.0381450653076171	0.0381450653076171	0.0381450653076171	-0.0031845569610595334	-0.006887979805469467	-0.0012898643811543333	3.0	3.0	3.0	-0.3179491637903749	-0.6864312044765768	-0.12890328636468118	0.12890328636468118	0.6864312044765768	0.3179491637903749	-0.3777612182105443	0.3777612182105443	0.6864312044765768
109274698	C	G	C	G	109274698:C>G	109274698:C>G	-270	False	False	0.10500000000000001	0.21920310216782976	2	0.08869	51	7218	5877	0.10500000000000001	C	G	1	0.0049715042114257	0.0049715042114257	0.0049715042114257	1	-0.0126047134399414	0.0126047134399414	0.0126047134399414	-0.0038243929545084	-0.0028049200773238667	-0.0011114875475565	3.0	3.0	3.0	-0.38170892774500753	-0.280098996441339	-0.11108700740648669	0.11108700740648669	0.280098996441339	0.38170892774500753	-0.2576316438642778	0.2576316438642778	0.38170892774500753
109274698	C	T	C	T	109274698:C>T	109274698:C>T	-270	False	False	0.025	0.10606601717798214	2	0.00633	593	103448	79965	0.025	C	T	1	0.0165920257568359	0.0165920257568359	0.0165920257568359	1	0.0091962814331054	0.0091962814331054	0.0091962814331054	0.0044548114140828	0.0017851740121841333	0.0007413228352863999	3.0	3.0	3.0	0.4464748837419564	0.17867683839135248	0.07415976829722178	0.07415976829722178	0.17867683839135248	0.4464748837419564	0.23310383014351022	0.23310383014351022	0.4464748837419564
109274699	C	A	C	A	109274699:C>A	109274699:C>A	-269	False	False	0.045000000000000005	0.07778174593052023	2	0.07118	323	63380	52368	0.045000000000000005	C	A	1	0.0122718811035156	0.0122718811035156	0.0122718811035156	1	0.001474380493164	0.001474380493164	0.001474380493164	0.004917542139689066	0.0035076340039570998	0.0012431343396504	3.0	3.0	3.0	0.4929653093941567	0.35137929511153876	0.12439073514295855	0.12439073514295855	0.35137929511153876	0.4929653093941567	0.32291177988288466	0.32291177988288466	0.4929653093941567
109274699	C	G	C	G	109274699:C>G	109274699:C>G	-269	False	False	0.01999999999999999	0.26870057685088805	2	0.05816	48	10462	10539	0.01999999999999999	C	G	1	0.0065593719482421	0.0065593719482421	0.0065593719482421	1	-0.0022163391113281	0.0022163391113281	0.0022163391113281	-0.004795193672180133	-0.0045049861073492995	0.0017051895459492667	3.0	3.0	3.0	-0.478371508568097	-0.44948538783295505	0.17066442083506092	0.17066442083506092	0.44948538783295505	0.478371508568097	-0.2523974918553304	0.3661737724120377	0.478371508568097
109274699	C	T	C	T	109274699:C>T	109274699:C>T	-269	False	False	-0.030000000000000002	0.05656854249492381	2	0.0782	612	111050	88221	0.030000000000000002	C	T	1	0.0125341415405273	0.0125341415405273	0.0125341415405273	1	0.0099296569824218	0.0099296569824218	0.0099296569824218	0.0036693811416625664	0.0017777283986409	-0.0006195008754729666	3.0	3.0	3.0	0.36761215625134125	0.1779309494551452	-0.061930902442495335	0.061930902442495335	0.1779309494551452	0.36761215625134125	0.1612040677546637	0.2024913360496606	0.36761215625134125
109274700	C	A	C	A	109274700:C>A	109274700:C>A	-268	False	False	0.005	0.007071067811865475	2	0.82992	511	91371	68839	0.005	C	A	1	-0.0090532302856445	0.0090532302856445	0.0090532302856445	1	-0.0129756927490234	0.0129756927490234	0.0129756927490234	0.0028692881266275338	0.0031056677301724337	0.0014916261037190334	3.0	3.0	3.0	0.2873408473682838	0.31104953125261137	0.149273913127387	0.149273913127387	0.31104953125261137	0.2873408473682838	0.24922143058276072	0.24922143058276072	0.31104953125261137
109274700	C	G	C	G	109274700:C>G	109274700:C>G	-268	False	False	-0.09000000000000001	0.07071067811865477	2	0.25372	65	19025	16701	0.09000000000000001	C	G	1	-0.0068845748901367	0.0068845748901367	0.0068845748901367	1	-0.0114870071411132	0.0114870071411132	0.0114870071411132	-0.005656798680623333	-0.0034796918431917335	-0.00024121999740600052	3.0	3.0	3.0	-0.5640829121350254	-0.3473644731591665	-0.024119090620160002	0.024119090620160002	0.3473644731591665	0.5640829121350254	-0.3118554919714506	0.3118554919714506	0.5640829121350254
109274700	C	T	C	T	109274700:C>T	109274700:C>T	-268	False	False	-0.04	0.042426406871192854	2	0.24633	412	110318	95212	0.04	C	T	1	0.0145635604858398	0.0145635604858398	0.0145635604858398	1	0.0102968215942382	0.0102968215942382	0.0102968215942382	0.009202321370442634	0.007682576775550801	0.0011853377024332332	3.0	3.0	3.0	0.9244792908692832	0.7712163487369715	0.11860404928215217	0.11860404928215217	0.7712163487369715	0.9244792908692832	0.6047665629628023	0.6047665629628023	0.9244792908692832
109274701	T	A	T	A	109274701:T>A	109274701:T>A	-267	False	False	0.07500000000000001	0.007071067811865477	2	0.02657	545	106138	85645	0.07500000000000001	T	A	1	-0.0040349960327148	0.0040349960327148	0.0040349960327148	1	0.0	0.0	0.0	-0.0029118061065673668	-0.0005309532086054	0.0008687078952788668	3.0	3.0	3.0	-0.29075709108530934	-0.05308122778941771	0.08690853312684889	0.08690853312684889	0.05308122778941771	0.29075709108530934	-0.08564326191595939	0.1435822840005253	0.29075709108530934
109274701	T	C	T	C	109274701:T>C	109274701:T>C	-267	False	False	-0.015	0.03535533905932738	2	0.14145	1142	224632	200067	0.015	T	C	1	-0.0174837112426757	0.0174837112426757	0.0174837112426757	1	-0.0040655136108398	0.0040655136108398	0.0040655136108398	-0.011110822359720801	-0.006174142162005067	0.0005075335502624144	3.0	3.0	3.0	-1.1049325145236568	-0.6155121312229617	0.05076623672067873	0.05076623672067873	0.6155121312229617	1.1049325145236568	-0.5565594696753132	0.590403627489099	1.1049325145236568
109274701	T	G	T	G	109274701:T>G	109274701:T>G	-267	False	False	-0.155	0.04949747468305833	2	0.02901	131	25413	21581	0.155	T	G	1	-0.0148067474365234	0.0148067474365234	0.0148067474365234	1	-0.0144662857055664	0.0144662857055664	0.0144662857055664	-0.012139995892842566	-0.007617036501566533	-0.0011335512002308666	3.0	3.0	3.0	-1.2066603437621222	-0.7588100394771713	-0.11329089737575453	0.11329089737575453	0.7588100394771713	1.2066603437621222	-0.6929204268716825	0.6929204268716825	1.2066603437621222
109274702	G	A	G	A	109274702:G>A	109274702:G>A	-266	False	False	-0.005	0.021213203435596427	2	0.67106	648	115372	85480	0.005	G	A	1	0.0039825439453125	0.0039825439453125	0.0039825439453125	1	0.0113945007324218	0.0113945007324218	0.0113945007324218	-0.0040861765543619335	-0.0022386610507964667	-0.0019216040770212335	3.0	3.0	3.0	-0.4077839494377256	-0.22361571179804365	-0.19197589779460195	0.19197589779460195	0.22361571179804365	0.4077839494377256	-0.2744585196767904	0.2744585196767904	0.4077839494377256
109274702	G	C	G	C	109274702:G>C	109274702:G>C	-266	False	False	0.25	0.04242640687119286	2	0.01111	40	6655	9011	0.25	G	C	1	-0.000497817993164	0.000497817993164	0.000497817993164	1	0.0040531158447265	0.0040531158447265	0.0040531158447265	-0.0014394124348958333	0.0017274022102355333	0.0012979904810587334	3.0	3.0	3.0	-0.14383769776932126	0.17288950288758206	0.12988332352927404	0.12988332352927404	0.17288950288758206	0.14383769776932126	0.05297837621584495	0.1488701747287258	0.17288950288758206
109274702	G	T	G	T	109274702:G>T	109274702:G>T	-266	False	False	0.06999999999999999	0.07071067811865475	2	0.09076	192	32218	30948	0.06999999999999999	G	T	1	0.033757209777832	0.033757209777832	0.033757209777832	1	0.0257863998413085	0.0257863998413085	0.0257863998413085	0.0120951334635416	0.008418751259644766	-0.0010054707527160332	3.0	3.0	3.0	1.2168575388234613	0.84542886027108	-0.10049654363732072	0.10049654363732072	0.84542886027108	1.2168575388234613	0.6539299518190735	0.7209276475772873	1.2168575388234613
109274703	G	A	G	A	109274703:G>A	109274703:G>A	-265	False	False	-0.01	0.0	2	0.74149	552	120049	99514	0.01	G	A	1	-0.0025634765625	0.0025634765625	0.0025634765625	1	0.0106630325317382	0.0106630325317382	0.0106630325317382	0.001209576924641933	-0.0008076305190721666	-0.00036029020945229463	3.0	3.0	3.0	0.12103087578500217	-0.08073044733252373	-0.03602253127288997	0.03602253127288997	0.08073044733252373	0.12103087578500217	0.0014259657265294906	0.07926128479680529	0.12103087578500217
109274703	G	C	G	C	109274703:G>C	109274703:G>C	-265	False	False	0.08	0.0	2	0.28034	88	16597	16093	0.08	G	C	1	0.0056982040405273	0.0056982040405273	0.0056982040405273	1	-0.0003700256347656	0.0003700256347656	0.0003700256347656	-0.0007299979527791667	-0.004162470499674433	-0.00030254324277243335	3.0	3.0	3.0	-0.07297315690974263	-0.4153819426785119	-0.03024974811806295	0.03024974811806295	0.4153819426785119	0.07297315690974263	-0.1728682825687725	0.1728682825687725	0.4153819426785119
109274703	G	T	G	T	109274703:G>T	109274703:G>T	-265	False	False	-0.034999999999999996	0.07778174593052022	2	0.14778	236	43122	33600	0.034999999999999996	G	T	1	-0.0021305084228515	0.0021305084228515	0.0021305084228515	1	-0.0062894821166992	0.0062894821166992	0.0062894821166992	0.0003591378529866334	-0.0032003695766130665	0.0013529856999715002	3.0	3.0	3.0	0.03592023507063171	-0.3195253852757106	0.1353901398052567	0.1353901398052567	0.3195253852757106	0.03592023507063171	-0.0494050034666074	0.16361192005053302	0.3195253852757106
109274704	A	C	A	C	109274704:A>C	109274704:A>C	-264	False	False	-0.03	0.1131370849898476	2	0.19031	115	27704	22729	0.03	A	C	1	0.0139417648315429	0.0139417648315429	0.0139417648315429	1	0.0188817977905273	0.0188817977905273	0.0188817977905273	-0.0007174015045165665	-2.6876727740033333e-05	4.280606905616667e-05	3.0	3.0	3.0	-0.0717144233583088	-0.002687636656402208	0.004280698524901352	0.004280698524901352	0.002687636656402208	0.0717144233583088	-0.023373787163269887	0.026227586179870786	0.0717144233583088
109274704	A	G	A	G	109274704:A>G	109274704:A>G	-264	False	False	0.004999999999999999	0.035355339059327376	2	0.24034	1335	267034	231791	0.004999999999999999	A	G	1	0.0553407669067382	0.0553407669067382	0.0553407669067382	1	0.0439786911010742	0.0439786911010742	0.0439786911010742	0.010305563608805267	0.0033357044061024335	-0.0007758537928262667	3.0	3.0	3.0	1.0358848816846984	0.33412740592285123	-0.07755528960946664	0.07755528960946664	0.33412740592285123	1.0358848816846984	0.4308189993326943	0.4825225257390054	1.0358848816846984
109274704	A	T	A	T	109274704:A>T	109274704:A>T	-264	False	False	0.009999999999999998	0.0282842712474619	2	0.44175	678	137325	106584	0.009999999999999998	A	T	1	0.0226478576660156	0.0226478576660156	0.0226478576660156	1	0.0124921798706054	0.0124921798706054	0.0124921798706054	0.0015920797983804997	-0.0017144531011580666	-0.0004934668540954	3.0	3.0	3.0	0.15933478302693999	-0.171298426597629	-0.04933451193521982	0.04933451193521982	0.171298426597629	0.15933478302693999	-0.02043271850196961	0.12665590718659628	0.171298426597629
109274705	C	A	C	A	109274705:C>A	109274705:C>A	-263	False	False	-0.08	0.02828427124746191	2	0.13239	193	36976	22715	0.08	C	A	1	-0.0002727508544921	0.0002727508544921	0.0002727508544921	1	0.0047893524169921	0.0047893524169921	0.0047893524169921	0.00039247671763098903	-0.0039227940142154	-0.0014424224694569669	3.0	3.0	3.0	0.0392553746694972	-0.39151099087810876	-0.1441382678166298	0.1441382678166298	0.39151099087810876	0.0392553746694972	-0.1654646280084138	0.1916348777880786	0.39151099087810876
109274705	C	G	C	G	109274705:C>G	109274705:C>G	-263	False	False	-0.12000000000000001	0.02828427124746191	2	0.07785	164	42187	37928	0.12000000000000001	C	G	1	0.0708656311035156	0.0708656311035156	0.0708656311035156	1	0.0286836624145507	0.0286836624145507	0.0286836624145507	0.0076843897501627	0.0010849609971045999	3.88721625010039e-05	3.0	3.0	3.0	0.7713990445594333	0.10855497802035315	0.003887291803330235	0.003887291803330235	0.10855497802035315	0.7713990445594333	0.2946137714610389	0.2946137714610389	0.7713990445594333
109274705	C	T	C	T	109274705:C>T	109274705:C>T	-263	False	False	-0.09	0.0282842712474619	2	0.00175	887	182669	147421	0.09	C	T	1	0.0296688079833984	0.0296688079833984	0.0296688079833984	1	0.015782356262207	0.015782356262207	0.015782356262207	0.005493323008219334	0.0009585221608479332	-0.0005357166131337333	3.0	3.0	3.0	0.5508438973339885	0.09589816900255899	-0.053557314260993104	0.053557314260993104	0.09589816900255899	0.5508438973339885	0.1977282506918515	0.23343312686584686	0.5508438973339885
109274706	C	A	C	A	109274706:C>A	109274706:C>A	-262	False	False	-0.03	0.042426406871192854	2	0.17983	439	89371	65982	0.03	C	A	1	0.066507339477539	0.066507339477539	0.066507339477539	1	0.0230646133422851	0.0230646133422851	0.0230646133422851	0.008332014083862267	0.0025971308350562668	0.0013222197691599002	3.0	3.0	3.0	0.836682191917304	0.2600506300886381	0.13230942871113807	0.13230942871113807	0.2600506300886381	0.836682191917304	0.4096807502390267	0.4096807502390267	0.836682191917304
109274706	C	G	C	G	109274706:C>G	109274706:C>G	-262	False	False	-0.315	0.1202081528017131	2	0.00061	87	23866	26137	0.315	C	G	1	0.0782632827758789	0.0782632827758789	0.0782632827758789	1	0.0197916030883789	0.0197916030883789	0.0197916030883789	0.008590062459309834	-0.0012385174632072	-0.0005392531553903667	3.0	3.0	3.0	0.8627062915363557	-0.12377508169881056	-0.0539107784539305	0.0539107784539305	0.12377508169881056	0.8627062915363557	0.22834014379453818	0.3467973838963656	0.8627062915363557
109274706	C	T	C	T	109274706:C>T	109274706:C>T	-262	False	False	-0.03	0.042426406871192854	2	0.12529	718	151728	125209	0.03	C	T	1	0.0780477523803711	0.0780477523803711	0.0780477523803711	1	0.0330190658569335	0.0330190658569335	0.0330190658569335	0.011946598688761365	0.0038030048211414994	0.00012670954068500002	3.0	3.0	3.0	1.2018244321821627	0.3810245419743826	0.012671756867792117	0.012671756867792117	0.3810245419743826	1.2018244321821627	0.5318402436747792	0.5318402436747792	1.2018244321821627
109274707	C	A	C	A	109274707:C>A	109274707:C>A	-261	False	False	0.015	0.1202081528017131	2	0.03983	333	74825	71867	0.015	C	A	1	0.0206050872802734	0.0206050872802734	0.0206050872802734	1	-0.0003700256347656	0.0003700256347656	0.0003700256347656	0.005307714144388767	0.0021682331959406	0.0005107820034026667	3.0	3.0	3.0	0.532182501354827	0.217058551335359	0.051091247474335875	0.051091247474335875	0.217058551335359	0.532182501354827	0.266777433388174	0.266777433388174	0.532182501354827
109274707	C	G	C	G	109274707:C>G	109274707:C>G	-261	False	False	-0.015	0.06363961030678927	2	0.79521	39	5225	2821	0.015	C	G	1	0.0778160095214843	0.0778160095214843	0.0778160095214843	1	0.0225200653076171	0.0225200653076171	0.0225200653076171	0.010506590207417734	0.0027681390444436998	0.0003261466821034333	3.0	3.0	3.0	1.0561978236126695	0.27719738789637133	0.03261998737151556	0.03261998737151556	0.27719738789637133	1.0561978236126695	0.45533839962685213	0.45533839962685213	1.0561978236126695
109274707	C	T	C	T	109274707:C>T	109274707:C>T	-261	False	False	-0.030000000000000002	0.028284271247461905	2	0.25973	482	110293	92661	0.030000000000000002	C	T	1	0.067051887512207	0.067051887512207	0.067051887512207	1	0.030491828918457	0.030491828918457	0.030491828918457	0.015930096308390266	0.008682889242966932	0.0005178948243458667	3.0	3.0	3.0	1.6057656742446211	0.8720694867232731	0.05180289550246042	0.05180289550246042	0.8720694867232731	1.6057656742446211	0.8432126854901183	0.8432126854901183	1.6057656742446211
109274708	C	A	C	A	109274708:C>A	109274708:C>A	-260	False	False	0.035	0.10606601717798214	2	0.01755	330	89518	76911	0.035	C	A	1	0.0584573745727539	0.0584573745727539	0.0584573745727539	1	0.0275983810424804	0.0275983810424804	0.0275983810424804	0.011624773343404067	0.008657952149709	0.000735441843668607	3.0	3.0	3.0	1.1692603603363803	0.8695540618831845	0.07357123473304893	0.07357123473304893	0.8695540618831845	1.1692603603363803	0.7041285523175379	0.7041285523175379	1.1692603603363803
109274708	C	G	C	G	109274708:C>G	109274708:C>G	-260	False	False	-0.05	0.042426406871192854	2	0.74645	27	5880	5089	0.05	C	G	1	0.0605440139770507	0.0605440139770507	0.0605440139770507	1	0.0225200653076171	0.0225200653076171	0.0225200653076171	0.0093940893809	0.0038010353843370335	-0.00033369660377503553	3.0	3.0	3.0	0.9438352333353096	0.38082684808485257	-0.03336409332558766	0.03336409332558766	0.38082684808485257	0.9438352333353096	0.4304326626981915	0.4526753915819166	0.9438352333353096
109274708	C	T	C	T	109274708:C>T	109274708:C>T	-260	False	False	-0.075	0.07778174593052023	2	0.00147	596	119526	99773	0.075	C	T	1	0.0336313247680664	0.0336313247680664	0.0336313247680664	1	0.0143213272094726	0.0143213272094726	0.0143213272094726	0.008753339449564567	0.0036853229006130997	0.0010126233100890667	3.0	3.0	3.0	0.8791761951901443	0.3692122052845409	0.10131361861752851	0.10131361861752851	0.3692122052845409	0.8791761951901443	0.44990067303073794	0.44990067303073794	0.8791761951901443
109274709	C	A	C	A	109274709:C>A	109274709:C>A	-259	False	False	-0.015	0.14849242404917498	2	0.10699	147	33928	31487	0.015	C	A	1	-0.0037565231323242	0.0037565231323242	0.0037565231323242	1	0.001474380493164	0.001474380493164	0.001474380493164	-0.0007573366165161058	0.0034950748085975335	0.0018987556298573332	3.0	3.0	3.0	-0.07570499095232167	0.3501189704487179	0.19005594077921287	0.19005594077921287	0.3501189704487179	0.07570499095232167	0.1548233067585364	0.2052933007267508	0.3501189704487179
109274709	C	G	C	G	109274709:C>G	109274709:C>G	-259	False	False	0.075	0.10606601717798213	2	0.38979	54	20953	15590	0.075	C	G	1	0.0187358856201171	0.0187358856201171	0.0187358856201171	1	0.0051565170288085	0.0051565170288085	0.0051565170288085	0.0043089389801025	0.0022285332282383666	-8.454918861386666e-05	3.0	3.0	3.0	0.431823580602529	0.22310182540577136	-0.008454561443195114	0.008454561443195114	0.22310182540577136	0.431823580602529	0.21549028152170177	0.22112665581716517	0.431823580602529
109274709	C	T	C	T	109274709:C>T	109274709:C>T	-259	False	False	0.025	0.007071067811865475	2	0.3157	673	152413	150613	0.025	C	T	1	0.0256013870239257	0.0256013870239257	0.0256013870239257	1	0.013956069946289	0.013956069946289	0.013956069946289	0.0010034640630085666	-0.00031936913728706665	0.0011843442916869666	3.0	3.0	3.0	0.10039677015184019	-0.03193181443928043	0.11850459043439017	0.11850459043439017	0.03193181443928043	0.10039677015184019	0.062323182048983315	0.08361105834183692	0.11850459043439017
109274710	A	C	A	C	109274710:A>C	109274710:A>C	-258	False	False	-0.09	0.042426406871192854	2	0.17954	129	24463	18285	0.09	A	C	1	0.0242700576782226	0.0242700576782226	0.0242700576782226	1	-0.0025873184204101	0.0025873184204101	0.0025873184204101	-0.003732403119405033	-0.0013445938626924336	-0.0016905069351195665	3.0	3.0	3.0	-0.37254463607161414	-0.13436903013843413	-0.16890788331228546	0.16890788331228546	0.13436903013843413	0.37254463607161414	-0.22527384984077792	0.22527384984077792	0.37254463607161414
109274710	A	G	A	G	109274710:A>G	109274710:A>G	-258	False	False	-0.025	0.007071067811865473	2	0.24463	1183	235432	188476	0.025	A	G	1	0.0120553970336914	0.0120553970336914	0.0120553970336914	1	0.000737190246582	0.000737190246582	0.000737190246582	-0.0036763747533161673	-0.0017213995258012667	-0.0008141398429869999	3.0	3.0	3.0	-0.3669625161529129	-0.17199187674183478	-0.08138085210652561	0.08138085210652561	0.17199187674183478	0.3669625161529129	-0.20677841500042446	0.20677841500042446	0.3669625161529129
109274710	A	T	A	T	109274710:A>T	109274710:A>T	-258	False	False	0.015	0.06363961030678927	2	0.10767	731	131084	92963	0.015	A	T	1	0.0332660675048828	0.0332660675048828	0.0332660675048828	1	0.0058927536010742	0.0058927536010742	0.0058927536010742	-0.0012451807657877	-0.0004105667273203	-0.0011325677235920668	3.0	3.0	3.0	-0.12444058498881191	-0.041048245633485754	-0.11319266108251896	0.11319266108251896	0.041048245633485754	0.12444058498881191	-0.0928938305682722	0.0928938305682722	0.12444058498881191
109274711	A	C	A	C	109274711:A>C	109274711:A>C	-257	False	False	0.060000000000000005	0.014142135623730954	2	0.43429	129	22025	18369	0.060000000000000005	A	C	1	0.0361051559448242	0.0361051559448242	0.0361051559448242	1	0.0069942474365234	0.0069942474365234	0.0069942474365234	0.004481514294942167	0.0045261532068252	0.0002334415912628	3.0	3.0	3.0	0.4491571298052095	0.4536411709596662	0.023346884087142174	0.023346884087142174	0.4536411709596662	0.4491571298052095	0.3087150616173393	0.3087150616173393	0.4536411709596662
109274711	A	G	A	G	109274711:A>G	109274711:A>G	-257	False	False	-0.010000000000000002	0.09899494936611665	2	0.01647	924	194390	168777	0.010000000000000002	A	G	1	0.0169830322265625	0.0169830322265625	0.0169830322265625	1	-0.0081424713134765	0.0081424713134765	0.0081424713134765	-0.0036751031875610005	-0.0017860233783721666	-0.0003948112328847001	3.0	3.0	3.0	-0.3668358261138178	-0.1784429387727529	-0.03947333051858085	0.03947333051858085	0.1784429387727529	0.3668358261138178	-0.19491736513505054	0.19491736513505054	0.3668358261138178
109274711	A	T	A	T	109274711:A>T	109274711:A>T	-257	False	False	-0.01	0.01414213562373095	2	0.61487	575	116047	107221	0.01	A	T	1	0.0164918899536132	0.0164918899536132	0.0164918899536132	1	-0.0081424713134765	0.0081424713134765	0.0081424713134765	-0.005802591641743934	-0.0020761092503864998	0.0007854302724202333	3.0	3.0	3.0	-0.5785789121959444	-0.20739556262208947	0.07857388035479257	0.07857388035479257	0.20739556262208947	0.5785789121959444	-0.23580019815441378	0.2881827850576088	0.5785789121959444
109274712	A	C	A	C	109274712:A>C	109274712:A>C	-256	False	False	0.07	0.2262741699796952	2	0.01015	118	26747	22343	0.07	A	C	1	0.025125503540039	0.025125503540039	0.025125503540039	1	0.005523681640625	0.005523681640625	0.005523681640625	0.007534225781758566	0.0039578552047411	-0.0008412599563598	3.0	3.0	3.0	0.7562679474784906	0.39656978569324197	-0.08409061964110265	0.08409061964110265	0.39656978569324197	0.7562679474784906	0.3562490378435433	0.41230945093761173	0.7562679474784906
109274712	A	G	A	G	109274712:A>G	109274712:A>G	-256	False	False	0.015000000000000001	0.04949747468305833	2	0.09018	937	185600	155728	0.015000000000000001	A	G	1	0.0254144668579101	0.0254144668579101	0.0254144668579101	1	0.0099296569824218	0.0099296569824218	0.0099296569824218	0.006300568580627366	0.0031108185648917666	-7.63138135274e-05	3.0	3.0	3.0	0.6320458914375324	0.3115662182199531	-0.007631090170240375	0.007631090170240375	0.3115662182199531	0.6320458914375324	0.31199367316241505	0.317081066609242	0.6320458914375324
109274712	A	T	A	T	109274712:A>T	109274712:A>T	-256	False	False	0.05	0.07071067811865477	2	0.15762	203	33999	22653	0.05	A	T	1	0.0013046264648437	0.0013046264648437	0.0013046264648437	1	-0.0092573165893554	0.0092573165893554	0.0092573165893554	-0.0031001965204873996	-0.0008902425567308333	-0.00018779436747228497	3.0	3.0	3.0	-0.3095395873518991	-0.08898464083906836	-0.018777673521382137	0.018777673521382137	0.08898464083906836	0.3095395873518991	-0.13910063390411653	0.13910063390411653	0.3095395873518991
109274713	T	A	T	A	109274713:T>A	109274713:T>A	-255	False	False	0.060000000000000005	0.11313708498984762	2	0.0002	511	89796	62147	0.060000000000000005	T	A	1	-0.010293960571289	0.010293960571289	0.010293960571289	1	0.000737190246582	0.000737190246582	0.000737190246582	0.0013228654861449666	0.0015855307380358	0.0010586778322855	3.0	3.0	3.0	0.1323740858649652	0.15867883564728277	0.10592384294749375	0.10592384294749375	0.15867883564728277	0.1323740858649652	0.13232558815324724	0.13232558815324724	0.15867883564728277
109274713	T	C	T	C	109274713:T>C	109274713:T>C	-255	False	False	-0.004999999999999999	0.035355339059327376	2	0.28509	862	159600	145787	0.004999999999999999	T	C	1	0.0162353515625	0.0162353515625	0.0162353515625	1	0.0077295303344726	0.0077295303344726	0.0077295303344726	0.0035616159439086337	-0.0001426537831624136	0.0014525055885314334	3.0	3.0	3.0	0.3567966034597925	-0.014264360859530758	0.14535609857020299	0.14535609857020299	0.014264360859530758	0.3567966034597925	0.16262944705682159	0.17213902096317543	0.3567966034597925
109274713	T	G	T	G	109274713:T>G	109274713:T>G	-255	False	False	0.01	0.0	2	0.8789	67	22767	16554	0.01	T	G	1	0.0231218338012695	0.0231218338012695	0.0231218338012695	1	0.0113945007324218	0.0113945007324218	0.0113945007324218	0.004871686299641867	0.0013726875185966333	0.0002264380455017	3.0	3.0	3.0	0.48835722570564216	0.1373630085342352	0.022646368453110605	0.022646368453110605	0.1373630085342352	0.48835722570564216	0.21612220089766265	0.21612220089766265	0.48835722570564216
109274714	G	A	G	A	109274714:G>A	109274714:G>A	-254	False	False	0.04	0.0	2	0.11806	939	205983	184673	0.04	G	A	1	-0.0075407028198242	0.0075407028198242	0.0075407028198242	1	-0.0036954879760742	0.0036954879760742	0.0036954879760742	-0.005075971285502066	-0.0031137317419052003	-0.0022977888584136334	3.0	3.0	3.0	-0.5063110313100233	-0.31088891067511126	-0.22951509624242	0.22951509624242	0.31088891067511126	0.5063110313100233	-0.34890501274251823	0.34890501274251823	0.5063110313100233
109274714	G	C	G	C	109274714:G>C	109274714:G>C	-254	False	False	-0.07	0.12727922061357858	2	0.03397	188	46345	39646	0.07	G	C	1	-0.0096216201782226	0.0096216201782226	0.0096216201782226	1	-0.0092573165893554	0.0092573165893554	0.0092573165893554	-0.007102807362874267	-0.002570485075314767	-6.049871444702018e-05	3.0	3.0	3.0	-0.7077642043379018	-0.25671842074364976	-0.006049688443669992	0.006049688443669992	0.25671842074364976	0.7077642043379018	-0.3235107711750738	0.3235107711750738	0.7077642043379018
109274714	G	T	G	T	109274714:G>T	109274714:G>T	-254	False	False	0.065	0.021213203435596427	2	0.41833	97	17166	16073	0.065	G	T	1	-0.0371723175048828	0.0371723175048828	0.0371723175048828	1	-0.0204439163208007	0.0204439163208007	0.0204439163208007	-0.009156465530395466	-0.0060230866074561335	-0.0016464293003082	3.0	3.0	3.0	-0.9114672755198246	-0.6004984183705697	-0.16450746791190712	0.16450746791190712	0.6004984183705697	0.9114672755198246	-0.5588243872674338	0.5588243872674338	0.9114672755198246
109274715	C	A	C	A	109274715:C>A	109274715:C>A	-253	False	False	-0.08	0.014142135623730944	2	0.02316	385	78917	60638	0.08	C	A	1	-0.0237159729003906	0.0237159729003906	0.0237159729003906	1	-0.0328502655029296	0.0328502655029296	0.0328502655029296	-0.009070674578348733	-0.008730195462703667	-0.00014475981394446665	3.0	3.0	3.0	-0.9029660112999163	-0.8692197961896615	-0.014474933674816514	0.014474933674816514	0.8692197961896615	0.9029660112999163	-0.5955535803881314	0.5955535803881314	0.9029660112999163
109274715	C	G	C	G	109274715:C>G	109274715:C>G	-253	False	False	0.0	0.07071067811865477	2	0.43388	158	27871	19755	0.0	C	G	1	0.0017948150634765	0.0017948150634765	0.0017948150634765	1	-0.001108169555664	0.001108169555664	0.001108169555664	-0.0021668275197347	-0.0003297900160153529	0.00038378437360123336	3.0	3.0	3.0	-0.21644816436600786	-0.0329735641265602	0.03838580282461428	0.03838580282461428	0.0329735641265602	0.21644816436600786	-0.07034530855598459	0.09593584377239411	0.21644816436600786
109274715	C	T	C	T	109274715:C>T	109274715:C>T	-253	False	False	0.09	0.0282842712474619	2	7e-05	1365	321046	332004	0.09	C	T	1	-0.0095911026000976	0.0095911026000976	0.0095911026000976	1	-0.0111160278320312	0.0111160278320312	0.0111160278320312	-0.008295655250549266	-0.00033272802829736664	-0.00023393829663593331	3.0	3.0	3.0	-0.8261341253785706	-0.03326726804657212	-0.02339109352062872	0.02339109352062872	0.03326726804657212	0.8261341253785706	-0.29426416231525715	0.29426416231525715	0.8261341253785706
109274716	T	A	T	A	109274716:T>A	109274716:T>A	-252	False	False	-0.01	0.01414213562373095	2	0.75124	435	92634	75379	0.01	T	A	1	0.0048694610595703	0.0048694610595703	0.0048694610595703	1	0.0102968215942382	0.0102968215942382	0.0102968215942382	0.0035226345062255335	0.00023274620374042322	-0.00014774998029073332	3.0	3.0	3.0	0.3528846274946382	0.023277329123956445	-0.014773906579994058	0.014773906579994058	0.023277329123956445	0.3528846274946382	0.12046268334620021	0.13031195439952958	0.3528846274946382
109274716	T	C	T	C	109274716:T>C	109274716:T>C	-252	False	False	-0.025	0.007071067811865473	2	0.35916	1138	211215	160351	0.025	T	C	1	-0.0018291473388671	0.0018291473388671	0.0018291473388671	1	0.0044221878051757	0.0044221878051757	0.0044221878051757	-0.0006880362828572332	-0.004808648178974734	-0.0018611749013264331	3.0	3.0	3.0	-0.06877996401699991	-0.4797105139869957	-0.1859443989329621	0.1859443989329621	0.4797105139869957	0.06877996401699991	-0.2448116256456526	0.2448116256456526	0.4797105139869957
109274716	T	G	T	G	109274716:T>G	109274716:T>G	-252	False	False	-0.045	0.021213203435596427	2	0.5007	114	22581	26355	0.045	T	G	1	-0.0069894790649414	0.0069894790649414	0.0069894790649414	1	0.008462905883789	0.008462905883789	0.008462905883789	0.002676328023274667	-0.0013759781916936002	-0.00032298763593035254	3.0	3.0	3.0	0.26799125862275147	-0.1375031967745857	-0.03229354810391501	0.03229354810391501	0.1375031967745857	0.26799125862275147	0.032731504581416916	0.1459293345004174	0.26799125862275147
109274717	G	A	G	A	109274717:G>A	109274717:G>A	-251	False	False	0.015000000000000001	0.04949747468305833	2	0.01401	1341	294168	255168	0.015000000000000001	G	A	1	-0.0121107101440429	0.0121107101440429	0.0121107101440429	1	0.0051565170288085	0.0051565170288085	0.0051565170288085	-0.0010922352472940333	-0.0007205779353777001	-0.0006922185420989334	3.0	3.0	3.0	-0.1091638975485771	-0.07203183814439129	-0.06919790141156791	0.06919790141156791	0.07203183814439129	0.1091638975485771	-0.08346454570151209	0.08346454570151209	0.1091638975485771
109274717	G	C	G	C	109274717:G>C	109274717:G>C	-251	False	False	0.025	0.007071067811865475	2	0.44431	256	65437	56113	0.025	G	C	1	-0.0059165954589843	0.0059165954589843	0.0059165954589843	1	0.0143213272094726	0.0143213272094726	0.0143213272094726	0.0033229986826578337	0.0010794873038927	-0.0014308591683705	3.0	3.0	3.0	0.3328525963466824	0.10800701600220618	-0.142983597746286	0.142983597746286	0.10800701600220618	0.3328525963466824	0.0992920048675342	0.1946144033650582	0.3328525963466824
109274717	G	T	G	T	109274717:G>T	109274717:G>T	-251	False	False	0.020000000000000004	0.1131370849898476	2	0.21975	161	25907	19574	0.020000000000000004	G	T	1	-0.0130796432495117	0.0130796432495117	0.0130796432495117	1	0.0143213272094726	0.0143213272094726	0.0143213272094726	0.0019977490107218	1.0239581267066628e-05	-7.233023643492532e-05	3.0	3.0	3.0	0.19997458407770755	0.0010239633691757825	-0.0072327620666440716	0.0072327620666440716	0.0010239633691757825	0.19997458407770755	0.06458859512674642	0.06941043650450913	0.19997458407770755
109274718	C	A	C	A	109274718:C>A	109274718:C>A	-250	False	False	-0.05499999999999999	0.1767766952966369	2	0.06652	104	17061	11480	0.05499999999999999	C	A	1	-0.010807991027832	0.010807991027832	0.010807991027832	1	0.0117607116699218	0.0117607116699218	0.0117607116699218	-0.0004515250523885	0.0034313201904296667	-3.542502721146668e-05	3.0	3.0	3.0	-0.04514231302927365	0.34372139087044556	-0.003542439975259949	0.003542439975259949	0.34372139087044556	0.04514231302927365	0.098345545955304	0.13080204795832637	0.34372139087044556
109274718	C	G	C	G	109274718:C>G	109274718:C>G	-250	False	False	0.065	0.021213203435596427	2	0.14375	150	47988	45658	0.065	C	G	1	-0.0092277526855468	0.0092277526855468	0.0092277526855468	1	0.0062599182128906	0.0062599182128906	0.0062599182128906	0.003672242164611733	-0.0002487823367119	-0.00018841028213501966	3.0	3.0	3.0	0.3678993107038509	-0.024875139295251023	-0.018839253403247172	0.018839253403247172	0.024875139295251023	0.3678993107038509	0.10806163933511757	0.13720456780078302	0.3678993107038509
109274718	C	T	C	T	109274718:C>T	109274718:C>T	-250	False	False	0.015000000000000001	0.04949747468305833	2	0.01095	1112	234651	225703	0.015000000000000001	C	T	1	-0.0050344467163085	0.0050344467163085	0.0050344467163085	1	0.0088300704956054	0.0088300704956054	0.0088300704956054	-0.0046531756718953	-0.0024687324961026	-0.0006372034549712755	3.0	3.0	3.0	-0.46423664222568484	-0.2465687682159707	-0.06370004839633268	0.06370004839633268	0.2465687682159707	0.46423664222568484	-0.2581684862793294	0.2581684862793294	0.46423664222568484
109274719	A	C	A	C	109274719:A>C	109274719:A>C	-249	False	False	0.030000000000000002	0.028284271247461905	2	0.63608	83	13589	8632	0.030000000000000002	A	C	1	0.0023183822631835	0.0023183822631835	0.0023183822631835	1	0.0190639495849609	0.0190639495849609	0.0190639495849609	-0.0011210044225056666	-0.0009771212935447	0.0005064308643340667	3.0	3.0	3.0	-0.11203763317674494	-0.09766440659826107	0.05065591220945575	0.05065591220945575	0.09766440659826107	0.11203763317674494	-0.05301537585518342	0.08678598399482058	0.11203763317674494
109274719	A	G	A	G	109274719:A>G	109274719:A>G	-249	False	False	-0.015000000000000001	0.04949747468305833	2	0.09046	1286	241692	192846	0.015000000000000001	A	G	1	0.0003461837768554	0.0003461837768554	0.0003461837768554	1	0.0117607116699218	0.0117607116699218	0.0117607116699218	-0.0003674030303954724	-0.00016457339127856665	-0.0005673468112945	3.0	3.0	3.0	-0.03673355461669903	-0.01645598498208729	-0.05671859005245331	0.05671859005245331	0.01645598498208729	0.03673355461669903	-0.036636043217079875	0.036636043217079875	0.05671859005245331
109274719	A	T	A	T	109274719:A>T	109274719:A>T	-249	False	False	0.04	0.0565685424949238	2	0.08131	394	61648	46721	0.04	A	T	1	0.0005102157592773	0.0005102157592773	0.0005102157592773	1	0.020883560180664	0.020883560180664	0.020883560180664	0.0036845207214355	0.0022869234283764664	0.00044869383176166666	3.0	3.0	3.0	0.3691316912247311	0.22895404323424037	0.04487945098963201	0.04487945098963201	0.22895404323424037	0.3691316912247311	0.21432172848286782	0.21432172848286782	0.3691316912247311
109274720	T	A	T	A	109274720:T>A	109274720:T>A	-248	False	False	-0.055	0.03535533905932738	2	0.09111	463	95172	78159	0.055	T	A	1	0.0059280395507812	0.0059280395507812	0.0059280395507812	1	0.0128583908081054	0.0128583908081054	0.0128583908081054	0.004866043726603133	0.0042908961574236	0.00020707647005712476	3.0	3.0	3.0	0.4877902144101566	0.4300115233657085	0.020709791186935646	0.020709791186935646	0.4300115233657085	0.4877902144101566	0.3128371763209336	0.3128371763209336	0.4877902144101566
109274720	T	C	T	C	109274720:T>C	109274720:T>C	-248	False	False	-0.015000000000000001	0.04949747468305833	2	0.07872	1064	207435	177904	0.015000000000000001	T	C	1	0.0039539337158203	0.0039539337158203	0.0039539337158203	1	0.0018434524536132	0.0018434524536132	0.0018434524536132	-0.0021953582763672	-0.0019107659657795666	0.0006084740161895333	3.0	3.0	3.0	-0.21929502398763417	-0.19089416146459254	0.06086591740564016	0.06086591740564016	0.19089416146459254	0.21929502398763417	-0.11644108934886217	0.15701836761928897	0.21929502398763417
109274720	T	G	T	G	109274720:T>G	109274720:T>G	-248	False	False	-0.1	0.09899494936611666	2	0.07622	94	18305	19215	0.1	T	G	1	0.0064449310302734	0.0064449310302734	0.0064449310302734	1	0.0091962814331054	0.0091962814331054	0.0091962814331054	0.0015192031860351	0.00025690098603563336	0.00015793244043986666	3.0	3.0	3.0	0.15203577597986817	0.025693398791995812	0.015794491242430663	0.015794491242430663	0.025693398791995812	0.15203577597986817	0.06450788867143155	0.06450788867143155	0.15203577597986817
109274721	G	A	G	A	109274721:G>A	109274721:G>A	-247	False	False	0.025	0.07778174593052023	2	0.0108	648	129762	114387	0.025	G	A	1	0.0044260025024414	0.0044260025024414	0.0044260025024414	1	0.0161466598510742	0.0161466598510742	0.0161466598510742	0.0037944316864013	0.0040164068341255	0.0008958876132964667	3.0	3.0	3.0	0.38016396561454885	0.4024483405366017	0.08962890404732239	0.08962890404732239	0.4024483405366017	0.38016396561454885	0.29074707006615763	0.29074707006615763	0.4024483405366017
109274721	G	C	G	C	109274721:G>C	109274721:G>C	-247	False	False	0.065	0.04949747468305833	2	0.36777	89	15497	14648	0.065	G	C	1	-0.0124092102050781	0.0124092102050781	0.0124092102050781	1	-0.0211925506591796	0.0211925506591796	0.0211925506591796	-0.0037749608357747003	0.0036684523026148334	-0.002174119154612167	3.0	3.0	3.0	-0.3767844628403114	0.36751893093733845	-0.2171757469401336	0.2171757469401336	0.36751893093733845	0.3767844628403114	-0.07548042628103553	0.32049304690592784	0.3767844628403114
109274721	G	T	G	T	109274721:G>T	109274721:G>T	-247	False	False	-0.065	0.16263455967290594	2	0.11642	80	14143	10831	0.065	G	T	1	-0.0059375762939453	0.0059375762939453	0.0059375762939453	1	-0.0022163391113281	0.0022163391113281	0.0022163391113281	-0.0054202477137247325	-0.0021611352761586	0.0001398225625355722	3.0	3.0	3.0	-0.5405584675480806	-0.2158801704674928	0.013983233816568175	0.013983233816568175	0.2158801704674928	0.5405584675480806	-0.24748513473300174	0.2568072906107139	0.5405584675480806
109274722	A	C	A	C	109274722:A>C	109274722:A>C	-246	False	False	-0.105	0.19091883092036782	2	0.01408	98	26194	18177	0.105	A	C	1	0.0089626312255859	0.0089626312255859	0.0089626312255859	1	-0.0133485794067382	0.0133485794067382	0.0133485794067382	-0.006754875183105433	-0.005269855260848933	-0.0006886025269826	3.0	3.0	3.0	-0.6732112296060607	-0.5255993933366214	-0.06883654946726543	0.06883654946726543	0.5255993933366214	0.6732112296060607	-0.42254905746998256	0.42254905746998256	0.6732112296060607
109274722	A	G	A	G	109274722:A>G	109274722:A>G	-246	False	False	-0.05	0.07071067811865477	2	0.00011	1198	223366	173375	0.05	A	G	1	-0.0016489028930664	0.0016489028930664	0.0016489028930664	1	-0.0100002288818359	0.0100002288818359	0.0100002288818359	-0.0066320101420084335	0.0011981874704360333	-0.0005372961362202334	3.0	3.0	3.0	-0.6610066898814689	0.11989055838260369	-0.053715181849951	0.053715181849951	0.11989055838260369	0.6610066898814689	-0.19827710444960542	0.2782041433713412	0.6610066898814689
109274722	A	T	A	T	109274722:A>T	109274722:A>T	-246	False	False	-0.025	0.03535533905932738	2	0.25476	563	100596	81410	0.025	A	T	1	0.0089921951293945	0.0089921951293945	0.0089921951293945	1	-0.0029573440551757	0.0029573440551757	0.0029573440551757	-0.006665547688802034	-0.0037180694440999995	-0.0006885826587676667	3.0	3.0	3.0	-0.6643382201520478	-0.37111659824047	-0.06883456401341174	0.06883456401341174	0.37111659824047	0.6643382201520478	-0.36809646080197655	0.36809646080197655	0.6643382201520478
109274723	A	C	A	C	109274723:A>C	109274723:A>C	-245	False	False	-0.095	0.06363961030678929	2	0.03518	203	28890	21983	0.095	A	C	1	-0.0100831985473632	0.0100831985473632	0.0100831985473632	1	-0.0178260803222656	0.0178260803222656	0.0178260803222656	-0.0027263561884561666	-0.005470034976800233	-0.000767787297566672	3.0	3.0	3.0	-0.2722643054631315	-0.5455101576624272	-0.07674926243198033	0.07674926243198033	0.5455101576624272	0.2722643054631315	-0.29817457518584634	0.29817457518584634	0.5455101576624272
109274723	A	G	A	G	109274723:A>G	109274723:A>G	-245	False	False	-0.01	0.01414213562373095	2	0.28544	1509	355175	283895	0.01	A	G	1	0.0067148208618164	0.0067148208618164	0.0067148208618164	1	0.0011062622070312	0.0011062622070312	0.0011062622070312	0.00018600622812906667	-0.0010005136330921668	0.0013050933678944332	3.0	3.0	3.0	0.01860235283601517	-0.10000132862090362	0.13059453728522533	0.13059453728522533	0.10000132862090362	0.01860235283601517	0.01639852050011229	0.08306607291404804	0.13059453728522533
109274723	A	T	A	T	109274723:A>T	109274723:A>T	-245	False	False	0.025	0.007071067811865475	2	0.40272	671	117136	95444	0.025	A	T	1	-0.0024890899658203	0.0024890899658203	0.0024890899658203	1	-0.008885383605957	0.008885383605957	0.008885383605957	-0.0022629102071126	-0.004380116860071766	-0.003417442242304433	3.0	3.0	3.0	-0.2260351756022103	-0.43705381386275377	-0.34116094328862706	0.34116094328862706	0.43705381386275377	0.2260351756022103	-0.3347499775845304	0.3347499775845304	0.43705381386275377
109274724	C	A	C	A	109274724:C>A	109274724:C>A	-244	False	False	0.1	0.16970562748477142	2	0.01532	143	21598	12547	0.1	C	A	1	-0.0023078918457031	0.0023078918457031	0.0023078918457031	1	0.0113945007324218	0.0113945007324218	0.0113945007324218	0.0064868529637653995	0.00020287185907363336	0.0022545754909515	3.0	3.0	3.0	0.6507938161989212	0.020289243896090516	0.22571189573935482	0.22571189573935482	0.020289243896090516	0.6507938161989212	0.2989316519447888	0.2989316519447888	0.6507938161989212
109274724	C	G	C	G	109274724:C>G	109274724:C>G	-244	False	False	0.0049999999999999975	0.07778174593052023	2	0.09225	363	82918	65095	0.0049999999999999975	C	G	1	-0.0099964141845703	0.0099964141845703	0.0099964141845703	1	-0.0126047134399414	0.0126047134399414	0.0126047134399414	-0.0027408202489216664	-0.0030913675824800666	-0.0002539753913879	3.0	3.0	3.0	-0.2737067630303828	-0.30865942257153894	-0.025394314236839494	0.025394314236839494	0.30865942257153894	0.2737067630303828	-0.20258683327958713	0.20258683327958713	0.30865942257153894
109274724	C	T	C	T	109274724:C>T	109274724:C>T	-244	False	False	-0.004999999999999999	0.035355339059327376	2	0.17954	942	199471	160793	0.004999999999999999	C	T	1	-0.0017528533935546	0.0017528533935546	0.0017528533935546	1	-0.0018482208251953	0.0018482208251953	0.0018482208251953	-0.009617527325948066	-0.004396958897511133	0.0009749829769134	3.0	3.0	3.0	-0.9571426819348668	-0.43873064260934846	0.09754584273221652	0.09754584273221652	0.43873064260934846	0.9571426819348668	-0.43277582727066627	0.497806389092144	0.9571426819348668
109274725	A	C	A	C	109274725:A>C	109274725:A>C	-243	False	False	-0.125	0.03535533905932737	2	0.07493	137	23103	12113	0.125	A	C	1	-0.0133514404296875	0.0133514404296875	0.0133514404296875	1	-0.0234403610229492	0.0234403610229492	0.0234403610229492	-0.004527131716410266	-0.0101310064395268	-0.0022717316945393665	3.0	3.0	3.0	-0.4516899702003745	-1.0079860658918718	-0.22691532649630164	0.22691532649630164	1.0079860658918718	0.4516899702003745	-0.5621971208628492	0.5621971208628492	1.0079860658918718
109274725	A	G	A	G	109274725:A>G	109274725:A>G	-243	False	False	-0.03	0.042426406871192854	2	0.02744	1239	218767	148886	0.03	A	G	1	0.0040512084960937	0.0040512084960937	0.0040512084960937	1	-0.0051774978637695	0.0051774978637695	0.0051774978637695	-0.0008610089619954034	-0.004732499519983867	0.00042334198951713336	3.0	3.0	3.0	-0.08606384001390753	-0.47213188885284463	0.04234316113836311	0.04234316113836311	0.47213188885284463	0.08606384001390753	-0.17195085590946302	0.2001796300017051	0.47213188885284463
109274725	A	T	A	T	109274725:A>T	109274725:A>T	-243	False	False	-0.035	0.007071067811865479	2	0.1823	609	111330	87238	0.035	A	T	1	0.001784324645996	0.001784324645996	0.001784324645996	1	-0.0029573440551757	0.0029573440551757	0.0029573440551757	-0.002116560935974067	-0.005423121154308233	0.0007302860418954999	3.0	3.0	3.0	-0.21143226003459706	-0.5408442579331911	0.07305527656712589	0.07305527656712589	0.5408442579331911	0.21143226003459706	-0.22640708046688743	0.2751105981783047	0.5408442579331911
109274726	C	A	C	A	109274726:C>A	109274726:C>A	-242	False	False	-0.125	0.12020815280171307	2	0.08794	63	7178	4626	0.125	C	A	1	-0.0164957046508789	0.0164957046508789	0.0164957046508789	1	-0.0155858993530273	0.0155858993530273	0.0155858993530273	-0.006277362505594834	-0.004873774945735866	-0.0007938742637633667	3.0	3.0	3.0	-0.6257701027834875	-0.48619173761549106	-0.07935592289615558	0.07935592289615558	0.48619173761549106	0.6257701027834875	-0.39710592109837806	0.39710592109837806	0.6257701027834875
109274726	C	G	C	G	109274726:C>G	109274726:C>G	-242	False	False	0.015000000000000003	0.07778174593052023	2	0.41154	178	39503	33562	0.015000000000000003	C	G	1	-0.0103120803833007	0.0103120803833007	0.0103120803833007	1	-0.0148391723632812	0.0148391723632812	0.0148391723632812	-0.0037068128585815	-0.0034242098530133	0.000255117813746122	3.0	3.0	3.0	-0.36999511088229814	-0.34183539323285056	0.02551503590631385	0.02551503590631385	0.34183539323285056	0.36999511088229814	-0.22877182273627827	0.24578184667382086	0.36999511088229814
109274726	C	T	C	T	109274726:C>T	109274726:C>T	-242	False	False	-0.015	0.007071067811865475	2	0.19779	1248	292419	253287	0.015	C	T	1	-0.0110206604003906	0.0110206604003906	0.0110206604003906	1	-0.0159587860107421	0.0159587860107421	0.0159587860107421	-0.0089930693308512	-0.0039165616035461	-0.0009937882423400335	3.0	3.0	3.0	-0.8952752630336004	-0.390890187933908	-0.09932945983441346	0.09932945983441346	0.390890187933908	0.8952752630336004	-0.46183163693397394	0.46183163693397394	0.8952752630336004
109274727	A	C	A	C	109274727:A>C	109274727:A>C	-241	False	False	-0.22999999999999998	0.014142135623730954	2	0.02132	74	13298	4485	0.22999999999999998	A	C	1	0.006753921508789	0.006753921508789	0.006753921508789	1	-0.0100002288818359	0.0100002288818359	0.0100002288818359	0.002441803614298467	-0.0074858839313189	-0.0006506343682606666	3.0	3.0	3.0	0.2444787244729488	-0.7457934487784104	-0.06504227516175942	0.06504227516175942	0.7457934487784104	0.2444787244729488	-0.18878566648907366	0.3517714828043728	0.7457934487784104
109274727	A	G	A	G	109274727:A>G	109274727:A>G	-241	False	False	0.06	0.07071067811865475	2	0.00051	1105	230318	206041	0.06	A	G	1	0.0164194107055664	0.0164194107055664	0.0164194107055664	1	0.0091962814331054	0.0091962814331054	0.0091962814331054	0.007015387217203733	0.0017381608486175	-0.0012892087300618	3.0	3.0	3.0	0.7040052691656141	0.17396723257886193	-0.12883780574954218	0.12883780574954218	0.17396723257886193	0.7040052691656141	0.24971156533164462	0.3356034358313394	0.7040052691656141
109274727	A	T	A	T	109274727:A>T	109274727:A>T	-241	False	False	-0.035	0.021213203435596427	2	0.3638	360	72456	69180	0.035	A	T	1	0.0002212524414062	0.0002212524414062	0.0002212524414062	1	0.0011062622070312	0.0011062622070312	0.0011062622070312	-0.0038636525472004663	-0.0034535626570383333	-0.0016765197118122667	3.0	3.0	3.0	-0.3856198245065747	-0.34476059687637284	-0.16751151376819418	0.16751151376819418	0.34476059687637284	0.3856198245065747	-0.29929731171704727	0.29929731171704727	0.3856198245065747
109274728	T	A	T	A	109274728:T>A	109274728:T>A	-240	False	False	0.01	0.01414213562373095	2	0.48597	832	159798	129718	0.01	T	A	1	-0.0086231231689453	0.0086231231689453	0.0086231231689453	1	-0.0092573165893554	0.0092573165893554	0.0092573165893554	-0.0029922723770141	-0.0024088074763615333	0.0018084148565927667	3.0	3.0	3.0	-0.2987799992001811	-0.24059086276890487	0.18100510248812332	0.18100510248812332	0.24059086276890487	0.2987799992001811	-0.11945525316032089	0.24012532148573643	0.2987799992001811
109274728	T	C	T	C	109274728:T>C	109274728:T>C	-240	False	False	0.04	0.0282842712474619	2	0.03217	1080	183167	149807	0.04	T	C	1	0.0255565643310546	0.0255565643310546	0.0255565643310546	1	0.0128583908081054	0.0128583908081054	0.0128583908081054	0.0019746621449788	-0.0015095571676889668	0.0011425515015919332	3.0	3.0	3.0	0.1976613074202895	-0.15084183593718703	0.11432044622155292	0.11432044622155292	0.15084183593718703	0.1976613074202895	0.0537133059015518	0.1542745298596765	0.1976613074202895
109274728	T	G	T	G	109274728:T>G	109274728:T>G	-240	False	False	-0.005000000000000001	0.049497474683058325	2	0.67453	118	21947	16923	0.005000000000000001	T	G	1	0.0277738571166992	0.0277738571166992	0.0277738571166992	1	0.0117607116699218	0.0117607116699218	0.0117607116699218	0.0037404696146646666	0.0014729400475819332	-0.0010084807872771666	3.0	3.0	3.0	0.37474739015183256	0.14740253565734315	-0.10079724414280473	0.10079724414280473	0.14740253565734315	0.37474739015183256	0.1404508938887903	0.20764905665066014	0.37474739015183256
109274729	T	A	T	A	109274729:T>A	109274729:T>A	-239	False	False	-0.045	0.049497474683058325	2	0.06886	527	117360	106545	0.045	T	A	1	0.0146169662475585	0.0146169662475585	0.0146169662475585	1	-0.0129756927490234	0.0129756927490234	0.0129756927490234	-0.0056928793589273675	-0.006204571574926334	-0.00045943260192866665	3.0	3.0	3.0	-0.5676705627485161	-0.6185362968302639	-0.04593270789316629	0.04593270789316629	0.6185362968302639	0.5676705627485161	-0.4107131891573155	0.4107131891573155	0.6185362968302639
109274729	T	C	T	C	109274729:T>C	109274729:T>C	-239	False	False	-0.065	0.007071067811865481	2	0.0069	1311	242496	172966	0.065	T	C	1	0.0184488296508789	0.0184488296508789	0.0184488296508789	1	-0.0129756927490234	0.0129756927490234	0.0129756927490234	0.004869063695271767	-0.003317187229792233	-0.0005392531553904	3.0	3.0	3.0	0.4880936848464197	-0.33116914427644667	-0.053910778453933834	0.053910778453933834	0.33116914427644667	0.4880936848464197	0.03433792070534639	0.2910578691922667	0.4880936848464197
109274729	T	G	T	G	109274729:T>G	109274729:T>G	-239	False	False	-0.005	0.007071067811865475	2	0.90423	130	19798	12740	0.005	T	G	1	0.020115852355957	0.020115852355957	0.020115852355957	1	0.0003681182861328	0.0003681182861328	0.0003681182861328	0.005208969116210867	-0.0025664145747820335	0.0006997883319854667	3.0	3.0	3.0	0.5222559382683867	-0.2563124148365218	0.07000332409650753	0.07000332409650753	0.2563124148365218	0.5222559382683867	0.11198228250945748	0.28285722573380534	0.5222559382683867
109274730	T	A	T	A	109274730:T>A	109274730:T>A	-238	False	False	0.08	0.014142135623730944	2	0.03788	534	95892	95707	0.08	T	A	1	0.0298223495483398	0.0298223495483398	0.0298223495483398	1	0.0011062622070312	0.0011062622070312	0.0011062622070312	0.0042118628819783005	-6.212045749026667e-05	0.0011473894119262333	3.0	3.0	3.0	0.4220745242496578	-0.006211852805459994	0.1148047914986597	0.1148047914986597	0.006211852805459994	0.4220745242496578	0.17688915431428584	0.18103038951792583	0.4220745242496578
109274730	T	C	T	C	109274730:T>C	109274730:T>C	-238	False	False	0.030000000000000002	0.05656854249492381	2	0.00552	1513	294294	235844	0.030000000000000002	T	C	1	0.0340738296508789	0.0340738296508789	0.0340738296508789	1	0.0069942474365234	0.0069942474365234	0.0069942474365234	0.002461194992065367	-0.00044952581326163327	-0.0014124214649200333	3.0	3.0	3.0	0.24642262187630454	-0.04494247916710769	-0.14114244671716666	0.14114244671716666	0.04494247916710769	0.24642262187630454	0.020112565330676725	0.14416918258685962	0.24642262187630454
109274730	T	G	T	G	109274730:T>G	109274730:T>G	-238	False	False	0.27	0.24041630560342614	2	0.0	115	17263	13883	0.27	T	G	1	0.0377578735351562	0.0377578735351562	0.0377578735351562	1	0.0044221878051757	0.0044221878051757	0.0044221878051757	0.0025122960408528	-0.0028390064835548	-6.166100502014179e-05	3.0	3.0	3.0	0.2515454500993034	-0.28349803156547965	-0.006165910401944448	0.006165910401944448	0.28349803156547965	0.2515454500993034	-0.01270616395604024	0.1804031306889092	0.28349803156547965
109274731	T	A	T	A	109274731:T>A	109274731:T>A	-237	False	False	0.04	0.12727922061357858	2	0.01073	434	95420	76509	0.04	T	A	1	0.0207138061523437	0.0207138061523437	0.0207138061523437	1	-0.0007390975952148	0.0007390975952148	0.0007390975952148	-0.0005083084106445	-0.0019145607948303	0.0005879104137420333	3.0	3.0	3.0	-0.05081792438107904	-0.19127291924029535	0.05880832669417323	0.05880832669417323	0.19127291924029535	0.05081792438107904	-0.06109417230906706	0.10029972343851586	0.19127291924029535
109274731	T	C	T	C	109274731:T>C	109274731:T>C	-237	False	False	0.005	0.021213203435596427	2	0.52538	1048	211365	204142	0.005	T	C	1	0.0182838439941406	0.0182838439941406	0.0182838439941406	1	0.0073623657226562	0.0073623657226562	0.0073623657226562	0.0023965438206990336	0.00021110723416010202	-0.0003354648749033	3.0	3.0	3.0	0.2399417827276943	0.02111295188603856	-0.03354086128536427	0.03354086128536427	0.02111295188603856	0.2399417827276943	0.07583795777612286	0.0981985319663657	0.2399417827276943
109274731	T	G	T	G	109274731:T>G	109274731:T>G	-237	False	False	-0.08	0.1131370849898476	2	0.27089	49	12759	10592	0.08	T	G	1	0.0224409103393554	0.0224409103393554	0.0224409103393554	1	-0.0036954879760742	0.0036954879760742	0.0036954879760742	0.0010607242584228002	-0.0012344494462012854	0.0010073383649189666	3.0	3.0	3.0	0.1061287025361595	-0.12336878269094129	0.10078459006154379	0.10078459006154379	0.12336878269094129	0.1061287025361595	0.02784816996892067	0.11009402509621487	0.12336878269094129
109274732	C	A	C	A	109274732:C>A	109274732:C>A	-236	False	False	0.2	0.028284271247461915	2	0.00116	120	25748	22848	0.2	C	A	1	-0.013620376586914	0.013620376586914	0.013620376586914	1	-0.0062894821166992	0.0062894821166992	0.0062894821166992	-0.0029984712600707336	-0.004951873173316267	-6.258487701418419e-06	3.0	3.0	3.0	-0.29939803348800664	-0.49396328618452456	-0.000625846811712512	0.000625846811712512	0.49396328618452456	0.29939803348800664	-0.26466238882808124	0.26466238882808124	0.49396328618452456
109274732	C	G	C	G	109274732:C>G	109274732:C>G	-236	False	False	-0.1	0.0	2	0.06526	112	26382	22727	0.1	C	G	1	-0.0189485549926757	0.0189485549926757	0.0189485549926757	1	-0.0159587860107421	0.0159587860107421	0.0159587860107421	-0.006175359090169234	-0.006036783258120167	-0.0003577768802642334	3.0	3.0	3.0	-0.6156330749317406	-0.6018598492963692	-0.035771288574835455	0.035771288574835455	0.6018598492963692	0.6156330749317406	-0.41775473760098175	0.41775473760098175	0.6156330749317406
109274732	C	T	C	T	109274732:C>T	109274732:C>T	-236	False	False	0.0	0.042426406871192854	2	0.28258	520	118712	107047	0.0	C	T	1	-0.0356864929199218	0.0356864929199218	0.0356864929199218	1	-0.0268211364746093	0.0268211364746093	0.0268211364746093	-0.013683517773946099	-0.0113660333057244	-0.0005884071191151334	3.0	3.0	3.0	-1.359032400175557	-1.1301683978779096	-0.058823404159456694	0.058823404159456694	1.1301683978779096	1.359032400175557	-0.8493414007376411	0.8493414007376411	1.359032400175557
109274733	A	C	A	C	109274733:A>C	109274733:A>C	-235	False	False	0.115	0.021213203435596427	2	0.0981	115	26716	28773	0.115	A	C	1	0.0062484741210937	0.0062484741210937	0.0062484741210937	1	0.0051565170288085	0.0051565170288085	0.0051565170288085	0.002232352892557767	-0.0032092506686845997	0.0014189779758452998	3.0	3.0	3.0	0.2234846447429137	-0.32041065281742104	0.14199852014472422	0.14199852014472422	0.32041065281742104	0.2234846447429137	0.0150241706900723	0.228631272568353	0.32041065281742104
109274733	A	G	A	G	109274733:A>G	109274733:A>G	-235	False	False	-0.04	0.042426406871192854	2	0.00445	1267	247099	198326	0.04	A	G	1	-0.0294437408447265	0.0294437408447265	0.0294437408447265	1	-0.0215673446655273	0.0215673446655273	0.0215673446655273	-0.012699882189432701	-0.013075400143861734	2.2739171981833316e-05	3.0	3.0	3.0	-1.2619578992137357	-1.2990288459690773	0.002273943051876416	0.002273943051876416	1.2990288459690773	1.2619578992137357	-0.8529042673769789	0.8544202294115631	1.2990288459690773
109274733	A	T	A	T	109274733:A>T	109274733:A>T	-235	False	False	-0.030000000000000002	0.09899494936611666	2	0.00671	474	76655	62798	0.030000000000000002	A	T	1	-0.0078907012939453	0.0078907012939453	0.0078907012939453	1	-0.008885383605957	0.008885383605957	0.008885383605957	-0.0018841028213500666	-0.0019393240412075667	-0.0006248950958251333	3.0	3.0	3.0	-0.18823290138161708	-0.19374447673757766	-0.0624699889548006	0.0624699889548006	0.19374447673757766	0.18823290138161708	-0.14814912235799846	0.14814912235799846	0.19374447673757766
109274734	G	A	G	A	109274734:G>A	109274734:G>A	-234	False	False	-0.03	0.07071067811865477	2	0.00213	783	166091	140803	0.03	G	A	1	0.0125246047973632	0.0125246047973632	0.0125246047973632	1	0.0095634460449218	0.0095634460449218	0.0095634460449218	0.0094295740127563	0.0062190343936284	0.0011963546276092332	3.0	3.0	3.0	0.9474172517196535	0.6238412738726882	0.11970705452754066	0.11970705452754066	0.6238412738726882	0.9474172517196535	0.5636551933732942	0.5636551933732942	0.9474172517196535
109274734	G	C	G	C	109274734:G>C	109274734:G>C	-234	False	False	-0.175	0.2757716446627535	2	0.00025	72	7871	4760	0.175	G	C	1	0.0107736587524414	0.0107736587524414	0.0107736587524414	1	0.0044221878051757	0.0044221878051757	0.0044221878051757	0.0021336078643798668	0.0025227690736452334	-0.000377615292867	3.0	3.0	3.0	0.21358856253008074	0.25259539332032965	-0.03775440051856851	0.03775440051856851	0.25259539332032965	0.21358856253008074	0.14280985177728064	0.16797945212299295	0.25259539332032965
109274734	G	T	G	T	109274734:G>T	109274734:G>T	-234	False	False	-0.025	0.007071067811865475	2	0.41263	523	82260	56752	0.025	G	T	1	0.0039873123168945	0.0039873123168945	0.0039873123168945	1	-0.0007390975952148	0.0007390975952148	0.0007390975952148	0.008140842119852667	0.007585863272349	0.0009105602900186667	3.0	3.0	3.0	0.8174068878460354	0.7614708826486576	0.09109749758954923	0.09109749758954923	0.7614708826486576	0.8174068878460354	0.5566584226947474	0.5566584226947474	0.8174068878460354
109274735	G	A	G	A	109274735:G>A	109274735:G>A	-233	False	False	0.005000000000000001	0.06363961030678929	2	0.26261	479	93095	56796	0.005000000000000001	G	A	1	0.0206966400146484	0.0206966400146484	0.0206966400146484	1	0.0203380584716796	0.0203380584716796	0.0203380584716796	0.009180625279744434	0.006726448734601267	0.0008590221405028999	3.0	3.0	3.0	0.9222896479663512	0.6749122099457472	0.08593912056926613	0.08593912056926613	0.6749122099457472	0.9222896479663512	0.5610469928271214	0.5610469928271214	0.9222896479663512
109274735	G	C	G	C	109274735:G>C	109274735:G>C	-233	False	False	0.095	0.10606601717798214	2	0.40173	30	5142	4547	0.095	G	C	1	0.0291366577148437	0.0291366577148437	0.0291366577148437	1	0.0181531906127929	0.0181531906127929	0.0181531906127929	0.0082114140192667	0.005601197481155367	-0.0008699496587116666	3.0	3.0	3.0	0.8245220148051673	0.5616913516938784	-0.08695713622149087	0.08695713622149087	0.5616913516938784	0.8245220148051673	0.4330854100925183	0.4910568342401789	0.8245220148051673
109274735	G	T	G	T	109274735:G>T	109274735:G>T	-233	False	False	0.07500000000000001	0.03535533905932738	2	0.05617	260	41351	40090	0.07500000000000001	G	T	1	0.0221776962280273	0.0221776962280273	0.0221776962280273	1	0.0166940689086914	0.0166940689086914	0.0166940689086914	0.012276848157246866	0.007618474463621734	-0.000866154829661	3.0	3.0	3.0	1.2352518002921173	0.7647568878285143	-0.08657798258447974	0.08657798258447974	0.7647568878285143	1.2352518002921173	0.6378102351787173	0.6955288902350372	1.2352518002921173
109274736	G	A	G	A	109274736:G>A	109274736:G>A	-232	False	False	0.06	0.042426406871192854	2	0.04264	408	73944	56530	0.06	G	A	1	0.0204019546508789	0.0204019546508789	0.0204019546508789	1	0.008462905883789	0.008462905883789	0.008462905883789	0.009139458338419533	0.007911617557207701	0.0021630823612212332	3.0	3.0	3.0	0.9181350715062282	0.7942997103126799	0.21654235116013204	0.21654235116013204	0.7942997103126799	0.9181350715062282	0.6429923776596801	0.6429923776596801	0.9181350715062282
109274736	G	C	G	C	109274736:G>C	109274736:G>C	-232	False	False	0.06	0.28284271247461906	2	0.02352	81	25015	28396	0.06	G	C	1	0.0222768783569335	0.0222768783569335	0.0222768783569335	1	0.0177879333496093	0.0177879333496093	0.0177879333496093	0.006925026575724268	0.0078627467155456	0.0009833574295043334	3.0	3.0	3.0	0.6949060017639519	0.7893739284156289	0.0983841083943484	0.0983841083943484	0.7893739284156289	0.6949060017639519	0.5275546795246431	0.5275546795246431	0.7893739284156289
109274736	G	T	G	T	109274736:G>T	109274736:G>T	-232	False	False	-0.015000000000000001	0.04949747468305833	2	0.25273	407	73965	63362	0.015000000000000001	G	T	1	-0.0392408370971679	0.0392408370971679	0.0392408370971679	1	0.0165119171142578	0.0165119171142578	0.0165119171142578	-0.0026949644088745325	-0.0052965953946113335	0.0085158596436182	3.0	3.0	3.0	-0.26913362522747836	-0.5282593165512686	0.8552222724023254	0.8552222724023254	0.5282593165512686	0.26913362522747836	0.019276443541192827	0.5508717380603575	0.8552222724023254
109274737	G	A	G	A	109274737:G>A	109274737:G>A	-231	False	False	-0.025	0.10606601717798214	2	0.00834	630	118302	102852	0.025	G	A	1	0.0162134170532226	0.0162134170532226	0.0162134170532226	1	0.0077295303344726	0.0077295303344726	0.0077295303344726	0.0066510438919067	0.005773367981115933	0.0005005598068237	3.0	3.0	3.0	0.6673211202333266	0.5790065989153927	0.050068510778980745	0.050068510778980745	0.5790065989153927	0.6673211202333266	0.4321320766425667	0.4321320766425667	0.6673211202333266
109274737	G	C	G	C	109274737:G>C	109274737:G>C	-231	False	False	0.39	0.15556349186104043	2	0.00204	39	8932	6176	0.39	G	C	1	0.0196714401245117	0.0196714401245117	0.0196714401245117	1	0.0161466598510742	0.0161466598510742	0.0161466598510742	0.005714098612467433	0.007028549909591599	-0.0001404384771982667	3.0	3.0	3.0	0.5730455213513785	0.7053308137330467	-0.014042861617695546	0.014042861617695546	0.7053308137330467	0.5730455213513785	0.4214444911555766	0.43080639890070693	0.7053308137330467
109274737	G	T	G	T	109274737:G>T	109274737:G>T	-231	False	False	-0.07500000000000001	0.0919238815542512	2	0.02587	186	36071	25381	0.07500000000000001	G	T	1	0.0068988800048828	0.0068988800048828	0.0068988800048828	1	-0.0081424713134765	0.0081424713134765	0.0081424713134765	-0.0022889375686645	0.0005495920777320334	-0.0002937416235605334	3.0	3.0	3.0	-0.22863199486383795	0.05497431311293023	-0.02936984857137245	0.02936984857137245	0.05497431311293023	0.22863199486383795	-0.06767584344076005	0.10432538551604688	0.22863199486383795
109274738	A	C	A	C	109274738:A>C	109274738:A>C	-230	False	False	-0.07500000000000001	0.27577164466275356	2	0.11815	45	3554	2700	0.07500000000000001	A	C	1	-0.0076284408569335	0.0076284408569335	0.0076284408569335	1	-0.0044364929199218	0.0044364929199218	0.0044364929199218	-0.0058583021163940005	0.00024741391340886665	-0.0017756819725035999	3.0	3.0	3.0	-0.584117572473001	0.024744452275548147	-0.17741063819904007	0.17741063819904007	0.024744452275548147	0.584117572473001	-0.2455945861321643	0.2620908876491964	0.584117572473001
109274738	A	G	A	G	109274738:A>G	109274738:A>G	-230	False	False	-0.004999999999999999	0.035355339059327376	2	0.2884	1270	241681	181990	0.004999999999999999	A	G	1	-0.0170183181762695	0.0170183181762695	0.0170183181762695	1	0.0033168792724609	0.0033168792724609	0.0033168792724609	-0.008816599845886201	-0.0061493664979934	-0.0011762678623199	3.0	3.0	3.0	-0.8777847600770355	-0.6130497840405359	-0.1175576330446752	0.1175576330446752	0.6130497840405359	0.8777847600770355	-0.5361307257207488	0.5361307257207488	0.8777847600770355
109274738	A	T	A	T	109274738:A>T	109274738:A>T	-230	False	False	-0.05	0.02828427124746191	2	0.22508	308	49715	31038	0.05	A	T	1	-0.031045913696289	0.031045913696289	0.031045913696289	1	-0.0189476013183593	0.0189476013183593	0.0189476013183593	-0.009639898935953732	-0.0090618009368578	-0.0010661880175272334	3.0	3.0	3.0	-0.9593584053278912	-0.9020866558459489	-0.10656198410284722	0.10656198410284722	0.9020866558459489	0.9593584053278912	-0.6560023484255625	0.6560023484255625	0.9593584053278912
109274739	G	A	G	A	109274739:G>A	109274739:G>A	-229	False	False	-0.045	0.007071067811865474	2	0.1468	627	111248	79584	0.045	G	A	1	-0.0031232833862304	0.0031232833862304	0.0031232833862304	1	-0.001108169555664	0.001108169555664	0.001108169555664	0.0027755101521809663	0.0036101664106050666	3.634889920556668e-05	3.0	3.0	3.0	0.27793654464610734	0.36166909105086564	0.0036349559834807765	0.0036349559834807765	0.36166909105086564	0.27793654464610734	0.21441353056015125	0.21441353056015125	0.36166909105086564
109274739	G	C	G	C	109274739:G>C	109274739:G>C	-229	False	False	-0.010000000000000002	0.08485281374238571	2	0.27712	184	40599	41946	0.010000000000000002	G	C	1	-0.0092630386352539	0.0092630386352539	0.0092630386352539	1	-0.0044364929199218	0.0044364929199218	0.0044364929199218	-0.005399743715921966	-0.0013570487499236332	-0.00142502784729	3.0	3.0	3.0	-0.5385191304702248	-0.13561283756467968	-0.14240129772371612	0.14240129772371612	0.13561283756467968	0.5385191304702248	-0.2721777552528735	0.2721777552528735	0.5385191304702248
109274739	G	T	G	T	109274739:G>T	109274739:G>T	-229	False	False	-0.025	0.021213203435596427	2	0.59579	160	32128	19557	0.025	G	T	1	-0.0116691589355468	0.0116691589355468	0.0116691589355468	1	0.0025806427001953	0.0025806427001953	0.0025806427001953	-0.004180312156677167	-0.0015218978126843002	-0.0007771551609039	3.0	3.0	3.0	-0.4171586814266101	-0.1520740313481139	-0.07768532540463957	0.07768532540463957	0.1520740313481139	0.4171586814266101	-0.21563934605978785	0.21563934605978785	0.4171586814266101
109274740	C	A	C	A	109274740:C>A	109274740:C>A	-228	False	False	-0.04	0.014142135623730954	2	0.49131	175	24334	18585	0.04	C	A	1	0.0054073333740234	0.0054073333740234	0.0054073333740234	1	-0.0040655136108398	0.0040655136108398	0.0040655136108398	-4.8041343689000046e-05	0.0023495107889175	0.00010159611701963333	3.0	3.0	3.0	-0.0048040189722127775	0.2352273052290023	0.010160127807990981	0.010160127807990981	0.2352273052290023	0.0048040189722127775	0.08019447135492683	0.08339715066973535	0.2352273052290023
109274740	C	G	C	G	109274740:C>G	109274740:C>G	-228	False	False	0.10499999999999998	0.2616295090390226	2	0.00475	95	16297	10348	0.10499999999999998	C	G	1	0.0021181106567382	0.0021181106567382	0.0021181106567382	1	-0.0036954879760742	0.0036954879760742	0.0036954879760742	0.0025419791539509668	0.0012147451440492666	-0.0008746584256489666	3.0	3.0	3.0	0.25452127222677856	0.12154832457699995	-0.08742760234667434	0.08742760234667434	0.12154832457699995	0.25452127222677856	0.09621399815236804	0.1544990663834843	0.25452127222677856
109274740	C	T	C	T	109274740:C>T	109274740:C>T	-228	False	False	-0.01	0.0	2	0.51961	1171	267494	234568	0.01	C	T	1	-0.0070266723632812	0.0070266723632812	0.0070266723632812	1	-0.0014781951904296	0.0014781951904296	0.0014781951904296	-0.0053939024607339995	-0.0012124677499135	-0.0007152756055195667	3.0	3.0	3.0	-0.5379381488822635	-0.12117330078715545	-0.07150198569041907	0.07150198569041907	0.12117330078715545	0.5379381488822635	-0.2435378117866127	0.2435378117866127	0.5379381488822635
109274741	C	A	C	A	109274741:C>A	109274741:C>A	-227	False	False	0.0	0.01414213562373095	2	0.82005	568	99000	67147	0.0	C	A	1	-0.0046815872192382	0.0046815872192382	0.0046815872192382	1	-0.0022163391113281	0.0022163391113281	0.0022163391113281	0.0019686222076415335	0.0041786308089891665	0.0005970497926075666	3.0	3.0	3.0	0.19705612165229594	0.4187373459903305	0.05972280623118577	0.05972280623118577	0.4187373459903305	0.19705612165229594	0.22517209129127072	0.22517209129127072	0.4187373459903305
109274741	C	G	C	G	109274741:C>G	109274741:C>G	-227	False	False	-0.020000000000000004	0.1979898987322333	2	0.06587	60	12952	8956	0.020000000000000004	C	G	1	0.0078992843627929	0.0078992843627929	0.0078992843627929	1	-0.0040655136108398	0.0040655136108398	0.0040655136108398	-0.0043560663859049	0.00045419236024216663	0.003638992706934567	3.0	3.0	3.0	-0.4346592490024322	0.04542955212099344	0.36456218796264167	0.36456218796264167	0.04542955212099344	0.4346592490024322	-0.008222502972932366	0.28155032969535576	0.4346592490024322
109274741	C	T	C	T	109274741:C>T	109274741:C>T	-227	False	False	-0.03	0.01414213562373095	2	0.28151	511	106158	86155	0.03	C	T	1	-0.0034589767456054	0.0034589767456054	0.0034589767456054	1	0.0029478073120117	0.0029478073120117	0.0029478073120117	0.000823656717936184	-0.0006934156020482	0.0025494744380314665	3.0	3.0	3.0	0.08239960162794104	-0.06931752450086019	0.255272711160189	0.255272711160189	0.06931752450086019	0.08239960162794104	0.0894515960957566	0.13566327909633008	0.255272711160189
109274742	T	A	T	A	109274742:T>A	109274742:T>A	-226	False	False	-0.015000000000000003	0.07778174593052023	2	0.0263	582	111224	95463	0.015000000000000003	T	A	1	0.0100297927856445	0.0100297927856445	0.0100297927856445	1	-0.0081424713134765	0.0081424713134765	0.0081424713134765	-0.0028999249140421	-0.003143678108851066	-0.00022989511489866668	3.0	3.0	3.0	-0.2895724193361174	-0.31387419267690114	-0.022986869104168355	0.022986869104168355	0.31387419267690114	0.2895724193361174	-0.20881116037239564	0.20881116037239564	0.31387419267690114
109274742	T	C	T	C	109274742:T>C	109274742:T>C	-226	False	False	-0.015	0.021213203435596427	2	0.19129	1211	224132	166835	0.015	T	C	1	-0.0001039505004882	0.0001039505004882	0.0001039505004882	1	-0.0003700256347656	0.0003700256347656	0.0003700256347656	-0.0007524092992146667	-0.0014073898394902	0.0012895663579304665	3.0	3.0	3.0	-0.07521263103168371	-0.14063999308602929	0.12903982061622882	0.12903982061622882	0.14063999308602929	0.07521263103168371	-0.028937601167161393	0.11496414824464729	0.14063999308602929
109274742	T	G	T	G	109274742:T>G	109274742:T>G	-226	False	False	-0.005	0.021213203435596427	2	0.78335	183	38807	28825	0.005	T	G	1	0.006443977355957	0.006443977355957	0.006443977355957	1	0.0033168792724609	0.0033168792724609	0.0033168792724609	-0.0023448069890339668	-0.002593179543813	-0.0007238090038299	3.0	3.0	3.0	-0.23420600765387192	-0.25898201581971986	-0.07235471172819788	0.07235471172819788	0.25898201581971986	0.23420600765387192	-0.18851424506726322	0.18851424506726322	0.25898201581971986
109274743	G	A	G	A	109274743:G>A	109274743:G>A	-225	False	False	-0.055	0.007071067811865472	2	0.03333	930	192114	156913	0.055	G	A	1	0.000889778137207	0.000889778137207	0.000889778137207	1	-0.008885383605957	0.008885383605957	0.008885383605957	-0.0034836928049722673	-0.0024768387277920665	-0.0012219349543253	3.0	3.0	3.0	-0.3477631787476354	-0.2473773893639152	-0.12211886957997406	0.12211886957997406	0.2473773893639152	0.3477631787476354	-0.23908647923050821	0.23908647923050821	0.3477631787476354
109274743	G	C	G	C	109274743:G>C	109274743:G>C	-225	False	False	0.21000000000000002	0.07071067811865477	2	0.08179	57	5780	2361	0.21000000000000002	G	C	1	0.0208311080932617	0.0208311080932617	0.0208311080932617	1	0.0110282897949218	0.0110282897949218	0.0110282897949218	0.008085648218790634	0.006187058985233266	0.0015072723229725667	3.0	3.0	3.0	0.8118425354255082	0.6206238368933737	0.15084088288365816	0.15084088288365816	0.6206238368933737	0.8118425354255082	0.5277690850675133	0.5277690850675133	0.8118425354255082
109274743	G	T	G	T	109274743:G>T	109274743:G>T	-225	False	False	-0.175	0.3464823227814083	2	0.00087	45	10305	7216	0.175	G	T	1	0.020975112915039	0.020975112915039	0.020975112915039	1	0.0333795547485351	0.0333795547485351	0.0333795547485351	0.0222548643747965	0.01708732297023133	0.0012044111887613666	3.0	3.0	3.0	2.250435119663434	1.7234146354075663	0.12051367831926174	0.12051367831926174	1.7234146354075663	2.250435119663434	1.3647878111300873	1.3647878111300873	2.250435119663434
109274744	T	A	T	A	109274744:T>A	109274744:T>A	-224	False	False	-0.05	0.014142135623730945	2	0.11117	719	173753	156962	0.05	T	A	1	0.0012826919555664	0.0012826919555664	0.0012826919555664	1	0.0124921798706054	0.0124921798706054	0.0124921798706054	0.0016713539759317332	-0.0007799069086709999	-0.0011573731899261334	3.0	3.0	3.0	0.16727514664468238	-0.07796028603261754	-0.11567036918870231	0.11567036918870231	0.07796028603261754	0.16727514664468238	-0.00878516952554582	0.12030193395533406	0.16727514664468238
109274744	T	C	T	C	109274744:T>C	109274744:T>C	-224	False	False	-0.065	0.007071067811865481	2	0.00987	1026	181589	146207	0.065	T	C	1	0.0358915328979492	0.0358915328979492	0.0358915328979492	1	-0.0077724456787109	0.0077724456787109	0.0077724456787109	-0.002768715222676533	-0.0017305314540862857	0.0025599251190821	3.0	3.0	3.0	-0.27648858656327063	-0.17290349479043102	0.2563204525137335	0.2563204525137335	0.17290349479043102	0.27648858656327063	-0.06435720961332272	0.23523751128914502	0.27648858656327063
109274744	T	G	T	G	109274744:T>G	109274744:T>G	-224	False	False	-0.010000000000000002	0.08485281374238571	2	0.21595	138	40208	57950	0.010000000000000002	T	G	1	0.0599393844604492	0.0599393844604492	0.0599393844604492	1	0.07794189453125	0.07794189453125	0.07794189453125	0.029602686564127567	0.01844487090905503	0.0023113985856373334	3.0	3.0	3.0	3.004520184407956	1.8616028245990062	0.23140719266702736	0.23140719266702736	1.8616028245990062	3.004520184407956	1.6991767338913297	1.6991767338913297	3.004520184407956
109274745	G	A	G	A	109274745:G>A	109274745:G>A	-223	False	False	0.030000000000000002	0.028284271247461905	2	0.138	729	127230	103878	0.030000000000000002	G	A	1	-0.0116510391235351	0.0116510391235351	0.0116510391235351	1	-0.0181989669799804	0.0181989669799804	0.0181989669799804	-0.009196003278096434	-0.0075670331716537	-0.0016067723433176	3.0	3.0	3.0	-0.9153849354785084	-0.7538475254445539	-0.16054821757303545	0.16054821757303545	0.7538475254445539	0.9153849354785084	-0.6099268928320326	0.6099268928320326	0.9153849354785084
109274745	G	C	G	C	109274745:G>C	109274745:G>C	-223	False	False	-0.035	0.19091883092036785	2	0.11176	78	10046	7470	0.035	G	C	1	-0.0124530792236328	0.0124530792236328	0.0124530792236328	1	-0.0036954879760742	0.0036954879760742	0.0036954879760742	-0.0022153457005818	-0.0030363574624061337	0.0006418625513712	3.0	3.0	3.0	-0.22128936333550192	-0.303175239114631	0.06420685892189279	0.06420685892189279	0.303175239114631	0.22128936333550192	-0.15341924784274671	0.19622382045734188	0.303175239114631
109274745	G	T	G	T	109274745:G>T	109274745:G>T	-223	False	False	0.065	0.06363961030678927	2	0.38864	65	15140	13477	0.065	G	T	1	0.0019512176513671	0.0019512176513671	0.0019512176513671	1	0.0047893524169921	0.0047893524169921	0.0047893524169921	0.008063038190205866	0.005345731973647999	0.0015446841716765666	3.0	3.0	3.0	0.8095632025520869	0.5360045893575057	0.15458778107910415	0.15458778107910415	0.5360045893575057	0.8095632025520869	0.500051857662899	0.500051857662899	0.8095632025520869
109274746	C	A	C	A	109274746:C>A	109274746:C>A	-222	False	False	-0.11	0.05656854249492379	2	0.02096	267	109982	50674	0.11	C	A	1	0.0114612579345703	0.0114612579345703	0.0114612579345703	1	0.0095634460449218	0.0095634460449218	0.0095634460449218	0.011425256729125933	0.009351703027884099	-0.00031074881553646666	3.0	3.0	3.0	1.1490774255226246	0.9395566829770439	-0.03107005381241337	0.03107005381241337	0.9395566829770439	1.1490774255226246	0.6858546848957516	0.7065680541040272	1.1490774255226246
109274746	C	G	C	G	109274746:C>G	109274746:C>G	-222	False	False	0.105	0.14849242404917498	2	0.00047	148	27446	28366	0.105	C	G	1	0.0446252822875976	0.0446252822875976	0.0446252822875976	1	0.0518321990966796	0.0518321990966796	0.0518321990966796	0.027937094370524065	0.016191524763902	0.0018216967582702333	3.0	3.0	3.0	2.8330994578245163	1.6323317850532804	0.18233570558429454	0.18233570558429454	1.6323317850532804	2.8330994578245163	1.5492556494873637	1.5492556494873637	2.8330994578245163
109274746	C	T	C	T	109274746:C>T	109274746:C>T	-222	False	False	0.0	0.01414213562373095	2	0.52033	1239	293315	275243	0.0	C	T	1	0.0230016708374023	0.0230016708374023	0.0230016708374023	1	0.0137739181518554	0.0137739181518554	0.0137739181518554	0.0095849434534708	0.007959035535653367	0.0010456740856170002	3.0	3.0	3.0	0.9631026139610523	0.7990792855617921	0.10462209933761435	0.10462209933761435	0.7990792855617921	0.9631026139610523	0.6222679996201529	0.6222679996201529	0.9631026139610523
109274747	C	A	C	A	109274747:C>A	109274747:C>A	-221	False	False	0.035	0.04949747468305833	2	0.11036	273	60561	52138	0.035	C	A	1	0.0285711288452148	0.0285711288452148	0.0285711288452148	1	0.0033168792724609	0.0033168792724609	0.0033168792724609	0.007881402969360332	0.0061907817920048664	0.00015832980473833334	3.0	3.0	3.0	0.791254298097738	0.6209984287304224	0.01583423395634043	0.01583423395634043	0.6209984287304224	0.791254298097738	0.4760289869281669	0.4760289869281669	0.791254298097738
109274747	C	G	C	G	109274747:C>G	109274747:C>G	-221	False	False	-0.36	0.33941125496954283	2	0.00013	42	4479	2426	0.36	C	G	1	0.0288810729980468	0.0288810729980468	0.0288810729980468	1	0.0123100280761718	0.0123100280761718	0.0123100280761718	0.008514722188313766	0.004586982230345367	-0.0008734166622161333	3.0	3.0	3.0	0.8551075541600155	0.4597518537126892	-0.08730353449075917	0.08730353449075917	0.4597518537126892	0.8551075541600155	0.4091852911273152	0.46738764745448796	0.8551075541600155
109274747	C	T	C	T	109274747:C>T	109274747:C>T	-221	False	False	-0.005000000000000001	0.049497474683058325	2	0.28512	773	158859	143675	0.005000000000000001	C	T	1	0.0325450897216796	0.0325450897216796	0.0325450897216796	1	0.0196094512939453	0.0196094512939453	0.0196094512939453	0.013582746187845801	0.0108566333850224	-0.0010952850182850667	3.0	3.0	3.0	1.3675410755971753	1.0915780481573423	-0.1094685412582454	0.1094685412582454	1.0915780481573423	1.3675410755971753	0.7832168608320907	0.8561958883375876	1.3675410755971753
109274748	C	A	C	A	109274748:C>A	109274748:C>A	-220	False	False	-0.005	0.007071067811865475	2	0.87142	388	77669	59728	0.005	C	A	1	0.0109319686889648	0.0109319686889648	0.0109319686889648	1	-0.0077724456787109	0.0077724456787109	0.0077724456787109	0.007405161857604933	0.004355832934379533	-0.00043109059333799497	3.0	3.0	3.0	0.7432647872916042	0.4365333363741497	-0.043099768713897174	0.043099768713897174	0.4365333363741497	0.7432647872916042	0.37889945165061895	0.40763263079321704	0.7432647872916042
109274748	C	G	C	G	109274748:C>G	109274748:C>G	-220	False	False	0.015	0.007071067811865475	2	0.79929	120	25233	24705	0.015	C	G	1	0.0468616485595703	0.0468616485595703	0.0468616485595703	1	0.032658576965332	0.032658576965332	0.032658576965332	0.0188801288604736	0.013724808891614199	0.0017431974411010335	3.0	3.0	3.0	1.905948547386774	1.381942645495487	0.17447176929984315	0.17447176929984315	1.381942645495487	1.905948547386774	1.1541209873940348	1.1541209873940348	1.905948547386774
109274748	C	T	C	T	109274748:C>T	109274748:C>T	-220	False	False	0.009999999999999998	0.0282842712474619	2	0.38909	676	180636	162219	0.009999999999999998	C	T	1	0.0326442718505859	0.0326442718505859	0.0326442718505859	1	0.0290451049804687	0.0290451049804687	0.0290451049804687	0.02260263760884597	0.014081659416357634	0.0016881724198658666	3.0	3.0	3.0	2.286001268286763	1.4181273008006712	0.1689598185125111	0.1689598185125111	1.4181273008006712	2.286001268286763	1.2910294625333152	1.2910294625333152	2.286001268286763
109274749	C	A	C	A	109274749:C>A	109274749:C>A	-219	False	False	0.030000000000000002	0.028284271247461905	2	0.32165	394	82678	64289	0.030000000000000002	C	A	1	0.0082225799560546	0.0082225799560546	0.0082225799560546	1	0.0003681182861328	0.0003681182861328	0.0003681182861328	0.0075477361679077	0.005523030956586134	0.0012411475181579	3.0	3.0	3.0	0.7576292127609957	0.553831100984355	0.12419180604914086	0.12419180604914086	0.553831100984355	0.7576292127609957	0.4785507065981638	0.4785507065981638	0.7576292127609957
109274749	C	G	C	G	109274749:C>G	109274749:C>G	-219	False	False	0.09	0.18384776310850237	2	0.00574	100	32952	27788	0.09	C	G	1	0.0255441665649414	0.0255441665649414	0.0255441665649414	1	0.0097465515136718	0.0097465515136718	0.0097465515136718	0.012007832527160566	0.008768034478028567	0.0023608108361562	3.0	3.0	3.0	1.2080215980813385	0.8806586284479303	0.23635997443212892	0.23635997443212892	0.8806586284479303	1.2080215980813385	0.775013400320466	0.775013400320466	1.2080215980813385
109274749	C	T	C	T	109274749:C>T	109274749:C>T	-219	False	False	-0.02	0.0	2	0.42113	813	205654	199785	0.02	C	T	1	0.017679214477539	0.017679214477539	0.017679214477539	1	0.0135908126831054	0.0135908126831054	0.0135908126831054	0.009753028551737432	0.006135846177736866	0.0009081065654754	3.0	3.0	3.0	0.9800744333002268	0.6154709042038484	0.09085190190836909	0.09085190190836909	0.6154709042038484	0.9800744333002268	0.5621324131374815	0.5621324131374815	0.9800744333002268
109274750	C	A	C	A	109274750:C>A	109274750:C>A	-218	False	False	0.03	0.0	2	0.62634	211	41314	35048	0.03	C	A	1	0.014235496520996	0.014235496520996	0.014235496520996	1	0.0137739181518554	0.0137739181518554	0.0137739181518554	0.011665741602579735	0.004647778968016233	0.0015649795532226	3.0	3.0	3.0	1.173405173717748	0.4658596645582252	0.15662047727880957	0.15662047727880957	0.4658596645582252	1.173405173717748	0.5986284385182609	0.5986284385182609	1.173405173717748
109274750	C	G	C	G	109274750:C>G	109274750:C>G	-218	False	False	-0.075	0.049497474683058325	2	0.06372	119	31704	28487	0.075	C	G	1	0.008279800415039	0.008279800415039	0.008279800415039	1	0.0110282897949218	0.0110282897949218	0.0110282897949218	0.0026200215021768667	0.0026895329356193	-0.00028151273727416667	3.0	3.0	3.0	0.2623456758005695	0.2693152974001828	-0.028147311628156813	0.028147311628156813	0.2693152974001828	0.2623456758005695	0.16783788719086515	0.18660276160963638	0.2693152974001828
109274750	C	T	C	T	109274750:C>T	109274750:C>T	-218	False	False	0.009999999999999998	0.0282842712474619	2	0.29516	513	136139	130906	0.009999999999999998	C	T	1	0.0207958221435546	0.0207958221435546	0.0207958221435546	1	0.013956069946289	0.013956069946289	0.013956069946289	0.007473111152648901	0.002232429881890567	0.0012785593668619333	3.0	3.0	3.0	0.7501104536907974	0.2234923608824244	0.12793770723470968	0.12793770723470968	0.2234923608824244	0.7501104536907974	0.3671801739359772	0.3671801739359772	0.7501104536907974
109274751	A	C	A	C	109274751:A>C	109274751:A>C	-217	False	False	0.005	0.007071067811865475	2	0.94616	156	35329	31516	0.005	A	C	1	-0.0121269226074218	0.0121269226074218	0.0121269226074218	1	-0.0122318267822265	0.0122318267822265	0.0122318267822265	-0.010105570157368933	-0.0095148769517739	-0.0012624661127726	3.0	3.0	3.0	-1.00546804506966	-0.9469753737418214	-0.1261669537681267	0.1261669537681267	0.9469753737418214	1.00546804506966	-0.6928701241932028	0.6928701241932028	1.00546804506966
109274751	A	G	A	G	109274751:A>G	109274751:A>G	-217	False	False	0.015	0.021213203435596427	2	0.28706	1217	249061	235748	0.015	A	G	1	-0.003946304321289	0.003946304321289	0.003946304321289	1	0.0011062622070312	0.0011062622070312	0.0011062622070312	-0.0023047129313150667	0.0007639278968174811	-0.0011068582534789666	3.0	3.0	3.0	-0.230205911961673	0.0764219764050358	-0.11062459118282934	0.11062459118282934	0.0764219764050358	0.230205911961673	-0.08813617557982219	0.13908415984984604	0.230205911961673
109274751	A	T	A	T	109274751:A>T	109274751:A>T	-217	False	False	-0.08	0.042426406871192854	2	0.01406	558	107784	73491	0.08	A	T	1	0.0560569763183593	0.0560569763183593	0.0560569763183593	1	-0.0249414443969726	0.0249414443969726	0.0249414443969726	-0.0010344584782918333	-0.0024710968136787003	0.0024123241504033	3.0	3.0	3.0	-0.10339236105688931	-0.24680461672789783	0.24152361453944315	0.24152361453944315	0.24680461672789783	0.10339236105688931	-0.03622445441511466	0.1972401974414101	0.24680461672789783
109274752	G	A	G	A	109274752:G>A	109274752:G>A	-216	False	False	0.039999999999999994	0.1131370849898476	2	0.00024	538	106643	97557	0.039999999999999994	G	A	1	0.005101203918457	0.005101203918457	0.005101203918457	1	0.0077295303344726	0.0077295303344726	0.0077295303344726	0.004363735516865999	0.0036810090144474665	0.0003408094247181667	3.0	3.0	3.0	0.43732704749967477	0.36877922486246784	0.03408675068482801	0.03408675068482801	0.36877922486246784	0.43732704749967477	0.28006434101565686	0.28006434101565686	0.43732704749967477
109274752	G	C	G	C	109274752:G>C	109274752:G>C	-216	False	False	-0.165	0.1202081528017131	2	0.03981	66	12014	8342	0.165	G	C	1	-0.0069026947021484	0.0069026947021484	0.0069026947021484	1	-0.0092573165893554	0.0092573165893554	0.0092573165893554	-0.005936861038207966	-0.0020217597484588	-0.0004707972208658334	3.0	3.0	3.0	-0.5919272702429568	-0.20197173688507147	-0.04706864132442349	0.04706864132442349	0.20197173688507147	0.5919272702429568	-0.2803225494841506	0.2803225494841506	0.5919272702429568
109274752	G	T	G	T	109274752:G>T	109274752:G>T	-216	False	False	0.004999999999999999	0.035355339059327376	2	0.4844	510	75973	55031	0.004999999999999999	G	T	1	-0.0039339065551757	0.0039339065551757	0.0039339065551757	1	-0.008885383605957	0.008885383605957	0.008885383605957	-0.00025554498036703334	-0.001049334804217	0.0009414354960123333	3.0	3.0	3.0	-0.025551233152967937	-0.10487844449718652	0.09418787855074837	0.09418787855074837	0.10487844449718652	0.025551233152967937	-0.012080599699802028	0.07487251873363426	0.10487844449718652
109274753	G	A	G	A	109274753:G>A	109274753:G>A	-215	False	False	-0.07500000000000001	0.007071067811865467	2	0.01157	669	145830	129049	0.07500000000000001	G	A	1	-0.014474868774414	0.014474868774414	0.014474868774414	1	-0.0055475234985351	0.0055475234985351	0.0055475234985351	-0.009755531946818	-0.009901278962691567	-0.0025276144345601002	3.0	3.0	3.0	-0.97081011080306	-0.9852422679663202	-0.2524422706913825	0.2524422706913825	0.9852422679663202	0.97081011080306	-0.7361648831535875	0.7361648831535875	0.9852422679663202
109274753	G	C	G	C	109274753:G>C	109274753:G>C	-215	False	False	0.07	0.08485281374238571	2	0.25079	41	9854	5624	0.07	G	C	1	-0.0028467178344726	0.0028467178344726	0.0028467178344726	1	0.0036859512329101	0.0036859512329101	0.0036859512329101	-0.006323059399922633	-0.0043595321476459	-0.0003237227598825667	3.0	3.0	3.0	-0.6303110927106486	-0.4350043181531726	-0.032367036732364074	0.032367036732364074	0.4350043181531726	0.6303110927106486	-0.3658941491987284	0.3658941491987284	0.6303110927106486
109274753	G	T	G	T	109274753:G>T	109274753:G>T	-215	False	False	0.02	0.08485281374238571	2	0.23154	206	33849	30167	0.02	G	T	1	-0.0250587463378906	0.0250587463378906	0.0250587463378906	1	-0.0189476013183593	0.0189476013183593	0.0189476013183593	-0.011060357093811	-0.006460564831892599	-3.0328830083218228e-05	3.0	3.0	3.0	-1.0999416227135526	-0.643974025323313	-0.0030328370168900684	0.0030328370168900684	0.643974025323313	1.0999416227135526	-0.5823161616845852	0.5823161616845852	1.0999416227135526
109274754	C	A	C	A	109274754:C>A	109274754:C>A	-214	False	False	0.0	0.12727922061357855	2	0.188	185	25147	14507	0.0	C	A	1	0.0095405578613281	0.0095405578613281	0.0095405578613281	1	0.0022125244140625	0.0022125244140625	0.0022125244140625	0.005446195602416933	0.0021118968725204	0.00045217076937353336	3.0	3.0	3.0	0.54610530856944	0.21141284974311847	0.045227301398596556	0.045227301398596556	0.21141284974311847	0.54610530856944	0.2675818199037183	0.2675818199037183	0.54610530856944
109274754	C	G	C	G	109274754:C>G	109274754:C>G	-214	False	False	-0.015	0.06363961030678927	2	0.19581	186	48926	40201	0.015	C	G	1	0.0067625045776367	0.0067625045776367	0.0067625045776367	1	0.0058927536010742	0.0058927536010742	0.0058927536010742	0.0024967988332112332	0.00010800113280612666	0.0006448725859323666	3.0	3.0	3.0	0.2499918431213913	0.010800696513843463	0.0645080560961806	0.0645080560961806	0.010800696513843463	0.2499918431213913	0.10843353191047178	0.10843353191047178	0.2499918431213913
109274754	C	T	C	T	109274754:C>T	109274754:C>T	-214	False	False	0.06	0.0	2	0.0056	1160	254128	214989	0.06	C	T	1	-0.0117654800415039	0.0117654800415039	0.0117654800415039	1	-0.0029573440551757	0.0029573440551757	0.0029573440551757	0.011084516843159933	0.006810642778873399	-0.0011255244414011335	3.0	3.0	3.0	1.1146177716377614	0.6833887947954173	-0.11248912763369018	0.11248912763369018	0.6833887947954173	1.1146177716377614	0.5618391462664961	0.6368318980222897	1.1146177716377614
109274755	G	A	G	A	109274755:G>A	109274755:G>A	-213	False	False	0.1	0.08485281374238571	2	0.0	810	159599	156859	0.1	G	A	1	0.016615867614746	0.016615867614746	0.016615867614746	1	0.0040531158447265	0.0040531158447265	0.0040531158447265	0.0006548563639322667	0.00025575359662373333	-0.0002652406692504508	3.0	3.0	3.0	0.06550708291730457	0.02557863043631409	-0.02652054960539947	0.02652054960539947	0.02557863043631409	0.06550708291730457	0.021521721249406395	0.03920208765300604	0.06550708291730457
109274755	G	C	G	C	109274755:G>C	109274755:G>C	-213	False	False	-0.015	0.1202081528017131	2	0.42206	44	10011	12265	0.015	G	C	1	0.0316448211669921	0.0316448211669921	0.0316448211669921	1	0.0073623657226562	0.0073623657226562	0.0073623657226562	0.0073796908060709335	0.0017972886562346666	0.002195139726002933	3.0	3.0	3.0	0.7406987830820552	0.17989047475407444	0.2197550809109935	0.2197550809109935	0.17989047475407444	0.7406987830820552	0.38011477958237433	0.38011477958237433	0.7406987830820552
109274755	G	T	G	T	109274755:G>T	109274755:G>T	-213	False	False	0.10500000000000001	0.007071067811865477	2	0.02117	270	51430	56387	0.10500000000000001	G	T	1	0.0221776962280273	0.0221776962280273	0.0221776962280273	1	0.006627082824707	0.006627082824707	0.006627082824707	0.004538655281066867	0.0020577112833658	-7.605552673336667e-05	3.0	3.0	3.0	0.45489705769000954	0.20598298240944907	-0.007605263458511507	0.007605263458511507	0.20598298240944907	0.45489705769000954	0.21775825888031572	0.22282843451932335	0.45489705769000954
109274756	G	A	G	A	109274756:G>A	109274756:G>A	-212	False	False	0.010000000000000002	0.1414213562373095	2	0.00067	538	117532	94956	0.010000000000000002	G	A	1	0.008310317993164	0.008310317993164	0.008310317993164	1	0.0011062622070312	0.0011062622070312	0.0011062622070312	0.00019979476928706658	-0.0030706400672594336	-0.0031850039958953667	3.0	3.0	3.0	0.019981472959128315	-0.3065930473770173	-0.3179937251296458	0.3179937251296458	0.3065930473770173	0.019981472959128315	-0.20153509984917828	0.2148560818219305	0.3179937251296458
109274756	G	C	G	C	109274756:G>C	109274756:G>C	-212	False	False	0.095	0.19091883092036785	2	0.0417	67	9451	7678	0.095	G	C	1	0.0617427825927734	0.0617427825927734	0.0617427825927734	1	0.0181531906127929	0.0181531906127929	0.0181531906127929	0.013725876808166467	0.009204357862472501	1.8229087193799992e-05	3.0	3.0	3.0	1.3820509130079495	0.9246848229762596	0.0018229253344619542	0.0018229253344619542	0.9246848229762596	1.3820509130079495	0.7695195537728904	0.7695195537728904	1.3820509130079495
109274756	G	T	G	T	109274756:G>T	109274756:G>T	-212	False	False	0.125	0.13435028842544403	2	0.00032	269	58061	45764	0.125	G	T	1	0.0479888916015625	0.0479888916015625	0.0479888916015625	1	0.0123100280761718	0.0123100280761718	0.0123100280761718	0.0163049697875976	0.007165580987930267	0.0006670951843261359	3.0	3.0	3.0	1.6438621213581466	0.7191315193500959	0.06673177418048676	0.06673177418048676	0.7191315193500959	1.6438621213581466	0.8099084716295764	0.8099084716295764	1.6438621213581466
109274757	G	A	G	A	109274757:G>A	109274757:G>A	-211	False	False	0.13	0.02828427124746189	2	0.0005	525	95391	78442	0.13	G	A	1	0.0660543441772461	0.0660543441772461	0.0660543441772461	1	0.0217933654785156	0.0217933654785156	0.0217933654785156	0.02378877003987623	0.015592172741889933	0.0008385777473449334	3.0	3.0	3.0	2.407397993695138	1.5714364921774804	0.08389294519677908	0.08389294519677908	1.5714364921774804	2.407397993695138	1.3542424770231325	1.3542424770231325	2.407397993695138
109274757	G	C	G	C	109274757:G>C	109274757:G>C	-211	False	False	0.09499999999999999	0.2757716446627535	2	0.09233	27	3672	2754	0.09499999999999999	G	C	1	0.0971517562866211	0.0971517562866211	0.0971517562866211	1	0.0288639068603515	0.0288639068603515	0.0288639068603515	0.021353205045064234	0.012705052892366966	0.0002583364645639667	3.0	3.0	3.0	2.15828161264661	1.2786104970111816	0.02583698363020788	0.02583698363020788	1.2786104970111816	2.15828161264661	1.154243031096	1.154243031096	2.15828161264661
109274757	G	T	G	T	109274757:G>T	109274757:G>T	-211	False	False	-0.125	0.10606601717798214	2	0.00327	198	32152	32242	0.125	G	T	1	0.0038003921508789	0.0038003921508789	0.0038003921508789	1	-0.0122318267822265	0.0122318267822265	0.0122318267822265	-0.005950768788655567	-0.006691439698139766	-0.0018428365389505333	3.0	3.0	3.0	-0.5933098032969746	-0.6669101867375863	-0.18411395582752835	0.18411395582752835	0.6669101867375863	0.5933098032969746	-0.4814446486206964	0.4814446486206964	0.6669101867375863
109274758	G	A	G	A	109274758:G>A	109274758:G>A	-210	False	False	0.16999999999999998	0.028284271247461915	2	2e-05	501	94666	89952	0.16999999999999998	G	A	1	0.0665130615234375	0.0665130615234375	0.0665130615234375	1	0.0163297653198242	0.0163297653198242	0.0163297653198242	0.018593231836954698	0.0073562537630398675	0.0011893212795257	3.0	3.0	3.0	1.8767162276029359	0.7383377466576606	0.11900288025415907	0.11900288025415907	0.7383377466576606	1.8767162276029359	0.9113522848382519	0.9113522848382519	1.8767162276029359
109274758	G	C	G	C	109274758:G>C	109274758:G>C	-210	False	False	-0.08	0.042426406871192854	2	0.24696	89	18430	13666	0.08	G	C	1	0.0569086074829101	0.0569086074829101	0.0569086074829101	1	0.0062599182128906	0.0062599182128906	0.0062599182128906	0.009242097536722766	0.0068287675579388335	5.645553270976666e-05	3.0	3.0	3.0	0.9284937595788507	0.685213675510612	0.005645712635334328	0.005645712635334328	0.685213675510612	0.9284937595788507	0.5397843825749323	0.5397843825749323	0.9284937595788507
109274758	G	T	G	T	109274758:G>T	109274758:G>T	-210	False	False	0.06	0.0282842712474619	2	0.09294	335	76945	71965	0.06	G	T	1	0.0578241348266601	0.0578241348266601	0.0578241348266601	1	0.0134077072143554	0.0134077072143554	0.0134077072143554	0.0167155265808105	0.008537600437800033	-0.0006903509298960001	3.0	3.0	3.0	1.685601266999073	0.8574149688673078	-0.06901126925184148	0.06901126925184148	0.8574149688673078	1.685601266999073	0.8246683222048464	0.8706758350394074	1.685601266999073
109274759	G	A	G	A	109274759:G>A	109274759:G>A	-209	False	False	0.07	0.042426406871192854	2	0.01529	636	129885	119867	0.07	G	A	1	0.0581579208374023	0.0581579208374023	0.0581579208374023	1	0.0112113952636718	0.0112113952636718	0.0112113952636718	0.010634581247965466	0.005682398875554367	-0.00022960702578226665	3.0	3.0	3.0	1.0691329392977111	0.569857432798857	-0.022958066810646348	0.022958066810646348	0.569857432798857	1.0691329392977111	0.5386774350953073	0.5539828129690715	1.0691329392977111
109274759	G	C	G	C	109274759:G>C	109274759:G>C	-209	False	False	0.16999999999999998	0.07071067811865475	2	0.00084	168	40222	43879	0.16999999999999998	G	C	1	0.0823326110839843	0.0823326110839843	0.0823326110839843	1	0.0355405807495117	0.0355405807495117	0.0355405807495117	0.0190387566884358	0.012296594679355533	0.0005932748317718187	3.0	3.0	3.0	1.922114948847949	1.2372508641671827	0.05934508540929756	0.05934508540929756	1.2372508641671827	1.922114948847949	1.0729036328081432	1.0729036328081432	1.922114948847949
109274759	G	T	G	T	109274759:G>T	109274759:G>T	-209	False	False	-0.15000000000000002	0.11313708498984762	2	0.02247	90	13452	7061	0.15000000000000002	G	T	1	0.0398778915405273	0.0398778915405273	0.0398778915405273	1	0.0102968215942382	0.0102968215942382	0.0102968215942382	0.008875091870625766	0.0061089992523192665	0.0021239916483560667	3.0	3.0	3.0	0.8914592268558162	0.6127697244199749	0.21262489164738438	0.21262489164738438	0.6127697244199749	0.8914592268558162	0.5722846143077253	0.5722846143077253	0.8914592268558162
109274760	T	A	T	A	109274760:T>A	109274760:T>A	-208	False	False	0.32	0.07071067811865474	2	0.0	423	68904	71594	0.32	T	A	1	0.0591926574707031	0.0591926574707031	0.0591926574707031	1	0.0261497497558593	0.0261497497558593	0.0261497497558593	0.03245274225870764	0.0228098059693972	0.00021148721377052936	3.0	3.0	3.0	3.298507544902026	2.307193886621057	0.02115095787679328	0.02115095787679328	2.307193886621057	3.298507544902026	1.875617463133292	1.875617463133292	3.298507544902026
109274760	T	C	T	C	109274760:T>C	109274760:T>C	-208	False	False	0.195	0.09192388155425119	2	0.0	760	142629	137509	0.195	T	C	1	0.0675992965698242	0.0675992965698242	0.0675992965698242	1	0.0344610214233398	0.0344610214233398	0.0344610214233398	0.026116887728373162	0.0157091468572616	0.0017581780751545668	3.0	3.0	3.0	2.646092214703402	1.5833184160334	0.17597245764352842	0.17597245764352842	1.5833184160334	2.646092214703402	1.4684610294601101	1.4684610294601101	2.646092214703402
109274760	T	G	T	G	109274760:T>G	109274760:T>G	-208	False	False	0.105	0.10606601717798213	2	0.00142	143	32282	33984	0.105	T	G	1	0.032301902770996	0.032301902770996	0.032301902770996	1	0.0186986923217773	0.0186986923217773	0.0186986923217773	0.0173932313919067	0.0135777667164802	0.0016612509886423333	3.0	3.0	3.0	1.7545374447481488	1.3670363200856965	0.1662631630490993	0.1662631630490993	1.3670363200856965	1.7545374447481488	1.0959456426276482	1.0959456426276482	1.7545374447481488
109274761	C	A	C	A	109274761:C>A	109274761:C>A	-207	False	False	0.305	0.19091883092036782	2	0.0	230	45750	53035	0.305	C	A	1	0.0729103088378906	0.0729103088378906	0.0729103088378906	1	0.061767578125	0.061767578125	0.061767578125	0.05168497562408444	0.04112471391757323	0.0027604252099990337	3.0	3.0	3.0	5.304395574067929	4.198204710568614	0.2764238691805475	0.2764238691805475	4.198204710568614	5.304395574067929	3.25967471793903	3.25967471793903	5.304395574067929
109274761	C	G	C	G	109274761:C>G	109274761:C>G	-207	False	False	0.315	0.1626345596729059	2	0.05324	30	8653	12202	0.315	C	G	1	0.0772581100463867	0.0772581100463867	0.0772581100463867	1	0.0740909576416015	0.0740909576416015	0.0740909576416015	0.06217745939890537	0.0454832464456558	0.0024111668268839	3.0	3.0	3.0	6.415117160024312	4.6533471311691965	0.24140760273367515	0.24140760273367515	4.6533471311691965	6.415117160024312	3.769957297975728	3.769957297975728	6.415117160024312
109274761	C	T	C	T	109274761:C>T	109274761:C>T	-207	False	False	0.32	0.014142135623730963	2	0.0	770	151101	158392	0.32	C	T	1	0.077280044555664	0.077280044555664	0.077280044555664	1	0.0963554382324218	0.0963554382324218	0.0963554382324218	0.07766290505727126	0.0588110635677973	0.004855141043662967	3.0	3.0	3.0	8.075827910808025	6.057484058284611	0.4866946338664854	0.4866946338664854	6.057484058284611	8.075827910808025	4.873335534319707	4.873335534319707	8.075827910808025
109274762	G	A	G	A	109274762:G>A	109274762:G>A	-206	False	False	0.075	0.021213203435596427	2	0.00015	1061	227785	191994	0.075	G	A	1	0.028289794921875	0.028289794921875	0.028289794921875	1	0.0183362960815429	0.0183362960815429	0.0183362960815429	0.013227939605712833	0.0085795472065607	0.0003899037837981736	3.0	3.0	3.0	1.33158158451822	0.861645700262941	0.038997980615863126	0.038997980615863126	0.861645700262941	1.33158158451822	0.7440750884656747	0.7440750884656747	1.33158158451822
109274762	G	C	G	C	109274762:G>C	109274762:G>C	-206	False	False	0.1	0.21213203435596428	2	0.1288	36	5212	3834	0.1	G	C	1	-0.0354785919189453	0.0354785919189453	0.0354785919189453	1	-0.0193214416503906	0.0193214416503906	0.0193214416503906	-0.0196198225021362	-0.012765921652317	-0.0004311402638752667	3.0	3.0	3.0	-1.9428606368766594	-1.2684782911763577	-0.043104733626712376	0.043104733626712376	1.2684782911763577	1.9428606368766594	-1.0848145538932432	1.0848145538932432	1.9428606368766594
109274762	G	T	G	T	109274762:G>T	109274762:G>T	-206	False	False	-0.07	0.0282842712474619	2	0.05545	426	68952	46000	0.07	G	T	1	-0.0494899749755859	0.0494899749755859	0.0494899749755859	1	-0.0354948043823242	0.0354948043823242	0.0354948043823242	-0.024385452270507767	-0.019621025770902568	-0.0019250015417734334	3.0	3.0	3.0	-2.4090529269829153	-1.9429786258987884	-0.19231499146244618	0.19231499146244618	1.9429786258987884	2.4090529269829153	-1.5147821814480498	1.5147821814480498	2.4090529269829153
109274763	G	A	G	A	109274763:G>A	109274763:G>A	-205	False	False	-0.005	0.021213203435596427	2	0.64475	606	132746	109376	0.005	G	A	1	-0.0102062225341796	0.0102062225341796	0.0102062225341796	1	-0.0062894821166992	0.0062894821166992	0.0062894821166992	-0.0063712994257609	-0.005099385976791333	0.0006517469882964333	3.0	3.0	3.0	-0.6351045734513296	-0.508640618049072	0.06519594215132066	0.06519594215132066	0.508640618049072	0.6351045734513296	-0.35951641644969373	0.40298037788390745	0.6351045734513296
109274763	G	C	G	C	109274763:G>C	109274763:G>C	-205	False	False	-0.09	0.02828427124746189	2	0.54807	59	20469	13247	0.09	G	C	1	-0.0438795089721679	0.0438795089721679	0.0438795089721679	1	-0.0343608856201171	0.0343608856201171	0.0343608856201171	-0.023158033688863034	-0.015681614478429102	-0.0018577476342518668	3.0	3.0	3.0	-2.2891944419271204	-1.5559298169164157	-0.18560230892040508	0.18560230892040508	1.5559298169164157	2.2891944419271204	-1.3435755225879804	1.3435755225879804	2.2891944419271204
109274763	G	T	G	T	109274763:G>T	109274763:G>T	-205	False	False	-0.085	0.06363961030678929	2	0.00903	244	44517	34566	0.085	G	T	1	-0.047835350036621	0.047835350036621	0.047835350036621	1	-0.0468883514404296	0.0468883514404296	0.0468883514404296	-0.024348497390747032	-0.0166042248407999	-0.0010607242584228	3.0	3.0	3.0	-2.405446398629095	-1.6467134507809578	-0.10601618893036939	0.10601618893036939	1.6467134507809578	2.405446398629095	-1.3860586794468075	1.3860586794468075	2.405446398629095
109274764	G	A	G	A	109274764:G>A	109274764:G>A	-204	False	False	-0.02	0.0	2	0.42156	936	166620	137729	0.02	G	A	1	0.0048189163208007	0.0048189163208007	0.0048189163208007	1	-0.008514404296875	0.008514404296875	0.008514404296875	-0.0061158736546833665	-0.004769409696261034	-0.0003101329008737849	3.0	3.0	3.0	-0.6097209767445914	-0.47580541221370315	-0.03100848146368525	0.03100848146368525	0.47580541221370315	0.6097209767445914	-0.3721782901406599	0.3721782901406599	0.6097209767445914
109274764	G	C	G	C	109274764:G>C	109274764:G>C	-204	False	False	0.385	0.3040559159102154	2	0.0	78	9991	6247	0.385	G	C	1	-0.003519058227539	0.003519058227539	0.003519058227539	1	0.000737190246582	0.000737190246582	0.000737190246582	-0.0006070534388224	-0.0017405947049458665	0.0001992583274841104	3.0	3.0	3.0	-0.0606869219162552	-0.17390807485046747	0.01992781807432668	0.01992781807432668	0.17390807485046747	0.0606869219162552	-0.07155572623079866	0.08484093828034978	0.17390807485046747
109274764	G	T	G	T	109274764:G>T	109274764:G>T	-204	False	False	-0.06	0.07071067811865475	2	0.11467	189	27966	18304	0.06	G	T	1	-0.0028963088989257	0.0028963088989257	0.0028963088989257	1	-0.0033254623413085	0.0033254623413085	0.0033254623413085	0.0042114655176798	0.0031494920452435336	0.0007482071717579667	3.0	3.0	3.0	0.4220346201103888	0.31544569062101474	0.07484871485664331	0.07484871485664331	0.31544569062101474	0.4220346201103888	0.2707763418626823	0.2707763418626823	0.4220346201103888
109274765	C	A	C	A	109274765:C>A	109274765:C>A	-203	False	False	0.15	0.1414213562373095	2	0.04037	53	9541	7691	0.15	C	A	1	-0.0198516845703125	0.0198516845703125	0.0198516845703125	1	0.0069942474365234	0.0069942474365234	0.0069942474365234	-0.0021824439366658	-0.003591589629650066	-0.0007736186186472	3.0	3.0	3.0	-0.21800641374717147	-0.35851475863159316	-0.07733194529153412	0.07733194529153412	0.35851475863159316	0.21800641374717147	-0.21795103922343292	0.21795103922343292	0.35851475863159316
109274765	C	G	C	G	109274765:C>G	109274765:C>G	-203	False	False	-0.07	0.042426406871192854	2	0.07334	107	46914	48471	0.07	C	G	1	-0.0144786834716796	0.0144786834716796	0.0144786834716796	1	0.0025806427001953	0.0025806427001953	0.0025806427001953	-0.0050686597824095994	-0.0038063550988832336	0.0016475717226664	3.0	3.0	3.0	-0.5055835802360708	-0.37991201118680845	0.16489297146510554	0.16489297146510554	0.37991201118680845	0.5055835802360708	-0.24020087331925788	0.3501295209626616	0.5055835802360708
109274765	C	T	C	T	109274765:C>T	109274765:C>T	-203	False	False	0.009999999999999998	0.0282842712474619	2	0.26146	947	208769	193649	0.009999999999999998	C	T	1	-0.0067253112792968	0.0067253112792968	0.0067253112792968	1	-0.0077724456787109	0.0077724456787109	0.0077724456787109	-0.007301529248555433	-0.008604516585667866	-0.00011211633682250001	3.0	3.0	3.0	-0.727493784254125	-0.8567603681268999	-0.011211005202088727	0.011211005202088727	0.8567603681268999	0.727493784254125	-0.5318217191943712	0.5318217191943712	0.8567603681268999
109274766	A	C	A	C	109274766:A>C	109274766:A>C	-202	False	False	0.035	0.007071067811865479	2	0.63783	90	10586	8239	0.035	A	C	1	0.0079860687255859	0.0079860687255859	0.0079860687255859	1	0.0113945007324218	0.0113945007324218	0.0113945007324218	0.007096449534098267	0.0041914631923039335	0.0016632874806721666	3.0	3.0	3.0	0.7121689000302378	0.4200259659879544	0.16646715105339893	0.16646715105339893	0.4200259659879544	0.7121689000302378	0.43288733902386367	0.43288733902386367	0.7121689000302378
109274766	A	G	A	G	109274766:A>G	109274766:A>G	-202	False	False	0.07	0.0	2	0.0086	976	197287	174861	0.07	A	G	1	0.0118293762207031	0.0118293762207031	0.0118293762207031	1	0.024698257446289	0.024698257446289	0.024698257446289	0.009213248888651467	0.006054577728112499	0.0013952652613321334	3.0	3.0	3.0	0.9255821509802021	0.6072943731267403	0.1396239096773794	0.1396239096773794	0.6072943731267403	0.9255821509802021	0.5575001445947739	0.5575001445947739	0.9255821509802021
109274766	A	T	A	T	109274766:A>T	109274766:A>T	-202	False	False	-0.03	0.0	2	0.44663	355	66877	51227	0.03	A	T	1	0.0052423477172851	0.0052423477172851	0.0052423477172851	1	0.0051565170288085	0.0051565170288085	0.0051565170288085	0.0039945840835571	0.0031277661522229	-0.0014751851558685	3.0	3.0	3.0	0.4002573068572873	0.31326627165462045	-0.1474097605091775	0.1474097605091775	0.31326627165462045	0.4002573068572873	0.18870460600091007	0.28697777967369503	0.4002573068572873
109274767	G	A	G	A	109274767:G>A	109274767:G>A	-201	False	False	-0.095	0.021213203435596427	2	0.00077	880	169633	129561	0.095	G	A	1	-0.0227394104003906	0.0227394104003906	0.0227394104003906	1	-0.0174512863159179	0.0174512863159179	0.0174512863159179	-0.005264441172281834	-0.003178007900714833	-0.0007752577463785	3.0	3.0	3.0	-0.5250608286636608	-0.3172963378864693	-0.07749573117349505	0.07749573117349505	0.3172963378864693	0.5250608286636608	-0.3066176325745417	0.3066176325745417	0.5250608286636608
109274767	G	C	G	C	109274767:G>C	109274767:G>C	-201	False	False	0.02500000000000001	0.16263455967290594	2	0.06988	189	40114	32676	0.02500000000000001	G	C	1	-0.0573492050170898	0.0573492050170898	0.0573492050170898	1	-0.0358734130859375	0.0358734130859375	0.0358734130859375	-0.02036352952321367	-0.0113093703985214	-0.0036336382230122664	3.0	3.0	3.0	-2.0157593089006585	-1.1245659870617193	-0.3627044548404797	0.3627044548404797	1.1245659870617193	2.0157593089006585	-1.1676765836009524	1.1676765836009524	2.0157593089006585
109274767	G	T	G	T	109274767:G>T	109274767:G>T	-201	False	False	-0.195	0.007071067811865481	2	0.00368	174	25463	15008	0.195	G	T	1	-0.0554265975952148	0.0554265975952148	0.0554265975952148	1	-0.0747957229614257	0.0747957229614257	0.0747957229614257	-0.0305018027623494	-0.0200032492478688	-0.0006927152474720667	3.0	3.0	3.0	-3.004131653936065	-1.9804511596520666	-0.06924753756558452	0.06924753756558452	1.9804511596520666	3.004131653936065	-1.6846101170512384	1.6846101170512384	3.004131653936065
109274768	C	A	C	A	109274768:C>A	109274768:C>A	-200	False	False	0.020000000000000004	0.07071067811865477	2	0.30162	218	34555	27141	0.020000000000000004	C	A	1	-0.006148338317871	0.006148338317871	0.006148338317871	1	-0.0170783996582031	0.0170783996582031	0.0170783996582031	-0.0001268784205119	0.0012613957126934667	-0.0003844698270161872	3.0	3.0	3.0	-0.012687037178551103	0.12621916068761244	-0.03843959279631998	0.03843959279631998	0.12621916068761244	0.012687037178551103	0.025030843570913786	0.05911526355416117	0.12621916068761244
109274768	C	G	C	G	109274768:C>G	109274768:C>G	-200	False	False	0.010000000000000002	0.08485281374238571	2	0.28026	168	42260	39405	0.010000000000000002	C	G	1	0.0597333908081054	0.0597333908081054	0.0597333908081054	1	0.0384197235107421	0.0384197235107421	0.0384197235107421	0.03274146715799963	0.0192339768012364	0.0007375876108805	3.0	3.0	3.0	3.3283367020929253	1.942014137922909	0.07378596955136683	0.07378596955136683	1.942014137922909	3.3283367020929253	1.7813789365224004	1.7813789365224004	3.3283367020929253
109274768	C	T	C	T	109274768:C>T	109274768:C>T	-200	False	False	0.02	0.042426406871192854	2	0.0589	1296	285204	222239	0.02	C	T	1	0.0316143035888671	0.0316143035888671	0.0316143035888671	1	0.0069942474365234	0.0069942474365234	0.0069942474365234	0.0107977787653605	0.004913762211799567	0.0014845728874206335	3.0	3.0	3.0	1.085628516860715	0.4925854539497988	0.1485675411274502	0.1485675411274502	0.4925854539497988	1.085628516860715	0.5755938373126547	0.5755938373126547	1.085628516860715
109274769	C	A	C	A	109274769:C>A	109274769:C>A	-199	False	False	-0.105	0.10606601717798213	2	0.00053	287	48042	33985	0.105	C	A	1	0.0034551620483398	0.0034551620483398	0.0034551620483398	1	-0.0260696411132812	0.0260696411132812	0.0260696411132812	0.0009914239247639667	0.0011550461252529667	-0.00015425682067870001	3.0	3.0	3.0	0.0991915547918826	0.11557134479334576	-0.015424492370707461	0.015424492370707461	0.11557134479334576	0.0991915547918826	0.06644613573817364	0.0767291306519786	0.11557134479334576
109274769	C	G	C	G	109274769:C>G	109274769:C>G	-199	False	False	-0.009999999999999995	0.282842712474619	2	0.05844	76	11034	8313	0.009999999999999995	C	G	1	0.0084619522094726	0.0084619522094726	0.0084619522094726	1	-0.0107431411743164	0.0107431411743164	0.0107431411743164	0.004041790962219166	0.003308989107608767	0.0012912352879841666	3.0	3.0	3.0	0.40499700149382684	0.3314469855643748	0.12920692911947973	0.12920692911947973	0.3314469855643748	0.40499700149382684	0.28855030539256044	0.28855030539256044	0.40499700149382684
109274769	C	T	C	T	109274769:C>T	109274769:C>T	-199	False	False	-0.07500000000000001	0.007071067811865467	2	0.06767	498	92816	76905	0.07500000000000001	C	T	1	0.0118694305419921	0.0118694305419921	0.0118694305419921	1	-0.0055475234985351	0.0055475234985351	0.0055475234985351	0.003991405169169034	0.003056285281976	2.3404757181815113e-05	3.0	3.0	3.0	0.3999381435420656	0.30609604835416737	0.002340503107528128	0.002340503107528128	0.30609604835416737	0.3999381435420656	0.23612489833458702	0.23612489833458702	0.3999381435420656
109274770	C	A	C	A	109274770:C>A	109274770:C>A	-198	False	False	-0.115	0.03535533905932739	2	0.03102	213	50152	40627	0.115	C	A	1	0.0045623779296875	0.0045623779296875	0.0045623779296875	1	0.0003681182861328	0.0003681182861328	0.0003681182861328	0.004760503768920866	0.0049455339709917	0.0006782313187916666	3.0	3.0	3.0	0.4771852969144588	0.4957783308968267	0.06784613696588562	0.06784613696588562	0.4957783308968267	0.4771852969144588	0.3469365882590571	0.3469365882590571	0.4957783308968267
109274770	C	G	C	G	109274770:C>G	109274770:C>G	-198	False	False	0.1	0.014142135623730958	2	0.42541	42	6485	5089	0.1	C	G	1	-0.0132398605346679	0.0132398605346679	0.0132398605346679	1	-0.0033254623413085	0.0033254623413085	0.0033254623413085	-0.0034743944803873	-0.0020438830057779335	0.00047881404558816664	3.0	3.0	3.0	-0.3468365755961316	-0.20417956992195926	0.04789286953311985	0.04789286953311985	0.20417956992195926	0.3468365755961316	-0.16770775866165702	0.1996363383504036	0.3468365755961316
109274770	C	T	C	T	109274770:C>T	109274770:C>T	-198	False	False	0.015000000000000003	0.07778174593052023	2	0.01091	750	152988	138939	0.015000000000000003	C	T	1	0.0003776550292968	0.0003776550292968	0.0003776550292968	1	-0.0100002288818359	0.0100002288818359	0.0100002288818359	-0.00025125344594318933	-0.0014005601406097002	0.0005300839742024187	3.0	3.0	3.0	-0.02512218844395077	-0.13995798139781807	0.053022449354019126	0.053022449354019126	0.13995798139781807	0.02512218844395077	-0.03735257349591657	0.07270087306526264	0.13995798139781807
109274771	C	A	C	A	109274771:C>A	109274771:C>A	-197	False	False	-0.09000000000000001	0.07071067811865477	2	0.05893	186	23498	17037	0.09000000000000001	C	A	1	-0.050450325012207	0.050450325012207	0.050450325012207	1	-0.0313396453857421	0.0313396453857421	0.0313396453857421	-0.020287752151489234	-0.017200525850057536	-0.0015413959821064666	3.0	3.0	3.0	-2.00833403934052	-1.7053441323094782	-0.15402086414520308	0.15402086414520308	1.7053441323094782	2.00833403934052	-1.2892330119317337	1.2892330119317337	2.00833403934052
109274771	C	G	C	G	109274771:C>G	109274771:C>G	-197	False	False	-0.065	0.021213203435596427	2	0.39311	45	22110	15948	0.065	C	G	1	-0.0277318954467773	0.0277318954467773	0.0277318954467773	1	-0.0193214416503906	0.0193214416503906	0.0193214416503906	-0.013415257136026967	-0.011253007998069067	-0.0003168781598408333	3.0	3.0	3.0	-1.3325673616769227	-1.1189929732022397	-0.031682795925937056	0.031682795925937056	1.1189929732022397	1.3325673616769227	-0.8277477102683665	0.8277477102683665	1.3325673616769227
109274771	C	T	C	T	109274771:C>T	109274771:C>T	-197	False	False	-0.065	0.04949747468305833	2	0.00975	705	171336	142911	0.065	C	T	1	-0.0075111389160156	0.0075111389160156	0.0075111389160156	1	-0.0241918563842773	0.0241918563842773	0.0241918563842773	-0.011148850123087533	-0.009983368217945033	-0.0014164547125498	3.0	3.0	3.0	-1.1086932012424258	-0.9933699820840816	-0.1415452014054994	0.1415452014054994	0.9933699820840816	1.1086932012424258	-0.7478694615773356	0.7478694615773356	1.1086932012424258
109274772	A	C	A	C	109274772:A>C	109274772:A>C	-196	False	False	0.21000000000000002	0.05656854249492378	2	0.00065	172	31485	22218	0.21000000000000002	A	C	1	0.0348577499389648	0.0348577499389648	0.0348577499389648	1	0.0394964218139648	0.0394964218139648	0.0394964218139648	0.03526592254638667	0.025321918229261966	0.004630322257677667	3.0	3.0	3.0	3.5895140049742085	2.564524128555811	0.46410587645487594	0.46410587645487594	2.564524128555811	3.5895140049742085	2.2060480033282985	2.2060480033282985	3.5895140049742085
109274772	A	G	A	G	109274772:A>G	109274772:A>G	-196	False	False	-0.055	0.007071067811865472	2	0.02699	952	200498	172931	0.055	A	G	1	0.0231084823608398	0.0231084823608398	0.0231084823608398	1	0.0203380584716796	0.0203380584716796	0.0203380584716796	0.011622587839762333	0.0096834649642308	0.0026285250981648335	3.0	3.0	3.0	1.1690392547910449	0.9730501413762651	0.26319826990605516	0.26319826990605516	0.9730501413762651	1.1690392547910449	0.8017625553577883	0.8017625553577883	1.1690392547910449
109274772	A	T	A	T	109274772:A>T	109274772:A>T	-196	False	False	-0.05500000000000001	0.021213203435596427	2	0.09639	577	105553	89741	0.05500000000000001	A	T	1	-0.0242271423339843	0.0242271423339843	0.0242271423339843	1	-0.0189476013183593	0.0189476013183593	0.0189476013183593	-0.0111695528030395	-0.0064007354279359	-0.0017163157463073331	3.0	3.0	3.0	-1.1107404951248043	-0.6380294356808874	-0.1714843718711972	0.1714843718711972	0.6380294356808874	1.1107404951248043	-0.640084767558963	0.640084767558963	1.1107404951248043
109274773	G	A	G	A	109274773:G>A	109274773:G>A	-195	False	False	0.04	0.042426406871192854	2	0.00962	864	182892	160368	0.04	G	A	1	0.0083036422729492	0.0083036422729492	0.0083036422729492	1	-0.0077724456787109	0.0077724456787109	0.0077724456787109	0.0035656690597533664	0.005124573906262667	3.4411748250300004e-05	3.0	3.0	3.0	0.3572033620065518	0.5137726993514097	0.003441234034130043	0.003441234034130043	0.5137726993514097	0.3572033620065518	0.2914724317973638	0.2914724317973638	0.5137726993514097
109274773	G	C	G	C	109274773:G>C	109274773:G>C	-195	False	False	0.44499999999999995	0.03535533905932735	2	0.0	193	27791	26994	0.44499999999999995	G	C	1	0.0653038024902343	0.0653038024902343	0.0653038024902343	1	0.0702285766601562	0.0702285766601562	0.0702285766601562	0.06866860389709471	0.060502087076505	0.0049516310294468666	3.0	3.0	3.0	7.108119819199558	6.236981481509132	0.4963910613997326	0.4963910613997326	6.236981481509132	7.108119819199558	4.613830787369474	4.613830787369474	7.108119819199558
109274773	G	T	G	T	109274773:G>T	109274773:G>T	-195	False	False	0.060000000000000005	0.09899494936611666	2	0.0056	396	60711	53388	0.060000000000000005	G	T	1	-0.0126991271972656	0.0126991271972656	0.0126991271972656	1	-0.0215673446655273	0.0215673446655273	0.0215673446655273	-0.0032035112380981	-0.0009157086412111519	8.753935496013335e-05	3.0	3.0	3.0	-0.3198385470916931	-0.09152895079977545	0.00875431866412736	0.00875431866412736	0.09152895079977545	0.3198385470916931	-0.1342043930757804	0.14004060551853198	0.3198385470916931
109274774	C	A	C	A	109274774:C>A	109274774:C>A	-194	False	False	-0.065	0.2050609665440988	2	0.00532	167	25873	14285	0.065	C	A	1	-0.0630331039428711	0.0630331039428711	0.0630331039428711	1	-0.0566434860229492	0.0566434860229492	0.0566434860229492	-0.033211032549540165	-0.024316615114609367	-0.0028508206208546667	3.0	3.0	3.0	-3.2665600996954307	-2.4023348125196837	-0.284676089051917	0.284676089051917	2.4023348125196837	3.2665600996954307	-1.9845236670890103	1.9845236670890103	3.2665600996954307
109274774	C	G	C	G	109274774:C>G	109274774:C>G	-194	False	False	-0.11	0.1131370849898476	2	0.01772	161	36811	33096	0.11	C	G	1	0.0179691314697265	0.0179691314697265	0.0179691314697265	1	-0.0022163391113281	0.0022163391113281	0.0022163391113281	0.0021359920501708668	-0.00034444282452266665	-0.0007395644982655334	3.0	3.0	3.0	0.213827490628821	-0.03443835109032298	-0.07392910878476859	0.07392910878476859	0.03443835109032298	0.213827490628821	0.03515334358457648	0.10739831683463752	0.213827490628821
109274774	C	T	C	T	109274774:C>T	109274774:C>T	-194	False	False	0.025	0.007071067811865475	2	0.23952	1068	232207	201476	0.025	C	T	1	0.0232448577880859	0.0232448577880859	0.0232448577880859	1	-0.0118598937988281	0.0118598937988281	0.0118598937988281	-0.0026948054631550666	-0.0044313830633957675	-0.0031232039133707334	3.0	3.0	3.0	-0.2691177734319096	-0.4421578972708621	-0.3118331785564552	0.3118331785564552	0.4421578972708621	0.2691177734319096	-0.34103628308640893	0.34103628308640893	0.4421578972708621
109274775	C	A	C	A	109274775:C>A	109274775:C>A	-193	False	False	-0.03	0.08485281374238571	2	0.16072	173	37033	28636	0.03	C	A	1	0.000706672668457	0.000706672668457	0.000706672668457	1	-0.0446014404296875	0.0446014404296875	0.0446014404296875	-0.0074158906936645	-0.011341950545708267	-0.0019051929314930667	3.0	3.0	3.0	-0.7388460823795744	-1.1277873107791407	-0.19033792034567548	0.19033792034567548	1.1277873107791407	0.7388460823795744	-0.6856571045014634	0.6856571045014634	1.1277873107791407
109274775	C	G	C	G	109274775:C>G	109274775:C>G	-193	False	False	-0.07	0.08485281374238571	2	0.34007	44	6941	5152	0.07	C	G	1	0.0459365844726562	0.0459365844726562	0.0459365844726562	1	0.0051565170288085	0.0051565170288085	0.0051565170288085	0.0105897982915242	0.006366101404031067	0.0005413591861724333	3.0	3.0	3.0	1.0646068660659604	0.6386408096191333	0.05415057475029076	0.05415057475029076	0.6386408096191333	1.0646068660659604	0.5857994168117948	0.5857994168117948	1.0646068660659604
109274775	C	T	C	T	109274775:C>T	109274775:C>T	-193	False	False	0.060000000000000005	0.09899494936611666	2	0.00882	412	84789	78771	0.060000000000000005	C	T	1	0.0285406112670898	0.0285406112670898	0.0285406112670898	1	-0.0066595077514648	0.0066595077514648	0.0066595077514648	0.004178762435913033	0.0009749978780746	-0.0011135439078012667	3.0	3.0	3.0	0.4187505638006958	0.09754733430189395	-0.11129241478486178	0.11129241478486178	0.09754733430189395	0.4187505638006958	0.135001827772576	0.20919677096248387	0.4187505638006958
109274776	C	A	C	A	109274776:C>A	109274776:C>A	-192	False	False	0.09	0.09899494936611665	2	0.0007	237	54551	57081	0.09	C	A	1	0.0430765151977539	0.0430765151977539	0.0430765151977539	1	-0.0122318267822265	0.0122318267822265	0.0122318267822265	0.0018891096115112114	-0.0010019143422444	-0.0021448334058125334	3.0	3.0	3.0	0.1890895103226196	-0.10014125936534954	-0.21425348942449965	0.21425348942449965	0.10014125936534954	0.1890895103226196	-0.04176841282240987	0.16782808637082292	0.21425348942449965
109274776	C	G	C	G	109274776:C>G	109274776:C>G	-192	False	False	0.07	0.042426406871192854	2	0.6755	24	9250	8081	0.07	C	G	1	0.0662364959716796	0.0662364959716796	0.0662364959716796	1	0.0141382217407226	0.0141382217407226	0.0141382217407226	0.014371871948242132	0.0095962931712468	-0.0002486209074655699	3.0	3.0	3.0	1.447564383602179	0.9642485231843712	-0.024859000384890348	0.024859000384890348	0.9642485231843712	1.447564383602179	0.7956513021338866	0.8122239690571469	1.447564383602179
109274776	C	T	C	T	109274776:C>T	109274776:C>T	-192	False	False	0.08499999999999999	0.007071067811865467	2	0.02072	405	75538	64907	0.08499999999999999	C	T	1	0.0370502471923828	0.0370502471923828	0.0370502471923828	1	0.0025806427001953	0.0025806427001953	0.0025806427001953	0.011316776275634701	0.007838331162929467	-0.0006735920906066334	3.0	3.0	3.0	1.13810532287338	0.786913130194329	-0.06733652783835345	0.06733652783835345	0.786913130194329	1.13810532287338	0.6192273084097851	0.6641183269686874	1.13810532287338
109274777	C	A	C	A	109274777:C>A	109274777:C>A	-191	False	False	-0.045	0.049497474683058325	2	0.05304	489	81703	59301	0.045	C	A	1	-0.0025959014892578	0.0025959014892578	0.0025959014892578	1	-0.0354948043823242	0.0354948043823242	0.0354948043823242	-0.006677746772766066	-0.004535694917043	-0.0028986036777495666	3.0	3.0	3.0	-0.665550016839303	-0.4525424187019603	-0.2894406782134232	0.2894406782134232	0.4525424187019603	0.665550016839303	-0.4691777045848955	0.4691777045848955	0.665550016839303
109274777	C	G	C	G	109274777:C>G	109274777:C>G	-191	False	False	0.07999999999999999	0.29698484809834996	2	0.26128	37	4142	1788	0.07999999999999999	C	G	1	0.0392227172851562	0.0392227172851562	0.0392227172851562	1	-0.0025873184204101	0.0025873184204101	0.0025873184204101	0.0022409756978352333	0.0004926373561223333	0.0008424917856851667	3.0	3.0	3.0	0.22434885606119206	0.04927587218335998	0.0842846781576348	0.0842846781576348	0.04927587218335998	0.22434885606119206	0.11930313546739561	0.11930313546739561	0.22434885606119206
109274777	C	T	C	T	109274777:C>T	109274777:C>T	-191	False	False	0.085	0.06363961030678929	2	0.01473	393	91667	91638	0.085	C	T	1	0.0067110061645507	0.0067110061645507	0.0067110061645507	1	-0.0114870071411132	0.0114870071411132	0.0114870071411132	0.0024507045745849	-0.0018609265486398666	-0.0019302964210509666	3.0	3.0	3.0	0.2453710005680606	-0.18591960984101827	-0.19284345970644745	0.19284345970644745	0.18591960984101827	0.2453710005680606	-0.044464022993135045	0.20804469003850878	0.2453710005680606
109274778	T	A	T	A	109274778:T>A	109274778:T>A	-190	False	False	0.075	0.10606601717798213	2	0.00357	373	73294	69742	0.075	T	A	1	0.0175209045410156	0.0175209045410156	0.0175209045410156	1	-0.0036954879760742	0.0036954879760742	0.0036954879760742	0.0013982454935709335	0.0028565699855485995	0.00020254651705423334	3.0	3.0	3.0	0.13992234945764606	0.28606538692971595	0.02025670309850038	0.02025670309850038	0.28606538692971595	0.13992234945764606	0.14874814649528745	0.14874814649528745	0.28606538692971595
109274778	T	C	T	C	109274778:T>C	109274778:T>C	-190	False	False	0.375	0.03535533905932741	2	0.0	1068	226670	263720	0.375	T	C	1	0.0513334274291992	0.0513334274291992	0.0513334274291992	1	0.057164192199707	0.057164192199707	0.057164192199707	0.05216534932454423	0.0440382063388824	0.004686072468757567	3.0	3.0	3.0	5.354993188153094	4.502228060112357	0.4697069276918854	0.4697069276918854	4.502228060112357	5.354993188153094	3.4423093919857792	3.4423093919857792	5.354993188153094
109274778	T	G	T	G	109274778:T>G	109274778:T>G	-190	False	False	-0.034999999999999996	0.16263455967290594	2	0.24382	72	10098	4946	0.034999999999999996	T	G	1	0.0521354675292968	0.0521354675292968	0.0521354675292968	1	0.0199747085571289	0.0199747085571289	0.0199747085571289	0.016539494196573832	0.012379693488279933	0.0013955434163410666	3.0	3.0	3.0	1.6677028835592782	1.2456639086849237	0.13965176401923649	0.13965176401923649	1.2456639086849237	1.6677028835592782	1.0176728520878129	1.0176728520878129	1.6677028835592782
109274779	C	A	C	A	109274779:C>A	109274779:C>A	-189	False	False	0.13	0.05656854249492382	2	0.00186	319	54755	43535	0.13	C	A	1	0.0092344284057617	0.0092344284057617	0.0092344284057617	1	-0.016331672668457	0.016331672668457	0.016331672668457	-0.005599737167358367	-0.003020100295543634	-0.0008369286855061334	3.0	3.0	3.0	-0.5584087863475397	-0.3015544380240507	-0.08365785583777798	0.08365785583777798	0.3015544380240507	0.5584087863475397	-0.3145403600697894	0.3145403600697894	0.5584087863475397
109274779	C	G	C	G	109274779:C>G	109274779:C>G	-189	False	False	-0.16	0.8343860018001261	2	0.01364	8	4839	4902	0.16	C	G	1	0.0337419509887695	0.0337419509887695	0.0337419509887695	1	0.0058927536010742	0.0058927536010742	0.0058927536010742	0.010308225949605267	0.0103911732633908	0.0019281208515166666	3.0	3.0	3.0	1.0361538740013576	1.044534899147384	0.192998087178154	0.192998087178154	1.044534899147384	1.0361538740013576	0.7578956201089652	0.7578956201089652	1.044534899147384
109274779	C	T	C	T	109274779:C>T	109274779:C>T	-189	False	False	0.030000000000000002	0.05656854249492381	2	0.08866	335	69876	77705	0.030000000000000002	C	T	1	0.0032196044921875	0.0032196044921875	0.0032196044921875	1	0.0239725112915039	0.0239725112915039	0.0239725112915039	0.012681802113850865	0.005005483826001433	0.002014130353927533	3.0	3.0	3.0	1.2762557178454275	0.5018032188306288	0.20161600769490012	0.20161600769490012	0.5018032188306288	1.2762557178454275	0.6598916481236522	0.6598916481236522	1.2762557178454275
109274780	T	A	T	A	109274780:T>A	109274780:T>A	-188	False	False	0.02	0.042426406871192854	2	0.37943	346	68529	54838	0.02	T	A	1	-0.0453472137451171	0.0453472137451171	0.0453472137451171	1	-0.0046215057373046	0.0046215057373046	0.0046215057373046	0.049853165944417265	-0.0905535171429316	-0.004422088464101133	3.0	3.0	3.0	5.111674530970008	-8.65745513274283	-0.44123254272148543	0.44123254272148543	8.65745513274283	5.111674530970008	-1.3290043814981025	4.736787402144775	8.65745513274283
109274780	T	C	T	C	109274780:T>C	109274780:T>C	-188	False	False	0.565	0.03535533905932737	2	0.0	989	175894	231338	0.565	T	C	1	0.1340789794921875	0.1340789794921875	0.1340789794921875	1	0.090127944946289	0.090127944946289	0.090127944946289	0.06856540838877354	0.05864308277765906	0.0052456508080164005	3.0	3.0	3.0	7.097067312623816	6.039669934569605	0.5259433323098236	0.5259433323098236	6.039669934569605	7.097067312623816	4.554226859834415	4.554226859834415	7.097067312623816
109274780	T	G	T	G	109274780:T>G	109274780:T>G	-188	False	False	-0.16999999999999998	0.11313708498984762	2	0.15536	41	8411	6313	0.16999999999999998	T	G	1	-0.0071544647216796	0.0071544647216796	0.0071544647216796	1	0.0018434524536132	0.0018434524536132	0.0018434524536132	-0.003063718477884867	-0.00011235972245533965	-0.0003137687842051	3.0	3.0	3.0	-0.3059030081626584	-0.011235341033813599	-0.03137195639281927	0.03137195639281927	0.011235341033813599	0.3059030081626584	-0.1161701018630971	0.1161701018630971	0.3059030081626584
109274781	C	A	C	A	109274781:C>A	109274781:C>A	-187	False	False	0.0	0.08485281374238571	2	0.44276	105	22828	18454	0.0	C	A	1	-0.0518932342529296	0.0518932342529296	0.0518932342529296	1	-0.0447931289672851	0.0447931289672851	0.0447931289672851	-0.02747710545857743	-0.0200276064376036	-0.004335214694340966	3.0	3.0	3.0	-2.7103043671854365	-1.9828386113249659	-0.4325831215813254	0.4325831215813254	1.9828386113249659	2.7103043671854365	-1.7085753666972427	1.7085753666972427	2.7103043671854365
109274781	C	T	C	T	109274781:C>T	109274781:C>T	-187	False	False	-0.045	0.12020815280171307	2	0.00121	390	73961	59092	0.045	C	T	1	-0.0488443374633789	0.0488443374633789	0.0488443374633789	1	-0.0092573165893554	0.0092573165893554	0.0092573165893554	-0.013219356536865167	-0.008671668668587967	-0.0004974504311879333	3.0	3.0	3.0	-1.3132364590994419	-0.8634178196422571	-0.049732672323589716	0.049732672323589716	0.8634178196422571	1.3132364590994419	-0.7421289836884295	0.7421289836884295	1.3132364590994419
109274782	C	A	C	A	109274782:C>A	109274782:C>A	-186	False	False	0.065	0.14849242404917498	2	0.00025	332	63123	45284	0.065	C	A	1	-0.0393133163452148	0.0393133163452148	0.0393133163452148	1	-0.0208187103271484	0.0208187103271484	0.0208187103271484	-0.016847689946492498	-0.007951832065979566	-0.0008153120676676	3.0	3.0	3.0	-1.6706561293642248	-0.7920299884269498	-0.08149797910929266	0.08149797910929266	0.7920299884269498	1.6706561293642248	-0.8480613656334891	0.8480613656334891	1.6706561293642248
109274782	C	G	C	G	109274782:C>G	109274782:C>G	-186	False	False	0.09	0.014142135623730947	2	0.21203	58	22997	23223	0.09	C	G	1	-0.0051221847534179	0.0051221847534179	0.0051221847534179	1	0.005523681640625	0.005523681640625	0.005523681640625	-0.006988485654195066	-0.0016469135880469998	0.0011205275853474334	3.0	3.0	3.0	-0.6964122974108288	-0.16455581700513003	0.11211556109336214	0.11211556109336214	0.16455581700513003	0.6964122974108288	-0.2496175177741989	0.32436122516977367	0.6964122974108288
109274782	C	T	C	T	109274782:C>T	109274782:C>T	-186	False	False	-0.045	0.021213203435596427	2	0.04382	657	129622	101118	0.045	C	T	1	-0.0422277450561523	0.0422277450561523	0.0422277450561523	1	-0.0223169326782226	0.0223169326782226	0.0223169326782226	-0.016743461290995233	-0.0105979902048905	-0.0005698998769123666	3.0	3.0	3.0	-1.6604068599321522	-1.0542029371955741	-0.056973751482235734	0.056973751482235734	1.0542029371955741	1.6604068599321522	-0.9238611828699873	0.9238611828699873	1.6604068599321522
109274783	T	A	T	A	109274783:T>A	109274783:T>A	-185	False	False	-0.015	0.09192388155425119	2	0.02958	454	103669	83596	0.015	T	A	1	0.018559455871582	0.018559455871582	0.018559455871582	1	0.0562763214111328	0.0562763214111328	0.0562763214111328	0.029952923456827766	0.021551460027694664	0.0043367594480514	3.0	3.0	3.0	3.0406024857991394	2.1785370087935405	0.4346176797978961	0.4346176797978961	2.1785370087935405	3.0406024857991394	1.8845857247968585	1.8845857247968585	3.0406024857991394
109274783	T	C	T	C	109274783:T>C	109274783:T>C	-185	False	False	0.025	0.03535533905932738	2	0.042	1475	297018	262275	0.025	T	C	1	0.018503189086914	0.018503189086914	0.018503189086914	1	-0.0033254623413085	0.0033254623413085	0.0033254623413085	-0.005209167798360167	-0.0026229272286096665	0.0003508230050404667	3.0	3.0	3.0	-0.5195623611969842	-0.26194903605280173	0.035088455062789174	0.035088455062789174	0.26194903605280173	0.5195623611969842	-0.2488076473956656	0.27219995077085835	0.5195623611969842
109274783	T	G	T	G	109274783:T>G	109274783:T>G	-185	False	False	-0.030000000000000002	0.09899494936611666	2	0.29177	119	16138	10208	0.030000000000000002	T	G	1	0.0382156372070312	0.0382156372070312	0.0382156372070312	1	0.0484466552734375	0.0484466552734375	0.0484466552734375	0.019025723139444933	0.0141171142458915	0.0008751650651295666	3.0	3.0	3.0	1.920786550626401	1.4217231269600898	0.08755481338164718	0.08755481338164718	1.4217231269600898	1.920786550626401	1.1433548303227126	1.1433548303227126	1.920786550626401
109274784	T	A	T	A	109274784:T>A	109274784:T>A	-184	False	False	-0.005	0.021213203435596427	2	0.57443	596	116205	104252	0.005	T	A	1	-0.0021219253540039	0.0021219253540039	0.0021219253540039	1	-0.0528087615966796	0.0528087615966796	0.0528087615966796	-0.031669259071350035	-0.02397924537460003	-0.003618021806081067	3.0	3.0	3.0	-3.1173040176346074	-2.3694027587630146	-0.36114846514188903	0.36114846514188903	2.3694027587630146	3.1173040176346074	-1.9492850805131703	1.9492850805131703	3.1173040176346074
109274784	T	C	T	C	109274784:T>C	109274784:T>C	-184	False	False	0.025	0.021213203435596427	2	0.06253	1459	303839	257356	0.025	T	C	1	0.038680076599121	0.038680076599121	0.038680076599121	1	0.0261497497558593	0.0261497497558593	0.0261497497558593	0.0102417866388956	0.008892921109994234	0.0007768074671427	3.0	3.0	3.0	1.029441324572261	0.8932580608684795	0.07771092602031797	0.07771092602031797	0.8932580608684795	1.029441324572261	0.6668034371536861	0.6668034371536861	1.029441324572261
109274784	T	G	T	G	109274784:T>G	109274784:T>G	-184	False	False	0.025	0.03535533905932738	2	0.4771	200	26610	16021	0.025	T	G	1	0.0371513366699218	0.0371513366699218	0.0371513366699218	1	-0.0215673446655273	0.0215673446655273	0.0215673446655273	-0.008325815200805635	-0.0036930888891219663	0.000223755836486802	3.0	3.0	3.0	-0.8291251591351396	-0.36862778235538074	0.022378087169120583	0.022378087169120583	0.36862778235538074	0.8291251591351396	-0.39179161810713325	0.406710342886547	0.8291251591351396
109274785	T	A	T	A	109274785:T>A	109274785:T>A	-183	False	False	-0.015	0.021213203435596427	2	0.5583	467	81970	65529	0.015	T	A	1	0.0161666870117187	0.0161666870117187	0.0161666870117187	1	-0.0501327514648437	0.0501327514648437	0.0501327514648437	-0.028771162033081	-0.020946669081846832	-0.0036911666393279335	3.0	3.0	3.0	-2.836121312770153	-2.072881139152133	-0.36843626578658484	0.36843626578658484	2.072881139152133	2.836121312770153	-1.75914623923629	1.75914623923629	2.836121312770153
109274785	T	C	T	C	109274785:T>C	109274785:T>C	-183	False	False	0.009999999999999998	0.0282842712474619	2	0.31304	1425	295970	236157	0.009999999999999998	T	C	1	0.0158119201660156	0.0158119201660156	0.0158119201660156	1	-0.0354948043823242	0.0354948043823242	0.0354948043823242	-0.016960342725117934	-0.011887159198522533	-0.0012384752432504666	3.0	3.0	3.0	-1.6817325792635247	-1.1816786043254766	-0.1237708649288268	0.1237708649288268	1.1816786043254766	1.6817325792635247	-0.9957273495059425	0.9957273495059425	1.6817325792635247
109274785	T	G	T	G	109274785:T>G	109274785:T>G	-183	False	False	-0.03	0.08485281374238571	2	0.52332	136	19633	11394	0.03	T	G	1	0.0301837921142578	0.0301837921142578	0.0301837921142578	1	-0.0283260345458984	0.0283260345458984	0.0283260345458984	-0.017328222592671697	-0.0103807064394156	-0.0022615691026051667	3.0	3.0	3.0	-1.7178952382954318	-1.0327012859365732	-0.22590136819853499	0.22590136819853499	1.0327012859365732	1.7178952382954318	-0.9921659641435133	0.9921659641435133	1.7178952382954318
109274786	T	A	T	A	109274786:T>A	109274786:T>A	-182	False	False	-0.06999999999999999	0.07071067811865475	2	0.01152	351	56074	40344	0.06999999999999999	T	A	1	-0.0424528121948242	0.0424528121948242	0.0424528121948242	1	-0.0468883514404296	0.0468883514404296	0.0468883514404296	0.04257472356160477	-0.1167768537998199	-0.006278475125630633	3.0	3.0	3.0	4.349402705073306	-11.021627713124689	-0.6258806684812045	0.6258806684812045	11.021627713124689	4.349402705073306	-2.4327018921775294	5.332303695559733	11.021627713124689
109274786	T	C	T	C	109274786:T>C	109274786:T>C	-182	False	False	0.045	0.021213203435596427	2	0.01701	1088	225604	201110	0.045	T	C	1	0.0243396759033203	0.0243396759033203	0.0243396759033203	1	-0.0118598937988281	0.0118598937988281	0.0118598937988281	-0.012393315633137966	-0.010298162698745634	-0.0010232130686441668	3.0	3.0	3.0	-1.2316834773460918	-1.0245318177321185	-0.10226897646512907	0.10226897646512907	1.0245318177321185	1.2316834773460918	-0.7861614238477799	0.7861614238477799	1.2316834773460918
109274786	T	G	T	G	109274786:T>G	109274786:T>G	-182	False	False	-0.055	0.19091883092036785	2	0.27208	29	9706	8539	0.055	T	G	1	0.0392751693725585	0.0392751693725585	0.0392751693725585	1	0.0011062622070312	0.0011062622070312	0.0011062622070312	-0.007035573323567666	-0.0027608722448348335	0.0008064607779184667	3.0	3.0	3.0	-0.7010881618274385	-0.2757064542058392	0.08067860548467785	0.08067860548467785	0.2757064542058392	0.7010881618274385	-0.2987053368495333	0.35249107383931855	0.7010881618274385
109274787	C	A	C	A	109274787:C>A	109274787:C>A	-181	False	False	0.055	0.09192388155425117	2	0.11347	138	30173	19337	0.055	C	A	1	-0.0105438232421875	0.0105438232421875	0.0105438232421875	1	-0.0354948043823242	0.0354948043823242	0.0354948043823242	-0.0260160366694132	-0.012980662286281567	-0.0017727712790170998	3.0	3.0	3.0	-2.568053535569388	-1.2896776844733537	-0.17712008481552338	0.17712008481552338	1.2896776844733537	2.568053535569388	-1.3449504349527548	1.3449504349527548	2.568053535569388
109274787	C	G	C	G	109274787:C>G	109274787:C>G	-181	False	False	0.11500000000000002	0.3181980515339464	2	0.325	9	1761	1127	0.11500000000000002	C	G	1	-0.001739501953125	0.001739501953125	0.001739501953125	1	-0.0103712081909179	0.0103712081909179	0.0103712081909179	-0.009622494379679334	-0.0018179391821225334	-0.0007957617441812667	3.0	3.0	3.0	-0.9576346319070919	-0.18162877315847215	-0.07954452097720742	0.07954452097720742	0.18162877315847215	0.9576346319070919	-0.40626930868092376	0.40626930868092376	0.9576346319070919
109274787	C	T	C	T	109274787:C>T	109274787:C>T	-181	False	False	0.03	0.0	2	0.44261	433	64117	51259	0.03	C	T	1	-0.0531558990478515	0.0531558990478515	0.0531558990478515	1	-0.016331672668457	0.016331672668457	0.016331672668457	-0.017209529876708932	-0.0078514864047368	-0.0005378723144531	3.0	3.0	3.0	-1.7062291760261163	-0.7820743995838668	-0.05377276870712895	0.05377276870712895	0.7820743995838668	1.7062291760261163	-0.8473587814390374	0.8473587814390374	1.7062291760261163
109274788	C	A	C	A	109274788:C>A	109274788:C>A	-180	False	False	0.11499999999999999	0.04949747468305832	2	2e-05	477	97298	74418	0.11499999999999999	C	A	1	-0.0056562423706054	0.0056562423706054	0.0056562423706054	1	-0.0137214660644531	0.0137214660644531	0.0137214660644531	-0.012267033259073834	-0.0081647597253322	-0.0003416438897450564	3.0	3.0	3.0	-1.2192099922792166	-0.8131518604754497	-0.03415855361169324	0.03415855361169324	0.8131518604754497	1.2192099922792166	-0.6888401354554533	0.6888401354554533	1.2192099922792166
109274788	C	G	C	G	109274788:C>G	109274788:C>G	-180	False	False	0.23500000000000001	0.13435028842544403	2	0.0	128	23568	19328	0.23500000000000001	C	G	1	-0.0005578994750976	0.0005578994750976	0.0005578994750976	1	0.0117607116699218	0.0117607116699218	0.0117607116699218	0.00015528996785483333	0.003902179499467133	0.0006710092226664034	3.0	3.0	3.0	0.015530202596605135	0.3909802914642969	0.06712343997173313	0.06712343997173313	0.3909802914642969	0.015530202596605135	0.1578779780108784	0.1578779780108784	0.3909802914642969
109274788	C	T	C	T	109274788:C>T	109274788:C>T	-180	False	False	0.09	0.02828427124746189	2	0.00112	446	89564	87919	0.09	C	T	1	-0.0665597915649414	0.0665597915649414	0.0665597915649414	1	-0.0649185180664062	0.0649185180664062	0.0649185180664062	-0.0333087841669718	-0.020555241654316533	-0.0032451252142587667	3.0	3.0	3.0	-3.2760154877581438	-2.0345422759791933	-0.32398654864606835	0.32398654864606835	2.0345422759791933	3.2760154877581438	-1.8781814374611352	1.8781814374611352	3.2760154877581438
109274789	T	A	T	A	109274789:T>A	109274789:T>A	-179	False	False	-0.4	0.0707106781186548	2	0.0	499	116050	89628	0.4	T	A	1	-0.1458501815795898	0.1458501815795898	0.1458501815795898	1	-0.2140483856201172	0.2140483856201172	0.2140483856201172	-0.11496090888977044	-0.08058701952298476	-0.006676534811655633	3.0	3.0	3.0	-10.859901091991846	-7.742538191257937	-0.6654296272760435	0.6654296272760435	7.742538191257937	10.859901091991846	-6.422622970175276	6.422622970175276	10.859901091991846
109274789	T	C	T	C	109274789:T>C	109274789:T>C	-179	False	False	-0.14500000000000002	0.06363961030678929	2	0.0	1115	213082	160205	0.14500000000000002	T	C	1	-0.0718069076538086	0.0718069076538086	0.0718069076538086	1	-0.1260328292846679	0.1260328292846679	0.1260328292846679	-0.0678078730901082	-0.04429393758376433	-0.004773050546646067	3.0	3.0	3.0	-6.556001260079827	-4.33272859249593	-0.47616776425625307	0.47616776425625307	4.33272859249593	6.556001260079827	-3.78829920561067	3.78829920561067	6.556001260079827
109274789	T	G	T	G	109274789:T>G	109274789:T>G	-179	False	False	-0.20500000000000002	0.07778174593052024	2	0.00173	91	19471	12135	0.20500000000000002	T	G	1	-0.1287708282470703	0.1287708282470703	0.1287708282470703	1	-0.1534786224365234	0.1534786224365234	0.1534786224365234	-0.0780915021896362	-0.06264151136080419	-0.0049613217512766	3.0	3.0	3.0	-7.512020585474112	-6.071986540175204	-0.49490347228822107	0.49490347228822107	6.071986540175204	7.512020585474112	-4.692970199312512	4.692970199312512	7.512020585474112
109274790	G	A	G	A	109274790:G>A	109274790:G>A	-178	False	False	-0.52	0.028284271247461926	2	0.0	606	119209	76067	0.52	G	A	1	-0.1513395309448242	0.1513395309448242	0.1513395309448242	1	-0.2230663299560547	0.2230663299560547	0.2230663299560547	-0.12662788232167557	-0.0961849316954612	-0.007782578468322699	3.0	3.0	3.0	-11.893852984752398	-9.170397218839557	-0.7752372615116221	0.7752372615116221	9.170397218839557	11.893852984752398	-7.279829155034526	7.279829155034526	11.893852984752398
109274790	G	C	G	C	109274790:G>C	109274790:G>C	-178	False	False	-0.7350000000000001	0.10606601717798218	2	0.0	93	16860	8138	0.7350000000000001	G	C	1	-0.1920042037963867	0.1920042037963867	0.1920042037963867	1	-0.2575054168701172	0.2575054168701172	0.2575054168701172	-0.13022371133168534	-0.10056217263142264	-0.0076868534088134	3.0	3.0	3.0	-12.210098700635955	-9.567111384160254	-0.7657385105666878	0.7657385105666878	9.567111384160254	12.210098700635955	-7.514316198454299	7.514316198454299	12.210098700635955
109274790	G	T	G	T	109274790:G>T	109274790:G>T	-178	False	False	-0.475	0.06363961030678927	2	0.0	244	44058	25316	0.475	G	T	1	-0.1983470916748047	0.1983470916748047	0.1983470916748047	1	-0.2557411193847656	0.2557411193847656	0.2557411193847656	-0.131915012995402	-0.09961858143409086	-0.011168668667475332	3.0	3.0	3.0	-12.358452415954492	-9.481739434737419	-1.110653063574911	1.110653063574911	9.481739434737419	12.358452415954492	-7.650281638088941	7.650281638088941	12.358452415954492
109274791	G	A	G	A	109274791:G>A	109274791:G>A	-177	False	False	0.005	0.021213203435596427	2	0.66053	612	121372	100916	0.005	G	A	1	-0.0750741958618164	0.0750741958618164	0.0750741958618164	1	-0.0520439147949218	0.0520439147949218	0.0520439147949218	-0.031192302703857366	-0.0266104936599731	-0.002342085043589233	3.0	3.0	3.0	-3.071084177338598	-2.6259554254523128	-0.23393445023579215	0.23393445023579215	2.6259554254523128	3.071084177338598	-1.976991351008901	1.976991351008901	3.071084177338598
109274791	G	C	G	C	109274791:G>C	109274791:G>C	-177	False	False	-0.195	0.19091883092036785	2	0.0001	69	16509	13832	0.195	G	C	1	-0.1297082901000976	0.1297082901000976	0.1297082901000976	1	-0.1854372024536132	0.1854372024536132	0.1854372024536132	-0.10003999869028724	-0.08192098389069237	-0.0091999967892964	3.0	3.0	3.0	-9.519877355187187	-7.8655243101783485	-0.9157806302084065	0.9157806302084065	7.8655243101783485	9.519877355187187	-6.1003940985246485	6.1003940985246485	9.519877355187187
109274791	G	T	G	T	109274791:G>T	109274791:G>T	-177	False	False	-0.26	0.0565685424949238	2	0.0	302	47579	36352	0.26	G	T	1	-0.0676422119140625	0.0676422119140625	0.0676422119140625	1	-0.0973215103149414	0.0973215103149414	0.0973215103149414	-0.05077024300893143	-0.0420674694081147	-0.0062617659568786	3.0	3.0	3.0	-4.950297121584802	-4.119491162167318	-0.624220195679188	0.624220195679188	4.119491162167318	4.950297121584802	-3.2313361598104358	3.2313361598104358	4.950297121584802
109274792	A	C	A	C	109274792:A>C	109274792:A>C	-176	False	False	-0.445	0.07778174593052022	2	0.0	136	20825	12692	0.445	A	C	1	-0.1487064361572265	0.1487064361572265	0.1487064361572265	1	-0.2161903381347656	0.2161903381347656	0.2161903381347656	-0.10532581806182857	-0.07896999269723887	-0.0092100004355112	3.0	3.0	3.0	-9.996877162183035	-7.59323471931124	-0.9167718287266438	0.9167718287266438	7.59323471931124	9.996877162183035	-6.168961236740306	6.168961236740306	9.996877162183035
109274792	A	G	A	G	109274792:A>G	109274792:A>G	-176	False	False	-0.51	0.09899494936611665	2	0.0	1003	199398	106247	0.51	A	G	1	-0.1657876968383789	0.1657876968383789	0.1657876968383789	1	-0.2369165420532226	0.2369165420532226	0.2369165420532226	-0.12322266896565753	-0.09671991815169646	-0.008904258410135866	3.0	3.0	3.0	-11.593321359437173	-9.218976830276954	-0.8864732903326061	0.8864732903326061	9.218976830276954	11.593321359437173	-7.232923826682245	7.232923826682245	11.593321359437173
109274792	A	T	A	T	109274792:A>T	109274792:A>T	-176	False	False	-0.43	0.014142135623730963	2	0.0	510	90847	49985	0.43	A	T	1	-0.1598567962646484	0.1598567962646484	0.1598567962646484	1	-0.2217741012573242	0.2217741012573242	0.2217741012573242	-0.11087814966837563	-0.09091736376285547	-0.010135849316914832	3.0	3.0	3.0	-10.495219584355562	-8.690683763518951	-1.0084654709168983	1.0084654709168983	8.690683763518951	10.495219584355562	-6.73145627293047	6.73145627293047	10.495219584355562
109274793	C	A	C	A	109274793:C>A	109274793:C>A	-175	False	False	-0.31999999999999995	0.04242640687119283	2	0.0	259	36408	18809	0.31999999999999995	C	A	1	-0.1940193176269531	0.1940193176269531	0.1940193176269531	1	-0.2252216339111328	0.2252216339111328	0.2252216339111328	-0.10267913341522213	-0.06933065752188364	-0.009476254383722899	3.0	3.0	3.0	-9.758351767309314	-6.698188039220899	-0.94314961767775	0.94314961767775	6.698188039220899	9.758351767309314	-5.799896474735988	5.799896474735988	9.758351767309314
109274793	C	G	C	G	109274793:C>G	109274793:C>G	-175	False	False	-0.37	0.09899494936611666	2	0.0	223	64398	46467	0.37	C	G	1	-0.1848344802856445	0.1848344802856445	0.1848344802856445	1	-0.2526607513427734	0.2526607513427734	0.2526607513427734	-0.12440911928812659	-0.10043050348758693	-0.0092049936453501	3.0	3.0	3.0	-11.698149292954046	-9.55520337920041	-0.9162757385527971	0.9162757385527971	9.55520337920041	11.698149292954046	-7.389876136902418	7.389876136902418	11.698149292954046
109274793	C	T	C	T	109274793:C>T	109274793:C>T	-175	False	False	-0.495	0.10606601717798213	2	0.0	704	156465	108354	0.495	C	T	1	-0.217228889465332	0.217228889465332	0.217228889465332	1	-0.2360467910766601	0.2360467910766601	0.2360467910766601	-0.1198553641637166	-0.09175193309783931	-0.009906798601150466	3.0	3.0	3.0	-11.29512735263366	-8.766855928950338	-0.9857887921227871	0.9857887921227871	8.766855928950338	11.29512735263366	-7.015924024568928	7.015924024568928	11.29512735263366
109274794	T	A	T	A	109274794:T>A	109274794:T>A	-174	False	False	-0.5549999999999999	0.021213203435596326	2	0.0	468	98208	47385	0.5549999999999999	T	A	1	-0.1751518249511718	0.1751518249511718	0.1751518249511718	1	-0.2487087249755859	0.2487087249755859	0.2487087249755859	-0.11822529633839925	-0.08816501249869661	-0.008559435606002768	3.0	3.0	3.0	-11.150414479926761	-8.439022280015326	-0.8522907930114682	0.8522907930114682	8.439022280015326	11.150414479926761	-6.813909184317851	6.813909184317851	11.150414479926761
109274794	T	C	T	C	109274794:T>C	109274794:T>C	-174	False	False	-0.49	0.05656854249492379	2	0.0	944	174273	93343	0.49	T	C	1	-0.1533231735229492	0.1533231735229492	0.1533231735229492	1	-0.1625375747680664	0.1625375747680664	0.1625375747680664	-0.08743460973103838	-0.06595967710018157	-0.005577842394510867	3.0	3.0	3.0	-8.372121459181042	-6.383138743626859	-0.5562315114609403	0.5562315114609403	6.383138743626859	8.372121459181042	-5.1038305714229475	5.1038305714229475	8.372121459181042
109274794	T	G	T	G	109274794:T>G	109274794:T>G	-174	False	False	-0.22999999999999998	0.282842712474619	2	8e-05	79	14308	22640	0.22999999999999998	T	G	1	-0.1850690841674804	0.1850690841674804	0.1850690841674804	1	-0.2382221221923828	0.2382221221923828	0.2382221221923828	-0.1171940962473551	-0.09012629588445024	-0.0088332593441009	3.0	3.0	3.0	-11.058745522853984	-8.618423318755072	-0.8794360726898041	0.8794360726898041	8.618423318755072	11.058745522853984	-6.852201638099619	6.852201638099619	11.058745522853984
109274795	C	A	C	A	109274795:C>A	109274795:C>A	-173	False	False	-0.05	0.014142135623730945	2	0.29176	316	61210	55077	0.05	C	A	1	-0.0076360702514648	0.0076360702514648	0.0076360702514648	1	-0.008885383605957	0.008885383605957	0.008885383605957	-0.0059039195378621	-0.008686661720275832	0.0012709995110829	3.0	3.0	3.0	-0.5886525652441958	-0.8649041684005657	0.12718075732741063	0.12718075732741063	0.8649041684005657	0.5886525652441958	-0.44212532543911703	0.5269124969907241	0.8649041684005657
109274795	C	G	C	G	109274795:C>G	109274795:C>G	-173	False	False	-0.25	0.0565685424949238	2	8e-05	50	13254	10258	0.25	C	G	1	-0.1235227584838867	0.1235227584838867	0.1235227584838867	1	-0.1749839782714843	0.1749839782714843	0.1749839782714843	-0.09162433942159014	-0.07341586798429484	-0.008114834626515667	3.0	3.0	3.0	-8.755214414026494	-7.07856808232746	-0.8081998236663486	0.8081998236663486	7.07856808232746	8.755214414026494	-5.547327440006768	5.547327440006768	8.755214414026494
109274795	C	T	C	T	109274795:C>T	109274795:C>T	-173	False	False	0.9550000000000001	0.04949747468305833	2	0.0	444	120038	208033	0.9550000000000001	C	T	1	0.1432657241821289	0.1432657241821289	0.1432657241821289	1	0.2283859252929687	0.2283859252929687	0.2283859252929687	0.15331010023752845	0.10758262375990545	0.010456383228301967	3.0	3.0	3.0	16.568640253137993	11.358286534890208	1.051124224565127	1.051124224565127	11.358286534890208	16.568640253137993	9.659350337531109	9.659350337531109	16.568640253137993
109274796	T	A	T	A	109274796:T>A	109274796:T>A	-172	False	False	-0.47000000000000003	0.11313708498984763	2	0.0	706	155647	88296	0.47000000000000003	T	A	1	-0.1411380767822265	0.1411380767822265	0.1411380767822265	1	-0.2042360305786132	0.2042360305786132	0.2042360305786132	-0.1057268381118774	-0.0785715555151303	-0.007595886786778733	3.0	3.0	3.0	-10.03296298295558	-7.556409092282683	-0.756711094418338	0.756711094418338	7.556409092282683	10.03296298295558	-6.1153610565522	6.1153610565522	10.03296298295558
109274796	T	C	T	C	109274796:T>C	109274796:T>C	-172	False	False	-0.38	0.07071067811865474	2	0.0	1099	194881	124993	0.38	T	C	1	-0.1123886108398437	0.1123886108398437	0.1123886108398437	1	-0.1518373489379882	0.1518373489379882	0.1518373489379882	-0.08238454659779863	-0.06271807849407193	-0.0059366623560586996	3.0	3.0	3.0	-7.908224519270022	-6.079178063578678	-0.5919075196314504	0.5919075196314504	6.079178063578678	7.908224519270022	-4.85977003416005	4.85977003416005	7.908224519270022
109274796	T	G	T	G	109274796:T>G	109274796:T>G	-172	False	False	-0.525	0.007071067811865481	2	0.0	131	17956	10072	0.525	T	G	1	-0.1668128967285156	0.1668128967285156	0.1668128967285156	1	-0.2196235656738281	0.2196235656738281	0.2196235656738281	-0.10764698187510167	-0.08450844883918757	-0.006686349709828634	3.0	3.0	3.0	-10.205546882005217	-8.103610883410319	-0.6664045811847661	0.6664045811847661	8.103610883410319	10.205546882005217	-6.325187448866767	6.325187448866767	10.205546882005217
109274797	G	A	G	A	109274797:G>A	109274797:G>A	-171	False	False	-0.35	0.08485281374238571	2	0.0	573	114029	78322	0.35	G	A	1	-0.12371826171875	0.12371826171875	0.12371826171875	1	-0.177067756652832	0.177067756652832	0.177067756652832	-0.0938320159912109	-0.07450731098651879	-0.005586673816045066	3.0	3.0	3.0	-8.956431196751607	-7.179931202853959	-0.5571097374214142	0.5571097374214142	7.179931202853959	8.956431196751607	-5.564490712342327	5.564490712342327	8.956431196751607
109274797	G	C	G	C	109274797:G>C	109274797:G>C	-171	False	False	-0.43	0.07071067811865474	2	0.0	63	19272	11838	0.43	G	C	1	-0.1671390533447265	0.1671390533447265	0.1671390533447265	1	-0.2042360305786132	0.2042360305786132	0.2042360305786132	-0.10468236605326327	-0.08327064663171767	-0.009207050005594866	3.0	3.0	3.0	-9.938945836000574	-7.98979090132323	-0.9164794901747783	0.9164794901747783	7.98979090132323	9.938945836000574	-6.2817387424995275	6.2817387424995275	9.938945836000574
109274797	G	T	G	T	109274797:G>T	109274797:G>T	-171	False	False	-0.43	0.0	2	0.0	145	21523	10641	0.43	G	T	1	-0.1904230117797851	0.1904230117797851	0.1904230117797851	1	-0.2247896194458007	0.2247896194458007	0.2247896194458007	-0.10801124572753902	-0.08337218811114627	-0.007025559743245366	3.0	3.0	3.0	-10.238249798818643	-7.999133279750155	-0.7000938192193735	0.7000938192193735	7.999133279750155	10.238249798818643	-6.312492299262725	6.312492299262725	10.238249798818643
109274798	G	A	G	A	109274798:G>A	109274798:G>A	-170	False	False	0.35	0.08485281374238571	2	0.0	899	163096	173655	0.35	G	A	1	0.0872268676757812	0.0872268676757812	0.0872268676757812	1	0.1092433929443359	0.1092433929443359	0.1092433929443359	0.06847449143727613	0.05143757661183673	0.004064758618672633	3.0	3.0	3.0	7.087330816362426	5.278346592996519	0.4073030954538541	0.4073030954538541	5.278346592996519	7.087330816362426	4.257660168270934	4.257660168270934	7.087330816362426
109274798	G	C	G	C	109274798:G>C	109274798:G>C	-170	False	False	-0.075	0.06363961030678927	2	0.0354	128	29035	23113	0.075	G	C	1	-0.0079374313354492	0.0079374313354492	0.0079374313354492	1	0.0025806427001953	0.0025806427001953	0.0025806427001953	-0.0026363531748453666	-0.004917708535989066	0.0008762180805205978	3.0	3.0	3.0	-0.2632881047735448	-0.490563640454829	0.087660207172807	0.087660207172807	0.490563640454829	0.2632881047735448	-0.22206384601852225	0.28050398413372696	0.490563640454829
109274798	G	T	G	T	109274798:G>T	109274798:G>T	-170	False	False	-0.30500000000000005	0.04949747468305831	2	0.0	209	29479	13490	0.30500000000000005	G	T	1	-0.0297107696533203	0.0297107696533203	0.0297107696533203	1	-0.039093017578125	0.039093017578125	0.039093017578125	-0.030148347218831296	-0.023974766333897835	-0.0031652053197224667	3.0	3.0	3.0	-2.9698418669701394	-2.368965466364867	-0.3160201338299616	0.3160201338299616	2.368965466364867	2.9698418669701394	-1.8849424890549893	1.8849424890549893	2.9698418669701394
109274799	C	A	C	A	109274799:C>A	109274799:C>A	-169	False	False	0.16	0.15556349186104046	2	0.00072	152	26449	24553	0.16	C	A	1	0.0469512939453125	0.0469512939453125	0.0469512939453125	1	0.0670623779296875	0.0670623779296875	0.0670623779296875	0.0530312856038411	0.036544054746627766	0.005192632476488666	3.0	3.0	3.0	5.446263410354888	3.7219997475421494	0.5206137558029684	0.5206137558029684	3.7219997475421494	5.446263410354888	3.229625637900002	3.229625637900002	5.446263410354888
109274799	C	G	C	G	109274799:C>G	109274799:C>G	-169	False	False	-0.30000000000000004	0.05656854249492383	2	0.0	266	64522	50286	0.30000000000000004	C	G	1	-0.1447782516479492	0.1447782516479492	0.1447782516479492	1	-0.1930112838745117	0.1930112838745117	0.1930112838745117	-0.09605101744333899	-0.0759015803535779	-0.0069017211596170336	3.0	3.0	3.0	-9.158233026051349	-7.309257202835398	-0.6877958980206645	0.6877958980206645	7.309257202835398	9.158233026051349	-5.718428708969138	5.718428708969138	9.158233026051349
109274799	C	T	C	T	109274799:C>T	109274799:C>T	-169	False	False	-0.04	0.0	2	0.02329	1295	284005	250045	0.04	C	T	1	-0.0488443374633789	0.0488443374633789	0.0488443374633789	1	-0.0253171920776367	0.0253171920776367	0.0253171920776367	-0.0171673695246378	-0.0162044689059257	-0.0008922219276427666	3.0	3.0	3.0	-1.7020849886821936	-1.607388281057227	-0.08918240160093101	0.08918240160093101	1.607388281057227	1.7020849886821936	-1.1328852237801172	1.1328852237801172	1.7020849886821936
109274800	C	A	C	A	109274800:C>A	109274800:C>A	-168	False	False	-0.45	0.11313708498984763	2	0.0	308	57183	36278	0.45	C	A	1	-0.1342992782592773	0.1342992782592773	0.1342992782592773	1	-0.1999902725219726	0.1999902725219726	0.1999902725219726	-0.0980279445648193	-0.0750533988078435	-0.0079406797885894	3.0	3.0	3.0	-9.337643180114119	-7.2306052744926115	-0.7909235874566316	0.7909235874566316	7.2306052744926115	9.337643180114119	-5.786390680687788	5.786390680687788	9.337643180114119
109274800	C	G	C	G	109274800:C>G	109274800:C>G	-168	False	False	-0.475	0.1626345596729059	2	0.0	71	13025	6581	0.475	C	G	1	-0.1729984283447265	0.1729984283447265	0.1729984283447265	1	-0.2230663299560547	0.2230663299560547	0.2230663299560547	-0.1090931892395019	-0.09041709701220191	-0.0080190002918243	3.0	3.0	3.0	-10.335314423382183	-8.644993320829178	-0.7986933879754166	0.7986933879754166	8.644993320829178	10.335314423382183	-6.593000377395593	6.593000377395593	10.335314423382183
109274800	C	T	C	T	109274800:C>T	109274800:C>T	-168	False	False	-0.39	0.014142135623730963	2	0.0	944	156069	94111	0.39	C	T	1	-0.1036024093627929	0.1036024093627929	0.1036024093627929	1	-0.1506071090698242	0.1506071090698242	0.1506071090698242	-0.08211290836334227	-0.06274924675623574	-0.006164153416951433	3.0	3.0	3.0	-7.883205474059691	-6.082105366759719	-0.6145193999532929	0.6145193999532929	6.082105366759719	7.883205474059691	-4.859943413590901	4.859943413590901	7.883205474059691
109274801	G	A	G	A	109274801:G>A	109274801:G>A	-167	False	False	-0.10500000000000001	0.03535533905932738	2	0.0	1336	302521	240516	0.10500000000000001	G	A	1	-0.1309089660644531	0.1309089660644531	0.1309089660644531	1	-0.1436605453491211	0.1436605453491211	0.1436605453491211	-0.06817444165547687	-0.04536238933602963	-0.0074121157328287	3.0	3.0	3.0	-6.5902486152548105	-4.434889869349234	-0.7384713747037661	0.7384713747037661	4.434889869349234	6.5902486152548105	-3.9212032864359365	3.9212032864359365	6.5902486152548105
109274801	G	C	G	C	109274801:G>C	109274801:G>C	-167	False	False	0.33999999999999997	0.11313708498984756	2	0.0	230	51722	60370	0.33999999999999997	G	C	1	0.0583887100219726	0.0583887100219726	0.0583887100219726	1	0.0814342498779296	0.0814342498779296	0.0814342498779296	0.051978985468546506	0.0392645398775736	0.003626972436904833	3.0	3.0	3.0	5.335360654828065	4.00455807920851	0.3633557860743791	0.3633557860743791	4.00455807920851	5.335360654828065	3.234424840036985	3.234424840036985	5.335360654828065
109274801	G	T	G	T	109274801:G>T	109274801:G>T	-167	False	False	0.37	0.07071067811865474	2	0.0	178	36060	40010	0.37	G	T	1	0.0719776153564453	0.0719776153564453	0.0719776153564453	1	0.1329975128173828	0.1329975128173828	0.1329975128173828	0.0855951309204101	0.06893634299437203	0.0037611375252405	3.0	3.0	3.0	8.936518872796974	7.136800689834898	0.37682194789327716	0.37682194789327716	7.136800689834898	8.936518872796974	5.483380503508383	5.483380503508383	8.936518872796974
109274802	T	A	T	A	109274802:T>A	109274802:T>A	-166	False	False	0.135	0.007071067811865481	2	0.00021	562	99989	84698	0.135	T	A	1	-0.0241060256958007	0.0241060256958007	0.0241060256958007	1	-0.0066595077514648	0.0066595077514648	0.0066595077514648	-0.009564995765685999	-0.006740197539329466	0.00045985976854956667	3.0	3.0	3.0	-0.95193966944715	-0.6717533356838805	0.045996552026263016	0.045996552026263016	0.6717533356838805	0.95193966944715	-0.5258988177015892	0.5565631857190979	0.95193966944715
109274802	T	C	T	C	109274802:T>C	109274802:T>C	-166	False	False	0.07	0.042426406871192854	2	0.00018	1031	211410	171579	0.07	T	C	1	0.015777587890625	0.015777587890625	0.015777587890625	1	0.0430831909179687	0.0430831909179687	0.0430831909179687	0.012091318766275968	0.008812405169010133	0.0022797683874765666	3.0	3.0	3.0	1.2164714278902207	0.8851348722842316	0.22823690353429185	0.22823690353429185	0.8851348722842316	1.2164714278902207	0.7766144012362481	0.7766144012362481	1.2164714278902207
109274802	T	G	T	G	109274802:T>G	109274802:T>G	-166	False	False	0.18	0.21213203435596428	2	0.00046	128	17590	16336	0.18	T	G	1	-0.0074319839477539	0.0074319839477539	0.0074319839477539	1	-0.0070295333862304	0.0070295333862304	0.0070295333862304	0.01577063401540117	-0.0073219115535418005	0.0012726485729217	3.0	3.0	3.0	1.589564677627658	-0.7295171661319121	0.12734587337636744	0.12734587337636744	0.7295171661319121	1.589564677627658	0.3291311282907044	0.815475905711979	1.589564677627658
109274803	G	A	G	A	109274803:G>A	109274803:G>A	-165	False	False	0.03	0.07071067811865477	2	0.02573	688	120182	87781	0.03	G	A	1	-0.0033111572265625	0.0033111572265625	0.0033111572265625	1	0.0143213272094726	0.0143213272094726	0.0143213272094726	0.009104371070861766	0.005349313219388301	0.0012637972831725667	3.0	3.0	3.0	0.9145941920197995	0.5363646341403923	0.12645962114847387	0.12645962114847387	0.5363646341403923	0.9145941920197995	0.5258061491028886	0.5258061491028886	0.9145941920197995
109274803	G	C	G	C	109274803:G>C	109274803:G>C	-165	False	False	-0.11	0.02828427124746191	2	0.44178	40	12316	5784	0.11	G	C	1	0.0261783599853515	0.0261783599853515	0.0261783599853515	1	0.0457677841186523	0.0457677841186523	0.0457677841186523	0.02273158232371007	0.01974803954362867	0.0007920662562052	3.0	3.0	3.0	2.29919135793279	1.9944322012079871	0.07923800235183416	0.07923800235183416	1.9944322012079871	2.29919135793279	1.457620520497537	1.457620520497537	2.29919135793279
109274803	G	T	G	T	109274803:G>T	109274803:G>T	-165	False	False	-0.060000000000000005	0.09899494936611665	2	0.29972	53	6359	4515	0.060000000000000005	G	T	1	0.012373924255371	0.012373924255371	0.012373924255371	1	0.0695266723632812	0.0695266723632812	0.0695266723632812	0.038495620091756166	0.026823724309603333	0.0036423106988270667	3.0	3.0	3.0	3.9246176545119758	2.718671875558911	0.36489519731873643	0.36489519731873643	2.718671875558911	3.9246176545119758	2.336061575796541	2.336061575796541	3.9246176545119758
109274804	C	A	C	A	109274804:C>A	109274804:C>A	-164	False	False	0.05	0.02828427124746191	2	0.27949	237	49230	40797	0.05	C	A	1	-0.0018901824951171	0.0018901824951171	0.0018901824951171	1	0.0106630325317382	0.0106630325317382	0.0106630325317382	0.0075097878774007	0.005022543172041534	-0.0009886821111042667	3.0	3.0	3.0	0.7538057055250739	0.5035177284935582	-0.09881935259775815	0.09881935259775815	0.5035177284935582	0.7538057055250739	0.38616802714029136	0.4520475955387968	0.7538057055250739
109274804	C	G	C	G	109274804:C>G	109274804:C>G	-164	False	False	0.04	0.09899494936611665	2	0.05565	198	39803	31860	0.04	C	G	1	-0.0289468765258789	0.0289468765258789	0.0289468765258789	1	0.020883560180664	0.020883560180664	0.020883560180664	0.03307648499806717	0.027342091004053732	0.0029376198848088003	3.0	3.0	3.0	3.3629593375490776	2.7719316168027954	0.29419389182933037	0.29419389182933037	2.7719316168027954	3.3629593375490776	2.143028282060401	2.143028282060401	3.3629593375490776
109274804	C	T	C	T	109274804:C>T	109274804:C>T	-164	False	False	0.055	0.03535533905932738	2	2e-05	1676	356105	313359	0.055	C	T	1	0.0029220581054687	0.0029220581054687	0.0029220581054687	1	0.0135908126831054	0.0135908126831054	0.0135908126831054	0.0085245768229166	0.008889980614185266	0.0021718045075734	3.0	3.0	3.0	0.8561014492900199	0.8929613851021854	0.21741645832146672	0.21741645832146672	0.8929613851021854	0.8561014492900199	0.655493097571224	0.655493097571224	0.8929613851021854
109274805	G	A	G	A	109274805:G>A	109274805:G>A	-163	False	False	-0.02	0.0282842712474619	2	0.12802	941	214408	190653	0.02	G	A	1	-0.0048713684082031	0.0048713684082031	0.0048713684082031	1	-0.0092573165893554	0.0092573165893554	0.0092573165893554	0.0019824107487996334	0.004112350443998933	-0.00032099088033036666	3.0	3.0	3.0	0.19843770240951944	0.41208177599642065	-0.03209393682695204	0.03209393682695204	0.41208177599642065	0.19843770240951944	0.1928085138596627	0.21420447174429738	0.41208177599642065
109274805	G	C	G	C	109274805:G>C	109274805:G>C	-163	False	False	0.28	0.15556349186104046	2	1e-05	93	19526	12591	0.28	G	C	1	-0.0754308700561523	0.0754308700561523	0.0754308700561523	1	-0.091806411743164	0.091806411743164	0.091806411743164	-0.0325892368952433	-0.016643197586139035	-0.0011531412601470334	3.0	3.0	3.0	-3.2063929632467807	-1.6505464736787097	-0.11524766482524527	0.11524766482524527	1.6505464736787097	3.2063929632467807	-1.6573957005835787	1.6573957005835787	3.2063929632467807
109274805	G	T	G	T	109274805:G>T	109274805:G>T	-163	False	False	0.015	0.03535533905932738	2	0.58204	218	43957	38262	0.015	G	T	1	0.0034904479980468	0.0034904479980468	0.0034904479980468	1	0.0099296569824218	0.0099296569824218	0.0099296569824218	0.004563172658284467	0.0022029777367909334	0.00029475490252173334	3.0	3.0	3.0	0.45735997848658383	0.22054060751096738	0.029479834701640138	0.029479834701640138	0.22054060751096738	0.45735997848658383	0.23579347356639713	0.23579347356639713	0.45735997848658383
109274806	C	A	C	A	109274806:C>A	109274806:C>A	-162	False	False	0.025	0.06363961030678929	2	0.26995	293	51707	40503	0.025	C	A	1	-0.0213489532470703	0.0213489532470703	0.0213489532470703	1	-0.0200700759887695	0.0200700759887695	0.0200700759887695	-0.008546948432922334	-0.008317147692044533	7.274746894834486e-05	3.0	3.0	3.0	-0.8510527106760137	-0.8282655909834584	0.007275011510963085	0.007275011510963085	0.8282655909834584	0.8510527106760137	-0.5573477633828364	0.5621977710568117	0.8510527106760137
109274806	C	G	C	G	109274806:C>G	109274806:C>G	-162	False	False	0.009999999999999998	0.0282842712474619	2	0.79866	109	25767	23984	0.009999999999999998	C	G	1	-0.021677017211914	0.021677017211914	0.021677017211914	1	-0.0137214660644531	0.0137214660644531	0.0137214660644531	-0.003722985585530533	0.0035062804818153004	-2.3643175760898244e-05	3.0	3.0	3.0	-0.3716063867179035	0.35124346738962564	-0.0023642896263220956	0.0023642896263220956	0.35124346738962564	0.3716063867179035	-0.007575736318199984	0.24173804791128375	0.3716063867179035
109274806	C	T	C	T	109274806:C>T	109274806:C>T	-162	False	False	0.05	0.07071067811865477	2	1e-05	980	221462	213338	0.05	C	T	1	-0.0875463485717773	0.0875463485717773	0.0875463485717773	1	-0.0839605331420898	0.0839605331420898	0.0839605331420898	-0.033768852551778104	-0.0176580225427945	-0.0025361478328704	3.0	3.0	3.0	-3.3205049002139266	-1.7503033271570139	-0.2532934527002236	0.2532934527002236	1.7503033271570139	3.3205049002139266	-1.7747005600237216	1.7747005600237216	3.3205049002139266
109274807	G	A	G	A	109274807:G>A	109274807:G>A	-161	False	False	-0.03	0.0	2	0.2563	828	148476	129117	0.03	G	A	1	-0.0174312591552734	0.0174312591552734	0.0174312591552734	1	-0.0234403610229492	0.0234403610229492	0.0234403610229492	-0.0115115642547607	-0.005174164970715767	-0.0022534132003783664	3.0	3.0	3.0	-1.144555971358021	-0.5160802036419988	-0.22508761708689412	0.22508761708689412	0.5160802036419988	1.144555971358021	-0.6285745973623046	0.6285745973623046	1.144555971358021
109274807	G	C	G	C	109274807:G>C	109274807:G>C	-161	False	False	0.009999999999999998	0.0282842712474619	2	0.69363	77	19936	19708	0.009999999999999998	G	C	1	0.0001211166381835	0.0001211166381835	0.0001211166381835	1	0.0025806427001953	0.0025806427001953	0.0025806427001953	0.002195278803507433	0.0019362494349479335	-0.0019412736097971	3.0	3.0	3.0	0.21976901922540099	0.1938125176324129	-0.19393905568871217	0.19393905568871217	0.1938125176324129	0.21976901922540099	0.07321416038970056	0.20250686418217537	0.21976901922540099
109274807	G	T	G	T	109274807:G>T	109274807:G>T	-161	False	False	-0.09	0.014142135623730947	2	0.05206	287	67603	47823	0.09	G	T	1	-0.003082275390625	0.003082275390625	0.003082275390625	1	-0.0230665206909179	0.0230665206909179	0.0230665206909179	-0.010825713475545201	-0.0034763688842455003	-0.0010070105393727	3.0	3.0	3.0	-1.0767326323549562	-0.34703333099224126	-0.10065036744132248	0.10065036744132248	0.34703333099224126	1.0767326323549562	-0.5081387769295066	0.5081387769295066	1.0767326323549562
109274808	G	A	G	A	109274808:G>A	109274808:G>A	-160	False	False	-0.065	0.021213203435596427	2	0.01674	1021	242668	232098	0.065	G	A	1	-0.025242805480957	0.025242805480957	0.025242805480957	1	-0.0400419235229492	0.0400419235229492	0.0400419235229492	-0.021156628926595002	-0.016036298125982233	-0.0022072196006774334	3.0	3.0	3.0	-2.0934397435085788	-1.5908401273848234	-0.2204785482701618	0.2204785482701618	1.5908401273848234	2.0934397435085788	-1.301586139721188	1.301586139721188	2.0934397435085788
109274808	G	C	G	C	109274808:G>C	109274808:G>C	-160	False	False	0.015000000000000003	0.07778174593052023	2	0.2407	137	29908	31182	0.015000000000000003	G	C	1	-0.0023727416992187	0.0023727416992187	0.0023727416992187	1	-0.0275735855102539	0.0275735855102539	0.0275735855102539	-0.008318344751993766	-0.0051340560118357	0.0002969304720560333	3.0	3.0	3.0	-0.8283843054237612	-0.5120899271712763	0.02969745602722547	0.02969745602722547	0.5120899271712763	0.8283843054237612	-0.4369255921892707	0.456723896207421	0.8283843054237612
109274808	G	T	G	T	109274808:G>T	109274808:G>T	-160	False	False	0.305	0.07778174593052022	2	0.0	175	28143	27757	0.305	G	T	1	0.0227861404418945	0.0227861404418945	0.0227861404418945	1	0.0161466598510742	0.0161466598510742	0.0161466598510742	0.030125737190246537	0.03619438906510667	0.0018554429213205332	3.0	3.0	3.0	3.0584108557295564	3.685738063914318	0.18571653206441505	0.18571653206441505	3.685738063914318	3.0584108557295564	2.30995515056943	2.30995515056943	3.685738063914318
109274809	C	A	C	A	109274809:C>A	109274809:C>A	-159	False	False	0.39	0.02828427124746191	2	0.00116	44	8857	11991	0.39	C	A	1	0.0123682022094726	0.0123682022094726	0.0123682022094726	1	0.0607070922851562	0.0607070922851562	0.0607070922851562	0.0354769627253214	0.021509391566117534	0.002898767590522733	3.0	3.0	3.0	3.611377861540533	2.1742386053496228	0.2902973079891623	0.2902973079891623	2.1742386053496228	3.611377861540533	2.025304591626439	2.025304591626439	3.611377861540533
109274809	C	G	C	G	109274809:C>G	109274809:C>G	-159	False	False	-0.16500000000000004	0.5303300858899106	2	1e-05	66	11375	9301	0.16500000000000004	C	G	1	-0.021310806274414	0.021310806274414	0.021310806274414	1	-0.0107431411743164	0.0107431411743164	0.0107431411743164	-0.006565928459167433	-0.0040868297219276	0.000388254721959376	3.0	3.0	3.0	-0.6544419851308256	-0.40784899982179823	0.038833010257924946	0.038833010257924946	0.40784899982179823	0.6544419851308256	-0.34115265823156626	0.36704133173684966	0.6544419851308256
109274809	C	T	C	T	109274809:C>T	109274809:C>T	-159	False	False	-0.035	0.06363961030678929	2	0.00081	936	188961	153377	0.035	C	T	1	-0.0355091094970703	0.0355091094970703	0.0355091094970703	1	-0.051279067993164	0.051279067993164	0.051279067993164	-0.025555173556009867	-0.017814875890811235	-0.0008209248383839666	3.0	3.0	3.0	-2.523140396767296	-1.765712912467661	-0.08205879717758566	0.08205879717758566	1.765712912467661	2.523140396767296	-1.4569707021375142	1.4569707021375142	2.523140396767296
109274810	A	C	A	C	109274810:A>C	109274810:A>C	-158	False	False	0.135	0.06363961030678929	2	0.0424	98	17678	10762	0.135	A	C	1	0.0245256423950195	0.0245256423950195	0.0245256423950195	1	0.0161466598510742	0.0161466598510742	0.0161466598510742	0.015773455301920498	0.01632789274056747	0.0017491380373636	3.0	3.0	3.0	1.589851291301297	1.646192125534416	0.17506686716005673	0.17506686716005673	1.646192125534416	1.589851291301297	1.1370367613319232	1.1370367613319232	1.646192125534416
109274810	A	G	A	G	109274810:A>G	109274810:A>G	-158	False	False	0.015	0.06363961030678927	2	0.01793	1086	251424	216665	0.015	A	G	1	0.01800537109375	0.01800537109375	0.01800537109375	1	0.0344610214233398	0.0344610214233398	0.0344610214233398	0.021459658940633102	0.0147472023963928	0.0031632880369821662	3.0	3.0	3.0	2.1691573385603222	1.4856478899087366	0.3168296512275524	0.3168296512275524	1.4856478899087366	2.1691573385603222	1.3238782932322037	1.3238782932322037	2.1691573385603222
109274810	A	T	A	T	109274810:A>T	109274810:A>T	-158	False	False	0.05	0.0	2	0.22303	380	91061	70970	0.05	A	T	1	-0.0329303741455078	0.0329303741455078	0.0329303741455078	1	-0.0551080703735351	0.0551080703735351	0.0551080703735351	-0.024308919906616166	-0.010738844672838801	-0.0015879174073536336	3.0	3.0	3.0	-2.401583775296725	-1.0681389133012855	-0.15866573335599635	0.15866573335599635	1.0681389133012855	2.401583775296725	-1.2094628073180023	1.2094628073180023	2.401583775296725
109274811	G	A	G	A	109274811:G>A	109274811:G>A	-157	False	False	-0.125	0.007071067811865481	2	0.0	801	164283	144313	0.125	G	A	1	-0.0213422775268554	0.0213422775268554	0.0213422775268554	1	-0.0022163391113281	0.0022163391113281	0.0022163391113281	-0.0022659699122110667	-0.0008261576294898666	0.0010541975498199	3.0	3.0	3.0	-0.2263404540440465	-0.08258164552365234	0.10547534113690567	0.10547534113690567	0.08258164552365234	0.2263404540440465	-0.06781558614359773	0.13813248023486815	0.2263404540440465
109274811	G	C	G	C	109274811:G>C	109274811:G>C	-157	False	False	-0.1	0.08485281374238571	2	0.00121	178	30223	21944	0.1	G	C	1	-0.0700035095214843	0.0700035095214843	0.0700035095214843	1	-0.0535745620727539	0.0535745620727539	0.0535745620727539	-0.031182448069254465	-0.016797091811895332	0.0017185111840565667	3.0	3.0	3.0	-3.0701289735841257	-1.6656807221161056	0.17199886706392825	0.17199886706392825	1.6656807221161056	3.0701289735841257	-1.5212702762121009	1.6359361875880534	3.0701289735841257
109274811	G	T	G	T	109274811:G>T	109274811:G>T	-157	False	False	-0.33999999999999997	0.014142135623730944	2	1e-05	148	29342	24125	0.33999999999999997	G	T	1	-0.0785636901855468	0.0785636901855468	0.0785636901855468	1	-0.1314802169799804	0.1314802169799804	0.1314802169799804	-0.057369788487752205	-0.03975642224152876	-0.0028078158696492	3.0	3.0	3.0	-5.575516607032573	-3.8976505405532462	-0.2803877641472422	0.2803877641472422	3.8976505405532462	5.575516607032573	-3.2511849705776874	3.2511849705776874	5.575516607032573
109274812	C	A	C	A	109274812:C>A	109274812:C>A	-156	False	False	-0.14500000000000002	0.1202081528017131	2	0.00082	199	32409	17728	0.14500000000000002	C	A	1	-0.0043878555297851	0.0043878555297851	0.0043878555297851	1	0.0077295303344726	0.0077295303344726	0.0077295303344726	-0.005478978157043401	-0.000479057431221	-0.0012332201004028	3.0	3.0	3.0	-0.5463995931138826	-0.047894270153123086	-0.12324599969851605	0.12324599969851605	0.047894270153123086	0.5463995931138826	-0.23917995432184058	0.23917995432184058	0.5463995931138826
109274812	C	G	C	G	109274812:C>G	109274812:C>G	-156	False	False	-0.04	0.12727922061357858	2	0.13791	99	14516	12379	0.04	C	G	1	0.0013008117675781	0.0013008117675781	0.0013008117675781	1	0.0124921798706054	0.0124921798706054	0.0124921798706054	0.0067679087320963	0.012310584386189732	0.0025721192359924	3.0	3.0	3.0	0.6790862780816136	1.2386671535341862	0.25754299726023955	0.25754299726023955	1.2386671535341862	0.6790862780816136	0.7250988096253465	0.7250988096253465	1.2386671535341862
109274812	C	T	C	T	109274812:C>T	109274812:C>T	-156	False	False	-0.14500000000000002	0.0353553390593274	2	0.0	1266	261615	207241	0.14500000000000002	C	T	1	-0.0131177902221679	0.0131177902221679	0.0131177902221679	1	-0.0189476013183593	0.0189476013183593	0.0189476013183593	-0.005510568618774333	-0.0002550706267356666	-0.00047863523165379997	3.0	3.0	3.0	-0.5495413286468406	-0.025503809898903797	-0.04785207040843485	0.04785207040843485	0.025503809898903797	0.5495413286468406	-0.2076324029847264	0.2076324029847264	0.5495413286468406
109274813	C	A	C	A	109274813:C>A	109274813:C>A	-155	False	False	-0.22000000000000003	0.08485281374238572	2	0.0	298	58790	42092	0.22000000000000003	C	A	1	-0.0442028045654296	0.0442028045654296	0.0442028045654296	1	-0.0816144943237304	0.0816144943237304	0.0816144943237304	-0.03531297047932937	-0.03335090105732277	-0.003718783458073867	3.0	3.0	3.0	-3.469674244655907	-3.2800891154232876	-0.37118773463002347	0.37118773463002347	3.2800891154232876	3.469674244655907	-2.3736503649030727	2.3736503649030727	3.469674244655907
109274813	C	G	C	G	109274813:C>G	109274813:C>G	-155	False	False	0.010000000000000002	0.12727922061357858	2	0.24353	83	24319	25156	0.010000000000000002	C	G	1	0.0032157897949218	0.0032157897949218	0.0032157897949218	1	-0.015212059020996	0.015212059020996	0.015212059020996	-0.02345756689707437	-0.02493878578146293	-0.0038485825061797666	3.0	3.0	3.0	-2.3184576901167455	-2.4630383310202606	-0.3841186203995031	0.3841186203995031	2.4630383310202606	2.3184576901167455	-1.7218715471788364	1.7218715471788364	2.4630383310202606
109274813	C	T	C	T	109274813:C>T	109274813:C>T	-155	False	False	-0.135	0.09192388155425119	2	0.0	630	133675	114365	0.135	C	T	1	-0.0103960037231445	0.0103960037231445	0.0103960037231445	1	-0.0451726913452148	0.0451726913452148	0.0451726913452148	-0.027210354804992665	-0.027240150918563133	-0.0018742382526397334	3.0	3.0	3.0	-2.6843488156120547	-2.6872484006085324	-0.18724829649062968	0.18724829649062968	2.6872484006085324	2.6843488156120547	-1.8529485042370724	1.8529485042370724	2.6872484006085324
109274814	C	A	C	A	109274814:C>A	109274814:C>A	-154	False	False	-0.21999999999999997	0.18384776310850234	2	0.00074	87	14289	8760	0.21999999999999997	C	A	1	-0.0419435501098632	0.0419435501098632	0.0419435501098632	1	-0.0802488327026367	0.0802488327026367	0.0802488327026367	-0.0494132041931152	-0.03731024265289303	-0.0021724204222360664	3.0	3.0	3.0	-4.821223426147606	-3.6622791719345926	-0.21700624248202494	0.21700624248202494	3.6622791719345926	4.821223426147606	-2.900169613521408	2.900169613521408	4.821223426147606
109274814	C	G	C	G	109274814:C>G	109274814:C>G	-154	False	False	-0.06500000000000002	0.38890872965260115	2	0.05509	36	8547	9096	0.06500000000000002	C	G	1	0.0666160583496093	0.0666160583496093	0.0666160583496093	1	0.0887413024902343	0.0887413024902343	0.0887413024902343	0.0110379854838053	0.0058587317665417665	0.0052083432674407655	3.0	3.0	3.0	1.1099128804855622	0.5875927701218703	0.5221930265578265	0.5221930265578265	0.5875927701218703	1.1099128804855622	0.7398995590550864	0.7398995590550864	1.1099128804855622
109274814	C	T	C	T	109274814:C>T	109274814:C>T	-154	False	False	0.01	0.01414213562373095	2	0.69704	481	121057	101723	0.01	C	T	1	0.0736904144287109	0.0736904144287109	0.0736904144287109	1	0.0539674758911132	0.0539674758911132	0.0539674758911132	0.0069122314453125	0.0017470841606458	0.0013732910156249668	3.0	3.0	3.0	0.693617605552475	0.1748611201338038	0.13742344115347144	0.13742344115347144	0.1748611201338038	0.693617605552475	0.33530072227991675	0.33530072227991675	0.693617605552475
109274815	A	C	A	C	109274815:A>C	109274815:A>C	-153	False	False	0.11000000000000001	0.042426406871192854	2	0.08148	143	28081	15968	0.11000000000000001	A	C	1	0.1085262298583984	0.1085262298583984	0.1085262298583984	1	0.1318187713623047	0.1318187713623047	0.1318187713623047	0.04085779190063473	0.028976256648699402	0.0076732933521270336	3.0	3.0	3.0	4.170395627199319	2.94001527755118	0.7702808512089946	0.7702808512089946	2.94001527755118	4.170395627199319	2.626897251986498	2.626897251986498	4.170395627199319
109274815	A	G	A	G	109274815:A>G	109274815:A>G	-153	False	False	0.30000000000000004	0.05656854249492383	2	0.0	1047	215636	212475	0.30000000000000004	A	G	1	0.1056585311889648	0.1056585311889648	0.1056585311889648	1	0.1211681365966796	0.1211681365966796	0.1211681365966796	0.03433171908060703	0.026743079225222233	0.0077622532844543	3.0	3.0	3.0	3.492785511054333	2.7103884536111122	0.7792457673273712	0.7792457673273712	2.7103884536111122	3.492785511054333	2.3274732439976056	2.3274732439976056	3.492785511054333
109274815	A	T	A	T	109274815:A>T	109274815:A>T	-153	False	False	0.15	0.042426406871192854	2	0.0	802	199869	199206	0.15	A	T	1	0.1433601379394531	0.1433601379394531	0.1433601379394531	1	0.1291217803955078	0.1291217803955078	0.1291217803955078	0.038661758104960066	0.030821604033311165	0.007984707752863534	3.0	3.0	3.0	3.9418849183468074	3.1301507445530814	0.8016670546365388	0.8016670546365388	3.1301507445530814	3.9418849183468074	2.6245675725121425	2.6245675725121425	3.9418849183468074
109274816	G	A	G	A	109274816:G>A	109274816:G>A	-152	False	False	0.030000000000000002	0.028284271247461905	2	0.19754	856	185870	164323	0.030000000000000002	G	A	1	0.0344629287719726	0.0344629287719726	0.0344629287719726	1	-0.0007390975952148	0.0007390975952148	0.0007390975952148	-0.03161187966664627	-0.022183902561664536	0.0024072130521138	3.0	3.0	3.0	-3.111744786721889	-2.193964929283638	0.24101127156887875	0.24101127156887875	2.193964929283638	3.111744786721889	-1.6882328148122159	1.848906995858135	3.111744786721889
109274816	G	C	G	C	109274816:G>C	109274816:G>C	-152	False	False	-0.095	0.03535533905932737	2	0.00045	304	73172	53986	0.095	G	C	1	0.0654430389404296	0.0654430389404296	0.0654430389404296	1	0.1649513244628906	0.1649513244628906	0.1649513244628906	0.058428883552551235	0.057667568325996364	0.011723240216573033	3.0	3.0	3.0	6.016958751884632	5.936277142879429	1.1792226715356469	1.1792226715356469	5.936277142879429	6.016958751884632	4.377486188766569	4.377486188766569	6.016958751884632
109274816	G	T	G	T	109274816:G>T	109274816:G>T	-152	False	False	0.065	0.06363961030678927	2	0.00018	761	154410	137249	0.065	G	T	1	0.0956525802612304	0.0956525802612304	0.0956525802612304	1	0.1223564147949218	0.1223564147949218	0.1223564147949218	0.035666545232137	0.034315623342990834	0.0060875962177912	3.0	3.0	3.0	3.6310226283833757	3.491119731739587	0.6106163288802805	0.6106163288802805	3.491119731739587	3.6310226283833757	2.5775862296677476	2.5775862296677476	3.6310226283833757
109274817	G	A	G	A	109274817:G>A	109274817:G>A	-151	False	False	0.13	0.0282842712474619	2	0.0	1117	236836	224714	0.13	G	A	1	0.0188674926757812	0.0188674926757812	0.0188674926757812	1	0.0831775665283203	0.0831775665283203	0.0831775665283203	0.010206381479899067	0.02344902108112967	0.0078173031409581	3.0	3.0	3.0	1.0258644244595656	2.3726110965994875	0.784793803053308	0.784793803053308	2.3726110965994875	1.0258644244595656	1.3944231080374536	1.3944231080374536	2.3726110965994875
109274817	G	C	G	C	109274817:G>C	109274817:G>C	-151	False	False	0.06	0.028284271247461905	2	0.32994	145	30752	27586	0.06	G	C	1	0.0435504913330078	0.0435504913330078	0.0435504913330078	1	0.0559215545654296	0.0559215545654296	0.0559215545654296	-0.007482727368672633	0.013240151107311233	0.0028206954399744334	3.0	3.0	3.0	-0.7454801461630465	1.3328190028440603	0.2824677344389987	0.2824677344389987	1.3328190028440603	0.7454801461630465	0.2899355303733375	0.7869222944820352	1.3328190028440603
109274817	G	T	G	T	109274817:G>T	109274817:G>T	-151	False	False	0.375	0.06363961030678926	2	0.0	121	23942	24016	0.375	G	T	1	0.0991706848144531	0.0991706848144531	0.0991706848144531	1	0.1321544647216797	0.1321544647216797	0.1321544647216797	0.04904687404632563	0.045579070846239696	0.009728009502092934	3.0	3.0	3.0	5.026957997117847	4.663375955922525	0.9775480394089937	0.9775480394089937	4.663375955922525	5.026957997117847	3.5559606641497887	3.5559606641497887	5.026957997117847
109274818	T	A	T	A	109274818:T>A	109274818:T>A	-150	False	False	-0.53	0.07071067811865478	2	0.0	413	85061	44321	0.53	T	A	1	-0.047525405883789	0.047525405883789	0.047525405883789	1	-0.039093017578125	0.039093017578125	0.039093017578125	-0.06719907124837234	-0.049480783442656134	0.0005400975545246668	3.0	3.0	3.0	-6.49909506100604	-4.827655319106993	0.05402434334706404	0.05402434334706404	4.827655319106993	6.49909506100604	-3.757575345588657	3.793591574486699	6.49909506100604
109274818	T	C	T	C	109274818:T>C	109274818:T>C	-150	False	False	-0.5800000000000001	0.05656854249492382	2	0.0	947	201704	117153	0.5800000000000001	T	C	1	-0.0527992248535156	0.0527992248535156	0.0527992248535156	1	-0.0303974151611328	0.0303974151611328	0.0303974151611328	-0.0725454489390055	-0.05821118007103596	0.00040867924690243335	3.0	3.0	3.0	-6.997652288055243	-5.654931158562649	0.04087627676432014	0.04087627676432014	5.654931158562649	6.997652288055243	-4.203902389951191	4.231153241127404	6.997652288055243
109274818	T	G	T	G	109274818:T>G	109274818:T>G	-150	False	False	-0.73	0.014142135623730963	2	0.0	105	29880	19126	0.73	T	G	1	-0.1230173110961914	0.1230173110961914	0.1230173110961914	1	-0.1090164184570312	0.1090164184570312	0.1090164184570312	-0.09729929765065504	-0.06936698903640107	-0.0042920112609862665	3.0	3.0	3.0	-9.271558260223827	-6.701577773779185	-0.4282813743974642	0.4282813743974642	6.701577773779185	9.271558260223827	-5.4671391361334924	5.4671391361334924	9.271558260223827
109274819	G	A	G	A	109274819:G>A	109274819:G>A	-149	False	False	-0.16999999999999998	0.014142135623730954	2	0.0	619	133688	103497	0.16999999999999998	G	A	1	0.0010747909545898	0.0010747909545898	0.0010747909545898	1	0.024698257446289	0.024698257446289	0.024698257446289	-0.004268248875935867	-0.00020761042833326672	-3.2464663187679096e-05	3.0	3.0	3.0	-0.4259152847674975	-0.02075888787796202	-0.0032464136216203815	0.0032464136216203815	0.02075888787796202	0.4259152847674975	-0.1499735287556933	0.1499735287556933	0.4259152847674975
109274819	G	C	G	C	109274819:G>C	109274819:G>C	-149	False	False	-0.79	0.0989949493661167	2	0.0	226	57526	32035	0.79	G	C	1	-0.1280994415283203	0.1280994415283203	0.1280994415283203	1	-0.1155986785888671	0.1155986785888671	0.1155986785888671	-0.10963662465413408	-0.07727437466382973	-0.004753828048706034	3.0	3.0	3.0	-10.384028151385035	-7.436415226285027	-0.47425464920875116	0.47425464920875116	7.436415226285027	10.384028151385035	-6.098232675626271	6.098232675626271	10.384028151385035
109274819	G	T	G	T	109274819:G>T	109274819:G>T	-149	False	False	-0.51	0.12727922061357852	2	0.0	74	14845	7013	0.51	G	T	1	-0.2256650924682617	0.2256650924682617	0.2256650924682617	1	-0.1491756439208984	0.1491756439208984	0.1491756439208984	-0.130627433458964	-0.09008015692234035	-0.006250808636347399	3.0	3.0	3.0	-12.245534272798523	-8.614206970382812	-0.6231312974411415	0.6231312974411415	8.614206970382812	12.245534272798523	-7.160957513540825	7.160957513540825	12.245534272798523
109274820	T	A	T	A	109274820:T>A	109274820:T>A	-148	False	False	-0.6399999999999999	0.0707106781186547	2	0.0	415	77474	41601	0.6399999999999999	T	A	1	-0.1495618820190429	0.1495618820190429	0.1495618820190429	1	-0.1772775650024414	0.1772775650024414	0.1772775650024414	-0.10824239253997799	-0.07694202909866966	-0.008064965407053567	3.0	3.0	3.0	-10.258995543507844	-7.405647016834389	-0.8032530826704832	0.8032530826704832	7.405647016834389	10.258995543507844	-6.155965214337573	6.155965214337573	10.258995543507844
109274820	T	C	T	C	109274820:T>C	109274820:T>C	-148	False	False	-0.685	0.03535533905932729	2	0.0	1010	229240	117585	0.685	T	C	1	-0.1520881652832031	0.1520881652832031	0.1520881652832031	1	-0.168954849243164	0.168954849243164	0.168954849243164	-0.1193691492080688	-0.09236185749371839	-0.009014795223871833	3.0	3.0	3.0	-11.251987230077168	-8.822484282962401	-0.8974283782918143	0.8974283782918143	8.822484282962401	11.251987230077168	-6.9906332971104606	6.9906332971104606	11.251987230077168
109274820	T	G	T	G	109274820:T>G	109274820:T>G	-148	False	False	-0.835	0.19091883092036785	2	0.0	158	32722	14350	0.835	T	G	1	-0.1679458618164062	0.1679458618164062	0.1679458618164062	1	-0.1833410263061523	0.1833410263061523	0.1833410263061523	-0.12513446807861323	-0.08965075512727096	-0.008397440115610699	3.0	3.0	3.0	-11.762175710012857	-8.574957320480083	-0.8362280102231716	0.8362280102231716	8.574957320480083	11.762175710012857	-7.057787013572036	7.057787013572036	11.762175710012857
109274821	T	A	T	A	109274821:T>A	109274821:T>A	-147	False	False	-0.725	0.03535533905932741	2	0.0	432	75641	41400	0.725	T	A	1	-0.1689176559448242	0.1689176559448242	0.1689176559448242	1	-0.2447671890258789	0.2447671890258789	0.2447671890258789	-0.13744588692982987	-0.11150241891543067	-0.0111861626307169	3.0	3.0	3.0	-12.841848732735798	-10.551077229314448	-1.1123830150433018	1.1123830150433018	10.551077229314448	12.841848732735798	-8.168436325697849	8.168436325697849	12.841848732735798
109274821	T	C	T	C	109274821:T>C	109274821:T>C	-147	False	False	-0.755	0.06363961030678934	2	0.0	1107	232820	110936	0.755	T	C	1	-0.1605520248413086	0.1605520248413086	0.1605520248413086	1	-0.1887989044189453	0.1887989044189453	0.1887989044189453	-0.12868865331013993	-0.10485983391602834	-0.011112292607625265	3.0	3.0	3.0	-12.075232621290457	-9.95492736065597	-1.1050779146825018	1.1050779146825018	9.95492736065597	12.075232621290457	-7.711745965542977	7.711745965542977	12.075232621290457
109274821	T	G	T	G	109274821:T>G	109274821:T>G	-147	False	False	-0.605	0.007071067811865481	2	0.0	105	24332	12697	0.605	T	G	1	-0.1506776809692382	0.1506776809692382	0.1506776809692382	1	-0.2239284515380859	0.2239284515380859	0.2239284515380859	-0.12477517127990717	-0.1006845086812973	-0.0071594019730885335	3.0	3.0	3.0	-11.730466446043284	-9.578173909845626	-0.7133834507090314	0.7133834507090314	9.578173909845626	11.730466446043284	-7.340674602199314	7.340674602199314	11.730466446043284
109274822	T	A	T	A	109274822:T>A	109274822:T>A	-146	False	False	-0.675	0.03535533905932737	2	0.0	734	150308	78276	0.675	T	A	1	-0.1328582763671875	0.1328582763671875	0.1328582763671875	1	-0.1520423889160156	0.1520423889160156	0.1520423889160156	-0.10674790541330965	-0.08068731178839997	-0.0076102217038472005	3.0	3.0	3.0	-10.124778499772363	-7.751790437132088	-0.758133728537706	0.758133728537706	7.751790437132088	10.124778499772363	-6.2115675551473855	6.2115675551473855	10.124778499772363
109274822	T	C	T	C	109274822:T>C	109274822:T>C	-146	False	False	-0.8	0.042426406871192854	2	0.0	1190	238751	113168	0.8	T	C	1	-0.212289810180664	0.212289810180664	0.212289810180664	1	-0.2084941864013672	0.2084941864013672	0.2084941864013672	-0.13176627953847247	-0.10139558712641396	-0.009027600288391066	3.0	3.0	3.0	-12.345416216176165	-9.64244806665442	-0.8986973849905787	0.8986973849905787	9.64244806665442	12.345416216176165	-7.628853889273721	7.628853889273721	12.345416216176165
109274822	T	G	T	G	109274822:T>G	109274822:T>G	-146	False	False	-0.64	0.05656854249492385	2	0.0	100	19635	11356	0.64	T	G	1	-0.2126789093017578	0.2126789093017578	0.2126789093017578	1	-0.251561164855957	0.251561164855957	0.251561164855957	-0.1370020310084025	-0.10053047041098273	-0.010654737552006965	3.0	3.0	3.0	-12.803154484494813	-9.564244415345938	-1.0598176893745603	1.0598176893745603	9.564244415345938	12.803154484494813	-7.809072196405104	7.809072196405104	12.803154484494813
109274823	G	A	G	A	109274823:G>A	109274823:G>A	-145	False	False	0.33999999999999997	0.014142135623730944	2	0.0	1073	170349	174133	0.33999999999999997	G	A	1	0.0384235382080078	0.0384235382080078	0.0384235382080078	1	0.0546779632568359	0.0546779632568359	0.0546779632568359	0.03475860754648837	0.0345467776060104	0.0035659422477085667	3.0	3.0	3.0	3.5369748187727588	3.5150449103472305	0.35723077838947287	0.35723077838947287	3.5150449103472305	3.5369748187727588	2.4697501691698207	2.4697501691698207	3.5369748187727588
109274823	G	C	G	C	109274823:G>C	109274823:G>C	-145	False	False	-0.685	0.12020815280171315	2	0.0	194	32744	14233	0.685	G	C	1	-0.3288040161132812	0.3288040161132812	0.3288040161132812	1	-0.2222042083740234	0.2222042083740234	0.2222042083740234	-0.13805679480234778	-0.11085357020298632	-0.006839603185653634	3.0	3.0	3.0	-12.89507807273218	-10.493019577665773	-0.6816266335028874	0.6816266335028874	10.493019577665773	12.89507807273218	-8.023241427966946	8.023241427966946	12.89507807273218
109274823	G	T	G	T	109274823:G>T	109274823:G>T	-145	False	False	-0.72	0.12727922061357863	2	0.0	119	18865	9474	0.72	G	T	1	-0.2641763687133789	0.2641763687133789	0.2641763687133789	1	-0.1804103851318359	0.1804103851318359	0.1804103851318359	-0.11834116776784258	-0.08741177121798194	-0.007778058449427267	3.0	3.0	3.0	-11.160709011973829	-8.370028790784026	-0.7747887626955386	0.7747887626955386	8.370028790784026	11.160709011973829	-6.76850885515113	6.76850885515113	11.160709011973829
109274824	C	A	C	A	109274824:C>A	109274824:C>A	-144	False	False	0.355	0.07778174593052022	2	0.0	338	54062	46453	0.355	C	A	1	-0.0782861709594726	0.0782861709594726	0.0782861709594726	1	-0.04632568359375	0.04632568359375	0.04632568359375	-0.023958961168924903	-0.013680701454480434	-0.0002196331818898327	3.0	3.0	3.0	-2.367422379563246	-1.3587545953072	-0.02196090642882467	0.02196090642882467	1.3587545953072	2.367422379563246	-1.2493792937664236	1.2493792937664236	2.367422379563246
109274824	C	G	C	G	109274824:C>G	109274824:C>G	-144	False	False	-0.675	0.06363961030678922	2	0.0	207	50318	34935	0.675	C	G	1	-0.156106948852539	0.156106948852539	0.156106948852539	1	-0.1614456176757812	0.1614456176757812	0.1614456176757812	-0.08008722464243567	-0.040227970729271534	-0.0052677989006041995	3.0	3.0	3.0	-7.696416859510801	-3.942956775226636	-0.5253948379235255	0.5253948379235255	3.942956775226636	7.696416859510801	-4.054922824220321	4.054922824220321	7.696416859510801
109274824	C	T	C	T	109274824:C>T	109274824:C>T	-144	False	False	-0.060000000000000005	0.014142135623730954	2	0.0229	1104	237499	210239	0.060000000000000005	C	T	1	-0.0172510147094726	0.0172510147094726	0.0172510147094726	1	0.0263214111328125	0.0263214111328125	0.0263214111328125	0.008419473965962666	0.008743231495221401	0.00028934081395462697	3.0	3.0	3.0	0.8455017419259846	0.8781565182364198	0.028938267704540648	0.028938267704540648	0.8781565182364198	0.8455017419259846	0.584198842622315	0.584198842622315	0.8781565182364198
109274825	T	A	T	A	109274825:T>A	109274825:T>A	-143	False	False	0.015	0.007071067811865476	2	0.61153	435	69155	58376	0.015	T	A	1	0.0115699768066406	0.0115699768066406	0.0115699768066406	1	-0.0104484558105468	0.0104484558105468	0.0104484558105468	0.0002371470133463458	0.006273922820885933	0.0009691119194030002	3.0	3.0	3.0	0.023717513492225402	0.6293645098443039	0.09695816600906756	0.09695816600906756	0.6293645098443039	0.023717513492225402	0.2500133964485323	0.2500133964485323	0.6293645098443039
109274825	T	C	T	C	109274825:T>C	109274825:T>C	-143	False	False	-0.405	0.03535533905932735	2	0.0	1028	183479	106924	0.405	T	C	1	-0.1826810836791992	0.1826810836791992	0.1826810836791992	1	-0.190643310546875	0.190643310546875	0.190643310546875	-0.08996184666951494	-0.05645302062233287	-0.0057693223158518	3.0	3.0	3.0	-8.603394454501696	-5.488911582663111	-0.5752711735143021	0.5752711735143021	5.488911582663111	8.603394454501696	-4.889192403559703	4.889192403559703	8.603394454501696
109274825	T	G	T	G	109274825:T>G	109274825:T>G	-143	False	False	-0.335	0.26162950903902266	2	0.0	83	15953	8567	0.335	T	G	1	-0.0848855972290039	0.0848855972290039	0.0848855972290039	1	-0.0455837249755859	0.0455837249755859	0.0455837249755859	-0.04193667570749913	-0.0152422711253166	-0.0011782844861347999	3.0	3.0	3.0	-4.106949775450203	-1.5126695666722887	-0.11775905815354336	0.11775905815354336	1.5126695666722887	4.106949775450203	-1.9124594667586783	1.9124594667586783	4.106949775450203
109274826	C	A	C	A	109274826:C>A	109274826:C>A	-142	False	False	-0.435	0.07778174593052022	2	0.0	128	23275	12023	0.435	C	A	1	-0.1240682601928711	0.1240682601928711	0.1240682601928711	1	-0.0865421295166015	0.0865421295166015	0.0865421295166015	-0.061544775962829534	-0.04152315234144527	-0.0026479462782541667	3.0	3.0	3.0	-5.968915852647985	-4.067287558478633	-0.2644443560859164	0.2644443560859164	4.067287558478633	5.968915852647985	-3.433549255737512	3.433549255737512	5.968915852647985
109274826	C	G	C	G	109274826:C>G	109274826:C>G	-142	False	False	-0.505	0.28991378028648446	2	0.0	110	16671	8494	0.505	C	G	1	-0.0992145538330078	0.0992145538330078	0.0992145538330078	1	-0.0500364303588867	0.0500364303588867	0.0500364303588867	-0.05052097638448077	-0.03321526572108263	-0.003446926673253367	3.0	3.0	3.0	-4.926601449845898	-3.266969588073704	-0.3440992841293789	0.3440992841293789	3.266969588073704	4.926601449845898	-2.8458901073496605	2.8458901073496605	4.926601449845898
109274826	C	T	C	T	109274826:C>T	109274826:C>T	-142	False	False	0.09000000000000001	0.07071067811865477	2	0.0	913	241553	222925	0.09000000000000001	C	T	1	0.0139293670654296	0.0139293670654296	0.0139293670654296	1	0.0213775634765625	0.0213775634765625	0.0213775634765625	0.013384898503621366	0.012470210591951967	0.0012306173642476	3.0	3.0	3.0	1.34748772615963	1.2548287877241857	0.12313748845035181	0.12313748845035181	1.2548287877241857	1.34748772615963	0.9084846674447226	0.9084846674447226	1.34748772615963
109274827	A	C	A	C	109274827:A>C	109274827:A>C	-141	False	False	-0.68	0.0	2	0.0	192	25192	8292	0.68	A	C	1	-0.1629934310913086	0.1629934310913086	0.1629934310913086	1	-0.1310548782348632	0.1310548782348632	0.1310548782348632	-0.0913548866907755	-0.0740022957324981	-0.004301498333613033	3.0	3.0	3.0	-8.7306249446767	-7.133043813805321	-0.4292260140426977	0.4292260140426977	7.133043813805321	8.7306249446767	-5.430964924174906	5.430964924174906	8.7306249446767
109274827	A	G	A	G	109274827:A>G	109274827:A>G	-141	False	False	-0.385	0.007071067811865481	2	0.0	1066	229374	151950	0.385	A	G	1	-0.105107307434082	0.105107307434082	0.105107307434082	1	-0.0632896423339843	0.0632896423339843	0.0632896423339843	-0.050929864247639935	-0.04380238552888233	-0.0037509600321451	3.0	3.0	3.0	-4.9654678620787225	-4.285691589029867	-0.3743933969136176	0.3743933969136176	4.285691589029867	4.9654678620787225	-3.208517616007402	3.208517616007402	4.9654678620787225
109274827	A	T	A	T	109274827:A>T	109274827:A>T	-141	False	False	-0.20500000000000002	0.049497474683058325	2	0.0	852	179021	122915	0.20500000000000002	A	T	1	-0.0081968307495117	0.0081968307495117	0.0081968307495117	1	0.009657859802246	0.009657859802246	0.009657859802246	-0.012244462966918867	-0.010710919896761534	-0.0037679175535837335	3.0	3.0	3.0	-1.2169804558288941	-1.065376224659981	-0.37608278594946043	0.37608278594946043	1.065376224659981	1.2169804558288941	-0.8861464888127785	0.8861464888127785	1.2169804558288941
109274828	G	A	G	A	109274828:G>A	109274828:G>A	-140	False	False	-0.08	0.09899494936611665	2	0.0	948	207150	165133	0.08	G	A	1	-0.003788948059082	0.003788948059082	0.003788948059082	1	0.0337038040161132	0.0337038040161132	0.0337038040161132	0.0274856885274251	0.0402909691135088	0.0038209706544875665	3.0	3.0	3.0	2.7866904712971756	4.111366204405329	0.3828279869325585	0.3828279869325585	4.111366204405329	2.7866904712971756	2.426961554211688	2.426961554211688	4.111366204405329
109274828	G	C	G	C	109274828:G>C	109274828:G>C	-140	False	False	-0.255	0.049497474683058325	2	0.0	348	101526	82531	0.255	G	C	1	-0.0501813888549804	0.0501813888549804	0.0501813888549804	1	-0.0385618209838867	0.0385618209838867	0.0385618209838867	-0.021185596783955863	-0.022439918170372598	-0.0012198289235432667	3.0	3.0	3.0	-2.0962758457026816	-2.219001595862122	-0.1219085234663715	0.1219085234663715	2.219001595862122	2.0962758457026816	-1.4790619883437248	1.4790619883437248	2.219001595862122
109274828	G	T	G	T	109274828:G>T	109274828:G>T	-140	False	False	-0.54	0.0	2	0.0	302	48625	25701	0.54	G	T	1	-0.0657358169555664	0.0657358169555664	0.0657358169555664	1	-0.0166082382202148	0.0166082382202148	0.0166082382202148	-0.018268068631490036	-0.012019809335470167	0.0007131894429524333	3.0	3.0	3.0	-1.81022189192651	-1.1947859988234908	0.0713443823013333	0.0713443823013333	1.1947859988234908	1.81022189192651	-0.9778878361495558	1.0254507576837781	1.81022189192651
109274829	T	A	T	A	109274829:T>A	109274829:T>A	-139	False	False	-0.47	0.05656854249492379	2	0.0	715	143532	89858	0.47	T	A	1	-0.1165504455566406	0.1165504455566406	0.1165504455566406	1	-0.1423015594482422	0.1423015594482422	0.1423015594482422	-0.0737653573354085	-0.0577036837736765	-0.0035789608955382663	3.0	3.0	3.0	-7.11103745909172	-5.6070392339921895	-0.3572564048622842	0.3572564048622842	5.6070392339921895	7.11103745909172	-4.358444365982065	4.358444365982065	7.11103745909172
109274829	T	C	T	C	109274829:T>C	109274829:T>C	-139	False	False	0.095	0.06363961030678929	2	0.0	1074	215777	190962	0.095	T	C	1	-0.0109777450561523	0.0109777450561523	0.0109777450561523	1	-0.0507793426513671	0.0507793426513671	0.0507793426513671	-0.0150556564331054	-0.0025748287638027666	-0.0011204282442728332	3.0	3.0	3.0	-1.4942886687973134	-0.2571516735466426	-0.11198007989052663	0.11198007989052663	0.2571516735466426	1.4942886687973134	-0.6211401407448275	0.6211401407448275	1.4942886687973134
109274829	T	G	T	G	109274829:T>G	109274829:T>G	-139	False	False	-0.42500000000000004	0.1909188309203679	2	0.00158	72	10767	4081	0.42500000000000004	T	G	1	-0.2645988464355469	0.2645988464355469	0.2645988464355469	1	-0.4020471572875976	0.4020471572875976	0.4020471572875976	-0.1417060295740763	-0.11259154478708895	-0.0096523265043894	3.0	3.0	3.0	-13.212365103079044	-10.648445332610981	-0.9605892320311138	0.9605892320311138	10.648445332610981	13.212365103079044	-8.27379988924038	8.27379988924038	13.212365103079044
109274830	T	A	T	A	109274830:T>A	109274830:T>A	-138	False	False	0.12	0.0565685424949238	2	3e-05	530	104336	90397	0.12	T	A	1	0.0436792373657226	0.0436792373657226	0.0436792373657226	1	0.009657859802246	0.009657859802246	0.009657859802246	0.0014624993006388332	-0.0063676846524079005	0.0005347232023874667	3.0	3.0	3.0	0.14635692742893452	-0.6347453912259374	0.05348661923245958	0.05348661923245958	0.6347453912259374	0.14635692742893452	-0.14496728152151445	0.2781963126291105	0.6347453912259374
109274830	T	C	T	C	109274830:T>C	109274830:T>C	-138	False	False	0.1	0.042426406871192854	2	0.0	1050	208518	199627	0.1	T	C	1	0.043044090270996	0.043044090270996	0.043044090270996	1	0.0315980911254882	0.0315980911254882	0.0315980911254882	0.008347511291503833	0.003601538638273833	0.0029620230197905995	3.0	3.0	3.0	0.8382448910278238	0.36080319715453857	0.29664141444425435	0.29664141444425435	0.36080319715453857	0.8382448910278238	0.4985631675422056	0.4985631675422056	0.8382448910278238
109274830	T	G	T	G	109274830:T>G	109274830:T>G	-138	False	False	-0.04	0.042426406871192854	2	0.40727	113	24403	20556	0.04	T	G	1	0.065011978149414	0.065011978149414	0.065011978149414	1	0.0174818038940429	0.0174818038940429	0.0174818038940429	0.009064475695292099	-0.0031286180019378003	0.0014567375183105	3.0	3.0	3.0	0.9105682466928827	-0.3123728976596702	0.14577990758167608	0.14577990758167608	0.3123728976596702	0.9105682466928827	0.24799175220496286	0.456240350644743	0.9105682466928827
109274831	G	A	G	A	109274831:G>A	109274831:G>A	-137	False	False	-0.04	0.0282842712474619	2	0.05814	1067	211256	165046	0.04	G	A	1	0.0234498977661132	0.0234498977661132	0.0234498977661132	1	0.0280828475952148	0.0280828475952148	0.0280828475952148	0.019380927085876434	-0.008012278626362434	0.0003983875115712	3.0	3.0	3.0	1.956995646658782	-0.798026587737989	0.039846687841512456	0.039846687841512456	0.798026587737989	1.956995646658782	0.3996052489207685	0.9316229740794277	1.956995646658782
109274831	G	C	G	C	109274831:G>C	109274831:G>C	-137	False	False	-0.125	0.007071067811865481	2	0.00678	224	43133	30546	0.125	G	C	1	-0.0062065124511718	0.0062065124511718	0.0062065124511718	1	0.065953254699707	0.065953254699707	0.065953254699707	0.014578580856323168	-0.0092256019512812	0.0005796949068705	3.0	3.0	3.0	1.4685366663675528	-0.918317665214773	0.05798629624351086	0.05798629624351086	0.918317665214773	1.4685366663675528	0.20273509913209686	0.8149468759419456	1.4685366663675528
109274831	G	T	G	T	109274831:G>T	109274831:G>T	-137	False	False	-0.145	0.13435028842544403	2	0.01316	93	13346	7097	0.145	G	T	1	-0.0908889770507812	0.0908889770507812	0.0908889770507812	1	0.0050163269042968	0.0050163269042968	0.0050163269042968	-0.017396410306294734	-0.0201872698962688	0.0012920896212259333	3.0	3.0	3.0	-1.7245966418299028	-1.9984871210399915	0.12929247286597242	0.12929247286597242	1.9984871210399915	1.7245966418299028	-1.1979304300013072	1.2841254119119556	1.9984871210399915
109274832	C	A	C	A	109274832:C>A	109274832:C>A	-136	False	False	0.41500000000000004	0.03535533905932739	2	0.0	281	56350	59826	0.41500000000000004	C	A	1	0.0305547714233398	0.0305547714233398	0.0305547714233398	1	0.0277299880981445	0.0277299880981445	0.0277299880981445	0.04187675317128497	0.02374838044246037	0.003665253520011867	3.0	3.0	3.0	4.276595323391666	2.403261883646239	0.3671978775773695	0.3671978775773695	2.403261883646239	4.276595323391666	2.3490183615384246	2.3490183615384246	4.276595323391666
109274832	C	G	C	G	109274832:C>G	109274832:C>G	-136	False	False	0.13	0.12727922061357855	2	1e-05	184	38623	39766	0.13	C	G	1	-0.0543375015258789	0.0543375015258789	0.0543375015258789	1	-0.0504074096679687	0.0504074096679687	0.0504074096679687	-0.016219059626261332	-0.019034302483002297	-0.0014062424500783054	3.0	3.0	3.0	-1.6088238896646032	-1.8854294068338713	-0.14052541544794622	0.14052541544794622	1.8854294068338713	1.6088238896646032	-1.2115929039821403	1.2115929039821403	1.8854294068338713
109274832	C	T	C	T	109274832:C>T	109274832:C>T	-136	False	False	0.5349999999999999	0.07778174593052026	2	0.0	1185	215266	250573	0.5349999999999999	C	T	1	0.1236562728881836	0.1236562728881836	0.1236562728881836	1	0.1717157363891601	0.1717157363891601	0.1717157363891601	0.13749643166859946	0.10065619150797522	0.009901811679204267	3.0	3.0	3.0	14.739761166984067	10.589635983528064	0.9950996823102992	0.9950996823102992	10.589635983528064	14.739761166984067	8.774832277607477	8.774832277607477	14.739761166984067
109274833	T	A	T	A	109274833:T>A	109274833:T>A	-135	False	False	-0.365	0.06363961030678926	2	0.0	467	77207	48979	0.365	T	A	1	-0.049835205078125	0.049835205078125	0.049835205078125	1	-0.0108108520507812	0.0108108520507812	0.0108108520507812	-0.03867777188618973	-0.044045923898617396	0.0008402069409687666	3.0	3.0	3.0	-3.793933780155758	-4.308998857438319	0.0840560013698388	0.0840560013698388	4.308998857438319	3.793933780155758	-2.672958878741413	2.728996212987972	4.308998857438319
109274833	T	C	T	C	109274833:T>C	109274833:T>C	-135	False	False	-0.255	0.007071067811865481	2	0.0	1064	199631	141824	0.255	T	C	1	-0.0547704696655273	0.0547704696655273	0.0547704696655273	1	-0.0224294662475585	0.0224294662475585	0.0224294662475585	-0.031989653905232736	-0.04268226400017733	-0.0008603831132252667	3.0	3.0	3.0	-3.148339760808604	-4.178419864105278	-0.0860013089802748	0.0860013089802748	4.178419864105278	3.148339760808604	-2.4709203112980522	2.4709203112980522	4.178419864105278
109274833	T	G	T	G	109274833:T>G	109274833:T>G	-135	False	False	-0.255	0.021213203435596444	2	0.00508	109	19412	9805	0.255	T	G	1	-0.0464820861816406	0.0464820861816406	0.0464820861816406	1	-0.0071973800659179	0.0071973800659179	0.0071973800659179	-0.026143471399943	-0.03250364090005553	0.0011163254578907666	3.0	3.0	3.0	-2.5804689583172484	-3.1981074635269184	0.11169487810770025	0.11169487810770025	3.1981074635269184	2.5804689583172484	-1.8889605145788222	1.9634237666506225	3.1981074635269184
109274834	G	A	G	A	109274834:G>A	109274834:G>A	-134	False	False	-0.015	0.021213203435596427	2	0.34074	705	116155	82889	0.015	G	A	1	-0.0314035415649414	0.0314035415649414	0.0314035415649414	1	-0.0180616378784179	0.0180616378784179	0.0180616378784179	-0.0245697100957234	-0.04237938796480493	-0.0007944206396738	3.0	3.0	3.0	-2.4270331661005744	-4.149393408323568	-0.0794105171141198	0.0794105171141198	4.149393408323568	2.4270331661005744	-2.2186123638460873	2.2186123638460873	4.149393408323568
109274834	G	C	G	C	109274834:G>C	109274834:G>C	-134	False	False	0.5549999999999999	0.06363961030678922	2	0.0	131	32062	40374	0.5549999999999999	G	C	1	-0.0196905136108398	0.0196905136108398	0.0196905136108398	1	-0.0231590270996093	0.0231590270996093	0.0231590270996093	-0.016097664833068803	-0.049738192309935834	0.0018798013528187332	3.0	3.0	3.0	-1.5968789881789656	-4.85215037179052	0.1881569286996559	0.1881569286996559	4.85215037179052	1.5968789881789656	-2.086957477089943	2.2123954295563806	4.85215037179052
109274834	G	T	G	T	109274834:G>T	109274834:G>T	-134	False	False	-0.135	0.03535533905932738	2	0.10277	120	19247	10757	0.135	G	T	1	-0.0501556396484375	0.0501556396484375	0.0501556396484375	1	-0.0025157928466796	0.0025157928466796	0.0025157928466796	0.016521414120991968	-0.055199790745973566	-0.0022688508033752	3.0	3.0	3.0	1.6658647404238427	-5.37039321314241	-0.22662789068420866	0.22662789068420866	5.37039321314241	1.6658647404238427	-1.3103854544675921	2.4209619480834874	5.37039321314241
109274835	A	C	A	C	109274835:A>C	109274835:A>C	-133	False	False	-0.395	0.10606601717798213	2	0.0	147	26679	14740	0.395	A	C	1	-0.1072921752929687	0.1072921752929687	0.1072921752929687	1	-0.0791292190551757	0.0791292190551757	0.0791292190551757	-0.05796134471893307	-0.0590910638372103	-0.0011977851390838304	3.0	3.0	3.0	-5.631357480423006	-5.73790734300268	-0.11970680807866238	0.11970680807866238	5.73790734300268	5.631357480423006	-3.8296572105014497	3.8296572105014497	5.73790734300268
109274835	A	G	A	G	109274835:A>G	109274835:A>G	-133	False	False	-0.03	0.01414213562373095	2	0.11651	882	172681	145890	0.03	A	G	1	-0.0340738296508789	0.0340738296508789	0.0340738296508789	1	-0.0224294662475585	0.0224294662475585	0.0224294662475585	-0.019354224205017066	-0.021621351440747533	-0.0010287563006082668	3.0	3.0	3.0	-1.9168133687395295	-2.1389285556867477	-0.10282273122608283	0.10282273122608283	2.1389285556867477	1.9168133687395295	-1.3861882185507868	1.3861882185507868	2.1389285556867477
109274835	A	T	A	T	109274835:A>T	109274835:A>T	-133	False	False	-0.075	0.021213203435596427	2	0.0104	489	88077	59954	0.075	A	T	1	-0.058847427368164	0.058847427368164	0.058847427368164	1	-0.0776128768920898	0.0776128768920898	0.0776128768920898	-0.057074069976806606	-0.05391245583693179	-0.0029976069927215	3.0	3.0	3.0	-5.547589410315801	-5.248494771671751	-0.29931186547579197	0.29931186547579197	5.248494771671751	5.547589410315801	-3.698465349154448	3.698465349154448	5.547589410315801
109274836	C	A	C	A	109274836:C>A	109274836:C>A	-132	False	False	-0.07	0.0	2	0.36807	154	31696	23671	0.07	C	A	1	0.0062017440795898	0.0062017440795898	0.0062017440795898	1	0.0490522384643554	0.0490522384643554	0.0490522384643554	-0.0094861984252929	-0.04566769922773037	-0.0035991470019021998	3.0	3.0	3.0	-0.9441346382181944	-4.464062389217544	-0.35926778358186917	0.35926778358186917	4.464062389217544	0.9441346382181944	-1.9224882703392023	1.9224882703392023	4.464062389217544
109274836	C	G	C	G	109274836:C>G	109274836:C>G	-132	False	False	0.11	0.1131370849898476	2	3e-05	301	63879	56715	0.11	C	G	1	-0.0305585861206054	0.0305585861206054	0.0305585861206054	1	-0.0928449630737304	0.0928449630737304	0.0928449630737304	-0.0566969712575276	-0.05750808368126547	-0.006576120853424	3.0	3.0	3.0	-5.511964810676329	-5.588574156316829	-0.6554545490655177	0.6554545490655177	5.588574156316829	5.511964810676329	-3.9186645053528917	3.9186645053528917	5.588574156316829
109274836	C	T	C	T	109274836:C>T	109274836:C>T	-132	False	False	-0.015	0.03535533905932738	2	0.1146	825	226482	206642	0.015	C	T	1	-0.0275449752807617	0.0275449752807617	0.0275449752807617	1	-0.0429935455322265	0.0429935455322265	0.0429935455322265	-0.03358479340871173	-0.039205693950255666	-0.002006143331527633	3.0	3.0	3.0	-3.3027085174505317	-3.84470968117169	-0.20041323709774675	0.20041323709774675	3.84470968117169	3.3027085174505317	-2.4492771452399893	2.4492771452399893	3.84470968117169
109274837	C	A	C	A	109274837:C>A	109274837:C>A	-131	False	False	0.61	0.05656854249492385	2	0.0	642	114005	135759	0.61	C	A	1	0.1760272979736328	0.1760272979736328	0.1760272979736328	1	0.2374372482299804	0.2374372482299804	0.2374372482299804	0.0975248018900553	0.047133612136046034	0.007704575856526667	3.0	3.0	3.0	10.243878378976351	4.82620602561857	0.7734332472702397	0.7734332472702397	4.82620602561857	10.243878378976351	5.28117255062172	5.28117255062172	10.243878378976351
109274837	C	G	C	G	109274837:C>G	109274837:C>G	-131	False	False	1.0050000000000001	0.14849242404917506	2	0.0	156	31202	55010	1.0050000000000001	C	G	1	0.0814142227172851	0.0814142227172851	0.0814142227172851	1	0.2567949295043945	0.2567949295043945	0.2567949295043945	0.13565452893575028	0.1317317187786102	0.01683131853739417	3.0	3.0	3.0	14.528616201263128	14.080222239546128	1.6973763234414216	1.6973763234414216	14.080222239546128	14.528616201263128	10.10207158808356	10.10207158808356	14.528616201263128
109274837	C	T	C	T	109274837:C>T	109274837:C>T	-131	False	False	1.605	0.19091883092036785	2	0.0	814	140515	322487	1.605	C	T	1	0.1563062667846679	0.1563062667846679	0.1563062667846679	1	0.1969881057739257	0.1969881057739257	0.1969881057739257	0.09486913681030266	0.025154804189999835	0.013441214958826669	3.0	3.0	3.0	9.951495967625634	2.5473855887288845	1.3531954181293115	1.3531954181293115	2.5473855887288845	9.951495967625634	4.61735899149461	4.61735899149461	9.951495967625634
109274838	C	A	C	A	109274838:C>A	109274838:C>A	-130	False	False	0.09	0.05656854249492381	2	0.02999	318	72088	62900	0.09	C	A	1	0.0207548141479492	0.0207548141479492	0.0207548141479492	1	0.0556287765502929	0.0556287765502929	0.0556287765502929	0.018247008323669402	0.005980496605237266	0.0015396873156229	3.0	3.0	3.0	1.841450218301746	0.5998415478503809	0.15408732427120414	0.15408732427120414	0.5998415478503809	1.841450218301746	0.8651263634744438	0.8651263634744438	1.841450218301746
109274838	C	G	C	G	109274838:C>G	109274838:C>G	-130	False	False	0.045000000000000005	0.07778174593052023	2	0.23568	94	18433	16801	0.045000000000000005	C	G	1	0.0664234161376953	0.0664234161376953	0.0664234161376953	1	0.0673246383666992	0.0673246383666992	0.0673246383666992	0.014885783195495566	-0.005582787096500366	0.0026715745528538334	3.0	3.0	3.0	1.4997128266333581	-0.5567232300451269	0.26751463882494714	0.26751463882494714	0.5567232300451269	1.4997128266333581	0.40350141180439275	0.7746502318344773	1.4997128266333581
109274838	C	T	C	T	109274838:C>T	109274838:C>T	-130	False	False	0.41000000000000003	0.05656854249492383	2	0.0	756	161897	213956	0.41000000000000003	C	T	1	0.0692939758300781	0.0692939758300781	0.0692939758300781	1	0.0700635910034179	0.0700635910034179	0.0700635910034179	0.0388469298680623	0.014294654130935634	0.0013171831766763667	3.0	3.0	3.0	3.9611338025572187	1.4397311265468151	0.13180510434414977	0.13180510434414977	1.4397311265468151	3.9611338025572187	1.8442233444827278	1.8442233444827278	3.9611338025572187
109274839	A	C	A	C	109274839:A>C	109274839:A>C	-129	False	False	-0.195	0.021213203435596434	2	0.0	358	61416	40481	0.195	A	C	1	0.0917491912841796	0.0917491912841796	0.0917491912841796	1	0.1270532608032226	0.1270532608032226	0.1270532608032226	0.07653431097666417	0.06094817817211146	0.0074700514475504005	3.0	3.0	3.0	7.953922974705262	6.284383424978519	0.7498021885357683	0.7498021885357683	6.284383424978519	7.953922974705262	4.996036196073184	4.996036196073184	7.953922974705262
109274839	A	G	A	G	109274839:A>G	109274839:A>G	-129	False	False	0.125	0.06363961030678929	2	0.0	1079	198259	137534	0.125	A	G	1	0.0942506790161132	0.0942506790161132	0.0942506790161132	1	0.1433954238891601	0.1433954238891601	0.1433954238891601	0.05368574460347487	0.02274622271458303	-0.0017328858375548668	3.0	3.0	3.0	5.515296253540301	2.3006890690437696	-0.1731385257794827	0.1731385257794827	2.3006890690437696	5.515296253540301	2.5476155989348626	2.663041282787851	5.515296253540301
109274839	A	T	A	T	109274839:A>T	109274839:A>T	-129	False	False	0.019999999999999997	0.0565685424949238	2	0.17186	587	127258	116570	0.019999999999999997	A	T	1	0.1080379486083984	0.1080379486083984	0.1080379486083984	1	0.0779066085815429	0.0779066085815429	0.0779066085815429	0.049571792284647566	0.034303568303585004	0.0031677236159642	3.0	3.0	3.0	5.08210303493784	3.489872149732908	0.31727461543553387	0.31727461543553387	3.489872149732908	5.08210303493784	2.963083266702094	2.963083266702094	5.08210303493784
109274840	A	C	A	C	109274840:A>C	109274840:A>C	-128	False	False	0.36	0.02828427124746191	2	0.0	142	22597	15448	0.36	A	C	1	0.0888652801513671	0.0888652801513671	0.0888652801513671	1	-0.0079193115234375	0.0079193115234375	0.0079193115234375	-0.012095928192138635	-0.0152111599842707	-0.0016618867715199334	3.0	3.0	3.0	-1.2023066525107322	-1.5096054657803526	-0.16605066023667492	0.16605066023667492	1.5096054657803526	1.2023066525107322	-0.9593209261759199	0.9593209261759199	1.5096054657803526
109274840	A	G	A	G	109274840:A>G	109274840:A>G	-128	False	False	0.14500000000000002	0.021213203435596416	2	0.0	1163	222351	208061	0.14500000000000002	A	G	1	0.0820837020874023	0.0820837020874023	0.0820837020874023	1	0.02349853515625	0.02349853515625	0.02349853515625	-4.390875498456667e-05	-0.016476389020681333	-0.003993560870488433	3.0	3.0	3.0	-0.004390779100929356	-1.634139574054784	-0.39855972109221066	0.39855972109221066	1.634139574054784	0.004390779100929356	-0.679030024749308	0.679030024749308	1.634139574054784
109274840	A	T	A	T	109274840:A>T	109274840:A>T	-128	False	False	0.365	0.03535533905932735	2	0.0	612	111315	108400	0.365	A	T	1	0.0803260803222656	0.0803260803222656	0.0803260803222656	1	-0.0571146011352539	0.0571146011352539	0.0571146011352539	-0.023702780405680263	-0.029788417120774565	-0.0028968950112660333	3.0	3.0	3.0	-2.34240758729342	-2.9349115067719733	-0.28927030597710107	0.28927030597710107	2.9349115067719733	2.34240758729342	-1.8555298000141647	1.8555298000141647	2.9349115067719733
109274841	A	C	A	C	109274841:A>C	109274841:A>C	-127	False	False	0.915	0.04949747468305825	2	0.0	314	44321	45883	0.915	A	C	1	0.2512102127075195	0.2512102127075195	0.2512102127075195	1	0.1907110214233398	0.1907110214233398	0.1907110214233398	0.11412088076273597	0.08455447355906166	0.0084657470385233	3.0	3.0	3.0	12.088761044448095	8.823212249423793	0.8501682811122229	0.8501682811122229	8.823212249423793	12.088761044448095	7.254047191661371	7.254047191661371	12.088761044448095
109274841	A	G	A	G	109274841:A>G	109274841:A>G	-127	False	False	0.18	0.0	2	0.0	1101	224723	206181	0.18	A	G	1	0.103403091430664	0.103403091430664	0.103403091430664	1	-0.0187892913818359	0.0187892913818359	0.0187892913818359	-0.011730631192525168	-0.0110928130646546	-0.002458572387695233	3.0	3.0	3.0	-1.16620955888357	-1.1031514680350711	-0.2455552573919678	0.2455552573919678	1.1031514680350711	1.16620955888357	-0.8383054281035363	0.8383054281035363	1.16620955888357
109274841	A	T	A	T	109274841:A>T	109274841:A>T	-127	False	False	0.31	0.07071067811865474	2	0.0	917	197262	215961	0.31	A	T	1	0.2216749191284179	0.2216749191284179	0.2216749191284179	1	0.1085271835327148	0.1085271835327148	0.1085271835327148	0.07454570134480791	0.050010554492473526	0.003594790895779866	3.0	3.0	3.0	7.739458077837232	5.128219206745297	0.3601259905828868	0.3601259905828868	5.128219206745297	7.739458077837232	4.409267758388472	4.409267758388472	7.739458077837232
109274842	A	C	A	C	109274842:A>C	109274842:A>C	-126	False	False	-0.015	0.007071067811865476	2	0.79083	235	37437	24227	0.015	A	C	1	0.0486707687377929	0.0486707687377929	0.0486707687377929	1	0.02349853515625	0.02349853515625	0.02349853515625	0.021271427472432398	0.014890916645526832	0.002670630812644933	3.0	3.0	3.0	2.149927697938177	1.5002338716747199	0.2674200123843874	0.2674200123843874	1.5002338716747199	2.149927697938177	1.3058605273324282	1.3058605273324282	2.149927697938177
109274842	A	G	A	G	109274842:A>G	109274842:A>G	-126	False	False	0.175	0.0353553390593274	2	0.0	1917	356726	352567	0.175	A	G	1	-0.0281305313110351	0.0281305313110351	0.0281305313110351	1	-0.1238012313842773	0.1238012313842773	0.1238012313842773	-0.016136050224304133	-0.014345830927292467	-0.0025090177853902	3.0	3.0	3.0	-1.600656157983248	-1.4243419803913406	-0.25058728310651296	0.25058728310651296	1.4243419803913406	1.600656157983248	-1.0918618071603672	1.0918618071603672	1.600656157983248
109274842	A	T	A	T	109274842:A>T	109274842:A>T	-126	False	False	-0.09	0.05656854249492381	2	0.0006	661	136221	110775	0.09	A	T	1	0.003448486328125	0.003448486328125	0.003448486328125	1	-0.001077651977539	0.001077651977539	0.001077651977539	0.005708734194437601	0.0011444886525471666	0.0008735458056131667	3.0	3.0	3.0	0.5725060069397604	0.11451438296088018	0.0873927457872572	0.0873927457872572	0.11451438296088018	0.5725060069397604	0.25813771189596596	0.25813771189596596	0.5725060069397604
109274843	G	A	G	A	109274843:G>A	109274843:G>A	-125	False	False	0.025	0.007071067811865473	2	0.39806	912	233722	240996	0.025	G	A	1	-0.0752735137939453	0.0752735137939453	0.0752735137939453	1	0.0078754425048828	0.0078754425048828	0.0078754425048828	0.0027762254079182667	0.0011653999487558667	0.0006776849428812001	3.0	3.0	3.0	0.2780082690411962	0.11660792911523801	0.06779146232028058	0.06779146232028058	0.11660792911523801	0.2780082690411962	0.15413588682557158	0.15413588682557158	0.2780082690411962
109274843	G	C	G	C	109274843:G>C	109274843:G>C	-125	False	False	-0.17	0.12727922061357858	2	0.02041	98	18343	13322	0.17	G	C	1	-0.0148859024047851	0.0148859024047851	0.0148859024047851	1	0.0174818038940429	0.0174818038940429	0.0174818038940429	-0.003354032834370866	-0.0074857609967390335	0.0001903176307678	3.0	3.0	3.0	-0.33484143495267077	-0.7457812470034779	0.01903357423170547	0.01903357423170547	0.7457812470034779	0.33484143495267077	-0.35386303590814777	0.3665520853959514	0.7457812470034779
109274843	G	T	G	T	109274843:G>T	109274843:G>T	-125	False	False	0.575	0.2757716446627535	2	0.0	237	54587	80500	0.575	G	T	1	0.0922622680664062	0.0922622680664062	0.0922622680664062	1	0.2156553268432617	0.2156553268432617	0.2156553268432617	0.17691079775492347	0.15527783334255216	0.015897517402966767	3.0	3.0	3.0	19.3524623302583	16.798242049014718	1.6024555235350741	1.6024555235350741	16.798242049014718	19.3524623302583	12.584386634269364	12.584386634269364	19.3524623302583
109274844	T	A	T	A	109274844:T>A	109274844:T>A	-124	False	False	0.05	0.02828427124746191	2	0.11128	533	108971	90042	0.05	T	A	1	0.0573196411132812	0.0573196411132812	0.0573196411132812	1	0.0863828659057617	0.0863828659057617	0.0863828659057617	0.04207607110341386	0.03053878992795937	0.0030553539594014335	3.0	3.0	3.0	4.297381590210009	3.1009882072182955	0.30600263106605174	0.30600263106605174	3.1009882072182955	4.297381590210009	2.568124142831452	2.568124142831452	4.297381590210009
109274844	T	C	T	C	109274844:T>C	109274844:T>C	-124	False	False	-0.020000000000000004	0.07071067811865477	2	0.04433	767	120715	95464	0.020000000000000004	T	C	1	0.0640029907226562	0.0640029907226562	0.0640029907226562	1	0.0604562759399414	0.0604562759399414	0.0604562759399414	0.022840658823649034	0.020621043940385133	0.0028185993432998	3.0	3.0	3.0	2.3103504042564937	2.0835126671259028	0.28225753291215794	0.28225753291215794	2.0835126671259028	2.3103504042564937	1.558706868098185	1.558706868098185	2.3103504042564937
109274844	T	G	T	G	109274844:T>G	109274844:T>G	-124	False	False	0.09	0.014142135623730958	2	0.28212	89	19198	21092	0.09	T	G	1	0.0737991333007812	0.0737991333007812	0.0737991333007812	1	0.0775671005249023	0.0775671005249023	0.0775671005249023	0.0567009846369425	0.053577455381552334	0.0025396645069122002	3.0	3.0	3.0	5.833930336659207	5.503870702851242	0.254289218664554	0.254289218664554	5.503870702851242	5.833930336659207	3.864030086058334	3.864030086058334	5.833930336659207
109274845	G	A	G	A	109274845:G>A	109274845:G>A	-123	False	False	-0.125	0.007071067811865481	2	0.0	871	161460	117348	0.125	G	A	1	-0.0167999267578125	0.0167999267578125	0.0167999267578125	1	0.0035839080810546	0.0035839080810546	0.0035839080810546	0.005052685737609833	0.0007364402214686001	-4.748503367106666e-05	3.0	3.0	3.0	0.5065472080244474	0.0736711460148103	-0.004748390627470018	0.004748390627470018	0.0736711460148103	0.5065472080244474	0.19182332113726255	0.19498891488890924	0.5065472080244474
109274845	G	C	G	C	109274845:G>C	109274845:G>C	-123	False	False	0.135	0.06363961030678926	2	0.05721	152	21826	17930	0.135	G	C	1	0.0806035995483398	0.0806035995483398	0.0806035995483398	1	0.1188116073608398	0.1188116073608398	0.1188116073608398	0.09677139918009436	0.09057472646236416	0.009677231311798033	3.0	3.0	3.0	10.160851622467977	9.480331536374935	0.9724207124384302	0.9724207124384302	9.480331536374935	10.160851622467977	6.871201290427114	6.871201290427114	10.160851622467977
109274845	G	T	G	T	109274845:G>T	109274845:G>T	-123	False	False	-0.1	0.2404163056034262	2	0.00024	83	12667	7070	0.1	G	T	1	-0.1072654724121093	0.1072654724121093	0.1072654724121093	1	0.000716209411621	0.000716209411621	0.000716209411621	-0.0005203882853190336	0.005600348114967333	0.0030515839656193662	3.0	3.0	3.0	-0.05202529068194317	0.5616059380297066	0.3056244787726449	0.3056244787726449	0.5616059380297066	0.05202529068194317	0.2717350420401361	0.30641856916143156	0.5616059380297066
109274846	C	A	C	A	109274846:C>A	109274846:C>A	-122	False	False	1.98	0.28284271247461906	2	0.0	327	68670	213813	1.98	C	A	1	0.1075878143310546	0.1075878143310546	0.1075878143310546	1	0.0683526992797851	0.0683526992797851	0.0683526992797851	0.07606661319732659	0.028662433226903233	0.008231500784556	3.0	3.0	3.0	7.903444969804744	2.907715358217722	0.826547273654666	0.826547273654666	2.907715358217722	7.903444969804744	3.879235867225711	3.879235867225711	7.903444969804744
109274846	C	G	C	G	109274846:C>G	109274846:C>G	-122	False	False	0.095	0.007071067811865481	2	0.1186	120	28011	26242	0.095	C	G	1	-0.021432876586914	0.021432876586914	0.021432876586914	1	-0.0224294662475585	0.0224294662475585	0.0224294662475585	-0.005248149236043251	-0.006145404030879267	0.0008244315783182333	3.0	3.0	3.0	-0.5234401760955962	-0.6126559657384858	0.08247715154437793	0.08247715154437793	0.6126559657384858	0.5234401760955962	-0.35120633009656804	0.40619109779282	0.6126559657384858
109274846	C	T	C	T	109274846:C>T	109274846:C>T	-122	False	False	0.21500000000000002	0.021213203435596434	2	0.0	1266	323309	367851	0.21500000000000002	C	T	1	0.0154733657836914	0.0154733657836914	0.0154733657836914	1	0.0400037765502929	0.0400037765502929	0.0400037765502929	0.011666496594746866	-0.009779931356509466	0.00018914540608723336	3.0	3.0	3.0	1.1734815588750112	-0.9732263351012375	0.018916329520741917	0.018916329520741917	0.9732263351012375	1.1734815588750112	0.07305718443150522	0.7218747411656635	1.1734815588750112
109274847	T	A	T	A	109274847:T>A	109274847:T>A	-121	False	False	0.010000000000000002	0.08485281374238571	2	0.09203	425	90753	65770	0.010000000000000002	T	A	1	-0.0181865692138671	0.0181865692138671	0.0181865692138671	1	-0.0500364303588867	0.0500364303588867	0.0500364303588867	0.0021572510401407998	0.013055918117364201	0.005618805686632766	3.0	3.0	3.0	0.2159579580280052	1.3141518742226643	0.5634620782079663	0.5634620782079663	1.3141518742226643	0.2159579580280052	0.697857303486212	0.697857303486212	1.3141518742226643
109274847	T	C	T	C	109274847:T>C	109274847:T>C	-121	False	False	0.315	0.04949747468305829	2	0.0	1356	209596	215722	0.315	T	C	1	0.0130701065063476	0.0130701065063476	0.0130701065063476	1	0.0252628326416015	0.0252628326416015	0.0252628326416015	0.023528377215067498	0.0200137744347254	0.0015661021073658668	3.0	3.0	3.0	2.3807353135861966	2.0215392820305196	0.156732908571207	0.156732908571207	2.0215392820305196	2.3807353135861966	1.5196691680626409	1.5196691680626409	2.3807353135861966
109274847	T	G	T	G	109274847:T>G	109274847:T>G	-121	False	False	1.255	0.2757716446627534	2	0.0	134	26860	69069	1.255	T	G	1	0.0415992736816406	0.0415992736816406	0.0415992736816406	1	0.1524667739868164	0.1524667739868164	0.1524667739868164	0.11044263839721676	0.1175830562909444	0.014051904280980368	3.0	3.0	3.0	11.677228736644807	12.477504570773906	1.4151096355888682	1.4151096355888682	12.477504570773906	11.677228736644807	8.523280981002527	8.523280981002527	12.477504570773906
109274848	T	A	T	A	109274848:T>A	109274848:T>A	-120	False	False	-0.015	0.021213203435596427	2	0.34169	734	152208	121186	0.015	T	A	1	0.0350255966186523	0.0350255966186523	0.0350255966186523	1	0.0224390029907226	0.0224390029907226	0.0224390029907226	0.019704063733418733	0.018519180516401865	-0.0006530781586964667	3.0	3.0	3.0	1.9899470120356737	1.8691724015512834	-0.06528649495723834	0.06528649495723834	1.8691724015512834	1.9899470120356737	1.264610972876573	1.3081353028480651	1.9899470120356737
109274848	T	C	T	C	109274848:T>C	109274848:T>C	-120	False	False	-0.11	0.02828427124746191	2	0.0	1126	202246	131600	0.11	T	C	1	0.017256736755371	0.017256736755371	0.017256736755371	1	0.0210247039794921	0.0210247039794921	0.0210247039794921	0.020170768102010034	0.013379563887913967	0.0038352012634276667	3.0	3.0	3.0	2.037557274953255	1.3469470777017778	0.3842565058662649	0.3842565058662649	1.3469470777017778	2.037557274953255	1.2562536195070992	1.2562536195070992	2.037557274953255
109274848	T	G	T	G	109274848:T>G	109274848:T>G	-120	False	False	0.15000000000000002	0.028284271247461915	2	0.03267	117	24716	20305	0.15000000000000002	T	G	1	0.0533857345581054	0.0533857345581054	0.0533857345581054	1	0.0333528518676757	0.0333528518676757	0.0333528518676757	0.020442128181457467	0.024286553263664166	0.0013768672943114664	3.0	3.0	3.0	2.065249951775568	2.4583873681828994	0.13778156112701306	0.13778156112701306	2.4583873681828994	2.065249951775568	1.5538062936951602	1.5538062936951602	2.4583873681828994
109274849	C	A	C	A	109274849:C>A	109274849:C>A	-119	False	False	-0.005000000000000001	0.049497474683058325	2	0.71867	60	9043	6098	0.005000000000000001	C	A	1	-0.0695962905883789	0.0695962905883789	0.0695962905883789	1	-0.0740184783935546	0.0740184783935546	0.0740184783935546	-0.03360883394877113	-0.023001870761315	-0.0013809303442636667	3.0	3.0	3.0	-3.305033144617295	-2.2739344449862084	-0.13799772987028036	0.13799772987028036	2.2739344449862084	3.305033144617295	-1.9056551064912612	1.9056551064912612	3.305033144617295
109274849	C	G	C	G	109274849:C>G	109274849:C>G	-119	False	False	0.165	0.31819805153394637	2	0.17128	18	5640	4777	0.165	C	G	1	0.0161151885986328	0.0161151885986328	0.0161151885986328	1	-0.0260801315307617	0.0260801315307617	0.0260801315307617	-0.0032027165095011	0.004323996603488867	-0.0017856160799662	3.0	3.0	3.0	-0.3197593283853542	0.43333585656362406	-0.178402281603401	0.178402281603401	0.43333585656362406	0.3197593283853542	-0.021608584475043713	0.3104991555174597	0.43333585656362406
109274849	C	T	C	T	109274849:C>T	109274849:C>T	-119	False	False	0.29500000000000004	0.04949747468305835	2	0.0	416	100151	109584	0.29500000000000004	C	T	1	0.0594329833984375	0.0594329833984375	0.0594329833984375	1	0.1118535995483398	0.1118535995483398	0.1118535995483398	0.06612769762674967	0.053153529763221664	0.007845764358838334	3.0	3.0	3.0	6.836313589259444	5.459154388092624	0.7876623018490421	0.7876623018490421	5.459154388092624	6.836313589259444	4.361043426400371	4.361043426400371	6.836313589259444
109274850	A	C	A	C	109274850:A>C	109274850:A>C	-118	False	False	0.995	0.021213203435596444	2	0.0	63	6043	4442	0.995	A	C	1	0.0823879241943359	0.0823879241943359	0.0823879241943359	1	0.2007398605346679	0.2007398605346679	0.2007398605346679	0.08160936832427977	0.006915820141633333	0.0021947224934895666	3.0	3.0	3.0	8.503187921338931	0.6939789650159117	0.21971326597941537	0.21971326597941537	0.6939789650159117	8.503187921338931	3.138960050778086	3.138960050778086	8.503187921338931
109274850	A	G	A	G	109274850:A>G	109274850:A>G	-118	False	False	-0.15000000000000002	0.014142135623730933	2	0.0	1089	224024	163611	0.15000000000000002	A	G	1	0.04168701171875	0.04168701171875	0.04168701171875	1	0.0379056930541992	0.0379056930541992	0.0379056930541992	0.011198441187540632	0.009634094933668734	0.0018796523412068	3.0	3.0	3.0	1.1261378443706072	0.9680652218586674	0.18814199950200763	0.18814199950200763	0.9680652218586674	1.1261378443706072	0.760781688577094	0.760781688577094	1.1261378443706072
109274850	A	T	A	T	109274850:A>T	109274850:A>T	-118	False	False	0.445	0.23334523779156066	2	0.0	298	54232	55127	0.445	A	T	1	0.0215072631835937	0.0215072631835937	0.0215072631835937	1	0.1011838912963867	0.1011838912963867	0.1011838912963867	0.036233226458231564	0.022949126859505897	0.003085484107335366	3.0	3.0	3.0	3.689765025882797	2.321448408891172	0.3090249112946337	0.3090249112946337	2.321448408891172	3.689765025882797	2.106746115356201	2.106746115356201	3.689765025882797
109274851	T	A	T	A	109274851:T>A	109274851:T>A	-117	False	False	-0.225	0.007071067811865481	2	0.0	363	86188	65748	0.225	T	A	1	-0.0134906768798828	0.0134906768798828	0.0134906768798828	1	-0.0541305541992187	0.0541305541992187	0.0541305541992187	-0.026896079381306903	-0.0183017216622829	-0.0017107427120208	3.0	3.0	3.0	-2.653760091714512	-1.8135262199520872	-0.17092802258055254	0.17092802258055254	1.8135262199520872	2.653760091714512	-1.5460714447490507	1.5460714447490507	2.653760091714512
109274851	T	C	T	C	109274851:T>C	109274851:T>C	-117	False	False	0.04	0.042426406871192854	2	0.0423	995	194834	157902	0.04	T	C	1	0.0525445938110351	0.0525445938110351	0.0525445938110351	1	0.0039424896240234	0.0039424896240234	0.0039424896240234	-0.004793286323547333	-0.0021182050307591	0.0007739762465158334	3.0	3.0	3.0	-0.4781816859450309	-0.2115963217635577	0.07742758434195622	0.07742758434195622	0.2115963217635577	0.4781816859450309	-0.20411680778887745	0.25573519735018163	0.4781816859450309
109274851	T	G	T	G	109274851:T>G	109274851:T>G	-117	False	False	0.05500000000000001	0.16263455967290594	2	0.05842	137	22855	15414	0.05500000000000001	T	G	1	0.0705385208129882	0.0705385208129882	0.0705385208129882	1	0.0372076034545898	0.0372076034545898	0.0372076034545898	-0.003896594047546367	-0.006329101820786733	-0.0008110503355661333	3.0	3.0	3.0	-0.38890121759827984	-0.6309115243781287	-0.08107215231432055	0.08107215231432055	0.6309115243781287	0.38890121759827984	-0.366961631430243	0.366961631430243	0.6309115243781287
109274852	T	A	T	A	109274852:T>A	109274852:T>A	-116	False	False	0.505	0.14849242404917495	2	0.0	358	60817	57425	0.505	T	A	1	0.0254993438720703	0.0254993438720703	0.0254993438720703	1	-0.0337762832641601	0.0337762832641601	0.0337762832641601	-0.015946388244628833	-0.014457646757364231	0.0011046826839446666	3.0	3.0	3.0	-1.5819917737253357	-1.4353636832057655	0.11052930706012679	0.11052930706012679	1.4353636832057655	1.5819917737253357	-0.9689420499569915	1.0426282546637426	1.5819917737253357
109274852	T	C	T	C	109274852:T>C	109274852:T>C	-116	False	False	0.23500000000000001	0.04949747468305833	2	0.0	962	156003	150987	0.23500000000000001	T	C	1	0.1040000915527343	0.1040000915527343	0.1040000915527343	1	0.0459260940551757	0.0459260940551757	0.0459260940551757	0.0354245503743489	0.02641691267490383	0.0025362322727838665	3.0	3.0	3.0	3.605947487949876	2.6768932233361387	0.25394512306209455	0.25394512306209455	2.6768932233361387	3.605947487949876	2.17892861144937	2.17892861144937	3.605947487949876
109274852	T	G	T	G	109274852:T>G	109274852:T>G	-116	False	False	0.31	0.028284271247461926	2	0.00011	114	22275	24906	0.31	T	G	1	0.0862932205200195	0.0862932205200195	0.0862932205200195	1	0.0351057052612304	0.0351057052612304	0.0351057052612304	0.0108254750569661	0.011274720231691966	0.0004089574019114026	3.0	3.0	3.0	1.088428252676224	1.1338519437124135	0.040904103639028286	0.040904103639028286	1.1338519437124135	1.088428252676224	0.7543947666758886	0.7543947666758886	1.1338519437124135
109274853	T	A	T	A	109274853:T>A	109274853:T>A	-115	False	False	0.09	0.02828427124746189	2	0.01445	432	85013	99821	0.09	T	A	1	0.1039371490478515	0.1039371490478515	0.1039371490478515	1	0.0206708908081054	0.0206708908081054	0.0206708908081054	-0.011261622111002532	-0.006168420116106667	-0.0028527975082396997	3.0	3.0	3.0	-1.119844741695123	-0.6149434469947704	-0.28487321482300326	0.28487321482300326	0.6149434469947704	1.119844741695123	-0.6732204678376322	0.6732204678376322	1.119844741695123
109274853	T	C	T	C	109274853:T>C	109274853:T>C	-115	False	False	0.45499999999999996	0.04949747468305835	2	0.0	1474	244557	241961	0.45499999999999996	T	C	1	0.1091337203979492	0.1091337203979492	0.1091337203979492	1	0.0220851898193359	0.0220851898193359	0.0220851898193359	0.003569483757019034	0.0022980049252509334	-0.00037260850270590004	3.0	3.0	3.0	0.35758619508600265	0.23006473622926069	-0.0372539092778933	0.0372539092778933	0.23006473622926069	0.35758619508600265	0.1834656740124567	0.20830161353105223	0.35758619508600265
109274853	T	G	T	G	109274853:T>G	109274853:T>G	-115	False	False	1.0550000000000002	0.021213203435596524	2	0.0	131	20005	30637	1.0550000000000002	T	G	1	0.3563642501831054	0.3563642501831054	0.3563642501831054	1	0.3445024490356445	0.3445024490356445	0.3445024490356445	0.1783966223398844	0.10451604922612502	0.012787684798240601	3.0	3.0	3.0	19.52993096404438	11.017321114414322	1.2869796873970971	1.2869796873970971	11.017321114414322	19.52993096404438	10.611410588618599	10.611410588618599	19.52993096404438
109274854	T	A	T	A	109274854:T>A	109274854:T>A	-114	False	False	0.135	0.06363961030678929	2	0.0	444	82183	79958	0.135	T	A	1	0.0974111557006836	0.0974111557006836	0.0974111557006836	1	0.0043010711669921	0.0043010711669921	0.0043010711669921	0.012108286221822034	0.009514003992080633	-0.0005493958791096717	3.0	3.0	3.0	1.2181888284396207	0.9559405998790522	-0.05492449888277785	0.05492449888277785	0.9559405998790522	1.2181888284396207	0.7064016431452984	0.743017975733817	1.2181888284396207
109274854	T	C	T	C	109274854:T>C	109274854:T>C	-114	False	False	-0.33499999999999996	0.021213203435596385	2	0.0	1410	230246	141216	0.33499999999999996	T	C	1	0.0211248397827148	0.0211248397827148	0.0211248397827148	1	-0.0466957092285156	0.0466957092285156	0.0466957092285156	-0.029937982559204063	-0.014387206484874035	-0.0012585520744323334	3.0	3.0	3.0	-2.9494280036784883	-1.428420518829389	-0.125776042991375	0.125776042991375	1.428420518829389	2.9494280036784883	-1.5012081884997508	1.5012081884997508	2.9494280036784883
109274854	T	G	T	G	109274854:T>G	109274854:T>G	-114	False	False	-0.05	0.07071067811865477	2	0.28885	105	25838	19162	0.05	T	G	1	0.1117725372314453	0.1117725372314453	0.1117725372314453	1	0.0294904708862304	0.0294904708862304	0.0294904708862304	0.017760515213012633	0.013690387209256435	-0.0016114711761474	3.0	3.0	3.0	1.7919171041275852	1.3784529685295512	-0.16101734536460255	0.16101734536460255	1.3784529685295512	1.7919171041275852	1.003117575764178	1.1104624726739132	1.7919171041275852
109274855	T	A	T	A	109274855:T>A	109274855:T>A	-113	False	False	-0.38	0.08485281374238571	2	0.0	282	61960	43247	0.38	T	A	1	0.057046890258789	0.057046890258789	0.057046890258789	1	0.0476636886596679	0.0476636886596679	0.0476636886596679	0.029300530751546167	0.0162783712148666	0.0027891049782435002	3.0	3.0	3.0	2.9734014714988284	1.6411585756542397	0.2792998150180324	0.2792998150180324	1.6411585756542397	2.9734014714988284	1.6312866207237002	1.6312866207237002	2.9734014714988284
109274855	T	C	T	C	109274855:T>C	109274855:T>C	-113	False	False	-0.24	0.04242640687119286	2	0.0	1062	216419	151229	0.24	T	C	1	0.0456876754760742	0.0456876754760742	0.0456876754760742	1	0.0768861770629882	0.0768861770629882	0.0768861770629882	0.035098751386006634	0.025239720940589835	0.0033199290434518997	3.0	3.0	3.0	3.572198273100614	2.5560939492321846	0.33254461116141143	0.33254461116141143	2.5560939492321846	3.572198273100614	2.153612277831403	2.153612277831403	3.572198273100614
109274855	T	G	T	G	109274855:T>G	109274855:T>G	-113	False	False	-0.315	0.07778174593052022	2	0.00078	77	16873	11103	0.315	T	G	1	0.0372962951660156	0.0372962951660156	0.0372962951660156	1	0.0224390029907226	0.0224390029907226	0.0224390029907226	0.013473033905029233	0.018213284512360834	0.0022432357072829667	3.0	3.0	3.0	1.356420421309608	1.8380157943624509	0.22457536429245495	0.22457536429245495	1.8380157943624509	1.356420421309608	1.139670526654838	1.139670526654838	1.8380157943624509
109274856	C	A	C	A	109274856:C>A	109274856:C>A	-112	False	False	-0.27	0.15556349186104043	2	0.00079	92	34374	30769	0.27	C	A	1	0.0455398559570312	0.0455398559570312	0.0455398559570312	1	0.0431413650512695	0.0431413650512695	0.0431413650512695	0.0018961429595946667	-0.006959100564320833	-0.0013921360174814334	3.0	3.0	3.0	0.18979417754139216	-0.6934942096874294	-0.1391167445649231	0.1391167445649231	0.6934942096874294	0.18979417754139216	-0.21427225890365342	0.34080171059791486	0.6934942096874294
109274856	C	G	C	G	109274856:C>G	109274856:C>G	-112	False	False	-0.12	0.4242640687119285	2	0.04182	20	2585	1693	0.12	C	G	1	-0.0702533721923828	0.0702533721923828	0.0702533721923828	1	-0.0802669525146484	0.0802669525146484	0.0802669525146484	-0.0340363979339599	-0.022469118237495367	-0.0012549956639607	3.0	3.0	3.0	-3.3463675928032828	-2.2218567658930732	-0.12542084862383993	0.12542084862383993	2.2218567658930732	3.3463675928032828	-1.8978817357733986	1.8978817357733986	3.3463675928032828
109274856	C	T	C	T	109274856:C>T	109274856:C>T	-112	False	False	-0.004999999999999999	0.035355339059327376	2	0.51626	519	101390	92361	0.004999999999999999	C	T	1	0.0396289825439453	0.0396289825439453	0.0396289825439453	1	0.0590791702270507	0.0590791702270507	0.0590791702270507	0.025397896766662532	0.017129165430863635	-1.5219052632633331e-05	3.0	3.0	3.0	2.572317127134852	1.7276710824293193	-0.0015218936823439316	0.0015218936823439316	1.7276710824293193	2.572317127134852	1.4328221052939423	1.433836701082172	2.572317127134852
109274857	G	A	G	A	109274857:G>A	109274857:G>A	-111	False	False	-0.265	0.021213203435596444	2	0.0	403	97396	81386	0.265	G	A	1	0.0101690292358398	0.0101690292358398	0.0101690292358398	1	0.0110855102539062	0.0110855102539062	0.0110855102539062	0.004181782404581666	0.0033662791053453334	0.0007895330588022333	3.0	3.0	3.0	0.41905382573906236	0.33719513858934896	0.07898448220714413	0.07898448220714413	0.33719513858934896	0.41905382573906236	0.27841114884518514	0.27841114884518514	0.41905382573906236
109274857	G	C	G	C	109274857:G>C	109274857:G>C	-111	False	False	-0.11499999999999999	0.24748737341529162	2	0.0	151	42777	31929	0.11499999999999999	G	C	1	0.1122398376464843	0.1122398376464843	0.1122398376464843	1	0.1544027328491211	0.1544027328491211	0.1544027328491211	0.08269059658050533	0.0539190123478571	0.006109833717346166	3.0	3.0	3.0	8.620568079946821	5.539912439664672	0.6128536822925994	0.6128536822925994	5.539912439664672	8.620568079946821	4.924444733968031	4.924444733968031	8.620568079946821
109274857	G	T	G	T	109274857:G>T	109274857:G>T	-111	False	False	-0.265	0.007071067811865481	2	0.0	634	162101	125510	0.265	G	T	1	-0.0057086944580078	0.0057086944580078	0.0057086944580078	1	0.0025091171264648	0.0025091171264648	0.0025091171264648	-0.003945469856262166	-0.012202893694241768	-0.00021666288375853332	3.0	3.0	3.0	-0.3937696716325559	-1.2128740322036646	-0.021663941405096948	0.021663941405096948	1.2128740322036646	0.3937696716325559	-0.5427692150804392	0.5427692150804392	1.2128740322036646
109274858	T	A	T	A	109274858:T>A	109274858:T>A	-110	False	False	-0.10500000000000001	0.09192388155425119	2	3e-05	434	74124	43948	0.10500000000000001	T	A	1	0.106475830078125	0.106475830078125	0.106475830078125	1	0.1161642074584961	0.1161642074584961	0.1161642074584961	0.040595889091491665	0.02600744614998497	0.004146868983904467	3.0	3.0	3.0	4.143116680327349	2.634859079053305	0.4155479142708751	0.4155479142708751	2.634859079053305	4.143116680327349	2.39784122455051	2.39784122455051	4.143116680327349
109274858	T	C	T	C	109274858:T>C	109274858:T>C	-110	False	False	-1.2999999999999998	0.12727922061357844	2	0.0	935	185213	59582	1.2999999999999998	T	C	1	0.0417814254760742	0.0417814254760742	0.0417814254760742	1	0.0704050064086914	0.0704050064086914	0.0704050064086914	0.012410521507263133	0.0034520824750264	0.0025067726771035997	3.0	3.0	3.0	1.2487851600446183	0.3458047773993153	0.25099172587657453	0.25099172587657453	0.3458047773993153	1.2487851600446183	0.6151938877735027	0.6151938877735027	1.2487851600446183
109274858	T	G	T	G	109274858:T>G	109274858:T>G	-110	False	False	0.38	0.11313708498984763	2	0.0	88	22803	27912	0.38	T	G	1	0.0815362930297851	0.0815362930297851	0.0815362930297851	1	0.0755243301391601	0.0755243301391601	0.0755243301391601	0.008392016092936166	-0.006263258556524866	0.0011493464310963666	3.0	3.0	3.0	0.8427327769589793	-0.624368523822274	0.11500071828256697	0.11500071828256697	0.624368523822274	0.8427327769589793	0.11112165713975741	0.52736733968794	0.8427327769589793
109274859	G	A	G	A	109274859:G>A	109274859:G>A	-109	False	False	-0.145	0.09192388155425116	2	0.0	658	117062	95203	0.145	G	A	1	0.0152254104614257	0.0152254104614257	0.0152254104614257	1	0.0213775634765625	0.0213775634765625	0.0213775634765625	0.0062264998753865	-0.0050570778548717004	-0.0011732180913289001	3.0	3.0	3.0	0.6245924821282105	-0.5044312364415032	-0.11725301400492533	0.11725301400492533	0.5044312364415032	0.6245924821282105	0.000969410560593964	0.4154255775248797	0.6245924821282105
109274859	G	C	G	C	109274859:G>C	109274859:G>C	-109	False	False	0.13999999999999999	0.31112698372208086	2	0.0	96	12641	12529	0.13999999999999999	G	C	1	0.0773658752441406	0.0773658752441406	0.0773658752441406	1	0.0826597213745117	0.0826597213745117	0.0826597213745117	0.021976590156555134	-0.0035858874519666003	-0.0009287198384602333	3.0	3.0	3.0	2.2219854183584524	-0.35794658355818637	-0.09282887116667225	0.09282887116667225	0.35794658355818637	2.2219854183584524	0.590403321211198	0.8909202910277704	2.2219854183584524
109274859	G	T	G	T	109274859:G>T	109274859:G>T	-109	False	False	-0.6	0.25455844122715715	2	0.0	105	20506	11929	0.6	G	T	1	0.0611152648925781	0.0611152648925781	0.0611152648925781	1	0.1005144119262695	0.1005144119262695	0.1005144119262695	0.03764835993448887	0.017204704384009003	0.0012263456980387	3.0	3.0	3.0	3.836603757213366	1.7353557744519434	0.1227097967406921	0.1227097967406921	1.7353557744519434	3.836603757213366	1.898223109468667	1.898223109468667	3.836603757213366
109274860	C	A	C	A	109274860:C>A	109274860:C>A	-108	False	False	-0.035	0.007071067811865479	2	0.51275	188	37518	26617	0.035	C	A	1	0.0527677536010742	0.0527677536010742	0.0527677536010742	1	0.0816411972045898	0.0816411972045898	0.0816411972045898	0.05181205272674557	0.05233479787906006	0.0043952018022537	3.0	3.0	3.0	5.317778201849736	5.372846952064377	0.4404874868195113	0.4404874868195113	5.372846952064377	5.317778201849736	3.710370880244541	3.710370880244541	5.372846952064377
109274860	C	G	C	G	109274860:C>G	109274860:C>G	-108	False	False	-0.43	0.07071067811865474	2	0.0	290	76894	59079	0.43	C	G	1	0.0333499908447265	0.0333499908447265	0.0333499908447265	1	0.0607995986938476	0.0607995986938476	0.0607995986938476	0.029313762982686332	0.018304345508416465	0.006406486034393266	3.0	3.0	3.0	2.974764048363334	1.8472896877555913	0.6427051459961927	0.6427051459961927	1.8472896877555913	2.974764048363334	1.821586294038373	1.821586294038373	2.974764048363334
109274860	C	T	C	T	109274860:C>T	109274860:C>T	-108	False	False	-0.19	0.028284271247461888	2	0.0	1401	316352	258331	0.19	C	T	1	0.0415916442871093	0.0415916442871093	0.0415916442871093	1	0.0566644668579101	0.0566644668579101	0.0566644668579101	0.030873139699300067	0.027242859204610132	0.004547670483589133	3.0	3.0	3.0	3.1354657625105564	2.761733879074466	0.4558026830135298	0.4558026830135298	2.761733879074466	3.1354657625105564	2.1176674415328507	2.1176674415328507	3.1354657625105564
109274861	C	A	C	A	109274861:C>A	109274861:C>A	-107	False	False	-0.6200000000000001	0.08485281374238574	2	0.0	284	68607	39096	0.6200000000000001	C	A	1	0.0079612731933593	0.0079612731933593	0.0079612731933593	1	-0.0068368911743164	0.0068368911743164	0.0068368911743164	-0.013805627822875898	-0.017379326124985998	0.0022565722465514334	3.0	3.0	3.0	-1.371076718174558	-1.722917672678877	0.22591202219064171	0.22591202219064171	1.722917672678877	1.371076718174558	-0.9560274562209311	1.1066354710146922	1.722917672678877
109274861	C	G	C	G	109274861:C>G	109274861:C>G	-107	False	False	-0.8200000000000001	0.11313708498984766	2	0.0	163	52761	26070	0.8200000000000001	C	G	1	-0.0143280029296875	0.0143280029296875	0.0143280029296875	1	0.0075178146362304	0.0075178146362304	0.0075178146362304	-0.02442800998687737	-0.021913898487885764	-0.0009629627068836999	3.0	3.0	3.0	-2.413206086453571	-2.1675533359159482	-0.0962499207085887	0.0962499207085887	2.1675533359159482	2.413206086453571	-1.5590031143593694	1.5590031143593694	2.413206086453571
109274861	C	T	C	T	109274861:C>T	109274861:C>T	-107	False	False	-0.44999999999999996	0.028284271247461867	2	0.0	641	153625	87940	0.44999999999999996	C	T	1	0.0281047821044921	0.0281047821044921	0.0281047821044921	1	0.056319236755371	0.056319236755371	0.056319236755371	0.016162157058715734	0.010616014401117932	0.002120544513066567	3.0	3.0	3.0	1.6293471205226124	1.0672564216059761	0.21227944576706664	0.21227944576706664	1.0672564216059761	1.6293471205226124	0.969627662631885	0.969627662631885	1.6293471205226124
109274862	C	A	C	A	109274862:C>A	109274862:C>A	-106	False	False	-0.53	0.014142135623730963	2	0.0	339	75020	48766	0.53	C	A	1	-0.1374111175537109	0.1374111175537109	0.1374111175537109	1	-0.2100286483764648	0.2100286483764648	0.2100286483764648	-0.08978629112243647	-0.050034695615370994	-0.004061837991078667	3.0	3.0	3.0	-8.587347864921348	-4.880357841699646	-0.4053599884871143	0.4053599884871143	4.880357841699646	8.587347864921348	-4.624355231702703	4.624355231702703	8.587347864921348
109274862	C	G	C	G	109274862:C>G	109274862:C>G	-106	False	False	-0.085	0.3323401871576773	2	0.00153	45	8110	3961	0.085	C	G	1	0.0419874191284179	0.0419874191284179	0.0419874191284179	1	0.0704050064086914	0.0704050064086914	0.0704050064086914	0.026602109273274697	0.024545753995577468	0.004164040088653499	3.0	3.0	3.0	2.695910395595842	2.4849480993111563	0.4172721749662307	0.4172721749662307	2.4849480993111563	2.695910395595842	1.8660435566244098	1.8660435566244098	2.695910395595842
109274862	C	T	C	T	109274862:C>T	109274862:C>T	-106	False	False	-0.33499999999999996	0.03535533905932739	2	0.0	1024	185685	124369	0.33499999999999996	C	T	1	0.044966697692871	0.044966697692871	0.044966697692871	1	0.0434885025024414	0.0434885025024414	0.0434885025024414	0.0196812550226847	0.02046916633844367	0.0034218182166416665	3.0	3.0	3.0	1.9876207793657816	2.0680096453349455	0.34276793198987693	0.34276793198987693	2.0680096453349455	1.9876207793657816	1.4661327855635349	1.4661327855635349	2.0680096453349455
109274863	G	A	G	A	109274863:G>A	109274863:G>A	-105	False	False	-0.315	0.04949747468305829	2	0.0	1016	204373	131224	0.315	G	A	1	-0.1306161880493164	0.1306161880493164	0.1306161880493164	1	-0.1086273193359375	0.1086273193359375	0.1086273193359375	-0.0408409436543782	-0.0316131897270679	0.0012349287668863335	3.0	3.0	3.0	-4.00181909964058	-3.111871716107222	0.1235691605400732	0.1235691605400732	3.111871716107222	4.00181909964058	-2.3300405517359093	2.412419992095958	4.00181909964058
109274863	G	C	G	C	109274863:G>C	109274863:G>C	-105	False	False	0.51	0.014142135623730963	2	0.0	90	20174	28472	0.51	G	C	1	-0.1319990158081054	0.1319990158081054	0.1319990158081054	1	-0.04632568359375	0.04632568359375	0.04632568359375	-0.016343116760253868	-0.005252311627070066	0.0021819969018300003	3.0	3.0	3.0	-1.6210292598857285	-0.5238542355738462	0.2184379189469437	0.2184379189469437	0.5238542355738462	1.6210292598857285	-0.6421485255042104	0.7877738048021729	1.6210292598857285
109274863	G	T	G	T	109274863:G>T	109274863:G>T	-105	False	False	0.175	0.2757716446627535	2	1e-05	175	29711	29023	0.175	G	T	1	0.0025787353515625	0.0025787353515625	0.0025787353515625	1	0.0291376113891601	0.0291376113891601	0.0291376113891601	0.027700066566467233	0.0344682931900024	0.004071265459060633	3.0	3.0	3.0	2.808728042541297	3.5069209113072297	0.4079564318744614	0.4079564318744614	3.5069209113072297	2.808728042541297	2.2412017952409964	2.2412017952409964	3.5069209113072297
109274864	C	A	C	A	109274864:C>A	109274864:C>A	-104	False	False	-0.37	0.014142135623730963	2	0.0	139	22626	10599	0.37	C	A	1	-0.0197114944458007	0.0197114944458007	0.0197114944458007	1	-0.009002685546875	0.009002685546875	0.009002685546875	-0.0002801815668741333	0.007697386046250633	0.0028289953867593996	3.0	3.0	3.0	-0.028014231968445723	0.7727087080089803	0.28330007703885446	0.28330007703885446	0.7727087080089803	0.028014231968445723	0.342664851026463	0.36134100567209354	0.7727087080089803
109274864	C	G	C	G	109274864:C>G	109274864:C>G	-104	False	False	-0.10500000000000001	0.04949747468305833	2	0.01889	183	46224	34372	0.10500000000000001	C	G	1	-0.0351543426513671	0.0351543426513671	0.0351543426513671	1	-0.0685501098632812	0.0685501098632812	0.0685501098632812	-0.03733154137929277	-0.022531550377607266	7.154544194540418e-05	3.0	3.0	3.0	-3.664331020841522	-2.2279610740768514	0.007154800138157405	0.007154800138157405	2.2279610740768514	3.664331020841522	-1.9617124315934056	1.966482298352177	3.664331020841522
109274864	C	T	C	T	109274864:C>T	109274864:C>T	-104	False	False	-0.495	0.007071067811865481	2	0.0	822	177684	117938	0.495	C	T	1	-0.0758619308471679	0.0758619308471679	0.0758619308471679	1	-0.1183357238769531	0.1183357238769531	0.1183357238769531	-0.05016497770945224	-0.03235912943879757	-0.002623816331227567	3.0	3.0	3.0	-4.8927494206503335	-3.1841174697510612	-0.26203771337559645	0.26203771337559645	3.1841174697510612	4.8927494206503335	-2.779634867925664	2.779634867925664	4.8927494206503335
109274865	C	A	C	A	109274865:C>A	109274865:C>A	-103	False	False	-0.175	0.0353553390593274	2	0.00271	211	29379	23886	0.175	C	A	1	-0.0856990814208984	0.0856990814208984	0.0856990814208984	1	-0.151641845703125	0.151641845703125	0.151641845703125	-0.08082985877990717	-0.07411889980236684	-0.004476815462112367	3.0	3.0	3.0	-7.764939204696307	-7.143871847544283	-0.44668094610138054	0.44668094610138054	7.143871847544283	7.764939204696307	-5.118497332780657	5.118497332780657	7.764939204696307
109274865	C	G	C	G	109274865:C>G	109274865:C>G	-103	False	False	-0.035	0.3040559159102154	2	0.0295	118	24090	20227	0.035	C	G	1	-0.0955362319946289	0.0955362319946289	0.0955362319946289	1	-0.149052619934082	0.149052619934082	0.149052619934082	-0.08927293618520098	-0.08948671321074164	-0.005042324463526334	3.0	3.0	3.0	-8.54040868142205	-8.559958551080356	-0.5029633285501214	0.5029633285501214	8.559958551080356	8.54040868142205	-5.867776853684177	5.867776853684177	8.559958551080356
109274865	C	T	C	T	109274865:C>T	109274865:C>T	-103	False	False	-0.305	0.021213203435596444	2	0.0	614	132937	99858	0.305	C	T	1	-0.091583251953125	0.091583251953125	0.091583251953125	1	-0.1468648910522461	0.1468648910522461	0.1468648910522461	-0.08074736595153807	-0.05729025602340693	-0.005669951438903767	3.0	3.0	3.0	-7.757330159815005	-5.5680064965289615	-0.5653907601159522	0.5653907601159522	5.5680064965289615	7.757330159815005	-4.630242472153307	4.630242472153307	7.757330159815005
109274866	C	A	C	A	109274866:C>A	109274866:C>A	-102	False	False	-1.065	0.19091883092036774	2	0.0	316	70426	25098	1.065	C	A	1	-0.1233110427856445	0.1233110427856445	0.1233110427856445	1	-0.1010999679565429	0.1010999679565429	0.1010999679565429	-0.0570848782857259	-0.02744229758779203	6.869435310363332e-05	3.0	3.0	3.0	-5.548610275630702	-2.7069178610929074	0.006869671261473554	0.006869671261473554	2.7069178610929074	5.548610275630702	-2.749552821820712	2.7541326026616946	5.548610275630702
109274866	C	G	C	G	109274866:C>G	109274866:C>G	-102	False	False	-0.41000000000000003	0.1555634918610405	2	0.0	144	33075	20030	0.41000000000000003	C	G	1	-0.0650224685668945	0.0650224685668945	0.0650224685668945	1	-0.0627269744873046	0.0627269744873046	0.0627269744873046	-0.05461796124776197	-0.03959504514932627	-0.0029322306315104	3.0	3.0	3.0	-5.315318896132209	-3.882140571400452	-0.29279358420688034	0.29279358420688034	3.882140571400452	5.315318896132209	-3.1634176839131807	3.1634176839131807	5.315318896132209
109274866	C	T	C	T	109274866:C>T	109274866:C>T	-102	False	False	-0.72	0.04242640687119289	2	0.0	695	160139	77036	0.72	C	T	1	-0.1142253875732421	0.1142253875732421	0.1142253875732421	1	-0.1395320892333984	0.1395320892333984	0.1395320892333984	-0.06864047050476073	-0.039513446390628766	-0.004601587851842201	3.0	3.0	3.0	-6.63377011228027	-3.874297153380182	-0.45910167672703694	0.45910167672703694	3.874297153380182	6.63377011228027	-3.6557229807958294	3.6557229807958294	6.63377011228027
109274867	C	A	C	A	109274867:C>A	109274867:C>A	-101	False	False	-0.15	0.0	2	0.00042	320	61292	44730	0.15	C	A	1	-0.011056900024414	0.011056900024414	0.011056900024414	1	-0.0500364303588867	0.0500364303588867	0.0500364303588867	-0.022451758384704534	-0.025383950521548532	-0.0031482179959614665	3.0	3.0	3.0	-2.220159336986853	-2.5064486841142033	-0.3143267554072469	0.3143267554072469	2.5064486841142033	2.220159336986853	-1.6803115921694343	1.6803115921694343	2.5064486841142033
109274867	C	G	C	G	109274867:C>G	109274867:C>G	-101	False	False	0.045	0.09192388155425119	2	0.2787	45	9342	9926	0.045	C	G	1	-0.0374050140380859	0.0374050140380859	0.0374050140380859	1	-0.0275440216064453	0.0275440216064453	0.0275440216064453	-0.021324435869852634	-0.0177412827809651	0.0002166231473287	3.0	3.0	3.0	-2.109867765703446	-1.7584832797650571	0.021664661181696583	0.021664661181696583	1.7584832797650571	2.109867765703446	-1.2822287947622688	1.2966719022167332	2.109867765703446
109274867	C	T	C	T	109274867:C>T	109274867:C>T	-101	False	False	-0.11	0.02828427124746191	2	0.0	960	201112	161324	0.11	C	T	1	-0.04620361328125	0.04620361328125	0.04620361328125	1	-0.0991764068603515	0.0991764068603515	0.0991764068603515	-0.03331895669301347	-0.0313381080826123	-0.002301146586736	3.0	3.0	3.0	-3.2769994100049527	-3.0852159043564855	-0.22985009786289506	0.22985009786289506	3.0852159043564855	3.2769994100049527	-2.197355137408111	2.197355137408111	3.2769994100049527
109274868	G	A	G	A	109274868:G>A	109274868:G>A	-100	False	False	-0.03	0.014142135623730952	2	0.2511	862	171478	145345	0.03	G	A	1	-0.04296875	0.04296875	0.04296875	1	-0.0869245529174804	0.0869245529174804	0.0869245529174804	-0.029416362444559665	-0.0365016063054402	-0.0009492437044779	3.0	3.0	3.0	-2.898791267765602	-3.5843454834823576	-0.09487933151936577	0.09487933151936577	3.5843454834823576	2.898791267765602	-2.1926720275891083	2.1926720275891083	3.5843454834823576
109274868	G	C	G	C	109274868:G>C	109274868:G>C	-100	False	False	0.345	0.10606601717798209	2	0.00206	106	12696	9389	0.345	G	C	1	0.0164737701416015	0.0164737701416015	0.0164737701416015	1	0.0816411972045898	0.0816411972045898	0.0816411972045898	0.04584983984629307	0.0364127854506174	0.007015118996302232	3.0	3.0	3.0	4.691719390660893	3.708385127264861	0.7039782582501586	0.7039782582501586	3.708385127264861	4.691719390660893	3.0346942587253043	3.0346942587253043	4.691719390660893
109274868	G	T	G	T	109274868:G>T	109274868:G>T	-100	False	False	0.21	0.21213203435596426	2	0.00104	144	26898	35939	0.21	G	T	1	0.0418806076049804	0.0418806076049804	0.0418806076049804	1	0.0298414230346679	0.0298414230346679	0.0298414230346679	0.023449659347534135	0.0182210505008697	-0.0012441178162892	3.0	3.0	3.0	2.3726764376187406	1.8388066702938382	-0.12433442225659652	0.12433442225659652	1.8388066702938382	2.3726764376187406	1.362382895218661	1.4452725100563917	2.3726764376187406
109274869	C	A	C	A	109274869:C>A	109274869:C>A	-99	False	False	-0.03	0.2262741699796952	2	0.00226	144	32678	28923	0.03	C	A	1	0.0444555282592773	0.0444555282592773	0.0444555282592773	1	0.0213775634765625	0.0213775634765625	0.0213775634765625	0.008683125178019167	0.0010211964448292334	0.0014549295107523334	3.0	3.0	3.0	0.8720932859830641	0.10217180434551429	0.14559884341836743	0.14559884341836743	0.10217180434551429	0.8720932859830641	0.3732879779156486	0.3732879779156486	0.8720932859830641
109274869	C	G	C	G	109274869:C>G	109274869:C>G	-99	False	False	0.020000000000000004	0.07071067811865477	2	0.47376	99	13525	12479	0.020000000000000004	C	G	1	0.1113157272338867	0.1113157272338867	0.1113157272338867	1	0.1342649459838867	0.1342649459838867	0.1342649459838867	0.06435414155324294	0.03899875531593953	0.007978265484174067	3.0	3.0	3.0	6.647001324004553	3.976918946521571	0.801017665304799	0.801017665304799	3.976918946521571	6.647001324004553	3.808312645276974	3.808312645276974	6.647001324004553
109274869	C	T	C	T	109274869:C>T	109274869:C>T	-99	False	False	-0.15000000000000002	0.014142135623730933	2	0.0	1169	270506	207694	0.15000000000000002	C	T	1	-0.0293903350830078	0.0293903350830078	0.0293903350830078	1	-0.0672330856323242	0.0672330856323242	0.0672330856323242	-0.011594891548156667	0.006146326661109866	-0.0008072952429453	3.0	3.0	3.0	-1.1527929847576022	0.6165254084995743	-0.08069694678121281	0.08069694678121281	0.6165254084995743	1.1527929847576022	-0.2056548410130802	0.6166717800127964	1.1527929847576022
109274870	G	A	G	A	109274870:G>A	109274870:G>A	-98	False	False	0.465	0.09192388155425119	2	0.0	995	164602	159001	0.465	G	A	1	0.0337905883789062	0.0337905883789062	0.0337905883789062	1	0.0326509475708007	0.0326509475708007	0.0326509475708007	0.0332765181859334	0.03125895559787743	0.006286134322484299	3.0	3.0	3.0	3.3836374278958705	3.175264741954737	0.6305933529928532	0.6305933529928532	3.175264741954737	3.3836374278958705	2.396498507614487	2.396498507614487	3.3836374278958705
109274870	G	C	G	C	109274870:G>C	109274870:G>C	-98	False	False	0.73	0.24041630560342608	2	0.0	93	19634	32981	0.73	G	C	1	5.817413330078125e-05	5.817413330078125e-05	5.817413330078125e-05	1	0.0779066085815429	0.0779066085815429	0.0779066085815429	-0.005337635676066033	-0.0030177185932794997	-0.0014376242955525	3.0	3.0	3.0	-0.5323415810164919	-0.30131698572775484	-0.14365914087719212	0.14365914087719212	0.30131698572775484	0.5323415810164919	-0.32577256920714626	0.32577256920714626	0.5323415810164919
109274870	G	T	G	T	109274870:G>T	109274870:G>T	-98	False	False	0.09	0.0	2	0.27601	128	20456	16375	0.09	G	T	1	0.071664810180664	0.071664810180664	0.071664810180664	1	0.0473146438598632	0.0473146438598632	0.0473146438598632	0.003828803698221833	8.418162663779982e-05	0.0033648461103438668	3.0	3.0	3.0	0.38361429309393075	0.008418517001035977	0.33705135599327407	0.33705135599327407	0.008418517001035977	0.38361429309393075	0.24302805536274694	0.24302805536274694	0.38361429309393075
109274871	C	A	C	A	109274871:C>A	109274871:C>A	-97	False	False	0.095	0.09192388155425119	2	0.04219	114	23406	18882	0.095	C	A	1	0.0948257446289062	0.0948257446289062	0.0948257446289062	1	0.1051931381225586	0.1051931381225586	0.1051931381225586	0.0654342969258626	0.05289733409881586	0.0061968515316644665	3.0	3.0	3.0	6.762258892293005	5.432139670640997	0.621609173848704	0.621609173848704	5.432139670640997	6.762258892293005	4.272002578927569	4.272002578927569	6.762258892293005
109274871	C	G	C	G	109274871:C>G	109274871:C>G	-97	False	False	0.095	0.28991378028648446	2	0.00329	152	40575	38625	0.095	C	G	1	0.0839719772338867	0.0839719772338867	0.0839719772338867	1	0.0748414993286132	0.0748414993286132	0.0748414993286132	0.0154461065928141	0.0011359080672263997	0.0026560872793197003	3.0	3.0	3.0	1.5566014270697592	0.11365534551389736	0.26596178042395047	0.26596178042395047	0.11365534551389736	1.5566014270697592	0.645406184335869	0.645406184335869	1.5566014270697592
109274871	C	T	C	T	109274871:C>T	109274871:C>T	-97	False	False	-0.2	0.042426406871192854	2	0.0	723	170902	130561	0.2	C	T	1	0.0425472259521484	0.0425472259521484	0.0425472259521484	1	0.0135755538940429	0.0135755538940429	0.0135755538940429	-0.007393320401509601	-0.006366251657406434	0.0013074775536854333	3.0	3.0	3.0	-0.7366057038531174	-0.6346030012107415	0.13083326751055396	0.13083326751055396	0.6346030012107415	0.7366057038531174	-0.41345847918443496	0.5006806575248043	0.7366057038531174
109274872	C	A	C	A	109274872:C>A	109274872:C>A	-96	False	False	-0.31	0.08485281374238571	2	0.0	211	44791	35204	0.31	C	A	1	0.0101003646850585	0.0101003646850585	0.0101003646850585	1	-0.0749645233154296	0.0749645233154296	0.0749645233154296	-0.03471044699350987	-0.0342853739857673	-0.0008986492951710994	3.0	3.0	3.0	-3.4114949308531197	-3.3704290371068737	-0.08982456308198598	0.08982456308198598	3.3704290371068737	3.4114949308531197	-2.2905828436806597	2.2905828436806597	3.4114949308531197
109274872	C	G	C	G	109274872:C>G	109274872:C>G	-96	False	False	0.125	0.2899137802864845	2	0.00587	102	22116	16607	0.125	C	G	1	0.0257644653320312	0.0257644653320312	0.0257644653320312	1	0.0078754425048828	0.0078754425048828	0.0078754425048828	-0.0263508558273315	-0.03717295204599693	0.0022326111793517333	3.0	3.0	3.0	-2.6006701571993514	-3.6490519998126523	0.2235105311487858	0.2235105311487858	3.6490519998126523	2.6006701571993514	-2.0087372086210724	2.15774422938693	3.6490519998126523
109274872	C	T	C	T	109274872:C>T	109274872:C>T	-96	False	False	-0.21000000000000002	0.014142135623730933	2	0.0	472	97590	66152	0.21000000000000002	C	T	1	0.0515527725219726	0.0515527725219726	0.0515527725219726	1	0.0057315826416015	0.0057315826416015	0.0057315826416015	-0.017102917035420665	-0.0223694245020548	-0.0014995733896891	3.0	3.0	3.0	-1.6957492391996405	-2.2121084116327707	-0.14984495913231335	0.14984495913231335	2.2121084116327707	1.6957492391996405	-1.3525675366549084	1.3525675366549084	2.2121084116327707
109274873	C	A	C	A	109274873:C>A	109274873:C>A	-95	False	False	-0.365	0.021213203435596444	2	0.0	402	78231	45697	0.365	C	A	1	-0.035658836364746	0.035658836364746	0.035658836364746	1	-0.0550622940063476	0.0550622940063476	0.0550622940063476	-0.0409841934839884	-0.0321246907114982	0.0012178818384805667	3.0	3.0	3.0	-4.015569837778482	-3.1614174166864983	0.12186237577262386	0.12186237577262386	3.1614174166864983	4.015569837778482	-2.3517082928974524	2.432949876745868	4.015569837778482
109274873	C	G	C	G	109274873:C>G	109274873:C>G	-95	False	False	0.15000000000000002	0.07071067811865475	2	0.08632	101	24069	19135	0.15000000000000002	C	G	1	-0.0029401779174804	0.0029401779174804	0.0029401779174804	1	0.0171279907226562	0.0171279907226562	0.0171279907226562	-0.021394332249959264	-0.030645389109849864	-0.0007770856221516667	3.0	3.0	3.0	-2.1167096924790396	-3.0180579365585576	-0.07767837693131525	0.07767837693131525	3.0180579365585576	2.1167096924790396	-1.7374820019896375	1.7374820019896375	3.0180579365585576
109274873	C	T	C	T	109274873:C>T	109274873:C>T	-95	False	False	-0.33	0.014142135623730963	2	0.0	601	139918	96769	0.33	C	T	1	-0.0696344375610351	0.0696344375610351	0.0696344375610351	1	-0.0951442718505859	0.0951442718505859	0.0951442718505859	-0.055829366048177065	-0.047785976280768666	-0.0033136308193206666	3.0	3.0	3.0	-5.429950926432756	-4.666219785320669	-0.33081468037239337	0.33081468037239337	4.666219785320669	5.429950926432756	-3.4756617973752726	3.4756617973752726	5.429950926432756
109274874	C	A	C	A	109274874:C>A	109274874:C>A	-94	False	False	-0.26	0.0565685424949238	2	0.0	329	70656	58157	0.26	C	A	1	0.0362129211425781	0.0362129211425781	0.0362129211425781	1	-0.0367193222045898	0.0367193222045898	0.0367193222045898	-0.0162970622380574	-0.01760897164543467	-8.429090181986668e-05	3.0	3.0	3.0	-1.616498359060677	-1.7454839731740273	-0.008428734944161362	0.008428734944161362	1.7454839731740273	1.616498359060677	-1.1234703557262886	1.1234703557262886	1.7454839731740273
109274874	C	G	C	G	109274874:C>G	109274874:C>G	-94	False	False	-0.024999999999999998	0.049497474683058325	2	0.3107	326	86498	78273	0.024999999999999998	C	G	1	0.0178956985473632	0.0178956985473632	0.0178956985473632	1	0.0153532028198242	0.0153532028198242	0.0153532028198242	0.0016270081202189	-0.005869553734858766	0.0008266170819600001	3.0	3.0	3.0	0.16283324160464954	-0.5852361557584655	0.08269588240168813	0.08269588240168813	0.5852361557584655	0.16283324160464954	-0.11323567725070931	0.27692175992160106	0.5852361557584655
109274874	C	T	C	T	109274874:C>T	109274874:C>T	-94	False	False	-0.21000000000000002	0.028284271247461894	2	0.0	813	152351	119589	0.21000000000000002	C	T	1	0.0141572952270507	0.0141572952270507	0.0141572952270507	1	-0.0840663909912109	0.0840663909912109	0.0840663909912109	-0.0354199806849161	-0.0348561455806096	-0.003011345863342233	3.0	3.0	3.0	-3.480003421986789	-3.425566714427384	-0.3006816309213336	0.3006816309213336	3.425566714427384	3.480003421986789	-2.402083922445169	2.402083922445169	3.480003421986789
109274875	G	A	G	A	109274875:G>A	109274875:G>A	-93	False	False	-0.075	0.021213203435596427	2	0.00066	698	133387	121879	0.075	G	A	1	-0.0173320770263671	0.0173320770263671	0.0173320770263671	1	-0.0061159133911132	0.0061159133911132	0.0061159133911132	-0.013655106226603134	-0.0150700298448403	-0.0024937391281127665	3.0	3.0	3.0	-1.3562298178419767	-1.495704521769173	-0.24906323437330677	0.24906323437330677	1.495704521769173	1.3562298178419767	-1.0336658579948188	1.0336658579948188	1.495704521769173
109274875	G	C	G	C	109274875:G>C	109274875:G>C	-93	False	False	0.21000000000000002	0.08485281374238571	2	0.00344	133	33271	29111	0.21000000000000002	G	C	1	0.0421476364135742	0.0421476364135742	0.0421476364135742	1	0.1128492355346679	0.1128492355346679	0.1128492355346679	0.04638294378916417	0.024396019677321065	0.0091401934623718	3.0	3.0	3.0	4.747545838381551	2.4696037342936497	0.9182092588718058	0.9182092588718058	2.4696037342936497	4.747545838381551	2.711786277182336	2.711786277182336	4.747545838381551
109274875	G	T	G	T	109274875:G>T	109274875:G>T	-93	False	False	-0.525	0.049497474683058366	2	0.0	419	99664	69198	0.525	G	T	1	-0.0508861541748046	0.0508861541748046	0.0508861541748046	1	-0.0834970474243164	0.0834970474243164	0.0834970474243164	-0.04250089327494297	-0.03309425463279083	-0.0009106000264485348	3.0	3.0	3.0	-4.161039058485914	-3.2552631104972822	-0.09101855560595791	0.09101855560595791	3.2552631104972822	4.161039058485914	-2.5024402415297176	2.5024402415297176	4.161039058485914
109274876	G	A	G	A	109274876:G>A	109274876:G>A	-92	False	False	-0.25	0.0	2	0.0	550	102703	72400	0.25	G	A	1	0.0409622192382812	0.0409622192382812	0.0409622192382812	1	0.0393037796020507	0.0393037796020507	0.0393037796020507	-0.0022730429967244	-0.0042238384485244335	0.004293168584505667	3.0	3.0	3.0	-0.227046159074461	-0.42149305891044836	0.43023974350305316	0.43023974350305316	0.42149305891044836	0.227046159074461	-0.07276649149395206	0.3595929871626542	0.43023974350305316
109274876	G	C	G	C	109274876:G>C	109274876:G>C	-92	False	False	-0.25	0.014142135623730963	2	0.01701	72	7237	2915	0.25	G	C	1	0.0485048294067382	0.0485048294067382	0.0485048294067382	1	0.0452299118041992	0.0452299118041992	0.0452299118041992	0.003272414207458534	-0.005203423400719933	0.005262459317843066	3.0	3.0	3.0	0.3277774400159895	-0.5189909043644264	0.5276330378168356	0.5276330378168356	0.5189909043644264	0.3277774400159895	0.11213985782279956	0.45813379406575044	0.5276330378168356
109274876	G	T	G	T	109274876:G>T	109274876:G>T	-92	False	False	-0.22	0.028284271247461888	2	1e-05	242	37923	23434	0.22	G	T	1	0.0399684906005859	0.0399684906005859	0.0399684906005859	1	0.0085887908935546	0.0085887908935546	0.0085887908935546	-0.012813727060953767	-0.0028750884036223	0.0025325069824854002	3.0	3.0	3.0	-1.2731980791003839	-0.28709592950899204	0.2535716487085953	0.2535716487085953	0.28709592950899204	1.2731980791003839	-0.4355741199669269	0.6046218857726571	1.2731980791003839
109274877	G	A	G	A	109274877:G>A	109274877:G>A	-91	False	False	0.0	0.01414213562373095	2	0.73586	950	241652	226401	0.0	G	A	1	0.1119461059570312	0.1119461059570312	0.1119461059570312	1	0.0361566543579101	0.0361566543579101	0.0361566543579101	0.021247029304504336	0.0134614581863085	0.007638563712437899	3.0	3.0	3.0	2.1474354572515404	1.355247154686986	0.7667811964348857	0.7667811964348857	1.355247154686986	2.1474354572515404	1.4231546027911375	1.4231546027911375	2.1474354572515404
109274877	G	C	G	C	109274877:G>C	109274877:G>C	-91	False	False	-0.33	0.014142135623730963	2	0.0	167	27279	18066	0.33	G	C	1	0.0718955993652343	0.0718955993652343	0.0718955993652343	1	0.0577001571655273	0.0577001571655273	0.0577001571655273	0.020990093549092564	0.016979105770587897	0.002356876929601	3.0	3.0	3.0	2.1211935001518576	1.7124070079556057	0.23596565473416503	0.23596565473416503	1.7124070079556057	2.1211935001518576	1.3565220542805427	1.3565220542805427	2.1211935001518576
109274877	G	T	G	T	109274877:G>T	109274877:G>T	-91	False	False	0.095	0.06363961030678929	2	0.04209	201	30844	23799	0.095	G	T	1	0.07574462890625	0.07574462890625	0.07574462890625	1	0.0601129531860351	0.0601129531860351	0.0601129531860351	0.028757373491922967	0.026610486209392503	0.0032688081264495	3.0	3.0	3.0	2.9174859077883504	2.6967706762800385	0.3274156505754059	0.3274156505754059	2.6967706762800385	2.9174859077883504	1.9805574115479316	1.9805574115479316	2.9174859077883504
109274878	C	A	C	A	109274878:C>A	109274878:C>A	-90	False	False	-0.15	0.12727922061357855	2	0.17704	45	4443	2738	0.15	C	A	1	0.0064973831176757	0.0064973831176757	0.0064973831176757	1	0.0386056900024414	0.0386056900024414	0.0386056900024414	0.007158795992533367	0.0002213368813197	0.0016375184059142667	3.0	3.0	3.0	0.7184481428247133	0.022136137813453236	0.1638859871303946	0.1638859871303946	0.022136137813453236	0.7184481428247133	0.30149008925618703	0.30149008925618703	0.7184481428247133
109274878	C	G	C	G	109274878:C>G	109274878:C>G	-90	False	False	-0.11	0.05656854249492379	2	0.02553	125	33938	29599	0.11	C	G	1	0.0138216018676757	0.0138216018676757	0.0138216018676757	1	0.0628633499145507	0.0628633499145507	0.0628633499145507	0.0134634971618652	0.008297992249329833	0.0020396709442138334	3.0	3.0	3.0	1.355453815769166	0.8332516013587942	0.20417524879750298	0.20417524879750298	0.8332516013587942	1.355453815769166	0.7976268886418211	0.7976268886418211	1.355453815769166
109274878	C	T	C	T	109274878:C>T	109274878:C>T	-90	False	False	-0.21	0.042426406871192854	2	0.0	726	170946	136335	0.21	C	T	1	0.0381460189819335	0.0381460189819335	0.0381460189819335	1	0.014286994934082	0.014286994934082	0.014286994934082	-0.0019508600234985334	-0.013623848557472167	0.001971830924351967	3.0	3.0	3.0	-0.19489583329279453	-1.3531463953217422	0.19737762613641782	0.19737762613641782	1.3531463953217422	0.19489583329279453	-0.450221534159373	0.5818066182503182	1.3531463953217422
109274879	A	C	A	C	109274879:A>C	109274879:A>C	-89	False	False	-0.14	0.04242640687119286	2	0.09503	108	16278	10567	0.14	A	C	1	0.0526514053344726	0.0526514053344726	0.0526514053344726	1	0.0738191604614257	0.0738191604614257	0.0738191604614257	0.03097188472747797	0.020615202685197134	0.0026140560706456	3.0	3.0	3.0	3.1456503798153026	2.0829163730194815	0.2617475694262594	0.2617475694262594	2.0829163730194815	3.1456503798153026	1.8301047740870144	1.8301047740870144	3.1456503798153026
109274879	A	G	A	G	109274879:A>G	109274879:A>G	-89	False	False	0.035	0.06363961030678929	2	0.01025	1104	195041	146002	0.035	A	G	1	-0.0006799697875976	0.0006799697875976	0.0006799697875976	1	0.0280828475952148	0.0280828475952148	0.0280828475952148	-0.0027947823206583	-0.008646781245867367	0.0031952212254206	3.0	3.0	3.0	-0.2790880552259211	-0.8609505349124074	0.3200331386008621	0.3200331386008621	0.8609505349124074	0.2790880552259211	-0.2733351505124888	0.4866905762463969	0.8609505349124074
109274879	A	T	A	T	109274879:A>T	109274879:A>T	-89	False	False	-0.195	0.07778174593052022	2	0.0	493	103330	64503	0.195	A	T	1	0.048283576965332	0.048283576965332	0.048283576965332	1	0.0238513946533203	0.0238513946533203	0.0238513946533203	-0.005360007286071733	-0.012105572968721367	-0.0006322860717773001	3.0	3.0	3.0	-0.534566807787776	-1.2032595295948074	-0.06320862210621787	0.06320862210621787	1.2032595295948074	0.534566807787776	-0.6003449864962671	0.6003449864962671	1.2032595295948074
109274880	G	A	G	A	109274880:G>A	109274880:G>A	-88	False	False	0.0	0.16970562748477142	2	0.00124	495	93546	80038	0.0	G	A	1	-0.1531648635864257	0.1531648635864257	0.1531648635864257	1	-0.1257581710815429	0.1257581710815429	0.1257581710815429	-0.06836009025573724	-0.0558621597786744	-0.006994764010111433	3.0	3.0	3.0	-6.607588395247315	-5.433052180284075	-0.6970357587210397	0.6970357587210397	5.433052180284075	6.607588395247315	-4.245892111417477	4.245892111417477	6.607588395247315
109274880	G	C	G	C	109274880:G>C	109274880:G>C	-88	False	False	-0.19999999999999998	0.12727922061357855	2	3e-05	118	15982	10203	0.19999999999999998	G	C	1	-0.1628265380859375	0.1628265380859375	0.1628265380859375	1	-0.1538362503051757	0.1538362503051757	0.1538362503051757	-0.07836949825286864	-0.05799497912327443	-0.0022962391376495	3.0	3.0	3.0	-7.537728306159538	-5.634531460124896	-0.2293604797305108	0.2293604797305108	5.634531460124896	7.537728306159538	-4.467206748671649	4.467206748671649	7.537728306159538
109274880	G	T	G	T	109274880:G>T	109274880:G>T	-88	False	False	-0.07	0.0	2	0.07748	470	67328	42221	0.07	G	T	1	-0.1830148696899414	0.1830148696899414	0.1830148696899414	1	-0.2042274475097656	0.2042274475097656	0.2042274475097656	-0.08467845122019442	-0.06646140168110527	-0.004417081673939967	3.0	3.0	3.0	-8.119232160501298	-6.430096843106662	-0.44073407161625355	0.44073407161625355	6.430096843106662	8.119232160501298	-4.996687691741404	4.996687691741404	8.119232160501298
109274881	G	A	G	A	109274881:G>A	109274881:G>A	-87	False	False	-0.02	0.0282842712474619	2	0.29565	849	183173	144740	0.02	G	A	1	-0.05718994140625	0.05718994140625	0.05718994140625	1	-0.0589838027954101	0.0589838027954101	0.0589838027954101	-0.04102718830108636	-0.04232362036903697	-0.0045489867528278995	3.0	3.0	3.0	-4.019696582082615	-4.144047901389399	-0.4538655783673052	0.4538655783673052	4.144047901389399	4.019696582082615	-2.872536687279773	2.872536687279773	4.144047901389399
109274881	G	C	G	C	109274881:G>C	109274881:G>C	-87	False	False	0.135	0.04949747468305833	2	0.03798	99	13470	10299	0.135	G	C	1	-0.054060935974121	0.054060935974121	0.054060935974121	1	-0.0426235198974609	0.0426235198974609	0.0426235198974609	-0.04282136758168534	-0.0382986888289451	-0.0049457252025604	3.0	3.0	3.0	-4.19174806206641	-3.757456776977542	-0.49335152410023	0.49335152410023	3.757456776977542	4.19174806206641	-2.8141854543813936	2.8141854543813936	4.19174806206641
109274881	G	T	G	T	109274881:G>T	109274881:G>T	-87	False	False	0.06	0.042426406871192854	2	0.31726	111	17480	12936	0.06	G	T	1	-0.0060977935791015	0.0060977935791015	0.0060977935791015	1	-0.0455837249755859	0.0455837249755859	0.0455837249755859	-0.010850032170613566	-0.006684485822916	0.00047060847282407196	3.0	3.0	3.0	-1.0791382878779163	-0.6662194344237338	0.0470719226364589	0.0470719226364589	0.6662194344237338	1.0791382878779163	-0.5660952665550637	0.597476548312703	1.0791382878779163
109274882	C	A	C	A	109274882:C>A	109274882:C>A	-86	False	False	-0.155	0.16263455967290594	2	0.00019	201	38812	27902	0.155	C	A	1	0.0457324981689453	0.0457324981689453	0.0457324981689453	1	0.0164175033569335	0.0164175033569335	0.0164175033569335	0.045683026313781704	0.03231486926476157	0.008635068933169001	3.0	3.0	3.0	4.674256851659051	3.2842664521502556	0.8672458684448391	0.8672458684448391	3.2842664521502556	4.674256851659051	2.941923057418048	2.941923057418048	4.674256851659051
109274882	C	G	C	G	109274882:C>G	109274882:C>G	-86	False	False	-0.05	0.12727922061357858	2	0.20598	77	11672	11051	0.05	C	G	1	-0.0740585327148437	0.0740585327148437	0.0740585327148437	1	-0.043731689453125	0.043731689453125	0.043731689453125	-0.026392738024393667	-0.022247295826673466	-0.0033526917298634332	3.0	3.0	3.0	-2.604749369701763	-2.200164976661649	-0.3347077734696582	0.3347077734696582	2.200164976661649	2.604749369701763	-1.7132073732776902	1.7132073732776902	2.604749369701763
109274882	C	T	C	T	109274882:C>T	109274882:C>T	-86	False	False	0.11	0.014142135623730944	2	0.0	883	219497	234603	0.11	C	T	1	-0.0201711654663085	0.0201711654663085	0.0201711654663085	1	0.0060892105102539	0.0060892105102539	0.0060892105102539	0.023130973180135034	0.020207571486632	0.0011225442091623333	3.0	3.0	3.0	2.3400568796954686	2.041312671524759	0.11231744977332936	0.11231744977332936	2.041312671524759	2.3400568796954686	1.4978956669978523	1.4978956669978523	2.3400568796954686
109274883	C	A	C	A	109274883:C>A	109274883:C>A	-85	False	False	-0.18	0.0	2	0.02918	124	13840	8735	0.18	C	A	1	-0.1199512481689453	0.1199512481689453	0.1199512481689453	1	-0.035614013671875	0.035614013671875	0.035614013671875	-0.023767669995625768	-0.024476959059635733	0.001205563545227	3.0	3.0	3.0	-2.3487443428231884	-2.4179827526214575	0.1206290529070178	0.1206290529070178	2.4179827526214575	2.3487443428231884	-1.5486993475125426	1.6291187161172214	2.4179827526214575
109274883	C	G	C	G	109274883:C>G	109274883:C>G	-85	False	False	0.0049999999999999906	0.24748737341529164	2	0.16161	30	4141	3583	0.0049999999999999906	C	G	1	-0.0533714294433593	0.0533714294433593	0.0533714294433593	1	-0.0155200958251953	0.0155200958251953	0.0155200958251953	0.002443710962931333	-0.024388617525497997	0.0063084711631138666	3.0	3.0	3.0	0.24466992582474006	-2.4093618267262658	0.6328411476232595	0.6328411476232595	2.4093618267262658	0.24466992582474006	-0.5106169177594221	1.0956243000580883	2.4093618267262658
109274883	C	T	C	T	109274883:C>T	109274883:C>T	-85	False	False	0.03	0.042426406871192854	2	0.08398	551	115046	97504	0.03	C	T	1	-0.0385551452636718	0.0385551452636718	0.0385551452636718	1	-0.035614013671875	0.035614013671875	0.035614013671875	-0.02618976434071853	-0.0295130386948585	-0.0007779796918233	3.0	3.0	3.0	-2.584978690512953	-2.9081781947715553	-0.07776771440866065	0.07776771440866065	2.9081781947715553	2.584978690512953	-1.85697486656439	1.85697486656439	2.9081781947715553
109274884	A	C	A	C	109274884:A>C	109274884:A>C	-84	False	False	-0.12000000000000001	0.15556349186104046	2	0.00706	143	25458	20910	0.12000000000000001	A	C	1	-0.0011625289916992	0.0011625289916992	0.0011625289916992	1	-0.0389299392700195	0.0389299392700195	0.0389299392700195	-0.006902376810709601	-0.0200253712634245	0.0040192107359567665	3.0	3.0	3.0	-0.6878610121544433	-1.9826195256518742	0.4027298595400431	0.4027298595400431	1.9826195256518742	0.6878610121544433	-0.7559168927554248	1.0244034657821202	1.9826195256518742
109274884	A	G	A	G	109274884:A>G	109274884:A>G	-84	False	False	0.045	0.049497474683058325	2	0.00263	1077	188387	167842	0.045	A	G	1	0.0237846374511718	0.0237846374511718	0.0237846374511718	1	0.0649232864379882	0.0649232864379882	0.0649232864379882	0.049528479576110764	0.04471891373395917	0.0058605720599492	3.0	3.0	3.0	5.077551743001756	4.573387716259234	0.5877778809760439	0.5877778809760439	4.573387716259234	5.077551743001756	3.4129057800790115	3.4129057800790115	5.077551743001756
109274884	A	T	A	T	109274884:A>T	109274884:A>T	-84	False	False	-0.24	0.014142135623730933	2	0.0	891	158144	119710	0.24	A	T	1	0.0384645462036132	0.0384645462036132	0.0384645462036132	1	-0.0249843597412109	0.0249843597412109	0.0249843597412109	-0.0011534293492634995	-0.008946667114893534	0.0015683273474374996	3.0	3.0	3.0	-0.11527644053114898	-0.8906764774978359	0.15695578159469187	0.15695578159469187	0.8906764774978359	0.11527644053114898	-0.2829990454780976	0.38763623320789226	0.8906764774978359
109274885	G	A	G	A	109274885:G>A	109274885:G>A	-83	False	False	-0.405	0.10606601717798213	2	0.0	937	188969	120329	0.405	G	A	1	0.0757408142089843	0.0757408142089843	0.0757408142089843	1	-0.0676097869873046	0.0676097869873046	0.0676097869873046	-0.03966927528381343	-0.0511396192014217	-0.0020066201686858333	3.0	3.0	3.0	-3.8892751482288803	-4.985399735497312	-0.20046082523774242	0.20046082523774242	4.985399735497312	3.8892751482288803	-3.0250452363213114	3.0250452363213114	4.985399735497312
109274885	G	C	G	C	109274885:G>C	109274885:G>C	-83	False	False	-0.9099999999999999	0.11313708498984758	2	0.0	361	78175	37761	0.9099999999999999	G	C	1	-0.0510482788085937	0.0510482788085937	0.0510482788085937	1	-0.2326269149780273	0.2326269149780273	0.2326269149780273	-0.1222405433654785	-0.11043375730514522	-0.009927978118260667	3.0	3.0	3.0	-11.50645224590996	-10.455435504250275	-0.9878858430958757	0.9878858430958757	10.455435504250275	11.50645224590996	-7.649924531085371	7.649924531085371	11.50645224590996
109274885	G	T	G	T	109274885:G>T	109274885:G>T	-83	False	False	-0.6	0.25455844122715715	2	0.0	232	33992	16664	0.6	G	T	1	0.0611763000488281	0.0611763000488281	0.0611763000488281	1	-0.1154155731201171	0.1154155731201171	0.1154155731201171	-0.0869671503702799	-0.09189518789450328	-0.007095426321029601	3.0	3.0	3.0	-8.329279136908555	-8.779924578357544	-0.7070313214859273	0.7070313214859273	8.779924578357544	8.329279136908555	-5.938745012250675	5.938745012250675	8.779924578357544
109274886	T	A	T	A	109274886:T>A	109274886:T>A	-82	False	False	-1.03	0.09899494936611673	2	0.0	630	126415	48620	1.03	T	A	1	-0.0323286056518554	0.0323286056518554	0.0323286056518554	1	-0.18328857421875	0.18328857421875	0.18328857421875	-0.086567481358846	-0.0869079083204269	-0.0011661052703857	3.0	3.0	3.0	-8.29263386802237	-8.323848214625228	-0.11654256338364793	0.11654256338364793	8.323848214625228	8.29263386802237	-5.577674882010416	5.577674882010416	8.323848214625228
109274886	T	C	T	C	109274886:T>C	109274886:T>C	-82	False	False	-1.145	0.134350288425444	2	0.0	1030	175125	62351	1.145	T	C	1	-0.0565567016601562	0.0565567016601562	0.0565567016601562	1	-0.1782035827636718	0.1782035827636718	0.1782035827636718	-0.0764257113138834	-0.07728781302769973	-0.004712184270222934	3.0	3.0	3.0	-7.357826561404944	-7.437659121060353	-0.4701099348158123	0.4701099348158123	7.437659121060353	7.357826561404944	-5.088531872427036	5.088531872427036	7.437659121060353
109274886	T	G	T	G	109274886:T>G	109274886:T>G	-82	False	False	-0.94	0.11313708498984766	2	0.0	120	18720	4910	0.94	T	G	1	0.0058631896972656	0.0058631896972656	0.0058631896972656	1	-0.1496496200561523	0.1496496200561523	0.1496496200561523	-0.05992182095845533	-0.0695501565933227	-0.0009010235468546666	3.0	3.0	3.0	-5.8161837289065135	-6.718665452841016	-0.09006177470262243	0.09006177470262243	6.718665452841016	5.8161837289065135	-4.20830365215005	4.20830365215005	6.718665452841016
109274887	C	A	C	A	109274887:C>A	109274887:C>A	-81	False	False	-0.8300000000000001	0.2687005768508881	2	0.0	72	19816	6135	0.8300000000000001	C	A	1	-0.0066194534301757	0.0066194534301757	0.0066194534301757	1	-0.1588382720947265	0.1588382720947265	0.1588382720947265	-0.054967761039733866	-0.0639174083868662	0.0002513726552328	3.0	3.0	3.0	-5.348433785756855	-6.19175259239019	0.025140425198616385	0.025140425198616385	6.19175259239019	5.348433785756855	-3.83834865098281	3.855108934448554	6.19175259239019
109274887	C	G	C	G	109274887:C>G	109274887:C>G	-81	False	False	-0.865	0.03535533905932741	2	0.0	33	5414	2446	0.865	C	G	1	0.0170812606811523	0.0170812606811523	0.0170812606811523	1	-0.1984491348266601	0.1984491348266601	0.1984491348266601	-0.08245404561360674	-0.08980770905812575	-0.005417048931121799	3.0	3.0	3.0	-7.914624584628256	-8.589305714259343	-0.5402403179079637	0.5402403179079637	8.589305714259343	7.914624584628256	-5.681390205598521	5.681390205598521	8.589305714259343
109274887	C	T	C	T	109274887:C>T	109274887:C>T	-81	False	False	-0.765	0.12020815280171303	2	0.0	665	165079	90197	0.765	C	T	1	-0.0054950714111328	0.0054950714111328	0.0054950714111328	1	-0.141510009765625	0.141510009765625	0.141510009765625	-0.039299130439758266	-0.05269307891527807	0.0003669659296671668	3.0	3.0	3.0	-3.8536936742232624	-5.132886502201139	0.03670332699008736	0.03670332699008736	5.132886502201139	3.8536936742232624	-2.9832922831447717	3.00776116780483	5.132886502201139
109274888	A	C	A	C	109274888:A>C	109274888:A>C	-80	False	False	-0.79	0.12727922061357863	2	0.0	79	8505	3027	0.79	A	C	1	0.0971889495849609	0.0971889495849609	0.0971889495849609	1	-0.1228237152099609	0.1228237152099609	0.1228237152099609	-0.018314917882283465	-0.036044179151455503	0.0022361874580383	3.0	3.0	3.0	-1.8148219017120988	-3.5402322565125486	0.2238689589943098	0.2238689589943098	3.5402322565125486	1.8148219017120988	-1.7103950664101124	1.8596410390729856	3.5402322565125486
109274888	A	G	A	G	109274888:A>G	109274888:A>G	-80	False	False	-0.9450000000000001	0.021213203435596406	2	0.0	1181	227729	86702	0.9450000000000001	A	G	1	0.0076055526733398	0.0076055526733398	0.0076055526733398	1	-0.1492519378662109	0.1492519378662109	0.1492519378662109	-0.05912784735361729	-0.07285873591899866	-0.0019168456395466998	3.0	3.0	3.0	-5.741374570465687	-7.02678414914753	-0.19150096642249012	0.19150096642249012	7.02678414914753	5.741374570465687	-4.319886562011902	4.319886562011902	7.02678414914753
109274888	A	T	A	T	109274888:A>T	109274888:A>T	-80	False	False	-0.81	0.07071067811865478	2	0.0	678	125094	57265	0.81	A	T	1	-0.0626916885375976	0.0626916885375976	0.0626916885375976	1	-0.2330474853515625	0.2330474853515625	0.2330474853515625	-0.09050369262695308	-0.09659788509209948	-0.003905564546585033	3.0	3.0	3.0	-8.65290392127656	-9.207897868280144	-0.3897947748563146	0.3897947748563146	9.207897868280144	8.65290392127656	-6.083532188137672	6.083532188137672	9.207897868280144
109274889	T	A	T	A	109274889:T>A	109274889:T>A	-79	False	False	-0.835	0.19091883092036785	2	0.0	333	71503	29431	0.835	T	A	1	-0.0259208679199218	0.0259208679199218	0.0259208679199218	1	-0.2038135528564453	0.2038135528564453	0.2038135528564453	-0.09837750593821204	-0.10933742920557654	-0.0098551213741302	3.0	3.0	3.0	-9.369329699564817	-10.357211448972263	-0.9806718800391903	0.9806718800391903	10.357211448972263	9.369329699564817	-6.902404342858756	6.902404342858756	10.357211448972263
109274889	T	C	T	C	109274889:T>C	109274889:T>C	-79	False	False	0.335	0.07778174593052022	2	0.0	1123	189611	154993	0.335	T	C	1	-0.0505599975585937	0.0505599975585937	0.0505599975585937	1	0.0680093765258789	0.0680093765258789	0.0680093765258789	-0.030027588208516434	-0.0281945479412873	0.0007989406585693333	3.0	3.0	3.0	-2.958123893592106	-2.7800790952923564	0.07992598966690628	0.07992598966690628	2.7800790952923564	2.958123893592106	-1.8860923330725186	1.9393763261837897	2.958123893592106
109274889	T	G	T	G	109274889:T>G	109274889:T>G	-79	False	False	-1.15	0.12727922061357844	2	0.0	106	14820	5403	1.15	T	G	1	-0.134221076965332	0.134221076965332	0.134221076965332	1	-0.3701486587524414	0.3701486587524414	0.3701486587524414	-0.12344360351562496	-0.12009681264559424	-0.0128126740455627	3.0	3.0	3.0	-11.612851291698902	-11.316542424047238	-1.2730941182037139	1.2730941182037139	11.316542424047238	11.612851291698902	-8.06749594464995	8.06749594464995	11.612851291698902
109274890	G	A	G	A	109274890:G>A	109274890:G>A	-78	False	False	-0.595	0.04949747468305833	2	0.0	1369	311716	179304	0.595	G	A	1	0.0039491653442382	0.0039491653442382	0.0039491653442382	1	-0.1520414352416992	0.1520414352416992	0.1520414352416992	-0.08315944671630854	-0.08743754029273983	-0.00026473402976990006	3.0	3.0	3.0	-7.9795588049610995	-8.37238997993922	-0.026469899080871096	0.026469899080871096	8.37238997993922	7.9795588049610995	-5.459472894660396	5.459472894660396	8.37238997993922
109274890	G	C	G	C	109274890:G>C	109274890:G>C	-78	False	False	-0.32	0.0	2	0.0	290	72842	55331	0.32	G	C	1	0.0381908416748046	0.0381908416748046	0.0381908416748046	1	-0.1074657440185546	0.1074657440185546	0.1074657440185546	-0.04413108030954993	-0.0705166434248288	-0.0042797724405924	3.0	3.0	3.0	-4.317147212706892	-6.808777081440542	-0.42706272655950606	0.42706272655950606	6.808777081440542	4.317147212706892	-3.85099567356898	3.85099567356898	6.808777081440542
109274890	G	T	G	T	109274890:G>T	109274890:G>T	-78	False	False	-0.435	0.007071067811865481	2	0.0	105	21169	15050	0.435	G	T	1	0.0315732955932617	0.0315732955932617	0.0315732955932617	1	-0.0815954208374023	0.0815954208374023	0.0815954208374023	-0.0205680926640828	-0.0609205638368924	0.0011531213919322	3.0	3.0	3.0	-2.0358012229437743	-5.910202186723516	0.1153786492026947	0.1153786492026947	5.910202186723516	2.0358012229437743	-2.610208253488198	2.6871273529566615	5.910202186723516
109274891	T	A	T	A	109274891:T>A	109274891:T>A	-77	False	False	0.08	0.0	2	0.01132	697	137941	118279	0.08	T	A	1	0.0749483108520507	0.0749483108520507	0.0749483108520507	1	0.0573549270629882	0.0573549270629882	0.0573549270629882	0.07029004891713457	0.037755849460760736	0.013392647107442167	3.0	3.0	3.0	7.28193062093542	3.847765704446372	1.3482730307327566	1.3482730307327566	3.847765704446372	7.28193062093542	4.15932311870485	4.15932311870485	7.28193062093542
109274891	T	C	T	C	109274891:T>C	109274891:T>C	-77	False	False	-0.445	0.007071067811865481	2	0.0	1179	220244	123370	0.445	T	C	1	-0.0317192077636718	0.0317192077636718	0.0317192077636718	1	-0.0385618209838867	0.0385618209838867	0.0385618209838867	-0.034063220024108866	-0.05791291097799933	-0.008650064468383767	3.0	3.0	3.0	-3.348960010477749	-5.626786743350889	-0.861276029937529	0.861276029937529	5.626786743350889	3.348960010477749	-3.2790075945887227	3.2790075945887227	5.626786743350889
109274891	T	G	T	G	109274891:T>G	109274891:T>G	-77	False	False	0.075	0.2050609665440988	2	0.00224	193	33062	29902	0.075	T	G	1	0.1012821197509765	0.1012821197509765	0.1012821197509765	1	0.1161642074584961	0.1161642074584961	0.1161642074584961	0.1220753987630208	0.08126794298489882	0.0207174569368362	3.0	3.0	3.0	12.983928705350234	8.466148507036083	2.093355318942544	2.093355318942544	8.466148507036083	12.983928705350234	7.847810843776287	7.847810843776287	12.983928705350234
109274892	G	A	G	A	109274892:G>A	109274892:G>A	-76	False	False	-0.385	0.09192388155425119	2	0.0	760	167299	111005	0.385	G	A	1	0.067239761352539	0.067239761352539	0.067239761352539	1	-0.1158046722412109	0.1158046722412109	0.1158046722412109	-0.03164625167846677	-0.06326223909854883	0.0007897814114888334	3.0	3.0	3.0	-3.1150749737424053	-6.130272171855353	0.07900933709489888	0.07900933709489888	6.130272171855353	3.1150749737424053	-3.05544593616762	3.108118827564219	6.130272171855353
109274892	G	C	G	C	109274892:G>C	109274892:G>C	-76	False	False	-1.725	0.12020815280171326	2	0.0	198	35100	9711	1.725	G	C	1	-0.3384599685668945	0.3384599685668945	0.3384599685668945	1	-0.6065607070922852	0.6065607070922852	0.6065607070922852	-0.24130388100941969	-0.24888875087102255	-0.009294341007868367	3.0	3.0	3.0	-21.43971396782513	-22.033329419792878	-0.9251282125055559	0.9251282125055559	22.033329419792878	21.43971396782513	-14.79939053337452	14.79939053337452	22.033329419792878
109274892	G	T	G	T	109274892:G>T	109274892:G>T	-76	False	False	-0.13	0.09899494936611666	2	0.03151	103	26371	18857	0.13	G	T	1	-0.0115079879760742	0.0115079879760742	0.0115079879760742	1	-0.0770454406738281	0.0770454406738281	0.0770454406738281	-0.009584108988443966	-0.05226843804121014	0.004750902454058267	3.0	3.0	3.0	-0.9538327789962225	-5.092593493781445	0.4762205884531577	0.4762205884531577	5.092593493781445	0.9538327789962225	-1.85673522810817	2.174215620410275	5.092593493781445
109274893	T	A	T	A	109274893:T>A	109274893:T>A	-75	False	False	0.845	0.24748737341529156	2	0.0	655	126855	204365	0.845	T	A	1	0.0272369384765625	0.0272369384765625	0.0272369384765625	1	0.1847219467163086	0.1847219467163086	0.1847219467163086	0.0534097750981648	0.04835876077413557	0.006097644567489566	3.0	3.0	3.0	5.486181267039559	4.954712412805684	0.6116273046158316	0.6116273046158316	4.954712412805684	5.486181267039559	3.6841736614870246	3.6841736614870246	5.486181267039559
109274893	T	C	T	C	109274893:T>C	109274893:T>C	-75	False	False	0.285	0.19091883092036782	2	0.0	1093	176760	174673	0.285	T	C	1	0.0204725265502929	0.0204725265502929	0.0204725265502929	1	0.0330018997192382	0.0330018997192382	0.0330018997192382	0.027428984642028767	0.03468016286691023	0.008647198478380767	3.0	3.0	3.0	2.780862231823896	3.528853212511175	0.8684693496841072	0.8684693496841072	3.528853212511175	2.780862231823896	2.3927282646730594	2.3927282646730594	3.528853212511175
109274893	T	G	T	G	109274893:T>G	109274893:T>G	-75	False	False	0.51	0.1414213562373095	2	0.0	133	23270	26395	0.51	T	G	1	0.0673036575317382	0.0673036575317382	0.0673036575317382	1	0.2349996566772461	0.2349996566772461	0.2349996566772461	0.0847086906433105	0.04942952593167616	0.016446759303410798	3.0	3.0	3.0	8.839995942048299	5.0671544507419854	1.6582751771396707	1.6582751771396707	5.0671544507419854	8.839995942048299	5.188475189976652	5.188475189976652	8.839995942048299
109274894	T	A	T	A	109274894:T>A	109274894:T>A	-74	False	False	-0.27	0.014142135623730963	2	2e-05	238	40934	22957	0.27	T	A	1	0.0888233184814453	0.0888233184814453	0.0888233184814453	1	0.0427923202514648	0.0427923202514648	0.0427923202514648	0.022136251131693468	0.0006134261687596662	-0.00012027223904923336	3.0	3.0	3.0	2.2383075832026282	0.061361435306901864	-0.012026500663344625	0.012026500663344625	0.061361435306901864	2.2383075832026282	0.7625475059487284	0.770565173057625	2.2383075832026282
109274894	T	C	T	C	109274894:T>C	109274894:T>C	-74	False	False	-0.07	0.014142135623730947	2	0.07064	555	108934	89814	0.07	T	C	1	0.1100111007690429	0.1100111007690429	0.1100111007690429	1	0.0354547500610351	0.0354547500610351	0.0354547500610351	0.02878423531850177	0.014945109685262	0.0027151505152383667	3.0	3.0	3.0	2.9202504965775176	1.5057346269320342	0.27188398746983394	0.27188398746983394	1.5057346269320342	2.9202504965775176	1.5659563703264618	1.5659563703264618	2.9202504965775176
109274894	T	G	T	G	109274894:T>G	109274894:T>G	-74	False	False	-0.5449999999999999	0.23334523779156063	2	0.0	48	10874	8229	0.5449999999999999	T	G	1	0.0051984786987304	0.0051984786987304	0.0051984786987304	1	-0.0411443710327148	0.0411443710327148	0.0411443710327148	-0.042741934458414704	-0.053272812316814994	-0.0053105254968006665	3.0	3.0	3.0	-4.184137411114994	-5.187868197700627	-0.529644958412851	0.529644958412851	5.187868197700627	4.184137411114994	-3.3005501890761573	3.3005501890761573	5.187868197700627
109274895	A	C	A	C	109274895:A>C	109274895:A>C	-73	False	False	0.03	0.29698484809834996	2	0.1297	33	3803	2120	0.03	A	C	1	0.1686630249023437	0.1686630249023437	0.1686630249023437	1	0.2227468490600586	0.2227468490600586	0.2227468490600586	0.12547846635182697	0.10091995199521377	0.012014766534169432	3.0	3.0	3.0	13.369075619979858	10.618809006974923	1.2087233776455224	1.2087233776455224	10.618809006974923	13.369075619979858	8.398869334866768	8.398869334866768	13.369075619979858
109274895	A	G	A	G	109274895:A>G	109274895:A>G	-73	False	False	-0.08	0.014142135623730944	2	0.01068	804	169919	132860	0.08	A	G	1	0.1186256408691406	0.1186256408691406	0.1186256408691406	1	0.1078615188598632	0.1078615188598632	0.1078615188598632	0.07201437155405677	0.05639734367529547	0.008217851320902468	3.0	3.0	3.0	7.467078864216425	5.8017996986126805	0.8251710547546894	0.8251710547546894	5.8017996986126805	7.467078864216425	4.698016539194598	4.698016539194598	7.467078864216425
109274895	A	T	A	T	109274895:A>T	109274895:A>T	-73	False	False	0.335	0.16263455967290594	2	0.0	359	56559	57652	0.335	A	T	1	0.095372200012207	0.095372200012207	0.095372200012207	1	0.1440458297729492	0.1440458297729492	0.1440458297729492	0.08780121803283686	0.07671467959880823	0.0077237139145533	3.0	3.0	3.0	9.177107605430944	7.97339623117668	0.7753618735382909	0.7753618735382909	7.97339623117668	9.177107605430944	5.975288570048638	5.975288570048638	9.177107605430944
109274896	A	C	A	C	109274896:A>C	109274896:A>C	-72	False	False	-0.01	0.042426406871192854	2	0.60926	159	20275	14280	0.01	A	C	1	0.0977497100830078	0.0977497100830078	0.0977497100830078	1	0.1482629776000976	0.1482629776000976	0.1482629776000976	0.0822338660558064	0.0627111047506332	0.005810295542081167	3.0	3.0	3.0	8.57096907844577	6.471920247654152	0.5827208048912587	0.5827208048912587	6.471920247654152	8.57096907844577	5.208536710330393	5.208536710330393	8.57096907844577
109274896	A	G	A	G	109274896:A>G	109274896:A>G	-72	False	False	0.08	0.014142135623730944	2	0.00013	987	222844	216964	0.08	A	G	1	0.1634140014648437	0.1634140014648437	0.1634140014648437	1	0.1237630844116211	0.1237630844116211	0.1237630844116211	0.10955866177876783	0.09156408409277593	0.011556565761566134	3.0	3.0	3.0	11.578552297886368	9.588700336670655	1.16236008505909	1.16236008505909	9.588700336670655	11.578552297886368	7.443204239872038	7.443204239872038	11.578552297886368
109274896	A	T	A	T	109274896:A>T	109274896:A>T	-72	False	False	0.16999999999999998	0.05656854249492378	2	0.0	801	159406	164295	0.16999999999999998	A	T	1	0.1231327056884765	0.1231327056884765	0.1231327056884765	1	0.1174879074096679	0.1174879074096679	0.1174879074096679	0.10230894883473712	0.08783984680970507	0.011721859375635732	3.0	3.0	3.0	10.772564941610817	9.18132506501688	1.179082959219438	1.179082959219438	9.18132506501688	10.772564941610817	7.044324321949045	7.044324321949045	10.772564941610817
109274897	G	A	G	A	109274897:G>A	109274897:G>A	-71	False	False	-0.045	0.021213203435596427	2	0.01859	760	172589	134226	0.045	G	A	1	-0.0667266845703125	0.0667266845703125	0.0667266845703125	1	-0.054875373840332	0.054875373840332	0.054875373840332	-0.017603993415832467	-0.012811686843633601	-0.0038533508777617667	3.0	3.0	3.0	-1.744994838416281	-1.2729966547636655	-0.38459362480488984	0.38459362480488984	1.2729966547636655	1.744994838416281	-1.1341950393282787	1.1341950393282787	1.744994838416281
109274897	G	C	G	C	109274897:G>C	109274897:G>C	-71	False	False	0.155	0.09192388155425119	2	1e-05	180	38578	40806	0.155	G	C	1	0.1126918792724609	0.1126918792724609	0.1126918792724609	1	0.1456689834594726	0.1456689834594726	0.1456689834594726	0.08119018872578933	0.04314669469992313	0.007049615184465966	3.0	3.0	3.0	8.457715129890204	4.409104623980998	0.707452221551893	0.707452221551893	4.409104623980998	8.457715129890204	4.524757325141032	4.524757325141032	8.457715129890204
109274897	G	T	G	T	109274897:G>T	109274897:G>T	-71	False	False	0.065	0.03535533905932737	2	0.36713	106	17578	11187	0.065	G	T	1	-0.041081428527832	0.041081428527832	0.041081428527832	1	-0.0778026580810546	0.0778026580810546	0.0778026580810546	-0.03371834754943843	-0.0124868713319301	-0.0011271138985951333	3.0	3.0	3.0	-3.315621978782772	-1.2409233839871907	-0.11264789443026044	0.11264789443026044	1.2409233839871907	3.315621978782772	-1.5563977524000743	1.5563977524000743	3.315621978782772
109274898	T	A	T	A	109274898:T>A	109274898:T>A	-70	False	False	-0.69	0.0707106781186547	2	0.0	607	103045	55104	0.69	T	A	1	-0.1047544479370117	0.1047544479370117	0.1047544479370117	1	-0.2364273071289062	0.2364273071289062	0.2364273071289062	-0.11474053064982093	-0.10008715341488517	-0.005105545123418134	3.0	3.0	3.0	-10.840254389112188	-9.524143819859315	-0.5092533980325024	0.5092533980325024	9.524143819859315	10.840254389112188	-6.957883869001336	6.957883869001336	10.840254389112188
109274898	T	C	T	C	109274898:T>C	109274898:T>C	-70	False	False	0.185	0.007071067811865481	2	0.0	991	179417	171716	0.185	T	C	1	0.1582593917846679	0.1582593917846679	0.1582593917846679	1	0.1381864547729492	0.1381864547729492	0.1381864547729492	0.07085454463958733	0.05052127192417777	0.0061704814434051	3.0	3.0	3.0	7.342507908068536	5.181923733609899	0.6189558081188881	0.6189558081188881	5.181923733609899	7.342507908068536	4.381129149932441	4.381129149932441	7.342507908068536
109274898	T	G	T	G	109274898:T>G	109274898:T>G	-70	False	False	-0.24	0.15556349186104043	2	0.00017	94	12716	6695	0.24	T	G	1	-0.0911664962768554	0.0911664962768554	0.0911664962768554	1	-0.2372732162475586	0.2372732162475586	0.2372732162475586	-0.05122478802998857	-0.06766090542078013	-0.004218816757202134	3.0	3.0	3.0	-4.993491673103274	-6.542267004151254	-0.42099300513069793	0.42099300513069793	6.542267004151254	4.993491673103274	-3.9855838941284087	3.9855838941284087	6.542267004151254
109274899	T	A	T	A	109274899:T>A	109274899:T>A	-69	False	False	-0.055	0.06363961030678929	2	0.01375	373	63661	50813	0.055	T	A	1	0.0057039260864257	0.0057039260864257	0.0057039260864257	1	-0.1065006256103515	0.1065006256103515	0.1065006256103515	-0.07178636391957598	-0.06543697416782376	-0.005529175202051766	3.0	3.0	3.0	-6.9270287979097995	-6.334192144579021	-0.5513917446730746	0.5513917446730746	6.334192144579021	6.9270287979097995	-4.604204229053965	4.604204229053965	6.9270287979097995
109274899	T	C	T	C	109274899:T>C	109274899:T>C	-69	False	False	-0.034999999999999996	0.035355339059327376	2	0.0352	1053	184218	140086	0.034999999999999996	T	C	1	0.0070400238037109	0.0070400238037109	0.0070400238037109	1	0.0160627365112304	0.0160627365112304	0.0160627365112304	-0.0056296984354654335	-0.01829158514738077	-0.0006359120210011666	3.0	3.0	3.0	-0.5613881378900872	-1.8125309462531336	-0.06357098718039118	0.06357098718039118	1.8125309462531336	0.5613881378900872	-0.812496690441204	0.812496690441204	1.8125309462531336
109274899	T	G	T	G	109274899:T>G	109274899:T>G	-69	False	False	0.08	0.1131370849898476	2	0.26442	71	8940	6669	0.08	T	G	1	-0.0056209564208984	0.0056209564208984	0.0056209564208984	1	-0.1367664337158203	0.1367664337158203	0.1367664337158203	-0.06348840395609533	-0.05643146112561223	-0.004683961470921766	3.0	3.0	3.0	-6.151499804914746	-5.486873949197216	-0.4673008830645699	0.4673008830645699	5.486873949197216	6.151499804914746	-4.035224879058844	4.035224879058844	6.151499804914746
109274900	G	A	G	A	109274900:G>A	109274900:G>A	-68	False	False	0.025	0.07778174593052023	2	0.02682	770	131019	96379	0.025	G	A	1	0.0183677673339843	0.0183677673339843	0.0183677673339843	1	0.0590791702270507	0.0590791702270507	0.0590791702270507	0.012900908788045201	0.004892498254775933	0.0019492109616597334	3.0	3.0	3.0	1.2984484526099873	0.49044860665050727	0.1951111908260927	0.1951111908260927	0.49044860665050727	1.2984484526099873	0.6613360833621957	0.6613360833621957	1.2984484526099873
109274900	G	C	G	C	109274900:G>C	109274900:G>C	-68	False	False	0.515	0.13435028842544403	2	0.0	80	17409	17530	0.515	G	C	1	0.0359687805175781	0.0359687805175781	0.0359687805175781	1	0.2788572311401367	0.2788572311401367	0.2788572311401367	0.08935872713724767	-0.011958455046018002	0.0027240564425786	3.0	3.0	3.0	9.34728443609947	-1.1887236891518298	0.2727770055594658	0.2727770055594658	1.1887236891518298	9.34728443609947	2.8104459175023684	3.6029283769369216	9.34728443609947
109274900	G	T	G	T	109274900:G>T	109274900:G>T	-68	False	False	0.07500000000000001	0.21920310216782976	2	0.01245	86	13984	7519	0.07500000000000001	G	T	1	-0.0439100265502929	0.0439100265502929	0.0439100265502929	1	0.0676679611206054	0.0676679611206054	0.0676679611206054	0.0007589260737101	-0.0591931467254956	-0.0012167493502298332	3.0	3.0	3.0	0.0759214130969558	-5.747529398544957	-0.12160094108765271	0.12160094108765271	5.747529398544957	0.0759214130969558	-1.9310696421785514	1.981683917576522	5.747529398544957
109274901	C	A	C	A	109274901:C>A	109274901:C>A	-67	False	False	-0.255	0.007071067811865481	2	6e-05	211	47320	53925	0.255	C	A	1	0.0793666839599609	0.0793666839599609	0.0793666839599609	1	0.0870599746704101	0.0870599746704101	0.0870599746704101	0.043951630592346136	0.0338156993190447	0.0018031299114226668	3.0	3.0	3.0	4.493181093332953	3.4393949650246336	0.18047565276812877	0.18047565276812877	3.4393949650246336	4.493181093332953	2.7043505703752384	2.7043505703752384	4.493181093332953
109274901	C	G	C	G	109274901:C>G	109274901:C>G	-67	False	False	-0.335	0.07778174593052022	2	0.0	266	73225	51874	0.335	C	G	1	0.0116119384765625	0.0116119384765625	0.0116119384765625	1	-0.0392990112304687	0.0392990112304687	0.0392990112304687	-0.0009814103444417005	-0.0021214857697486665	0.00042015314102171805	3.0	3.0	3.0	-0.09809289188145218	-0.21192370093318838	0.042024141771548375	0.042024141771548375	0.21192370093318838	0.09809289188145218	-0.08933081701436407	0.11734691152872963	0.21192370093318838
109274901	C	T	C	T	109274901:C>T	109274901:C>T	-67	False	False	-0.45499999999999996	0.04949747468305831	2	0.0	1489	316615	195886	0.45499999999999996	C	T	1	-0.0163764953613281	0.0163764953613281	0.0163764953613281	1	-0.0485506057739257	0.0485506057739257	0.0485506057739257	-0.022014260292053167	-0.0205344234903653	-0.0005634427070617	3.0	3.0	3.0	-2.177371484077494	-2.0325027937896736	-0.05632840030279058	0.05632840030279058	2.0325027937896736	2.177371484077494	-1.422067559389986	1.422067559389986	2.177371484077494
109274902	G	A	G	A	109274902:G>A	109274902:G>A	-66	False	False	-0.36	0.04242640687119283	2	0.0	1220	190729	108483	0.36	G	A	1	-0.0308341979980468	0.0308341979980468	0.0308341979980468	1	-0.0721311569213867	0.0721311569213867	0.0721311569213867	-0.05384051799774164	-0.044277704010407065	-0.0022883812586466	3.0	3.0	3.0	-5.241678307947715	-4.331175558222033	-0.22857649103687847	0.22857649103687847	4.331175558222033	5.241678307947715	-3.267143452402209	3.267143452402209	5.241678307947715
109274902	G	C	G	C	109274902:G>C	109274902:G>C	-66	False	False	-0.325	0.14849242404917498	2	0.0	135	17001	10848	0.325	G	C	1	-0.0503978729248046	0.0503978729248046	0.0503978729248046	1	-0.1277170181274414	0.1277170181274414	0.1277170181274414	-0.03154015541076657	-0.0104941092431545	-0.0022921462853749	3.0	3.0	3.0	-3.1047952994928125	-1.0439238187438435	-0.2289521324059599	0.2289521324059599	1.0439238187438435	3.1047952994928125	-1.4592237502142051	1.4592237502142051	3.1047952994928125
109274902	G	T	G	T	109274902:G>T	109274902:G>T	-66	False	False	-0.19	0.0	2	0.00069	223	35045	25368	0.19	G	T	1	0.0387210845947265	0.0387210845947265	0.0387210845947265	1	0.0410490036010742	0.0410490036010742	0.0410490036010742	0.01599633693695063	0.011478575567404366	0.0022419989109039	3.0	3.0	3.0	1.6124963269471122	1.1544707206047253	0.22445140697720592	0.22445140697720592	1.1544707206047253	1.6124963269471122	0.9971394848430144	0.9971394848430144	1.6124963269471122
109274903	C	A	C	A	109274903:C>A	109274903:C>A	-65	False	False	-0.11	0.1979898987322333	2	5e-05	233	51302	32156	0.11	C	A	1	-0.0311441421508789	0.0311441421508789	0.0311441421508789	1	-0.0367193222045898	0.0367193222045898	0.0367193222045898	-0.014144698778788168	-0.011803182462851168	-0.0009277065594990667	3.0	3.0	3.0	-1.4045132524731538	-1.173379815822437	-0.09272763728080866	0.09272763728080866	1.173379815822437	1.4045132524731538	-0.8902069018587998	0.8902069018587998	1.4045132524731538
109274903	C	G	C	G	109274903:C>G	109274903:C>G	-65	False	False	0.48	0.09899494936611672	2	0.00036	40	9569	10600	0.48	C	G	1	0.0472822189331054	0.0472822189331054	0.0472822189331054	1	0.1198034286499023	0.1198034286499023	0.1198034286499023	0.05922893683115634	0.027743404110272665	0.0047816485166549	3.0	3.0	3.0	6.101811906317917	2.8131836168425477	0.4793098841124388	0.4793098841124388	2.8131836168425477	6.101811906317917	3.131435135757634	3.131435135757634	6.101811906317917
109274903	C	T	C	T	109274903:C>T	109274903:C>T	-65	False	False	0.18	0.1131370849898476	2	0.0	818	195417	197959	0.18	C	T	1	-0.0436697006225585	0.0436697006225585	0.0436697006225585	1	0.0032262802124023	0.0032262802124023	0.0032262802124023	0.017235239346822067	0.010290354490280134	0.0003334482510884	3.0	3.0	3.0	1.7384623071859795	1.0343482266218553	0.03335038511362181	0.03335038511362181	1.0343482266218553	1.7384623071859795	0.9353869729738188	0.9353869729738188	1.7384623071859795
109274904	T	A	T	A	109274904:T>A	109274904:T>A	-64	False	False	-0.37	0.056568542494923775	2	0.0	441	78764	39656	0.37	T	A	1	-0.1235160827636718	0.1235160827636718	0.1235160827636718	1	-0.1943368911743164	0.1943368911743164	0.1943368911743164	-0.07192265987396236	-0.0283789994815985	0.0010734200477599666	3.0	3.0	3.0	-6.939713402897557	-2.7980098057277467	0.10739963692526673	0.10739963692526673	2.7980098057277467	6.939713402897557	-3.210107857233346	3.281707615183523	6.939713402897557
109274904	T	C	T	C	109274904:T>C	109274904:T>C	-64	False	False	-0.2	0.042426406871192854	2	0.0	1081	143608	93942	0.2	T	C	1	0.0484876632690429	0.0484876632690429	0.0484876632690429	1	0.0085887908935546	0.0085887908935546	0.0085887908935546	0.014636834462483666	0.005669352908929167	0.0009671648343403666	3.0	3.0	3.0	1.4744477467093988	0.5685454103536068	0.09676326890674815	0.09676326890674815	0.5685454103536068	1.4744477467093988	0.7132521419899179	0.7132521419899179	1.4744477467093988
109274904	T	G	T	G	109274904:T>G	109274904:T>G	-64	False	False	-0.405	0.19091883092036785	2	0.0	138	18437	10143	0.405	T	G	1	-0.0783243179321289	0.0783243179321289	0.0783243179321289	1	-0.0789384841918945	0.0789384841918945	0.0789384841918945	-0.030096371968587204	-0.017022254566351532	0.0008669396241505334	3.0	3.0	3.0	-2.964798569157754	-1.6878194557996284	0.08673155249264054	0.08673155249264054	1.6878194557996284	2.964798569157754	-1.5219621574882474	1.579783192483341	2.964798569157754
109274905	T	A	T	A	109274905:T>A	109274905:T>A	-63	False	False	0.115	0.07778174593052024	2	1e-05	434	88362	79314	0.115	T	A	1	0.0277318954467773	0.0277318954467773	0.0277318954467773	1	-0.0043153762817382	0.0043153762817382	0.0043153762817382	0.016371885935465433	0.031760461628436994	0.0033652881781259664	3.0	3.0	3.0	1.6506639646397543	3.2270207363142953	0.33709571178083353	0.33709571178083353	3.2270207363142953	1.6506639646397543	1.7382601375782942	1.7382601375782942	3.2270207363142953
109274905	T	C	T	C	109274905:T>C	109274905:T>C	-63	False	False	-0.07	0.0282842712474619	2	0.00145	888	116051	70287	0.07	T	C	1	0.0002679824829101	0.0002679824829101	0.0002679824829101	1	-0.0647907257080078	0.0647907257080078	0.0647907257080078	-0.031070550282796195	-0.0269354420403639	-0.0017067690690358	3.0	3.0	3.0	-3.0592821287169367	-2.657591823152439	-0.17053133670084689	0.17053133670084689	2.657591823152439	3.0592821287169367	-1.9624684295234076	1.9624684295234076	3.0592821287169367
109274905	T	G	T	G	109274905:T>G	109274905:T>G	-63	False	False	0.02	0.0	2	0.8177	84	16623	11573	0.02	T	G	1	0.0551061630249023	0.0551061630249023	0.0551061630249023	1	0.024205207824707	0.024205207824707	0.024205207824707	0.018139839172363236	0.0226471175750096	0.0020966480175653667	3.0	3.0	3.0	1.8305365413292565	2.2905510473484494	0.2098847520946331	0.2098847520946331	2.2905510473484494	1.8305365413292565	1.443657446924113	1.443657446924113	2.2905510473484494
109274906	C	A	C	A	109274906:C>A	109274906:C>A	-62	False	False	0.595	0.007071067811865481	2	0.0	387	80228	105442	0.595	C	A	1	0.0714645385742187	0.0714645385742187	0.0714645385742187	1	0.0064458847045898	0.0064458847045898	0.0064458847045898	0.05465861161549881	0.0533513377110163	0.004148006439208967	3.0	3.0	3.0	5.617998554269134	5.4800171103364	0.4156621325334636	0.4156621325334636	5.4800171103364	5.617998554269134	3.837892599046332	3.837892599046332	5.617998554269134
109274906	C	G	C	G	109274906:C>G	109274906:C>G	-62	False	False	1.07	0.0	1	0.00196	6	1543	1074	1.07	C	G	1	0.1128387451171875	0.1128387451171875	0.1128387451171875	1	0.0884103775024414	0.0884103775024414	0.0884103775024414	0.1065644820531209	0.0957153936227162	0.004827256004015533	3.0	3.0	3.0	11.244965717087545	10.04458255214611	0.48389259747021	0.48389259747021	10.04458255214611	11.244965717087545	7.257813622234622	7.257813622234622	11.244965717087545
109274906	C	T	C	T	109274906:C>T	109274906:C>T	-62	False	False	-0.12000000000000001	0.02828427124746191	2	0.00381	350	63051	45244	0.12000000000000001	C	T	1	-0.0756387710571289	0.0756387710571289	0.0756387710571289	1	0.0039424896240234	0.0039424896240234	0.0039424896240234	0.0015250047047933	0.006155751645564967	0.0004897614320118939	3.0	3.0	3.0	0.1526168115795373	0.6174737221563893	0.04898813847239752	0.04898813847239752	0.6174737221563893	0.1526168115795373	0.2730262240694414	0.2730262240694414	0.6174737221563893
109274907	T	A	T	A	109274907:T>A	109274907:T>A	-61	False	False	-0.12	0.09899494936611665	2	0.0001	441	88972	59358	0.12	T	A	1	-0.0274982452392578	0.0274982452392578	0.0274982452392578	1	-0.035614013671875	0.035614013671875	0.035614013671875	-0.042581558227539035	-0.0348287795980771	-0.005212088425954133	3.0	3.0	3.0	-4.168769591931368	-3.4229238240105238	-0.5198529060839251	0.5198529060839251	3.4229238240105238	4.168769591931368	-2.7038487740086055	2.7038487740086055	4.168769591931368
109274907	T	C	T	C	109274907:T>C	109274907:T>C	-61	False	False	0.065	0.19091883092036785	2	0.0	1193	169811	118095	0.065	T	C	1	-0.0967884063720703	0.0967884063720703	0.0967884063720703	1	-0.0591707229614257	0.0591707229614257	0.0591707229614257	-0.05409642060597733	-0.08355809748172753	-0.006210575501123999	3.0	3.0	3.0	-5.2659241072068	-8.016235513193061	-0.6191329740125491	0.6191329740125491	8.016235513193061	5.2659241072068	-4.63376419813747	4.63376419813747	8.016235513193061
109274907	T	G	T	G	109274907:T>G	109274907:T>G	-61	False	False	-0.3	0.07071067811865474	2	0.0	164	35417	19272	0.3	T	G	1	-0.0263786315917968	0.0263786315917968	0.0263786315917968	1	-0.0246181488037109	0.0246181488037109	0.0246181488037109	-0.029891689618428502	-0.01971757784485813	-0.0014481544494628334	3.0	3.0	3.0	-2.9449351433037707	-1.952445777634441	-0.1447106379791385	0.1447106379791385	1.952445777634441	2.9449351433037707	-1.6806971863057836	1.6806971863057836	2.9449351433037707
109274908	T	A	T	A	109274908:T>A	109274908:T>A	-60	False	False	-0.21500000000000002	0.021213203435596416	2	0.0	598	117158	75441	0.21500000000000002	T	A	1	0.0315198898315429	0.0315198898315429	0.0315198898315429	1	-0.0571146011352539	0.0571146011352539	0.0571146011352539	-0.0429555972417195	-0.037240511427323	-0.0044432381788889	3.0	3.0	3.0	-4.204607508073665	-3.6555611903688066	-0.44333815999114773	0.44333815999114773	3.6555611903688066	4.204607508073665	-2.7678356194778733	2.7678356194778733	4.204607508073665
109274908	T	C	T	C	109274908:T>C	109274908:T>C	-60	False	False	-0.13	0.042426406871192854	2	0.0	1188	195807	133759	0.13	T	C	1	0.0424356460571289	0.0424356460571289	0.0424356460571289	1	0.0227918624877929	0.0227918624877929	0.0227918624877929	-0.006674766540527267	-0.002442051966985067	-0.0010070502758025666	3.0	3.0	3.0	-0.665253976667906	-0.2439072583843299	-0.10065433708474401	0.10065433708474401	0.2439072583843299	0.665253976667906	-0.33660519071232664	0.33660519071232664	0.665253976667906
109274908	T	G	T	G	109274908:T>G	109274908:T>G	-60	False	False	-0.09999999999999999	0.1131370849898476	2	0.02755	185	26297	13918	0.09999999999999999	T	G	1	0.0646066665649414	0.0646066665649414	0.0646066665649414	1	0.0539007186889648	0.0539007186889648	0.0539007186889648	0.0103809833526611	0.007981881499290433	0.0005856355031331	3.0	3.0	3.0	1.0435052696029627	0.8013821639674377	0.058580702108506494	0.058580702108506494	0.8013821639674377	1.0435052696029627	0.6344893785596356	0.6344893785596356	1.0435052696029627
109274909	T	A	T	A	109274909:T>A	109274909:T>A	-59	False	False	-0.72	0.19798989873223333	2	0.0	664	124476	63155	0.72	T	A	1	-0.14630126953125	0.14630126953125	0.14630126953125	1	-0.2434215545654297	0.2434215545654297	0.2434215545654297	-0.13336161772410068	-0.11224524180094397	-0.007712215185165333	3.0	3.0	3.0	-12.485143435112853	-10.617497264017974	-0.7682552357985859	0.7682552357985859	10.617497264017974	12.485143435112853	-7.956965311643138	7.956965311643138	12.485143435112853
109274909	T	C	T	C	109274909:T>C	109274909:T>C	-59	False	False	-0.3	0.09899494936611664	2	0.0	1279	209781	120498	0.3	T	C	1	-0.08538818359375	0.08538818359375	0.08538818359375	1	-0.1045684814453125	0.1045684814453125	0.1045684814453125	-0.06541820367177324	-0.04990872244040167	-0.0020057260990142	3.0	3.0	3.0	-6.3324339744017895	-4.868374563605072	-0.20037159745663535	0.20037159745663535	4.868374563605072	6.3324339744017895	-3.8003933784878323	3.8003933784878323	6.3324339744017895
109274909	T	G	T	G	109274909:T>G	109274909:T>G	-59	False	False	-0.845	0.1626345596729059	2	0.0	108	15630	6015	0.845	T	G	1	-0.2437829971313476	0.2437829971313476	0.2437829971313476	1	-0.3867139816284179	0.3867139816284179	0.3867139816284179	-0.17305771509806314	-0.13279620309670762	-0.0114590227603912	3.0	3.0	3.0	-15.891093009440072	-12.435647263485775	-1.13936182214921	1.13936182214921	12.435647263485775	15.891093009440072	-9.822034031691686	9.822034031691686	15.891093009440072
109274910	G	A	G	A	109274910:G>A	109274910:G>A	-58	False	False	-0.22999999999999998	0.09899494936611664	2	0.0	1065	192007	130504	0.22999999999999998	G	A	1	-0.0368547439575195	0.0368547439575195	0.0368547439575195	1	-0.0545024871826171	0.0545024871826171	0.0545024871826171	-0.03608949979146316	-0.05419092873732246	-0.003384749094645133	3.0	3.0	3.0	-3.544603775860898	-5.274876824635174	-0.3379027288874395	0.3379027288874395	5.274876824635174	3.544603775860898	-3.052461109794504	3.052461109794504	5.274876824635174
109274910	G	C	G	C	109274910:G>C	109274910:G>C	-58	False	False	0.675	0.03535533905932737	2	0.0	162	19576	25978	0.675	G	C	1	0.0463104248046875	0.0463104248046875	0.0463104248046875	1	0.2564954757690429	0.2564954757690429	0.2564954757690429	0.10151453812917066	0.054056083162625564	0.008891920248667333	3.0	3.0	3.0	10.68460097452281	5.554379872962152	0.8931570807588748	0.8931570807588748	5.554379872962152	10.68460097452281	5.7107126427479455	5.7107126427479455	10.68460097452281
109274910	G	T	G	T	109274910:G>T	109274910:G>T	-58	False	False	0.185	0.07778174593052022	2	0.03853	74	17318	13404	0.185	G	T	1	-0.0510225296020507	0.0510225296020507	0.0510225296020507	1	0.0206708908081054	0.0206708908081054	0.0206708908081054	0.0023486216862996	-0.009656399488449067	0.0008527636528014667	3.0	3.0	3.0	0.23513818586561752	-0.9609926171509596	0.08531273591030605	0.08531273591030605	0.9609926171509596	0.23513818586561752	-0.21351389845834534	0.427147846308961	0.9609926171509596
109274911	C	A	C	A	109274911:C>A	109274911:C>A	-57	False	False	1.875	0.24748737341529162	2	0.0	560	166043	572951	1.875	C	A	1	0.1679210662841797	0.1679210662841797	0.1679210662841797	1	0.2187433242797851	0.2187433242797851	0.2187433242797851	0.138708750406901	0.0766295492649078	0.012555763125419566	3.0	3.0	3.0	14.878946681031497	7.964204811143036	1.263491765417364	1.263491765417364	7.964204811143036	14.878946681031497	8.035547752530633	8.035547752530633	14.878946681031497
109274911	C	G	C	G	109274911:C>G	109274911:C>G	-57	False	False	-0.73	0.33941125496954283	2	0.0	239	56751	29849	0.73	C	G	1	-0.1551990509033203	0.1551990509033203	0.1551990509033203	1	-0.2648258209228515	0.2648258209228515	0.2648258209228515	-0.11798477172851558	-0.096916452050209	-0.006506452957789066	3.0	3.0	3.0	-11.129041397758135	-9.236816625551779	-0.6485331825454214	0.6485331825454214	9.236816625551779	11.129041397758135	-7.004797068618444	7.004797068618444	11.129041397758135
109274911	C	T	C	T	109274911:C>T	109274911:C>T	-57	False	False	0.15	0.042426406871192854	2	0.0	1213	303577	292291	0.15	C	T	1	-0.1111392974853515	0.1111392974853515	0.1111392974853515	1	-0.1082410812377929	0.1082410812377929	0.1082410812377929	-0.07397810618082677	-0.07172508786121999	-0.0073590278625488	3.0	3.0	3.0	-7.130797376600051	-6.921325478358368	-0.733201651670373	0.733201651670373	6.921325478358368	7.130797376600051	-4.928441502209598	4.928441502209598	7.130797376600051
109274912	T	A	T	A	109274912:T>A	109274912:T>A	-56	False	False	-0.27	0.04242640687119287	2	0.0	538	92913	57546	0.27	T	A	1	-0.1097927093505859	0.1097927093505859	0.1097927093505859	1	-0.2152280807495117	0.2152280807495117	0.2152280807495117	-0.0979668299357096	-0.08023093889156976	-0.005394379297892199	3.0	3.0	3.0	-9.332102214487556	-7.709681246490686	-0.5379855760778779	0.5379855760778779	7.709681246490686	9.332102214487556	-5.8599230123520405	5.8599230123520405	9.332102214487556
109274912	T	C	T	C	109274912:T>C	109274912:T>C	-56	False	False	-0.69	0.028284271247461808	2	0.0	1117	168187	72763	0.69	T	C	1	-0.2061996459960937	0.2061996459960937	0.2061996459960937	1	-0.3019609451293945	0.3019609451293945	0.3019609451293945	-0.12728718916575107	-0.09409643461306882	-0.006563514471054033	3.0	3.0	3.0	-11.951922825459457	-8.98050162926805	-0.6542021658451983	0.6542021658451983	8.98050162926805	11.951922825459457	-7.195542206857568	7.195542206857568	11.951922825459457
109274912	T	G	T	G	109274912:T>G	109274912:T>G	-56	False	False	-0.42000000000000004	0.05656854249492379	2	0.0	159	36512	29830	0.42000000000000004	T	G	1	-0.1932563781738281	0.1932563781738281	0.1932563781738281	1	-0.2687129974365234	0.2687129974365234	0.2687129974365234	-0.12438571453094478	-0.10778555522362389	-0.004346688588460233	3.0	3.0	3.0	-11.696082585394242	-10.217989137950054	-0.43372554102630484	0.43372554102630484	10.217989137950054	11.696082585394242	-7.449265754790201	7.449265754790201	11.696082585394242
109274913	G	A	G	A	109274913:G>A	109274913:G>A	-55	False	False	-0.095	0.03535533905932737	2	0.00107	877	211248	168925	0.095	G	A	1	-0.0450801849365234	0.0450801849365234	0.0450801849365234	1	-0.0634765625	0.0634765625	0.0634765625	-0.03408316771189367	-0.034585066139698	0.0005445977052052666	3.0	3.0	3.0	-3.3508879560184437	-3.3993838223844435	0.05447460254592588	0.05447460254592588	3.3993838223844435	3.3508879560184437	-2.2319323919523204	2.2682487936496045	3.3993838223844435
109274913	G	C	G	C	109274913:G>C	109274913:G>C	-55	False	False	0.585	0.07778174593052017	2	0.0	191	53565	72474	0.585	G	C	1	0.1046915054321289	0.1046915054321289	0.1046915054321289	1	0.1388387680053711	0.1388387680053711	0.1388387680053711	0.06387003262837723	0.043001381059487594	0.004288390278816167	3.0	3.0	3.0	6.595385053810045	4.393933659194229	0.429759858263609	0.429759858263609	4.393933659194229	6.595385053810045	3.8063595237559604	3.8063595237559604	6.595385053810045
109274913	G	T	G	T	109274913:G>T	109274913:G>T	-55	False	False	1.83	0.15556349186104051	2	0.0	136	28867	74078	1.83	G	T	1	0.2781744003295898	0.2781744003295898	0.2781744003295898	1	0.4497003555297851	0.4497003555297851	0.4497003555297851	0.27788142363230384	0.15877536435921982	0.022101367513338632	3.0	3.0	3.0	32.032962803512284	17.20746273714123	2.234741203304131	2.234741203304131	17.20746273714123	32.032962803512284	17.158388914652548	17.158388914652548	32.032962803512284
109274914	T	A	T	A	109274914:T>A	109274914:T>A	-54	False	False	-0.56	0.014142135623730845	2	0.0	752	149502	79071	0.56	T	A	1	-0.2046737670898437	0.2046737670898437	0.2046737670898437	1	-0.3307905197143554	0.3307905197143554	0.3307905197143554	-0.14999238650004063	-0.11870119472344713	-0.009675949811935368	3.0	3.0	3.0	-13.928547054985296	-11.192687794489038	-0.9629288428560753	0.9629288428560753	11.192687794489038	13.928547054985296	-8.694721230776802	8.694721230776802	13.928547054985296
109274914	T	C	T	C	109274914:T>C	109274914:T>C	-54	False	False	-0.6000000000000001	0.0989949493661167	2	0.0	1108	204138	107666	0.6000000000000001	T	C	1	-0.195713996887207	0.195713996887207	0.195713996887207	1	-0.2913789749145508	0.2913789749145508	0.2913789749145508	-0.1360503037770589	-0.09581914047400153	-0.009773095448811801	3.0	3.0	3.0	-12.720127368814039	-9.137166470105985	-0.9725493949031189	0.9725493949031189	9.137166470105985	12.720127368814039	-7.609947744607713	7.609947744607713	12.720127368814039
109274914	T	G	T	G	109274914:T>G	109274914:T>G	-54	False	False	-0.355	0.13435028842544403	2	0.0	186	46058	30562	0.355	T	G	1	-0.1122207641601562	0.1122207641601562	0.1122207641601562	1	-0.2121057510375976	0.2121057510375976	0.2121057510375976	-0.08405395348866777	-0.05874641736348463	-0.0029582977294921333	3.0	3.0	3.0	-8.06183490905334	-5.70541464623739	-0.2953926278510959	0.2953926278510959	5.70541464623739	8.06183490905334	-4.6875473943806085	4.6875473943806085	8.06183490905334
109274915	G	A	G	A	109274915:G>A	109274915:G>A	-53	False	False	-0.195	0.021213203435596416	2	0.0	639	122845	98131	0.195	G	A	1	-0.1305980682373047	0.1305980682373047	0.1305980682373047	1	-0.1662702560424804	0.1662702560424804	0.1662702560424804	-0.07591807842254637	-0.06505225102106726	-0.003704349199930767	3.0	3.0	3.0	-7.310786408488299	-6.298149807521286	-0.3697496562565224	0.3697496562565224	6.298149807521286	7.310786408488299	-4.659561957422036	4.659561957422036	7.310786408488299
109274915	G	C	G	C	109274915:G>C	109274915:G>C	-53	False	False	0.15000000000000002	0.07071067811865477	2	0.00292	115	16651	15076	0.15000000000000002	G	C	1	-0.0887670516967773	0.0887670516967773	0.0887670516967773	1	-0.0657291412353515	0.0657291412353515	0.0657291412353515	-0.06657993793487547	-0.038391552865505135	-0.006470630566279067	3.0	3.0	3.0	-6.441187611550463	-3.766393833058062	-0.644974111657159	0.644974111657159	3.766393833058062	6.441187611550463	-3.617518518755228	3.617518518755228	6.441187611550463
109274915	G	T	G	T	109274915:G>T	109274915:G>T	-53	False	False	-0.115	0.021213203435596427	2	0.17442	108	19107	11917	0.115	G	T	1	-0.1200237274169921	0.1200237274169921	0.1200237274169921	1	-0.1518421173095703	0.1518421173095703	0.1518421173095703	-0.06671289602915441	-0.04995330423116676	-0.004118929306665999	3.0	3.0	3.0	-6.453626186025728	-4.872615607288057	-0.41104581520361033	0.41104581520361033	4.872615607288057	6.453626186025728	-3.9124292028391316	3.9124292028391316	6.453626186025728
109274916	A	C	A	C	109274916:A>C	109274916:A>C	-52	False	False	-0.325	0.07778174593052022	2	0.00012	90	11404	6726	0.325	A	C	1	-0.0449848175048828	0.0449848175048828	0.0449848175048828	1	-0.14666748046875	0.14666748046875	0.14666748046875	-0.07919033368428546	-0.052346157530943495	-0.0071237981319427325	3.0	3.0	3.0	-7.613593474166532	-5.09996936235894	-0.7098484028552386	0.7098484028552386	5.09996936235894	7.613593474166532	-4.4744704131269035	4.4744704131269035	7.613593474166532
109274916	A	G	A	G	109274916:A>G	109274916:A>G	-52	False	False	-0.08	0.02828427124746191	2	0.00034	1291	249469	200087	0.08	A	G	1	-0.0194091796875	0.0194091796875	0.0194091796875	1	-0.0751523971557617	0.0751523971557617	0.0751523971557617	-0.03277651468912757	-0.031167880942424103	-0.0012182295322417666	3.0	3.0	3.0	-3.2245185591209444	-3.0687169735748667	-0.12174877918790675	0.12174877918790675	3.0687169735748667	3.2245185591209444	-2.138328103961239	2.138328103961239	3.2245185591209444
109274916	A	T	A	T	109274916:A>T	109274916:A>T	-52	False	False	-0.7050000000000001	0.03535533905932737	2	0.0	648	87479	36073	0.7050000000000001	A	T	1	-0.0723648071289062	0.0723648071289062	0.0723648071289062	1	-0.149052619934082	0.149052619934082	0.149052619934082	-0.06811821460723873	-0.04457567508021987	-0.005594193935394234	3.0	3.0	3.0	-6.584996312998446	-4.359677853548082	-0.5578575570127653	0.5578575570127653	4.359677853548082	6.584996312998446	-3.834177241186431	3.834177241186431	6.584996312998446
109274917	T	A	T	A	109274917:T>A	109274917:T>A	-51	False	False	-0.635	0.10606601717798207	2	0.0	431	73564	32231	0.635	T	A	1	-0.1575508117675781	0.1575508117675781	0.1575508117675781	1	-0.2856788635253906	0.2856788635253906	0.2856788635253906	-0.14802968502044672	-0.11683261891206104	-0.008140206336975033	3.0	3.0	3.0	-13.759448596325191	-11.026589463694727	-0.8107164573745801	0.8107164573745801	11.026589463694727	13.759448596325191	-8.532251505798166	8.532251505798166	13.759448596325191
109274917	T	C	T	C	109274917:T>C	109274917:T>C	-51	False	False	-0.10500000000000001	0.07778174593052023	2	0.0	998	176219	126963	0.10500000000000001	T	C	1	-0.2983160018920898	0.2983160018920898	0.2983160018920898	1	-0.2646112442016601	0.2646112442016601	0.2646112442016601	-0.1387335062026977	-0.06569581478834147	-0.004675428072611433	3.0	3.0	3.0	-12.954003026584267	-6.358433522943556	-0.4664515272741621	0.4664515272741621	6.358433522943556	12.954003026584267	-6.592962692267328	6.592962692267328	12.954003026584267
109274917	T	G	T	G	109274917:T>G	109274917:T>G	-51	False	False	-0.385	0.13435028842544405	2	0.00011	91	16804	8292	0.385	T	G	1	-0.1265506744384765	0.1265506744384765	0.1265506744384765	1	-0.2160615921020507	0.2160615921020507	0.2160615921020507	-0.09789896011352535	-0.07457681496938064	-0.0078034599622089995	3.0	3.0	3.0	-9.325948391559962	-7.186382343132303	-0.7773092011554427	0.7773092011554427	7.186382343132303	9.325948391559962	-5.763213311949236	5.763213311949236	9.325948391559962
109274918	G	A	G	A	109274918:G>A	109274918:G>A	-50	False	False	-0.48	0.02828427124746191	2	0.0	969	188130	113647	0.48	G	A	1	-0.1576242446899414	0.1576242446899414	0.1576242446899414	1	-0.2982034683227539	0.2982034683227539	0.2982034683227539	-0.12246088186899817	-0.09803952028354003	-0.009083996216456032	3.0	3.0	3.0	-11.5259486338119	-9.338692655980994	-0.9042861373310803	0.9042861373310803	9.338692655980994	11.5259486338119	-7.256309142374659	7.256309142374659	11.5259486338119
109274918	G	C	G	C	109274918:G>C	109274918:G>C	-50	False	False	0.105	0.06363961030678927	2	0.06925	151	20861	14657	0.105	G	C	1	-0.0696086883544921	0.0696086883544921	0.0696086883544921	1	-0.1121149063110351	0.1121149063110351	0.1121149063110351	-0.058719317118326765	-0.03656964128216104	-0.0050787727038065	3.0	3.0	3.0	-5.702859205230861	-3.590904897155605	-0.5065897543610658	0.5065897543610658	3.590904897155605	5.702859205230861	-3.266784618915844	3.266784618915844	5.702859205230861
109274918	G	T	G	T	109274918:G>T	109274918:G>T	-50	False	False	-1.3900000000000001	0.15556349186104051	2	0.0	69	9107	2209	1.3900000000000001	G	T	1	-0.3231697082519531	0.3231697082519531	0.3231697082519531	1	-0.5032243728637695	0.5032243728637695	0.5032243728637695	-0.18355453014373777	-0.09480498482783627	-0.014164735873540201	3.0	3.0	3.0	-16.76935112920378	-9.044970671912463	-1.4064887997910562	1.4064887997910562	9.044970671912463	16.76935112920378	-9.073603533635767	9.073603533635767	16.76935112920378
109274919	T	A	T	A	109274919:T>A	109274919:T>A	-49	False	False	-0.31	0.014142135623730963	2	0.0	784	171535	123702	0.31	T	A	1	-0.1187944412231445	0.1187944412231445	0.1187944412231445	1	-0.2217006683349609	0.2217006683349609	0.2217006683349609	-0.10871227582295734	-0.06838485598564144	-0.007922838131586634	3.0	3.0	3.0	-10.301153435879618	-6.609901297847741	-0.789153517353273	0.789153517353273	6.609901297847741	10.301153435879618	-5.900069417026877	5.900069417026877	10.301153435879618
109274919	T	C	T	C	109274919:T>C	109274919:T>C	-49	False	False	-0.45999999999999996	0.04242640687119283	2	0.0	1057	181878	97647	0.45999999999999996	T	C	1	-0.1766357421875	0.1766357421875	0.1766357421875	1	-0.2635326385498047	0.2635326385498047	0.2635326385498047	-0.11686336994171137	-0.06544506798187887	-0.0084580481052398	3.0	3.0	3.0	-11.029325445612873	-6.334950255143116	-0.8422379449606398	0.8422379449606398	6.334950255143116	11.029325445612873	-6.068837881905542	6.068837881905542	11.029325445612873
109274919	T	G	T	G	109274919:T>G	109274919:T>G	-49	False	False	-0.05	0.02828427124746191	2	0.18163	274	43705	37794	0.05	T	G	1	-0.1353387832641601	0.1353387832641601	0.1353387832641601	1	-0.1202850341796875	0.1202850341796875	0.1202850341796875	-0.060843467712402295	-0.013549463202555933	-0.0062261919180551665	3.0	3.0	3.0	-5.9029479483248135	-1.345808241182772	-0.6206849349489417	0.6206849349489417	1.345808241182772	5.9029479483248135	-2.623147041485509	2.623147041485509	5.9029479483248135
109274920	G	A	G	A	109274920:G>A	109274920:G>A	-48	False	False	0.05500000000000001	0.02121320343559643	2	0.0503	602	121280	105000	0.05500000000000001	G	A	1	-0.1197128295898437	0.1197128295898437	0.1197128295898437	1	-0.2756500244140625	0.2756500244140625	0.2756500244140625	-0.11822799841562899	-0.07134629537661867	-0.009381622076034466	3.0	3.0	3.0	-11.150654558044312	-6.886061297491228	-0.9337751957791302	0.9337751957791302	6.886061297491228	11.150654558044312	-6.3234970171048905	6.3234970171048905	11.150654558044312
109274920	G	C	G	C	109274920:G>C	109274920:G>C	-48	False	False	0.18	0.09899494936611665	2	0.0161	44	6931	5961	0.18	G	C	1	-0.0764780044555664	0.0764780044555664	0.0764780044555664	1	-0.1159992218017578	0.1159992218017578	0.1159992218017578	-0.05687948067982987	-0.013194118936856535	-0.005487978458404467	3.0	3.0	3.0	-5.529208193805397	-1.3107458106061871	-0.5472947014608592	0.5472947014608592	1.3107458106061871	5.529208193805397	-2.4624162352908145	2.4624162352908145	5.529208193805397
109274920	G	T	G	T	109274920:G>T	109274920:G>T	-48	False	False	0.16499999999999998	0.021213203435596416	2	0.00572	139	34598	35806	0.16499999999999998	G	T	1	-0.0653209686279296	0.0653209686279296	0.0653209686279296	1	-0.1249752044677734	0.1249752044677734	0.1249752044677734	-0.04670349756876624	-0.004747143636147166	-0.002671738465627	3.0	3.0	3.0	-4.562967123381586	-0.47358937584311933	-0.2668172548851917	0.2668172548851917	0.47358937584311933	4.562967123381586	-1.7677912513699656	1.7677912513699656	4.562967123381586
109274921	G	A	G	A	109274921:G>A	109274921:G>A	-47	False	False	0.065	0.007071067811865481	2	0.00333	966	221848	211385	0.065	G	A	1	-0.0948190689086914	0.0948190689086914	0.0948190689086914	1	-0.2179393768310547	0.2179393768310547	0.2179393768310547	-0.10190967718760169	-0.04099084561069804	-0.005563080310821467	3.0	3.0	3.0	-9.688888047867419	-4.016208336246385	-0.5547635033927208	0.5547635033927208	4.016208336246385	9.688888047867419	-4.753286629168842	4.753286629168842	9.688888047867419
109274921	G	C	G	C	109274921:G>C	109274921:G>C	-47	False	False	-0.21999999999999997	0.09899494936611665	2	7e-05	200	42834	30883	0.21999999999999997	G	C	1	-0.1800136566162109	0.1800136566162109	0.1800136566162109	1	-0.2883062362670898	0.2883062362670898	0.2883062362670898	-0.11451172828674312	-0.041494863728682135	-0.0025520622730254667	3.0	3.0	3.0	-10.819852094667414	-4.0645737167398295	-0.2548808530609081	0.2548808530609081	4.0645737167398295	10.819852094667414	-5.046435554822717	5.046435554822717	10.819852094667414
109274921	G	T	G	T	109274921:G>T	109274921:G>T	-47	False	False	0.195	0.07778174593052022	2	0.0	475	102302	106804	0.195	G	T	1	-0.0200176239013671	0.0200176239013671	0.0200176239013671	1	-0.0865421295166015	0.0865421295166015	0.0865421295166015	-0.028175354003906198	0.0162310898303985	0.0009493132432301666	3.0	3.0	3.0	-2.7782130443099406	1.6363529545669455	0.09497639836670571	0.09497639836670571	1.6363529545669455	2.7782130443099406	-0.3489612304587631	1.5031807990811974	2.7782130443099406
109274922	G	A	G	A	109274922:G>A	109274922:G>A	-46	False	False	-0.034999999999999996	0.035355339059327376	2	0.07417	1209	287559	249995	0.034999999999999996	G	A	1	0.014723777770996	0.014723777770996	0.014723777770996	1	-0.1034116744995117	0.1034116744995117	0.1034116744995117	-0.04961200555165607	-0.010253137598435066	-0.002704948186874333	3.0	3.0	3.0	-4.840143215532517	-1.0200753370229338	-0.2701293110867302	0.2701293110867302	1.0200753370229338	4.840143215532517	-2.0434492878807267	2.0434492878807267	4.840143215532517
109274922	G	C	G	C	109274922:G>C	109274922:G>C	-46	False	False	-0.06	0.042426406871192854	2	0.22385	206	38871	37359	0.06	G	C	1	0.0992145538330078	0.0992145538330078	0.0992145538330078	1	0.0676679611206054	0.0676679611206054	0.0676679611206054	0.014627615610758399	0.026635666688283266	0.004811868071556033	3.0	3.0	3.0	1.4735122731337214	2.699356662704254	0.48234637001430486	0.48234637001430486	2.699356662704254	1.4735122731337214	1.5517384352840935	1.5517384352840935	2.699356662704254
109274922	G	T	G	T	109274922:G>T	109274922:G>T	-46	False	False	0.19	0.014142135623730963	2	0.00144	121	30931	31010	0.19	G	T	1	0.1327228546142578	0.1327228546142578	0.1327228546142578	1	0.1534357070922851	0.1534357070922851	0.1534357070922851	0.059381087621053034	0.03931318968534467	0.009108379483222934	3.0	3.0	3.0	6.11795660899242	4.0096180040475655	0.9149987001372981	0.9149987001372981	4.0096180040475655	6.11795660899242	3.680857771059095	3.680857771059095	6.11795660899242
109274923	T	A	T	A	109274923:T>A	109274923:T>A	-45	False	False	-0.525	0.09192388155425116	2	0.0	669	150213	93733	0.525	T	A	1	0.0239543914794921	0.0239543914794921	0.0239543914794921	1	-0.0326738357543945	0.0326738357543945	0.0326738357543945	-0.023406823476155567	-0.0031186118721961663	-0.0008485714594523001	3.0	3.0	3.0	-2.313500868737344	-0.3113754053387381	-0.0848211524508774	0.0848211524508774	0.3113754053387381	2.313500868737344	-0.9032324755089866	0.9032324755089866	2.313500868737344
109274923	T	C	T	C	109274923:T>C	109274923:T>C	-45	False	False	-0.7	0.26870057685088805	2	0.0	854	152694	66293	0.7	T	C	1	0.0002727508544921	0.0002727508544921	0.0002727508544921	1	0.0085887908935546	0.0085887908935546	0.0085887908935546	-0.038729468981424896	-0.04123629132906593	-0.0035887658596038333	3.0	3.0	3.0	-3.7989072257658725	-4.039764255974892	-0.35823339359295153	0.35823339359295153	4.039764255974892	3.7989072257658725	-2.7323016251112384	2.7323016251112384	4.039764255974892
109274923	T	G	T	G	109274923:T>G	109274923:T>G	-45	False	False	-0.815	0.06363961030678922	2	0.0	216	46394	19495	0.815	T	G	1	-0.2211780548095703	0.2211780548095703	0.2211780548095703	1	-0.2874298095703125	0.2874298095703125	0.2874298095703125	-0.14995690186818442	-0.09454601009686786	-0.0100419720013936	3.0	3.0	3.0	-13.925492786974743	-9.021412567316764	-0.99917197517859	0.99917197517859	9.021412567316764	13.925492786974743	-7.982025776490033	7.982025776490033	13.925492786974743
109274924	G	A	G	A	109274924:G>A	109274924:G>A	-44	False	False	-0.7450000000000001	0.09192388155425123	2	0.0	738	150484	76751	0.7450000000000001	G	A	1	0.0369672775268554	0.0369672775268554	0.0369672775268554	1	-0.0770454406738281	0.0770454406738281	0.0770454406738281	-0.051394303639729765	-0.046656233568986204	-0.0033165315786997003	3.0	3.0	3.0	-5.009595394337065	-4.558456280881309	-0.33110379627718184	0.33110379627718184	4.558456280881309	5.009595394337065	-3.2997184904985186	3.2997184904985186	5.009595394337065
109274924	G	C	G	C	109274924:G>C	109274924:G>C	-44	False	False	-1.0350000000000001	0.12020815280171311	2	0.0	85	16034	8164	1.0350000000000001	G	C	1	0.0117101669311523	0.0117101669311523	0.0117101669311523	1	-0.1216506958007812	0.1216506958007812	0.1216506958007812	-0.06553610165913894	-0.04256482422351834	-0.003976136445999067	3.0	3.0	3.0	-6.343476540956675	-4.167165938318676	-0.3968242081969259	0.3968242081969259	4.167165938318676	6.343476540956675	-3.635822229157425	3.635822229157425	6.343476540956675
109274924	G	T	G	T	109274924:G>T	109274924:G>T	-44	False	False	-0.6499999999999999	0.11313708498984758	2	0.0	318	71300	34753	0.6499999999999999	G	T	1	0.0344705581665039	0.0344705581665039	0.0344705581665039	1	-0.0582351684570312	0.0582351684570312	0.0582351684570312	-0.04578089714050287	-0.044035761306683165	0.00040291746457416666	3.0	3.0	3.0	-4.474876245885298	-4.308026383900511	0.04029986467186646	0.04029986467186646	4.308026383900511	4.474876245885298	-2.914200921704648	2.941067498152558	4.474876245885298
109274925	G	A	G	A	109274925:G>A	109274925:G>A	-43	False	False	-0.77	0.15556349186104043	2	0.0	874	165662	96160	0.77	G	A	1	-0.0594635009765625	0.0594635009765625	0.0594635009765625	1	-0.222747802734375	0.222747802734375	0.222747802734375	-0.11396590868631996	-0.08147766192754104	-0.005261758963266967	3.0	3.0	3.0	-10.771162535322931	-7.824670018408309	-0.5247940157272383	0.5247940157272383	7.824670018408309	10.771162535322931	-6.373542189819493	6.373542189819493	10.771162535322931
109274925	G	C	G	C	109274925:G>C	109274925:G>C	-43	False	False	-0.9299999999999999	0.12727922061357855	2	0.0	104	19521	7753	0.9299999999999999	G	C	1	-0.086639404296875	0.086639404296875	0.086639404296875	1	-0.2341032028198242	0.2341032028198242	0.2341032028198242	-0.10355269908905024	-0.0846429914236068	-0.0045475165049234335	3.0	3.0	3.0	-9.837149351111888	-8.115974029397403	-0.4537192207641831	0.4537192207641831	8.115974029397403	9.837149351111888	-6.135614200424492	6.135614200424492	9.837149351111888
109274925	G	T	G	T	109274925:G>T	109274925:G>T	-43	False	False	-0.8	0.08485281374238574	2	0.0	603	137828	70567	0.8	G	T	1	-0.0770759582519531	0.0770759582519531	0.0770759582519531	1	-0.2379074096679687	0.2379074096679687	0.2379074096679687	-0.11840732892354323	-0.11718205610911046	-0.008445004622141499	3.0	3.0	3.0	-11.166586527703464	-11.05767465140772	-0.8409445739321962	0.8409445739321962	11.05767465140772	11.166586527703464	-7.6884019176811265	7.6884019176811265	11.166586527703464
109274926	G	A	G	A	109274926:G>A	109274926:G>A	-42	False	False	-0.835	0.12020815280171307	2	0.0	663	175129	93570	0.835	G	A	1	-0.0869503021240234	0.0869503021240234	0.0869503021240234	1	-0.1871652603149414	0.1871652603149414	0.1871652603149414	-0.09370060761769611	-0.09784873574972147	-0.0037581125895182004	3.0	3.0	3.0	-8.944466523344273	-9.321394230640449	-0.37510597223230513	0.37510597223230513	9.321394230640449	8.944466523344273	-6.213655575405675	6.213655575405675	9.321394230640449
109274926	G	C	G	C	109274926:G>C	109274926:G>C	-42	False	False	-0.8899999999999999	0.09899494936611662	2	0.0	113	32201	15635	0.8899999999999999	G	C	1	-0.0262908935546875	0.0262908935546875	0.0262908935546875	1	-0.1606416702270507	0.1606416702270507	0.1606416702270507	-0.06868422031402584	-0.05021129796902337	-0.0027447839577992334	3.0	3.0	3.0	-6.637854777677342	-4.897154711156379	-0.2741020482408148	0.2741020482408148	4.897154711156379	6.637854777677342	-3.9363705123581787	3.9363705123581787	6.637854777677342
109274926	G	T	G	T	109274926:G>T	109274926:G>T	-42	False	False	-0.965	0.24748737341529153	2	0.0	271	52166	27583	0.965	G	T	1	-0.0370731353759765	0.0370731353759765	0.0370731353759765	1	-0.1972131729125976	0.1972131729125976	0.1972131729125976	-0.09191366036732986	-0.06965362280607217	-0.004394084215164133	3.0	3.0	3.0	-8.781609623158488	-6.7283164199637095	-0.4384444351745043	0.4384444351745043	6.7283164199637095	8.781609623158488	-5.316123492765567	5.316123492765567	8.781609623158488
109274927	G	A	G	A	109274927:G>A	109274927:G>A	-41	False	False	-1.195	0.2050609665440988	2	0.0	484	97269	38532	1.195	G	A	1	-0.0094175338745117	0.0094175338745117	0.0094175338745117	1	-0.0831155776977539	0.0831155776977539	0.0831155776977539	-0.04901409149169916	-0.05507047226031617	-0.0007818440596262666	3.0	3.0	3.0	-4.783228785944347	-5.358155064402003	-0.07815384991982034	0.07815384991982034	5.358155064402003	4.783228785944347	-3.40651256675539	3.40651256675539	5.358155064402003
109274927	G	C	G	C	109274927:G>C	109274927:G>C	-41	False	False	-2.255	0.36062445840513907	2	0.0	125	25820	4778	2.255	G	C	1	-0.1409330368041992	0.1409330368041992	0.1409330368041992	1	-0.321115493774414	0.321115493774414	0.321115493774414	-0.14678092797597245	-0.1214597771565119	-0.0076352258523304664	3.0	3.0	3.0	-13.651687830736392	-11.437332494440096	-0.760615155874596	0.760615155874596	11.437332494440096	13.651687830736392	-8.61654516035036	8.61654516035036	13.651687830736392
109274927	G	T	G	T	109274927:G>T	109274927:G>T	-41	False	False	-1.3	0.07071067811865482	2	0.0	390	98658	27546	1.3	G	T	1	-0.0862102508544921	0.0862102508544921	0.0862102508544921	1	-0.2648258209228515	0.2648258209228515	0.2648258209228515	-0.12024919191996253	-0.09423972914616259	-0.006667584180831867	3.0	3.0	3.0	-11.33005491542317	-8.993543291367756	-0.6645405162295533	0.6645405162295533	8.993543291367756	11.33005491542317	-6.996046241006827	6.996046241006827	11.33005491542317
109274928	G	A	G	A	109274928:G>A	109274928:G>A	-40	False	False	-1.425	0.1626345596729059	2	0.0	774	178549	49841	1.425	G	A	1	-0.1299238204956054	0.1299238204956054	0.1299238204956054	1	-0.2408733367919922	0.2408733367919922	0.2408733367919922	-0.13067313035329184	-0.13892307877540583	-0.0072723825772603	3.0	3.0	3.0	-12.249544287722342	-12.970502996154206	-0.7246002789789919	0.7246002789789919	12.970502996154206	12.249544287722342	-8.64821585428518	8.64821585428518	12.970502996154206
109274928	G	C	G	C	109274928:G>C	109274928:G>C	-40	False	False	-1.47	0.08485281374238578	2	0.0	74	9238	2514	1.47	G	C	1	-0.1825237274169922	0.1825237274169922	0.1825237274169922	1	-0.2749977111816406	0.2749977111816406	0.2749977111816406	-0.18238953749338782	-0.2164158225059509	-0.011353204647699932	3.0	3.0	3.0	-16.672331532399816	-19.459967134934935	-1.1289000224835894	1.1289000224835894	19.459967134934935	16.672331532399816	-12.420399563272781	12.420399563272781	19.459967134934935
109274928	G	T	G	T	109274928:G>T	109274928:G>T	-40	False	False	-1.6	0.11313708498984763	2	0.0	165	34813	8447	1.6	G	T	1	-0.1296501159667968	0.1296501159667968	0.1296501159667968	1	-0.3380317687988281	0.3380317687988281	0.3380317687988281	-0.16317387421925858	-0.16268525520960486	-0.011440793673197369	3.0	3.0	3.0	-15.055652074820447	-15.014136509840426	-1.137559666530052	1.137559666530052	15.014136509840426	15.055652074820447	-10.402449417063641	10.402449417063641	15.055652074820447
109274929	A	C	A	C	109274929:A>C	109274929:A>C	-39	False	False	-0.2	0.0	1	0.09098	50	6061	2074	0.2	A	C	1	-0.0280237197875976	0.0280237197875976	0.0280237197875976	1	-0.0253486633300781	0.0253486633300781	0.0253486633300781	-0.0353357791900634	-0.051144284506638805	-0.0016269783178965	3.0	3.0	3.0	-3.4718759518239763	-4.985843006573629	-0.16256555061656375	0.16256555061656375	4.985843006573629	3.4718759518239763	-2.87342816967139	2.87342816967139	4.985843006573629
109274929	A	G	A	G	109274929:A>G	109274929:A>G	-39	False	False	-0.825	0.14849242404917498	2	0.0	1492	314767	148416	0.825	A	G	1	-0.1190128326416015	0.1190128326416015	0.1190128326416015	1	-0.2263126373291015	0.2263126373291015	0.2263126373291015	-0.0948041280110677	-0.06791938592990236	-0.0065927306811014	3.0	3.0	3.0	-9.044892740084762	-6.566420884769269	-0.65710463114232	0.65710463114232	6.566420884769269	9.044892740084762	-5.422806085332117	5.422806085332117	9.044892740084762
109274929	A	T	A	T	109274929:A>T	109274929:A>T	-39	False	False	0.065	0.06363961030678927	2	0.03847	343	63429	58925	0.065	A	T	1	-0.056563377380371	0.056563377380371	0.056563377380371	1	-0.1616458892822265	0.1616458892822265	0.1616458892822265	-0.0605985323588053	-0.030979942530393535	-0.0031651159127552998	3.0	3.0	3.0	-5.87989743078001	-3.0504981502120545	-0.31601122138724824	0.31601122138724824	3.0504981502120545	5.87989743078001	-3.082135600793104	3.082135600793104	5.87989743078001
109274930	G	A	G	A	109274930:G>A	109274930:G>A	-38	False	False	-1.045	0.134350288425444	2	0.0	509	102149	40099	1.045	G	A	1	-0.0783052444458007	0.0783052444458007	0.0783052444458007	1	-0.1602411270141601	0.1602411270141601	0.1602411270141601	-0.07134687900543209	-0.052081263313690764	-0.0037520130475361666	3.0	3.0	3.0	-6.8861156414529265	-5.074827563214334	-0.3744983041554805	0.3744983041554805	5.074827563214334	6.8861156414529265	-4.111813836274247	4.111813836274247	6.8861156414529265
109274930	G	C	G	C	109274930:G>C	109274930:G>C	-38	False	False	-1.4300000000000002	0.18384776310850245	2	0.0	102	16917	5583	1.4300000000000002	G	C	1	-0.1143503189086914	0.1143503189086914	0.1143503189086914	1	-0.2975416183471679	0.2975416183471679	0.2975416183471679	-0.12172285715738927	-0.0883312548200289	-0.007964481910069732	3.0	3.0	3.0	-11.460628496594664	-8.45424232435215	-0.7932849458425734	0.7932849458425734	8.45424232435215	11.460628496594664	-6.902718588929797	6.902718588929797	11.460628496594664
109274930	G	T	G	T	109274930:G>T	109274930:G>T	-38	False	False	-0.88	0.14142135623730948	2	0.0	435	83678	32983	0.88	G	T	1	-0.0521039962768554	0.0521039962768554	0.0521039962768554	1	-0.1816596984863281	0.1816596984863281	0.1816596984863281	-0.0598050753275553	-0.038785435259342166	-0.0028702219327290334	3.0	3.0	3.0	-5.805187537989238	-3.804291092201132	-0.28661067838292065	0.28661067838292065	3.804291092201132	5.805187537989238	-3.298696436191097	3.298696436191097	5.805187537989238
109274931	G	A	G	A	109274931:G>A	109274931:G>A	-37	False	False	-1.0	0.09899494936611662	2	0.0	401	56432	20074	1.0	G	A	1	-0.1140995025634765	0.1140995025634765	0.1140995025634765	1	-0.2146034240722656	0.2146034240722656	0.2146034240722656	-0.08852942784627273	-0.059011374910672466	-0.005688816308975167	3.0	3.0	3.0	-8.47238242669166	-5.730395398720222	-0.5672665634064148	0.5672665634064148	5.730395398720222	8.47238242669166	-4.923348129606098	4.923348129606098	8.47238242669166
109274931	G	C	G	C	109274931:G>C	109274931:G>C	-37	False	False	-1.0499999999999998	0.15556349186104035	2	0.0	56	6930	3014	1.0499999999999998	G	C	1	-0.1163187026977539	0.1163187026977539	0.1163187026977539	1	-0.2984247207641601	0.2984247207641601	0.2984247207641601	-0.1382377942403157	-0.09596935907999671	-0.008742749691009466	3.0	3.0	3.0	-12.910842587918022	-9.150814733158429	-0.8704642988245705	0.8704642988245705	9.150814733158429	12.910842587918022	-7.6440405399670075	7.6440405399670075	12.910842587918022
109274931	G	T	G	T	109274931:G>T	109274931:G>T	-37	False	False	-1.045	0.134350288425444	2	0.0	154	22149	9302	1.045	G	T	1	-0.1009588241577148	0.1009588241577148	0.1009588241577148	1	-0.2631025314331054	0.2631025314331054	0.2631025314331054	-0.12521000703175858	-0.09226939082145687	-0.0072848796844482006	3.0	3.0	3.0	-11.768840851145484	-8.814053011699182	-0.7258409265381581	0.7258409265381581	8.814053011699182	11.768840851145484	-7.102911596460942	7.102911596460942	11.768840851145484
109274932	A	C	A	C	109274932:A>C	109274932:A>C	-36	False	False	-0.595	0.07778174593052017	2	0.0	53	14041	11558	0.595	A	C	1	-0.0056037902832031	0.0056037902832031	0.0056037902832031	1	-0.1590385437011718	0.1590385437011718	0.1590385437011718	-0.0656277736028035	-0.03451333443323767	-0.0034734706083933004	3.0	3.0	3.0	-6.352061822978274	-3.392454246808734	-0.3467445087868014	0.3467445087868014	3.392454246808734	6.352061822978274	-3.3637535261912697	3.3637535261912697	6.352061822978274
109274932	A	G	A	G	109274932:A>G	109274932:A>G	-36	False	False	-0.04	0.09899494936611665	2	0.00031	1054	244809	180622	0.04	A	G	1	-0.0825700759887695	0.0825700759887695	0.0825700759887695	1	-0.0545024871826171	0.0545024871826171	0.0545024871826171	-0.03494540850321447	0.0049698874354362	-0.006265570720036767	3.0	3.0	3.0	-3.434186845856577	0.49822578106305493	-0.6245982962657095	0.6245982962657095	0.49822578106305493	3.434186845856577	-1.1868531203530772	1.5190036410617804	3.434186845856577
109274932	A	T	A	T	109274932:A>T	109274932:A>T	-36	False	False	-0.345	0.021213203435596385	2	0.0	411	69637	59766	0.345	A	T	1	-0.0148477554321289	0.0148477554321289	0.0148477554321289	1	-0.108433723449707	0.108433723449707	0.108433723449707	-0.0327760775883992	-0.012737830479939732	-0.0038552085558572666	3.0	3.0	3.0	-3.224476258478273	-1.265704768025389	-0.3847786779914027	0.3847786779914027	1.265704768025389	3.224476258478273	-1.6249865681650215	1.6249865681650215	3.224476258478273
109274933	A	C	A	C	109274933:A>C	109274933:A>C	-35	False	False	-0.59	0.028284271247461926	2	0.0	115	15141	4766	0.59	A	C	1	-0.1419677734375	0.1419677734375	0.1419677734375	1	-0.2481040954589843	0.2481040954589843	0.2481040954589843	-0.1126864353815714	-0.05436179538567857	-0.005900929371515867	3.0	3.0	3.0	-10.656923552493277	-5.291060806256546	-0.5883553083342392	0.5883553083342392	5.291060806256546	10.656923552493277	-5.512113222361354	5.512113222361354	10.656923552493277
109274933	A	G	A	G	109274933:A>G	109274933:A>G	-35	False	False	-1.06	0.14142135623730956	2	0.0	1475	368612	158342	1.06	A	G	1	-0.3142986297607422	0.3142986297607422	0.3142986297607422	1	-0.4495410919189453	0.4495410919189453	0.4495410919189453	-0.23118833700815833	-0.15604023138682044	-0.01592451333999627	3.0	3.0	3.0	-20.641001040463294	-14.447522926933756	-1.5798388656340152	1.5798388656340152	14.447522926933756	20.641001040463294	-12.222787611010355	12.222787611010355	20.641001040463294
109274933	A	T	A	T	109274933:A>T	109274933:A>T	-35	False	False	-0.115	0.03535533905932739	2	1e-05	608	110214	89294	0.115	A	T	1	-0.114781379699707	0.114781379699707	0.114781379699707	1	-0.1610431671142578	0.1610431671142578	0.1610431671142578	-0.0845319032669067	-0.06661223371823627	-0.0022545357545216333	3.0	3.0	3.0	-8.10576623535013	-6.444209117895633	-0.2251996197653191	0.2251996197653191	6.444209117895633	8.10576623535013	-4.925058324337027	4.925058324337027	8.10576623535013
109274934	G	A	G	A	109274934:G>A	109274934:G>A	-34	False	False	0.345	0.06363961030678927	2	0.0	792	149897	168341	0.345	G	A	1	-0.0321979522705078	0.0321979522705078	0.0321979522705078	1	-0.0392990112304687	0.0392990112304687	0.0392990112304687	-0.0012982288996378662	0.002618362506230633	0.0018581151962280002	3.0	3.0	3.0	-0.12973865650537372	0.26217934111350777	0.18598425619850636	0.18598425619850636	0.26217934111350777	0.12973865650537372	0.1061416469355468	0.19263408460579598	0.26217934111350777
109274934	G	C	G	C	109274934:G>C	109274934:G>C	-34	False	False	-0.43000000000000005	0.04242640687119287	2	0.0	103	14474	6925	0.43000000000000005	G	C	1	-0.1041259765625	0.1041259765625	0.1041259765625	1	-0.1694965362548828	0.1694965362548828	0.1694965362548828	-0.08447297414143873	-0.0509478462239106	-0.0053242643674214	3.0	3.0	3.0	-8.100350828957815	-4.967176755415836	-0.5310115593635675	0.5310115593635675	4.967176755415836	8.100350828957815	-4.532846381245739	4.532846381245739	8.100350828957815
109274934	G	T	G	T	109274934:G>T	109274934:G>T	-34	False	False	-0.435	0.10606601717798214	2	0.0	348	57335	27074	0.435	G	T	1	-0.1692380905151367	0.1692380905151367	0.1692380905151367	1	-0.2922563552856445	0.2922563552856445	0.2922563552856445	-0.13258977731068924	-0.08615355441967644	-0.009048978487650466	3.0	3.0	3.0	-12.417569857387761	-8.254665861211743	-0.9008159697389042	0.9008159697389042	8.254665861211743	12.417569857387761	-7.191017229446136	7.191017229446136	12.417569857387761
109274935	A	C	A	C	109274935:A>C	109274935:A>C	-33	False	False	-1.375	0.7000357133746821	2	0.0	67	6847	1868	1.375	A	C	1	-0.2880725860595703	0.2880725860595703	0.2880725860595703	1	-0.29864501953125	0.29864501953125	0.29864501953125	-0.1845370133717854	-0.15771928429603574	-0.0100340545177459	3.0	3.0	3.0	-16.851083688769858	-14.591049534350589	-0.9983881346385766	0.9983881346385766	14.591049534350589	16.851083688769858	-10.813507119253009	10.813507119253009	16.851083688769858
109274935	A	G	A	G	109274935:A>G	109274935:A>G	-33	False	False	-0.385	0.007071067811865481	2	0.0	1036	275721	182048	0.385	A	G	1	-0.083160400390625	0.083160400390625	0.083160400390625	1	-0.1546363830566406	0.1546363830566406	0.1546363830566406	-0.06918823719024654	-0.04384584724903103	-0.0044473707675933335	3.0	3.0	3.0	-6.684899017928155	-4.28985140711917	-0.44374958587719127	0.44374958587719127	4.28985140711917	6.684899017928155	-3.8061666703081722	3.8061666703081722	6.684899017928155
109274935	A	T	A	T	109274935:A>T	109274935:A>T	-33	False	False	-0.035	0.06363961030678929	2	0.07831	358	61333	46300	0.035	A	T	1	-0.1131868362426757	0.1131868362426757	0.1131868362426757	1	-0.0215187072753906	0.0215187072753906	0.0215187072753906	-0.0657620032628377	-0.09961439669132229	-0.004096041123072267	3.0	3.0	3.0	-6.364631310264802	-9.481360638308512	-0.40876637885034156	0.40876637885034156	9.481360638308512	6.364631310264802	-5.418252775807885	5.418252775807885	9.481360638308512
109274936	G	A	G	A	109274936:G>A	109274936:G>A	-32	False	False	-0.5700000000000001	0.028284271247461888	2	0.0	686	132123	64019	0.5700000000000001	G	A	1	-0.2717256546020508	0.2717256546020508	0.2717256546020508	1	-0.3316926956176758	0.3316926956176758	0.3316926956176758	-0.15333263079325357	-0.11302947501341497	-0.006370484828948933	3.0	3.0	3.0	-14.215567109082167	-10.687566512370267	-0.6350236310913261	0.6350236310913261	10.687566512370267	14.215567109082167	-8.512719084181255	8.512719084181255	14.215567109082167
109274936	G	C	G	C	109274936:G>C	109274936:G>C	-32	False	False	-2.45	0.0	2	0.0	212	38470	5891	2.45	G	C	1	-0.6403055191040039	0.6403055191040039	0.6403055191040039	1	-1.0220422744750977	1.0220422744750977	1.0220422744750977	-0.43725744883219403	-0.3451205641031265	-0.029263536135355567	3.0	3.0	3.0	-35.41948517743986	-29.186502733689835	-2.8839505144159028	2.8839505144159028	29.186502733689835	35.41948517743986	-22.496646141848533	22.496646141848533	35.41948517743986
109274936	G	T	G	T	109274936:G>T	109274936:G>T	-32	False	False	-1.47	0.04242640687119289	2	0.0	270	51146	18638	1.47	G	T	1	-0.4788761138916015	0.4788761138916015	0.4788761138916015	1	-0.7933177947998047	0.7933177947998047	0.7933177947998047	-0.350544532140096	-0.27237761020660395	-0.0215809245904286	3.0	3.0	3.0	-29.5695531138459	-23.843336854573387	-2.1349722608296866	2.1349722608296866	23.843336854573387	29.5695531138459	-18.515954076416325	18.515954076416325	29.5695531138459
109274937	T	A	T	A	109274937:T>A	109274937:T>A	-31	False	False	-1.935	0.0919238815542511	2	0.0	437	102045	21777	1.935	T	A	1	-0.627471923828125	0.627471923828125	0.627471923828125	1	-0.8412294387817383	0.8412294387817383	0.8412294387817383	-0.3888724644978841	-0.31733856598536164	-0.023370881875356034	3.0	3.0	3.0	-32.217928929359005	-27.19157911556292	-2.3099897964856635	2.3099897964856635	27.19157911556292	32.217928929359005	-20.573165947135863	20.573165947135863	32.217928929359005
109274937	T	C	T	C	109274937:T>C	109274937:T>C	-31	False	False	-0.345	0.0070710678118654224	2	0.0	657	107924	66099	0.345	T	C	1	-0.001352310180664	0.001352310180664	0.001352310180664	1	-0.0649776458740234	0.0649776458740234	0.0649776458740234	-0.048667033513387	-0.0484744956096013	-0.0038841366767883	3.0	3.0	3.0	-4.750177310768059	-4.731836343962524	-0.38766031747996865	0.38766031747996865	4.731836343962524	4.750177310768059	-3.2898913240701844	3.2898913240701844	4.750177310768059
109274937	T	G	T	G	109274937:T>G	109274937:T>G	-31	False	False	-2.285	0.26162950903902266	2	0.0	84	20481	3710	2.285	T	G	1	-0.9025325775146484	0.9025325775146484	0.9025325775146484	1	-1.1838750839233398	1.1838750839233398	1.1838750839233398	-0.4965897798538208	-0.4599568049112956	-0.030483136574427267	3.0	3.0	3.0	-39.13974063448832	-36.868908555107076	-3.0023210939317724	3.0023210939317724	36.868908555107076	39.13974063448832	-26.33699009450906	26.33699009450906	39.13974063448832
109274938	A	C	A	C	109274938:A>C	109274938:A>C	-30	False	False	-0.6499999999999999	0.05656854249492382	2	0.0	72	8565	3948	0.6499999999999999	A	C	1	-0.0578889846801757	0.0578889846801757	0.0578889846801757	1	-0.2137708663940429	0.2137708663940429	0.2137708663940429	-0.12708508968353266	-0.08944165706634516	-0.008263011773427267	3.0	3.0	3.0	-11.934126556404347	-8.55583852255361	-0.8228966927165502	0.8228966927165502	8.55583852255361	11.934126556404347	-7.104287257224836	7.104287257224836	11.934126556404347
109274938	A	G	A	G	109274938:A>G	109274938:A>G	-30	False	False	-2.5999999999999996	0.3111269837220807	2	0.0	708	153547	20918	2.5999999999999996	A	G	1	-0.7551078796386719	0.7551078796386719	0.7551078796386719	1	-1.2734508514404297	1.2734508514404297	1.2734508514404297	-0.5101609627405802	-0.39217275381088257	-0.030858258406321133	3.0	3.0	3.0	-39.96010708231022	-32.44126064178543	-3.038700217204193	3.038700217204193	32.44126064178543	39.96010708231022	-25.146689313766615	25.146689313766615	39.96010708231022
109274938	A	T	A	T	109274938:A>T	109274938:A>T	-30	False	False	-2.38	0.3111269837220807	2	0.0	235	59110	11632	2.38	A	T	1	-0.5755367279052734	0.5755367279052734	0.5755367279052734	1	-0.9636468887329102	0.9636468887329102	0.9636468887329102	-0.4293033679326375	-0.33526527384916943	-0.0232829352219899	3.0	3.0	3.0	-34.90375818997206	-28.48516489680423	-2.3013979092126333	2.3013979092126333	28.48516489680423	34.90375818997206	-21.896773665329636	21.896773665329636	34.90375818997206
109274939	A	C	A	C	109274939:A>C	109274939:A>C	-29	False	False	-1.165	0.134350288425444	2	0.0	136	18567	5447	1.165	A	C	1	-0.3339490890502929	0.3339490890502929	0.3339490890502929	1	-0.6456174850463867	0.6456174850463867	0.6456174850463867	-0.2989136377970377	-0.17525893449783317	-0.010596215724944999	3.0	3.0	3.0	-25.837654509524917	-16.076031547377827	-1.0540273597072154	1.0540273597072154	16.076031547377827	25.837654509524917	-14.322571138869987	14.322571138869987	25.837654509524917
109274939	A	G	A	G	109274939:A>G	109274939:A>G	-29	False	False	-2.62	0.14142135623730964	2	0.0	1007	253737	40762	2.62	A	G	1	-0.7138614654541016	0.7138614654541016	0.7138614654541016	1	-1.2206296920776367	1.2206296920776367	1.2206296920776367	-0.4956438144048055	-0.38488535086313885	-0.029179622729619267	3.0	3.0	3.0	-39.08214169290132	-31.947134624505797	-2.8758008340229755	2.8758008340229755	31.947134624505797	39.08214169290132	-24.635025717143364	24.635025717143364	39.08214169290132
109274939	A	T	A	T	109274939:A>T	109274939:A>T	-29	False	False	-1.875	0.27577164466275356	2	0.0	370	72890	15286	1.875	A	T	1	-0.3715476989746094	0.3715476989746094	0.3715476989746094	1	-0.7579832077026367	0.7579832077026367	0.7579832077026367	-0.36135133107503253	-0.29288311799367267	-0.022211909294128366	3.0	3.0	3.0	-30.326582890368375	-25.3890657642156	-2.196704118383164	2.196704118383164	25.3890657642156	30.326582890368375	-19.304117590989048	19.304117590989048	30.326582890368375
109274940	A	C	A	C	109274940:A>C	109274940:A>C	-28	False	False	-2.605	0.33234018715767716	2	0.0	279	59540	7556	2.605	A	C	1	-0.8833446502685547	0.8833446502685547	0.8833446502685547	1	-1.3801279067993164	1.3801279067993164	1.3801279067993164	-0.5213023026784261	-0.4370967944463094	-0.028304229180018067	3.0	3.0	3.0	-40.62531937994621	-35.40910920104018	-2.7907417118913047	2.7907417118913047	35.40910920104018	40.62531937994621	-26.275056764292568	26.275056764292568	40.62531937994621
109274940	A	G	A	G	109274940:A>G	109274940:A>G	-28	False	False	-2.125	0.30405591591021547	2	0.0	1047	242936	43165	2.125	A	G	1	-0.5494394302368164	0.5494394302368164	0.5494394302368164	1	-0.9689064025878906	0.9689064025878906	0.9689064025878906	-0.4244258801142375	-0.34021511673927307	-0.02469713489214573	3.0	3.0	3.0	-34.5854764869456	-28.838277448085403	-2.4394655894193793	2.4394655894193793	28.838277448085403	34.5854764869456	-21.95440650815013	21.95440650815013	34.5854764869456
109274940	A	T	A	T	109274940:A>T	109274940:A>T	-28	False	False	-2.3550000000000004	0.19091883092036802	2	0.0	395	79281	12093	2.3550000000000004	A	T	1	-0.8173503875732422	0.8173503875732422	0.8173503875732422	1	-1.2917890548706057	1.2917890548706057	1.2917890548706057	-0.4927513599395752	-0.36965028444925946	-0.03296687205632523	3.0	3.0	3.0	-38.90568448743712	-30.902406658212872	-3.2429387317139144	3.2429387317139144	30.902406658212872	38.90568448743712	-24.350343292454635	24.350343292454635	38.90568448743712
109274941	C	A	C	A	109274941:C>A	109274941:C>A	-27	False	False	-2.605	0.37476659402887036	2	0.0	171	60434	8037	2.605	C	A	1	-0.9648990631103516	0.9648990631103516	0.9648990631103516	1	-1.2502098083496094	1.2502098083496094	1.2502098083496094	-0.4892093737920125	-0.393571396668752	-0.02882921695709223	3.0	3.0	3.0	-38.68890558089103	-32.535685141606535	-2.8417619906278295	2.8417619906278295	32.535685141606535	38.68890558089103	-24.688784237708465	24.688784237708465	38.68890558089103
109274941	C	G	C	G	109274941:C>G	109274941:C>G	-27	False	False	-2.62	0.3252691193458118	2	0.0	376	176604	26493	2.62	C	G	1	-0.8059730529785156	0.8059730529785156	0.8059730529785156	1	-1.2218847274780271	1.2218847274780271	1.2218847274780271	-0.48936212062835693	-0.3906538387139638	-0.0320317943890889	3.0	3.0	3.0	-38.69826994138993	-32.3385666806853	-3.1524210506389885	3.1524210506389885	32.3385666806853	38.69826994138993	-24.729752557571402	24.729752557571402	38.69826994138993
109274941	C	T	C	T	109274941:C>T	109274941:C>T	-27	False	False	-0.3	0.0	2	0.0	1036	339155	274955	0.3	C	T	1	-0.0116176605224609	0.0116176605224609	0.0116176605224609	1	-0.0717544555664062	0.0717544555664062	0.0717544555664062	-0.03155191739400227	-0.04097519939144447	-0.0015372633934020666	3.0	3.0	3.0	-3.105934972563699	-4.014706541048548	-0.15360824092704606	0.15360824092704606	4.014706541048548	3.105934972563699	-2.424749918179764	2.424749918179764	4.014706541048548
109274942	A	C	A	C	109274942:A>C	109274942:A>C	-26	False	False	-1.975	0.007071067811865403	2	0.0	118	22037	6441	1.975	A	C	1	-0.5122251510620117	0.5122251510620117	0.5122251510620117	1	-0.8117876052856445	0.8117876052856445	0.8117876052856445	-0.36940538883209223	-0.2956502735614776	-0.02306077877680457	3.0	3.0	3.0	-30.885482888252703	-25.595240436050542	-2.2796911240107245	2.2796911240107245	25.595240436050542	30.885482888252703	-19.586804816104657	19.586804816104657	30.885482888252703
109274942	A	G	A	G	109274942:A>G	109274942:A>G	-26	False	False	-1.62	0.2687005768508882	2	0.0	1154	252874	66050	1.62	A	G	1	-0.3371419906616211	0.3371419906616211	0.3371419906616211	1	-0.4953594207763672	0.4953594207763672	0.4953594207763672	-0.2511032025019328	-0.2021149396896362	-0.015379528204599965	3.0	3.0	3.0	-22.20579181532264	-18.299898329801657	-1.5261867223101098	1.5261867223101098	18.299898329801657	22.20579181532264	-14.010625622478136	14.010625622478136	22.20579181532264
109274942	A	T	A	T	109274942:A>T	109274942:A>T	-26	False	False	-1.185	0.1767766952966369	2	0.0	514	107344	38029	1.185	A	T	1	-0.361551284790039	0.361551284790039	0.361551284790039	1	-0.5416355133056641	0.5416355133056641	0.5416355133056641	-0.27103503545125324	-0.21814314027627302	-0.015455136696497535	3.0	3.0	3.0	-23.741022173997546	-19.598965283379286	-1.5336318973606633	1.5336318973606633	19.598965283379286	23.741022173997546	-14.957873118245834	14.957873118245834	23.741022173997546
109274943	C	A	C	A	109274943:C>A	109274943:C>A	-25	False	False	0.065	0.09192388155425119	2	0.05637	144	39552	41240	0.065	C	A	1	-0.2282438278198242	0.2282438278198242	0.2282438278198242	1	-0.136962890625	0.136962890625	0.136962890625	-0.08095268408457433	-0.0401010029017925	-0.005564222733179701	3.0	3.0	3.0	-7.7762673084363465	-3.930759846841963	-0.55487711178942	0.55487711178942	3.930759846841963	7.7762673084363465	-4.087301422355909	4.087301422355909	7.7762673084363465
109274943	C	G	C	G	109274943:C>G	109274943:C>G	-25	False	False	0.06	0.0282842712474619	2	0.01608	391	112532	114174	0.06	C	G	1	-0.0885095596313476	0.0885095596313476	0.0885095596313476	1	-0.0732631683349609	0.0732631683349609	0.0732631683349609	-0.038142164548238065	-0.017749542991320266	-0.0029443403085072668	3.0	3.0	3.0	-3.74239130310067	-1.7592947720072243	-0.2940009989601195	0.2940009989601195	1.7592947720072243	3.74239130310067	-1.9318956913560044	1.9318956913560044	3.74239130310067
109274943	C	T	C	T	109274943:C>T	109274943:C>T	-25	False	False	-0.04	0.08485281374238571	2	0.00102	1558	516264	514493	0.04	C	T	1	-0.0461006164550781	0.0461006164550781	0.0461006164550781	1	-0.0129814147949218	0.0129814147949218	0.0129814147949218	-0.008394360542297334	-0.0020721331238746335	-0.0022436877091725	3.0	3.0	3.0	-0.8359226276470755	-0.20699877381305712	-0.22411725233531876	0.22411725233531876	0.20699877381305712	0.8359226276470755	-0.42234621793181715	0.42234621793181715	0.8359226276470755
109274944	A	C	A	C	109274944:A>C	109274944:A>C	-24	False	False	-0.24	0.12727922061357858	2	0.0	191	36853	35350	0.24	A	C	1	-0.0767345428466796	0.0767345428466796	0.0767345428466796	1	-0.0649776458740234	0.0649776458740234	0.0649776458740234	-0.01741623878479	-0.022087482114632868	-0.0015285015106200667	3.0	3.0	3.0	-1.7265452742327325	-2.18453397299852	-0.15273339471360303	0.15273339471360303	2.18453397299852	1.7265452742327325	-1.3546042139816186	1.3546042139816186	2.18453397299852
109274944	A	G	A	G	109274944:A>G	109274944:A>G	-24	False	False	-0.185	0.10606601717798214	2	0.0	1206	284322	216363	0.185	A	G	1	-0.0693359375	0.0693359375	0.0693359375	1	-0.0589838027954101	0.0589838027954101	0.0589838027954101	-0.009543975194295234	-0.011785356948773	-0.0015388627847035333	3.0	3.0	3.0	-0.9498576007407946	-1.1716181648119253	-0.15376793424980226	0.15376793424980226	1.1716181648119253	0.9498576007407946	-0.7584145666008407	0.7584145666008407	1.1716181648119253
109274944	A	T	A	T	109274944:A>T	109274944:A>T	-24	False	False	0.035	0.021213203435596427	2	0.13426	569	101990	95342	0.035	A	T	1	0.0242719650268554	0.0242719650268554	0.0242719650268554	1	0.0259695053100585	0.0259695053100585	0.0259695053100585	0.017042318979899	0.008645668625831566	0.0013510286808013333	3.0	3.0	3.0	1.7188367788504213	0.8683150359171773	0.13519417311889628	0.13519417311889628	0.8683150359171773	1.7188367788504213	0.9074486626288317	0.9074486626288317	1.7188367788504213
109274945	G	A	G	A	109274945:G>A	109274945:G>A	-23	False	False	-0.16499999999999998	0.06363961030678926	2	0.0	949	227233	178175	0.16499999999999998	G	A	1	-0.1193723678588867	0.1193723678588867	0.1193723678588867	1	-0.0941858291625976	0.0941858291625976	0.0941858291625976	-0.06472647190093987	-0.06020142634709671	-0.005713840325673367	3.0	3.0	3.0	-6.267618728287235	-5.842514350195379	-0.5697547386560805	0.5697547386560805	5.842514350195379	6.267618728287235	-4.226629272379565	4.226629272379565	6.267618728287235
109274945	G	C	G	C	109274945:G>C	109274945:G>C	-23	False	False	0.07500000000000001	0.007071067811865467	2	0.33486	77	21674	37260	0.07500000000000001	G	C	1	-0.0627937316894531	0.0627937316894531	0.0627937316894531	1	-0.009002685546875	0.009002685546875	0.009002685546875	-0.014941453933715767	-0.009088785698016433	-0.0017182131608327001	3.0	3.0	3.0	-1.4830384279685531	-0.9047607532887572	-0.17167378776709555	0.17167378776709555	0.9047607532887572	1.4830384279685531	-0.8531576563414687	0.8531576563414687	1.4830384279685531
109274945	G	T	G	T	109274945:G>T	109274945:G>T	-23	False	False	-0.14	0.11313708498984762	2	1e-05	466	73492	48061	0.14	G	T	1	-0.1717128753662109	0.1717128753662109	0.1717128753662109	1	-0.0894041061401367	0.0894041061401367	0.0894041061401367	-0.04561738173166907	-0.019952426354090332	-0.0011084377765655	3.0	3.0	3.0	-4.459255139109721	-1.9754693959403886	-0.11078236863278036	0.11078236863278036	1.9754693959403886	4.459255139109721	-2.1818356345609633	2.1818356345609633	4.459255139109721
109274946	T	A	T	A	109274946:T>A	109274946:T>A	-22	False	False	0.005	0.021213203435596427	2	0.58878	886	155981	121089	0.005	T	A	1	-0.044748306274414	0.044748306274414	0.044748306274414	1	-0.0253486633300781	0.0253486633300781	0.0253486633300781	-0.0149038235346476	-0.019602903475364	-0.0020937621593475	3.0	3.0	3.0	-1.4793311256364188	-1.9412015914758922	-0.2091571768343502	0.2091571768343502	1.9412015914758922	1.4793311256364188	-1.2098966313155537	1.2098966313155537	1.9412015914758922
109274946	T	C	T	C	109274946:T>C	109274946:T>C	-22	False	False	0.11499999999999999	0.007071067811865467	2	1e-05	1055	226916	182526	0.11499999999999999	T	C	1	-0.0082788467407226	0.0082788467407226	0.0082788467407226	1	0.0365076065063476	0.0365076065063476	0.0365076065063476	0.012903014818827233	0.0018882130583127	0.0023851096630095998	3.0	3.0	3.0	1.2986617904852484	0.18899968551422955	0.23879562997922904	0.23879562997922904	0.18899968551422955	1.2986617904852484	0.5754857019929024	0.5754857019929024	1.2986617904852484
109274946	T	G	T	G	109274946:T>G	109274946:T>G	-22	False	False	0.09	0.014142135623730958	2	0.14922	186	27423	19176	0.09	T	G	1	-0.0028162002563476	0.0028162002563476	0.0028162002563476	1	-0.0133438110351562	0.0133438110351562	0.0133438110351562	-0.004839380582173634	-0.01621642832954723	0.0009095072746276668	3.0	3.0	3.0	-0.48276896465294084	-1.608564992945591	0.09099210017887475	0.09099210017887475	1.608564992945591	0.48276896465294084	-0.6667806191398857	0.7274420192591355	1.608564992945591
109274947	G	A	G	A	109274947:G>A	109274947:G>A	-21	False	False	-0.21500000000000002	0.07778174593052023	2	0.0	1090	228340	206620	0.21500000000000002	G	A	1	-0.0204572677612304	0.0204572677612304	0.0204572677612304	1	-0.0601062774658203	0.0601062774658203	0.0601062774658203	-0.0234672625859578	-0.03697754442691797	-0.0040266911188761	3.0	3.0	3.0	-2.319404775369306	-3.6302224508091814	-0.40185948688708817	0.40185948688708817	3.6302224508091814	2.319404775369306	-2.1171622376885253	2.1171622376885253	3.6302224508091814
109274947	G	C	G	C	109274947:G>C	109274947:G>C	-21	False	False	-0.16	0.2404163056034262	2	0.00024	178	60030	59058	0.16	G	C	1	-0.0244665145874023	0.0244665145874023	0.0244665145874023	1	-0.0646038055419921	0.0646038055419921	0.0646038055419921	-0.011932174364725698	-0.0031559132039546667	0.0007380644480386848	3.0	3.0	3.0	-1.1861268273675196	-0.31509385444530913	0.07383368846245443	0.07383368846245443	0.31509385444530913	1.1861268273675196	-0.4757956644501247	0.5250181234250944	1.1861268273675196
109274947	G	T	G	T	109274947:G>T	109274947:G>T	-21	False	False	-0.10500000000000001	0.035355339059327376	2	0.07989	170	28919	22434	0.10500000000000001	G	T	1	-0.1038551330566406	0.1038551330566406	0.1038551330566406	1	-0.0802669525146484	0.0802669525146484	0.0802669525146484	-0.028643886248270602	-0.022179457048575033	-0.0029078622659047	3.0	3.0	3.0	-2.8237539168366963	-2.193530130308047	-0.2903638529432477	0.2903638529432477	2.193530130308047	2.8237539168366963	-1.769215966695997	1.769215966695997	2.8237539168366963
109274948	C	A	C	A	109274948:C>A	109274948:C>A	-20	False	False	-0.3	0.07071067811865474	2	0.0	368	72779	48742	0.3	C	A	1	-0.007944107055664	0.007944107055664	0.007944107055664	1	0.0431413650512695	0.0431413650512695	0.0431413650512695	0.028295874595642066	-0.007232269893089899	0.0053497006495793	3.0	3.0	3.0	2.870000559694559	-0.7206179963546036	0.5364035849708902	0.5364035849708902	0.7206179963546036	2.870000559694559	0.8952620494369485	1.3756740470066842	2.870000559694559
109274948	C	G	C	G	109274948:C>G	109274948:C>G	-20	False	False	-0.28	0.07071067811865477	2	0.0	310	117121	90586	0.28	C	G	1	0.0149879455566406	0.0149879455566406	0.0149879455566406	1	0.045577049255371	0.045577049255371	0.045577049255371	0.028575499852498337	-0.0157380774617195	0.0021786491076151	3.0	3.0	3.0	2.8987696321160454	-1.5614881058859367	0.21810240880186207	0.21810240880186207	1.5614881058859367	2.8987696321160454	0.5184613116773237	1.5594533822679482	2.8987696321160454
109274948	C	T	C	T	109274948:C>T	109274948:C>T	-20	False	False	0.07500000000000001	0.007071067811865477	2	0.0	2027	555228	574387	0.07500000000000001	C	T	1	-0.0226383209228515	0.0226383209228515	0.0226383209228515	1	0.0093021392822265	0.0093021392822265	0.0093021392822265	0.0266973177591959	0.027884279688199332	0.0040334562460581	3.0	3.0	3.0	2.7056883832012173	2.827668503762503	0.40416015783009873	0.40416015783009873	2.827668503762503	2.7056883832012173	1.9791723482646064	1.9791723482646064	2.827668503762503
109274949	T	A	T	A	109274949:T>A	109274949:T>A	-19	False	False	-0.22999999999999998	0.1131370849898476	2	0.0	561	120731	82784	0.22999999999999998	T	A	1	0.0133581161499023	0.0133581161499023	0.0133581161499023	1	0.0382547378540039	0.0382547378540039	0.0382547378540039	0.0022291342417399	-0.03589623421430583	0.0010346770286559666	3.0	3.0	3.0	0.22316206086123516	-3.525960466542762	0.10352124915939236	0.10352124915939236	3.525960466542762	0.22316206086123516	-1.0664257188407116	1.2842145921877965	3.525960466542762
109274949	T	C	T	C	109274949:T>C	109274949:T>C	-19	False	False	-0.23	0.07071067811865478	2	0.0	1059	185830	133244	0.23	T	C	1	-0.0009746551513671	0.0009746551513671	0.0009746551513671	1	0.0424432754516601	0.0424432754516601	0.0424432754516601	0.006778796513875334	-0.0307002626359462	0.0013500154018401666	3.0	3.0	3.0	0.6801824559701839	-3.0233795316785694	0.13509270828477443	0.13509270828477443	3.0233795316785694	0.6801824559701839	-0.7360347891412037	1.279551565311176	3.0233795316785694
109274949	T	G	T	G	109274949:T>G	109274949:T>G	-19	False	False	-0.4	0.04242640687119287	2	8e-05	95	22707	16739	0.4	T	G	1	-0.0102806091308593	0.0102806091308593	0.0102806091308593	1	0.0078754425048828	0.0078754425048828	0.0078754425048828	0.0020974477132161334	-0.03875150531530377	0.003979573647181133	3.0	3.0	3.0	0.20996488953567596	-3.8010271218083034	0.3987502664935469	0.3987502664935469	3.8010271218083034	0.20996488953567596	-1.0641039885930268	1.4699140926125087	3.8010271218083034
109274950	G	A	G	A	109274950:G>A	109274950:G>A	-18	False	False	-0.315	0.1626345596729059	2	0.0	496	97684	59298	0.315	G	A	1	0.0475292205810546	0.0475292205810546	0.0475292205810546	1	0.0884103775024414	0.0884103775024414	0.0884103775024414	0.021477142969767233	-0.012583545098702067	0.0016490419705708665	3.0	3.0	3.0	2.1709436827000403	-1.2504703344493155	0.16504023879735766	0.16504023879735766	1.2504703344493155	2.1709436827000403	0.36183786234936083	1.1954847519822378	2.1709436827000403
109274950	G	C	G	C	109274950:G>C	109274950:G>C	-18	False	False	-0.24000000000000002	0.14142135623730953	2	0.10084	37	5983	2038	0.24000000000000002	G	C	1	-0.0546350479125976	0.0546350479125976	0.0546350479125976	1	0.0256156921386718	0.0256156921386718	0.0256156921386718	-0.022545138994852665	-0.049229291578133834	-0.0030154089132944334	3.0	3.0	3.0	-2.22928965186433	-4.80371723870217	-0.30108671340913173	0.30108671340913173	4.80371723870217	2.22928965186433	-2.444697867991877	2.444697867991877	4.80371723870217
109274950	G	T	G	T	109274950:G>T	109274950:G>T	-18	False	False	-0.075	0.049497474683058325	2	0.15107	113	23656	18479	0.075	G	T	1	-0.0401210784912109	0.0401210784912109	0.0401210784912109	1	0.0284337997436523	0.0284337997436523	0.0284337997436523	-0.0107617378234863	-0.029182787984609566	-0.0013249119122822333	3.0	3.0	3.0	-1.0704037493762653	-2.8761082563925293	-0.13240346039894232	0.13240346039894232	2.8761082563925293	1.0704037493762653	-1.359638488722579	1.359638488722579	2.8761082563925293
109274951	G	A	G	A	109274951:G>A	109274951:G>A	-17	False	False	0.2	0.15556349186104046	2	0.0	1210	249048	271437	0.2	G	A	1	-0.1541528701782226	0.1541528701782226	0.1541528701782226	1	-0.1426973342895507	0.1426973342895507	0.1426973342895507	-0.11820920308430986	-0.07603492836157477	-0.003763039906819633	3.0	3.0	3.0	-11.148984589465485	-7.3216165046846955	-0.37559685448693425	0.37559685448693425	7.3216165046846955	11.148984589465485	-6.282065982879039	6.282065982879039	11.148984589465485
109274951	G	C	G	C	109274951:G>C	109274951:G>C	-17	False	False	-0.38	0.056568542494923775	2	0.0	189	28787	17301	0.38	G	C	1	-0.1454610824584961	0.1454610824584961	0.1454610824584961	1	-0.1654653549194336	0.1654653549194336	0.1654653549194336	-0.09599216779073076	-0.1091858421762784	-0.0050882498423258	3.0	3.0	3.0	-9.152886862314217	-10.343621734971647	-0.5075326627236776	0.5075326627236776	10.343621734971647	9.152886862314217	-6.668013753336514	6.668013753336514	10.343621734971647
109274951	G	T	G	T	109274951:G>T	109274951:G>T	-17	False	False	-0.47	0.21213203435596428	2	0.0	202	41324	21903	0.47	G	T	1	-0.1222429275512695	0.1222429275512695	0.1222429275512695	1	-0.1345968246459961	0.1345968246459961	0.1345968246459961	-0.09323128064473463	-0.10704594850540157	-0.006604293982187866	3.0	3.0	3.0	-8.901721675575883	-10.151561197293486	-0.6582533563107311	0.6582533563107311	10.151561197293486	8.901721675575883	-6.570512076393366	6.570512076393366	10.151561197293486
109274952	C	A	C	A	109274952:C>A	109274952:C>A	-16	False	False	-0.385	0.1202081528017131	2	0.0	276	40071	21598	0.385	C	A	1	0.021580696105957	0.021580696105957	0.021580696105957	1	0.0248117446899414	0.0248117446899414	0.0248117446899414	0.030509988466898563	0.017159608503182665	0.004274557034174567	3.0	3.0	3.0	3.0980187908830845	1.7307680324170251	0.42837059843520026	0.42837059843520026	1.7307680324170251	3.0980187908830845	1.7523858072451033	1.7523858072451033	3.0980187908830845
109274952	C	G	C	G	109274952:C>G	109274952:C>G	-16	False	False	-0.16	0.042426406871192854	2	0.0018	155	28955	21288	0.16	C	G	1	0.0748176574707031	0.0748176574707031	0.0748176574707031	1	0.1076192855834961	0.1076192855834961	0.1076192855834961	0.074757178624471	0.05220568925142283	0.009253397583961433	3.0	3.0	3.0	7.762244934710235	5.359243286598353	0.9296342627699192	0.9296342627699192	5.359243286598353	7.762244934710235	4.683707494692836	4.683707494692836	7.762244934710235
109274952	C	T	C	T	109274952:C>T	109274952:C>T	-16	False	False	-0.43	0.09899494936611666	2	0.0	1165	265319	181078	0.43	C	T	1	-0.0380105972290039	0.0380105972290039	0.0380105972290039	1	-0.024169921875	0.024169921875	0.024169921875	-0.0017659664154052667	-0.02605547507603957	0.00024930636088051116	3.0	3.0	3.0	-0.17644080142114738	-2.5718960205212107	0.02493374402940104	0.02493374402940104	2.5718960205212107	0.17644080142114738	-0.9078010259709858	0.9244235219905864	2.5718960205212107
109274953	T	A	T	A	109274953:T>A	109274953:T>A	-15	False	False	-0.31	0.028284271247461926	2	0.0	477	91912	66500	0.31	T	A	1	-0.2113800048828125	0.2113800048828125	0.2113800048828125	1	-0.2915792465209961	0.2915792465209961	0.2915792465209961	-0.09383197625478103	-0.06544125328461327	-0.005346337954203233	3.0	3.0	3.0	-8.95642757900515	-6.334592950652468	-0.5332071724793955	0.5332071724793955	6.334592950652468	8.95642757900515	-5.274742567379004	5.274742567379004	8.95642757900515
109274953	T	C	T	C	109274953:T>C	109274953:T>C	-15	False	False	0.03	0.042426406871192854	2	0.07054	862	150069	124101	0.03	T	C	1	0.104379653930664	0.104379653930664	0.104379653930664	1	0.1040143966674804	0.1040143966674804	0.1040143966674804	0.07920606931050612	0.06286517779032384	0.006261696418126367	3.0	3.0	3.0	8.242735414803448	6.488325963855235	0.6281341822256231	0.6281341822256231	6.488325963855235	8.242735414803448	5.119731853628102	5.119731853628102	8.242735414803448
109274953	T	G	T	G	109274953:T>G	109274953:T>G	-15	False	False	0.12	0.0	2	0.27946	69	9101	4753	0.12	T	G	1	-0.0120925903320312	0.0120925903320312	0.0120925903320312	1	0.036198616027832	0.036198616027832	0.036198616027832	0.024318774541219	0.007577871282895333	0.0028127630551655672	3.0	3.0	3.0	2.4616887615073804	0.760665601253932	0.2816722584703613	0.2816722584703613	0.760665601253932	2.4616887615073804	1.1680088737438912	1.1680088737438912	2.4616887615073804
109274954	C	A	C	A	109274954:C>A	109274954:C>A	-14	False	False	-0.11	0.0	2	0.01726	347	73972	60828	0.11	C	A	1	0.0475826263427734	0.0475826263427734	0.0475826263427734	1	-0.0067129135131835	0.0067129135131835	0.0067129135131835	-0.0022658904393514	-0.011193162451187734	-0.0014677743117014334	3.0	3.0	3.0	-0.22633252474568788	-1.1130752081863684	-0.14666976578124527	0.14666976578124527	1.1130752081863684	0.22633252474568788	-0.4953591662377672	0.4953591662377672	1.1130752081863684
109274954	C	G	C	G	109274954:C>G	109274954:C>G	-14	False	False	0.04	0.16970562748477142	2	0.1972	58	10334	6546	0.04	C	G	1	0.0800380706787109	0.0800380706787109	0.0800380706787109	1	0.0600614547729492	0.0600614547729492	0.0600614547729492	0.03233559926350907	0.0132761398951212	0.0033282140890757	3.0	3.0	3.0	3.2864075570569193	1.336465913788898	0.3333758743145887	0.3333758743145887	1.336465913788898	3.2864075570569193	1.6520831150534685	1.6520831150534685	3.2864075570569193
109274954	C	T	C	T	109274954:C>T	109274954:C>T	-14	False	False	-0.32	0.11313708498984763	2	0.0	754	174646	115992	0.32	C	T	1	-0.0345306396484375	0.0345306396484375	0.0345306396484375	1	-0.069314956665039	0.069314956665039	0.069314956665039	-0.030451973279317163	-0.0321765281260013	-0.0022198160489399666	3.0	3.0	3.0	-2.999298279538844	-3.1664371483256835	-0.22173540793378835	0.22173540793378835	3.1664371483256835	2.999298279538844	-2.1291569452661054	2.1291569452661054	3.1664371483256835
109274955	G	A	G	A	109274955:G>A	109274955:G>A	-13	False	False	0.175	0.049497474683058304	2	0.0	769	136627	119920	0.175	G	A	1	-0.090768814086914	0.090768814086914	0.090768814086914	1	-0.0707941055297851	0.0707941055297851	0.0707941055297851	-0.05275154113769523	-0.013424710681041034	-0.0033818682034810004	3.0	3.0	3.0	-5.138432482373779	-1.3335001142838752	-0.3376156128184374	0.3376156128184374	1.3335001142838752	5.138432482373779	-2.269849403158697	2.269849403158697	5.138432482373779
109274955	G	C	G	C	109274955:G>C	109274955:G>C	-13	False	False	0.31	0.24041630560342614	2	0.0	101	15758	15551	0.31	G	C	1	0.0160541534423828	0.0160541534423828	0.0160541534423828	1	0.0416879653930664	0.0416879653930664	0.0416879653930664	0.034740010897318464	0.028724816938241266	0.0046433309713999	3.0	3.0	3.0	3.535049395879203	2.9141353236756395	0.4654127937482209	0.4654127937482209	2.9141353236756395	3.535049395879203	2.304865837767688	2.304865837767688	3.535049395879203
109274955	G	T	G	T	109274955:G>T	109274955:G>T	-13	False	False	-0.019999999999999997	0.12727922061357858	2	0.00734	364	78150	64574	0.019999999999999997	G	T	1	0.0142011642456054	0.0142011642456054	0.0142011642456054	1	0.0227308273315429	0.0227308273315429	0.0227308273315429	0.022968649864196732	0.018971751133600834	0.0013195772965748336	3.0	3.0	3.0	2.3234460505083523	1.9152858297828597	0.132044832178188	0.132044832178188	1.9152858297828597	2.3234460505083523	1.4569255708231335	1.4569255708231335	2.3234460505083523
109274956	G	A	G	A	109274956:G>A	109274956:G>A	-12	False	False	-0.305	0.06363961030678926	2	0.0	1261	321979	244498	0.305	G	A	1	-0.0203781127929687	0.0203781127929687	0.0203781127929687	1	-0.0462017059326171	0.0462017059326171	0.0462017059326171	-0.007926066716511967	-0.011016084502140635	-0.0009421110153197666	3.0	3.0	3.0	-0.7894738274795818	-1.0955629638862678	-0.09416673680697643	0.09416673680697643	1.0955629638862678	0.7894738274795818	-0.659734509390942	0.659734509390942	1.0955629638862678
109274956	G	C	G	C	109274956:G>C	109274956:G>C	-12	False	False	-0.01	0.01414213562373095	2	0.83047	182	32698	25211	0.01	G	C	1	0.0222988128662109	0.0222988128662109	0.0222988128662109	1	0.0272340774536132	0.0272340774536132	0.0272340774536132	0.0263479550679524	0.012525476515293066	0.0027530590693155333	3.0	3.0	3.0	2.669813114606733	1.2604248839651726	0.27568522165558296	0.27568522165558296	1.2604248839651726	2.669813114606733	1.401974406742496	1.401974406742496	2.669813114606733
109274956	G	T	G	T	109274956:G>T	109274956:G>T	-12	False	False	-0.25	0.18384776310850237	2	0.0	248	58657	47618	0.25	G	T	1	0.0034170150756835	0.0034170150756835	0.0034170150756835	1	0.0430574417114257	0.0430574417114257	0.0430574417114257	0.025320251782735132	0.015457478662331834	0.006005947788556366	3.0	3.0	3.0	2.5643532104032136	1.5577563423680487	0.6024019654421783	0.6024019654421783	1.5577563423680487	2.5643532104032136	1.5748371727378137	1.5748371727378137	2.5643532104032136
109274957	C	A	C	A	109274957:C>A	109274957:C>A	-11	False	False	-0.25	0.014142135623730963	2	5e-05	231	34317	20187	0.25	C	A	1	-0.1128597259521484	0.1128597259521484	0.1128597259521484	1	-0.1518840789794922	0.1518840789794922	0.1518840789794922	-0.052217205365498794	-0.041753726700941664	-0.0030369063218434	3.0	3.0	3.0	-5.087731008843313	-4.089404632291538	-0.3032299586427498	0.3032299586427498	4.089404632291538	5.087731008843313	-3.1601218665925344	3.1601218665925344	5.087731008843313
109274957	C	G	C	G	109274957:C>G	109274957:C>G	-11	False	False	-0.35	0.18384776310850234	2	0.0	177	46691	30668	0.35	C	G	1	-0.1235523223876953	0.1235523223876953	0.1235523223876953	1	-0.187164306640625	0.187164306640625	0.187164306640625	-0.06377625465393062	-0.0479341360429922	-0.002790331840515067	3.0	3.0	3.0	-6.178510273509078	-4.6803433692298935	-0.2786442482998696	0.2786442482998696	4.6803433692298935	6.178510273509078	-3.712499297012947	3.712499297012947	6.178510273509078
109274957	C	T	C	T	109274957:C>T	109274957:C>T	-11	False	False	-0.060000000000000005	0.09899494936611665	2	0.0	1093	274846	233486	0.060000000000000005	C	T	1	-0.0886459350585937	0.0886459350585937	0.0886459350585937	1	-0.0916748046875	0.0916748046875	0.0916748046875	-0.035233378410339265	-0.0255692973732948	-0.0009308159351348334	3.0	3.0	3.0	-3.4619908905457817	-2.524517132399437	-0.09303828603636712	0.09303828603636712	2.524517132399437	3.4619908905457817	-2.026515436327195	2.026515436327195	3.4619908905457817
109274958	T	A	T	A	109274958:T>A	109274958:T>A	-10	False	False	0.0050000000000000044	0.13435028842544403	2	0.01032	524	107926	80954	0.0050000000000000044	T	A	1	-0.0584430694580078	0.0584430694580078	0.0584430694580078	1	-0.0447454452514648	0.0447454452514648	0.0447454452514648	-0.047010898590087835	-0.033761729796727466	-0.0033946533997853	3.0	3.0	3.0	-4.592300056042047	-3.319816273399454	-0.33888980782154804	0.33888980782154804	3.319816273399454	4.592300056042047	-2.750335379087683	2.750335379087683	4.592300056042047
109274958	T	C	T	C	109274958:T>C	109274958:T>C	-10	False	False	0.019999999999999997	0.0565685424949238	2	0.03935	1093	211807	155568	0.019999999999999997	T	C	1	0.0293874740600585	0.0293874740600585	0.0293874740600585	1	0.0327577590942382	0.0327577590942382	0.0327577590942382	0.023519555727640733	0.006026208400726267	0.0037322392066319004	3.0	3.0	3.0	2.3798321672004383	0.604440252340161	0.3739212684242899	0.3739212684242899	0.604440252340161	2.3798321672004383	1.1193978959882964	1.1193978959882964	2.3798321672004383
109274958	T	G	T	G	109274958:T>G	109274958:T>G	-10	False	False	0.1	0.02828427124746189	2	0.27376	91	19523	16787	0.1	T	G	1	0.0683803558349609	0.0683803558349609	0.0683803558349609	1	0.1386861801147461	0.1386861801147461	0.1386861801147461	0.06715552012125646	0.0446947142481803	0.0043619126081466	3.0	3.0	3.0	6.946178806895717	4.570857124669977	0.43714395958732305	0.43714395958732305	4.570857124669977	6.946178806895717	3.984726630384339	3.984726630384339	6.946178806895717
109274959	G	A	G	A	109274959:G>A	109274959:G>A	-9	False	False	-0.26	0.07071067811865477	2	0.0	1020	221065	173421	0.26	G	A	1	-0.0365638732910156	0.0365638732910156	0.0365638732910156	1	-0.0704231262207031	0.0704231262207031	0.0704231262207031	-0.0355427265167236	-0.0263696598509947	-0.0009668072064717001	3.0	3.0	3.0	-3.4918501221714062	-2.6025016392828246	-0.09663399989631159	0.09663399989631159	2.6025016392828246	3.4918501221714062	-2.063661920450181	2.063661920450181	3.4918501221714062
109274959	G	C	G	C	109274959:G>C	109274959:G>C	-9	False	False	-0.12000000000000001	0.02828427124746191	2	0.01444	151	25978	24072	0.12000000000000001	G	C	1	-0.1165695190429687	0.1165695190429687	0.1165695190429687	1	-0.1041240692138671	0.1041240692138671	0.1041240692138671	-0.05721934636433914	-0.051174081861972774	-0.0035072068373361667	3.0	3.0	3.0	-5.561310118648408	-4.98867413499104	-0.35010637712025616	0.35010637712025616	4.98867413499104	5.561310118648408	-3.6333635435865683	3.6333635435865683	5.561310118648408
109274959	G	T	G	T	109274959:G>T	109274959:G>T	-9	False	False	-0.05499999999999999	0.1767766952966369	2	0.15722	60	15374	8330	0.05499999999999999	G	T	1	-0.1035270690917968	0.1035270690917968	0.1035270690917968	1	-0.0815696716308593	0.0815696716308593	0.0815696716308593	-0.0462869008382161	-0.03850708156824107	-0.0025942424933115336	3.0	3.0	3.0	-4.523200084677768	-3.7775109345536073	-0.2590880354284226	0.2590880354284226	3.7775109345536073	4.523200084677768	-2.853266351553266	2.853266351553266	4.523200084677768
109274960	C	A	C	A	109274960:C>A	109274960:C>A	-8	False	False	0.335	0.07778174593052022	2	0.0	245	52023	59746	0.335	C	A	1	0.0385913848876953	0.0385913848876953	0.0385913848876953	1	0.0526037216186523	0.0526037216186523	0.0526037216186523	0.06154469648996983	0.06445094943046567	0.0032807638247807336	3.0	3.0	3.0	6.347802920158524	6.657326093566349	0.32861514206164133	0.32861514206164133	6.657326093566349	6.347802920158524	4.444581385262172	4.444581385262172	6.657326093566349
109274960	C	G	C	G	109274960:C>G	109274960:C>G	-8	False	False	-0.08	0.0565685424949238	2	0.1265	115	33044	20159	0.08	C	G	1	0.022709846496582	0.022709846496582	0.022709846496582	1	0.0129823684692382	0.0129823684692382	0.0129823684692382	0.0040933688481648665	0.0018834968407948625	-0.000544250011444	3.0	3.0	3.0	0.41017581253246277	0.18852717351305365	-0.05441019342714075	0.05441019342714075	0.18852717351305365	0.41017581253246277	0.18143093087279186	0.2177043931575524	0.41017581253246277
109274960	C	T	C	T	109274960:C>T	109274960:C>T	-8	False	False	-0.12	0.042426406871192854	2	0.0	1021	239653	180291	0.12	C	T	1	-0.0479202270507812	0.0479202270507812	0.0479202270507812	1	-0.0733871459960937	0.0733871459960937	0.0733871459960937	-0.042022864023844364	-0.018100139995415966	-0.0005433857440948	3.0	3.0	3.0	-4.1152142798412905	-1.793731631857717	-0.054323813679846795	0.054323813679846795	1.793731631857717	4.1152142798412905	-1.9877565751262847	1.9877565751262847	4.1152142798412905
109274961	C	A	C	A	109274961:C>A	109274961:C>A	-7	False	False	0.05	0.21213203435596428	2	0.00201	176	31824	29457	0.05	C	A	1	0.0233373641967773	0.0233373641967773	0.0233373641967773	1	0.0515851974487304	0.0515851974487304	0.0515851974487304	0.0131628513336181	0.0010493646065393668	-0.00014990568161008755	3.0	3.0	3.0	1.32498630160437	0.1049915382216081	-0.014989444631481661	0.014989444631481661	0.1049915382216081	1.32498630160437	0.47166279839816544	0.4816557614858199	1.32498630160437
109274961	C	G	C	G	109274961:C>G	109274961:C>G	-7	False	False	-0.020000000000000004	0.16970562748477142	2	0.58228	20	1959	1364	0.020000000000000004	C	G	1	-0.0512504577636718	0.0512504577636718	0.0512504577636718	1	-0.0252456665039062	0.0252456665039062	0.0252456665039062	-0.03744208812713617	-0.025911420583724934	-0.0019359787305195666	3.0	3.0	3.0	-3.674980027131135	-2.5578600535174916	-0.19341059324577473	0.19341059324577473	2.5578600535174916	3.674980027131135	-2.1420835579648005	2.1420835579648005	3.674980027131135
109274961	C	T	C	T	109274961:C>T	109274961:C>T	-7	False	False	0.13	0.0282842712474619	2	4e-05	460	135966	121552	0.13	C	T	1	-0.006998062133789	0.006998062133789	0.006998062133789	1	0.0286169052124023	0.0286169052124023	0.0286169052124023	-0.012191136678059865	-0.01956880092620847	0.00018364191055294916	3.0	3.0	3.0	-1.2117125835375255	-1.9378574794619852	0.018365877376085304	0.018365877376085304	1.9378574794619852	1.2117125835375255	-1.0437347285411418	1.0559786467918653	1.9378574794619852
109274962	C	A	C	A	109274962:C>A	109274962:C>A	-6	False	False	-0.22499999999999998	0.021213203435596416	2	0.0	562	120432	86548	0.22499999999999998	C	A	1	-0.0752182006835937	0.0752182006835937	0.0752182006835937	1	-0.0003519058227539	0.0003519058227539	0.0003519058227539	0.0008435249328613	-0.0026029447714487	0.0005998512109120668	3.0	3.0	3.0	0.08438808000714002	-0.259956004809332	0.0600031157628303	0.0600031157628303	0.259956004809332	0.08438808000714002	-0.03852160301312057	0.13478240019310075	0.259956004809332
109274962	C	G	C	G	109274962:C>G	109274962:C>G	-6	False	False	-0.04	0.014142135623730954	2	0.68475	83	21397	19620	0.04	C	G	1	-0.041975975036621	0.041975975036621	0.041975975036621	1	0.014378547668457	0.014378547668457	0.014378547668457	-0.0007822513580322334	-0.009799495339393565	0.0022597114245096334	3.0	3.0	3.0	-0.07819454792019043	-0.9751636742551882	0.22622664965833783	0.22622664965833783	0.9751636742551882	0.07819454792019043	-0.2757105241723469	0.42652829061123887	0.9751636742551882
109274962	C	T	C	T	109274962:C>T	109274962:C>T	-6	False	False	-0.05	0.12727922061357858	2	0.0	501	124648	98963	0.05	C	T	1	-0.28387451171875	0.28387451171875	0.28387451171875	1	-0.3458681106567383	0.3458681106567383	0.3458681106567383	-0.17159338792165116	-0.16250313321749366	-0.0104127426942189	3.0	3.0	3.0	-15.767839831690452	-14.998657305571333	-1.0358717767497743	1.0358717767497743	14.998657305571333	15.767839831690452	-10.600789638003853	10.600789638003853	15.767839831690452
109274963	T	A	T	A	109274963:T>A	109274963:T>A	-5	False	False	0.04	0.014142135623730954	2	0.22837	517	93314	81459	0.04	T	A	1	0.0040569305419921	0.0040569305419921	0.0040569305419921	1	0.0028162002563476	0.0028162002563476	0.0028162002563476	0.013073841730753535	0.021083650489648133	0.0012290279070535667	3.0	3.0	3.0	1.3159678061857087	2.1307480935239083	0.12297834713565578	0.12297834713565578	2.1307480935239083	1.3159678061857087	1.1898980822817575	1.1898980822817575	2.1307480935239083
109274963	T	C	T	C	109274963:T>C	109274963:T>C	-5	False	False	-0.02	0.0282842712474619	2	0.25452	961	208221	184486	0.02	T	C	1	-0.0180606842041015	0.0180606842041015	0.0180606842041015	1	0.0024633407592773	0.0024633407592773	0.0024633407592773	0.0003379185994466334	-0.0021540721257527332	-0.0003936588764190327	3.0	3.0	3.0	0.033797570036819935	-0.21517537773199413	-0.039358140292991665	0.039358140292991665	0.21517537773199413	0.033797570036819935	-0.07357864932938862	0.09611036268726858	0.21517537773199413
109274963	T	G	T	G	109274963:T>G	109274963:T>G	-5	False	False	1.405	0.3040559159102156	2	0.0	165	25762	43953	1.405	T	G	1	0.0656375885009765	0.0656375885009765	0.0656375885009765	1	0.148259162902832	0.148259162902832	0.148259162902832	0.08672960599263503	0.06131327152252194	0.010469357172648066	3.0	3.0	3.0	9.060174766915384	6.32319423097195	1.05243526473159	1.05243526473159	6.32319423097195	9.060174766915384	5.478601420872974	5.478601420872974	9.060174766915384
109274964	G	A	G	A	109274964:G>A	109274964:G>A	-4	False	False	-0.105	0.021213203435596427	2	0.00119	472	86746	60015	0.105	G	A	1	-0.0488224029541015	0.0488224029541015	0.0488224029541015	1	-0.0830621719360351	0.0830621719360351	0.0830621719360351	-0.027906020482381166	-0.02550972873965897	-0.00027889013290406667	3.0	3.0	3.0	-2.752024431482861	-2.5187104781265077	-0.027885124666603107	0.027885124666603107	2.5187104781265077	2.752024431482861	-1.7662066780919907	1.7662066780919907	2.752024431482861
109274964	G	C	G	C	109274964:G>C	109274964:G>C	-4	False	False	-0.43500000000000005	0.13435028842544405	2	0.0	33	6551	3978	0.43500000000000005	G	C	1	-0.0002613067626953	0.0002613067626953	0.0002613067626953	1	-0.0367698669433593	0.0367698669433593	0.0367698669433593	0.009818911552429166	0.009605991343657133	-9.248654047647709e-05	3.0	3.0	3.0	0.9867275227743099	0.9652276966219175	-0.009248226372824067	0.009248226372824067	0.9652276966219175	0.9867275227743099	0.6475689976744677	0.6537344819230172	0.9867275227743099
109274964	G	T	G	T	109274964:G>T	109274964:G>T	-4	False	False	-0.015000000000000003	0.07778174593052023	2	0.43841	84	15750	13442	0.015000000000000003	G	T	1	-0.013981819152832	0.013981819152832	0.013981819152832	1	-0.0498456954956054	0.0498456954956054	0.0498456954956054	-0.0133293469746907	-0.013875339180231034	-0.00023343165715532485	3.0	3.0	3.0	-1.3240904624996548	-1.3779520346444036	-0.023340441410588164	0.023340441410588164	1.3779520346444036	1.3240904624996548	-0.9084609795182156	0.9084609795182156	1.3779520346444036
109274965	A	C	A	C	109274965:A>C	109274965:A>C	-3	False	False	0.14	0.05656854249492378	2	0.0858	92	18792	17093	0.14	A	C	1	0.0107069015502929	0.0107069015502929	0.0107069015502929	1	0.0502252578735351	0.0502252578735351	0.0502252578735351	0.009271224339803	-0.011446372916301066	-0.0007286270459492334	3.0	3.0	3.0	0.9314335267545725	-1.1381112425798072	-0.07283616617224775	0.07283616617224775	1.1381112425798072	0.9314335267545725	-0.0931712939991608	0.7141269785022092	1.1381112425798072
109274965	A	G	A	G	109274965:A>G	109274965:A>G	-3	False	False	-0.135	0.03535533905932738	2	0.0	1070	225837	165051	0.135	A	G	1	0.0155706405639648	0.0155706405639648	0.0155706405639648	1	0.0105352401733398	0.0105352401733398	0.0105352401733398	0.007870237032572365	0.011209723850091233	0.00010672211647033334	3.0	3.0	3.0	0.7901288756066752	1.1272788228955766	0.01067278114779979	0.01067278114779979	1.1272788228955766	0.7901288756066752	0.6426934932166839	0.6426934932166839	1.1272788228955766
109274965	A	T	A	T	109274965:A>T	109274965:A>T	-3	False	False	0.115	0.03535533905932739	2	7e-05	566	102661	117188	0.115	A	T	1	0.0072231292724609	0.0072231292724609	0.0072231292724609	1	0.0080823898315429	0.0080823898315429	0.0080823898315429	-0.004149993260701433	-0.006714370101690233	-0.0005531509717305226	3.0	3.0	3.0	-0.41413939384920256	-0.6691879084582802	-0.05529980119363456	0.05529980119363456	0.6691879084582802	0.41413939384920256	-0.37954236783370576	0.37954236783370576	0.6691879084582802
109274966	G	A	G	A	109274966:G>A	109274966:G>A	-2	False	False	-0.065	0.035355339059327376	2	0.00405	687	131249	88887	0.065	G	A	1	-0.0383796691894531	0.0383796691894531	0.0383796691894531	1	0.0164709091186523	0.0164709091186523	0.0164709091186523	0.0063188870747884	0.004714806874593067	0.0017401377360025333	3.0	3.0	3.0	0.6338893358671192	0.4725939065025312	0.17416526542673702	0.17416526542673702	0.4725939065025312	0.6338893358671192	0.4268828359321291	0.4268828359321291	0.6338893358671192
109274966	G	C	G	C	109274966:G>C	109274966:G>C	-2	False	False	-0.095	0.021213203435596427	2	0.0256	207	41073	30310	0.095	G	C	1	-0.0636672973632812	0.0636672973632812	0.0636672973632812	1	-0.069314956665039	0.069314956665039	0.069314956665039	-0.04437573750813797	-0.0320495391885439	-0.0016119480133056335	3.0	3.0	3.0	-4.340553848005078	-3.1541395762576556	-0.16106495229002213	0.16106495229002213	3.1541395762576556	4.340553848005078	-2.5519194588509184	2.5519194588509184	4.340553848005078
109274966	G	T	G	T	109274966:G>T	109274966:G>T	-2	False	False	0.005000000000000001	0.049497474683058325	2	0.27863	811	169477	137842	0.005000000000000001	G	T	1	0.001448631286621	0.001448631286621	0.001448631286621	1	0.0406599044799804	0.0406599044799804	0.0406599044799804	0.032825152079264265	0.0317167664567629	0.0043148150046666	3.0	3.0	3.0	3.3369840876370884	3.222510312464407	0.4324137221987476	0.4324137221987476	3.222510312464407	3.3369840876370884	2.330636040766748	2.330636040766748	3.3369840876370884
109274967	G	A	G	A	109274967:G>A	109274967:G>A	-1	False	False	0.12	0.042426406871192854	2	0.0	915	184443	180718	0.12	G	A	1	-0.0825815200805664	0.0825815200805664	0.0825815200805664	1	-0.048750877380371	0.048750877380371	0.048750877380371	-0.011791427930196066	-0.0023881668845812335	0.0024277468522389332	3.0	3.0	3.0	-1.1722181482608722	-0.23853174827806164	0.24306962159147205	0.24306962159147205	0.23853174827806164	1.1722181482608722	-0.3892267583158206	0.5512731727101353	1.1722181482608722
109274967	G	C	G	C	109274967:G>C	109274967:G>C	-1	False	False	-0.405	0.021213203435596385	2	0.0	209	39105	22319	0.405	G	C	1	-0.0416183471679687	0.0416183471679687	0.0416183471679687	1	-0.097320556640625	0.097320556640625	0.097320556640625	-0.07884434858957923	-0.07894078145424523	-0.005978067715962667	3.0	3.0	3.0	-7.581623624328275	-7.590535363410791	-0.5960234622663358	0.5960234622663358	7.590535363410791	7.581623624328275	-5.256060816668467	5.256060816668467	7.590535363410791
109274967	G	T	G	T	109274967:G>T	109274967:G>T	-1	False	False	-0.75	0.04242640687119289	2	0.0	144	25978	11344	0.75	G	T	1	-0.1120939254760742	0.1120939254760742	0.1120939254760742	1	-0.2253885269165039	0.2253885269165039	0.2253885269165039	-0.1370812654495239	-0.1337598363558451	-0.012246141831080068	3.0	3.0	3.0	-12.810063204108902	-12.519986543503512	-1.2171462989609276	1.2171462989609276	12.519986543503512	12.810063204108902	-8.84906534885778	8.84906534885778	12.810063204108902
109274968	G	A	T	A	109274968:G>A	109274968:T>A	0	True	False	-2.875	0.41719300090006295	2	0.0	273	65449	6954	2.875	T	A	1	-1.0925817489624023	1.0925817489624023	1.0925817489624023	1	-1.957563400268555	1.957563400268555	1.957563400268555	-0.5929458538691202	-0.48335719108581543	-0.0414964159329732	3.0	3.0	3.0	-44.73032795607409	-38.329049910897936	-4.064722628004602	4.064722628004602	38.329049910897936	44.73032795607409	-29.041366831658877	29.041366831658877	44.73032795607409
109274968	G	C	T	C	109274968:G>C	109274968:T>C	0	True	False	-2.04	0.36769552621700463	2	0.0	1026	179391	29454	2.04	T	C	1	-0.5306730270385742	0.5306730270385742	0.5306730270385742	1	-0.9422845840454102	0.9422845840454102	0.9422845840454102	-0.39368927478790283	-0.3571513444185257	-0.034765621026356934	3.0	3.0	3.0	-32.54363723945347	-30.033340091337212	-3.4168239611910547	3.4168239611910547	30.033340091337212	32.54363723945347	-21.99793376399391	21.99793376399391	32.54363723945347
109274968	G	T	T	G	109274968:G>T	109274968:T>G	0	True	True	-2.83	0.12727922061357835	2	0.0	40	9183	921	2.83	T	G	1	-0.7311458587646484	0.7311458587646484	0.7311458587646484	1	-1.249044418334961	1.249044418334961	1.249044418334961	-0.4633209705352783	-0.40587950746218365	-0.03569809595743811	3.0	3.0	3.0	-37.08093515647914	-33.36095423349775	-3.5068433746655283	3.5068433746655283	33.36095423349775	37.08093515647914	-24.64957758821414	24.64957758821414	37.08093515647914
109274969	T	A	T	A	109274969:T>A	109274969:T>A	1	False	False	-2.19	0.4525483399593902	2	0.0	477	94713	17475	2.19	T	A	1	-0.5535974502563477	0.5535974502563477	0.5535974502563477	1	-0.9982175827026368	0.9982175827026368	0.9982175827026368	-0.40696195761362713	-0.36787721514701843	-0.029686599969863836	3.0	3.0	3.0	-33.433048652333056	-30.77978315874355	-2.9250281128677296	2.9250281128677296	30.77978315874355	33.433048652333056	-22.37928664131478	22.37928664131478	33.433048652333056
109274969	T	C	T	C	109274969:T>C	109274969:T>C	1	False	False	-1.63	0.29698484809834996	2	0.0	906	186319	50022	1.63	T	C	1	-0.3510608673095703	0.3510608673095703	0.3510608673095703	1	-0.636439323425293	0.636439323425293	0.636439323425293	-0.3077973524729411	-0.2903678019841512	-0.023319025834401402	3.0	3.0	3.0	-26.4935738128096	-25.201159464055117	-2.30492384796681	2.30492384796681	25.201159464055117	26.4935738128096	-17.999885708277176	17.999885708277176	26.4935738128096
109274969	T	G	T	G	109274969:T>G	109274969:T>G	1	False	False	-1.92	0.24041630560342606	2	0.0	75	14640	2871	1.92	T	G	1	-0.4474153518676758	0.4474153518676758	0.4474153518676758	1	-0.8236885070800781	0.8236885070800781	0.8236885070800781	-0.345802108446757	-0.31987179319063824	-0.026997317870457935	3.0	3.0	3.0	-29.234748829410023	-27.37578597070389	-2.663614779122112	2.663614779122112	27.37578597070389	29.234748829410023	-19.75804985974534	19.75804985974534	29.234748829410023
109274970	G	A	G	A	109274970:G>A	109274970:G>A	2	False	False	-0.365	0.021213203435596444	2	0.0	1237	261557	183226	0.365	G	A	1	-0.0560035705566406	0.0560035705566406	0.0560035705566406	1	-0.1041240692138671	0.1041240692138671	0.1041240692138671	-0.0640920400619506	-0.0615863328178723	-0.006779670715331966	3.0	3.0	3.0	-6.208133053456407	-5.972823407588001	-0.6756740596642578	0.6756740596642578	5.972823407588001	6.208133053456407	-4.285543506902889	4.285543506902889	6.208133053456407
109274970	G	C	G	C	109274970:G>C	109274970:G>C	2	False	False	-2.7350000000000003	0.2757716446627538	2	0.0	220	45269	4973	2.7350000000000003	G	C	1	-0.8566532135009766	0.8566532135009766	0.8566532135009766	1	-1.1668167114257812	1.1668167114257812	1.1668167114257812	-0.43043990929921466	-0.4040218989054362	-0.03211572766304013	3.0	3.0	3.0	-34.97770073425824	-33.23704992464606	-3.160549443888358	3.160549443888358	33.23704992464606	34.97770073425824	-23.79176670093089	23.79176670093089	34.97770073425824
109274970	G	T	G	T	109274970:G>T	109274970:G>T	2	False	False	-0.9850000000000001	0.19091883092036796	2	0.0	85	15311	5456	0.9850000000000001	G	T	1	-0.1741390228271484	0.1741390228271484	0.1741390228271484	1	-0.2520055770874023	0.2520055770874023	0.2520055770874023	-0.14704906940460202	-0.14304846525192258	-0.009209265311559	3.0	3.0	3.0	-13.67483828658435	-13.32879375408805	-0.9166989902455812	0.9166989902455812	13.32879375408805	13.67483828658435	-9.306777010305995	9.306777010305995	13.67483828658435
109274971	C	A	C	A	109274971:C>A	109274971:C>A	3	False	False	-0.585	0.1060660171779821	2	0.0	351	70219	39559	0.585	C	A	1	-0.2973766326904297	0.2973766326904297	0.2973766326904297	1	-0.5669126510620117	0.5669126510620117	0.5669126510620117	-0.2727155288060506	-0.2534459829330444	-0.0223832031091054	3.0	3.0	3.0	-23.869067259885917	-22.387833239105866	-2.2134557832827997	2.2134557832827997	22.387833239105866	23.869067259885917	-16.15678542742486	16.15678542742486	23.869067259885917
109274971	C	G	C	G	109274971:C>G	109274971:C>G	3	False	False	-1.47	0.3535533905932738	2	0.0	158	43509	13584	1.47	C	G	1	-0.226776123046875	0.226776123046875	0.226776123046875	1	-0.5451478958129883	0.5451478958129883	0.5451478958129883	-0.2546242078145345	-0.2341709534327189	-0.020939300457636503	3.0	3.0	3.0	-22.479223975097877	-20.877345856022043	-2.072159548354685	2.072159548354685	20.877345856022043	22.479223975097877	-15.142909793158202	15.142909793158202	22.479223975097877
109274971	C	T	C	T	109274971:C>T	109274971:C>T	3	False	False	-1.56	0.1979898987322334	2	0.0	1090	328484	84229	1.56	C	T	1	-0.3800935745239258	0.3800935745239258	0.3800935745239258	1	-0.6942930221557617	0.6942930221557617	0.6942930221557617	-0.3163314263025919	-0.2974277238051097	-0.027131487925847336	3.0	3.0	3.0	-27.118213927355594	-25.727373729100194	-2.6766735312522627	2.6766735312522627	25.727373729100194	27.118213927355594	-18.507420395902685	18.507420395902685	27.118213927355594
109274972	T	A	T	A	109274972:T>A	109274972:T>A	4	False	False	0.22499999999999998	0.09192388155425116	2	0.0	372	67499	69475	0.22499999999999998	T	A	1	-0.0568513870239257	0.0568513870239257	0.0568513870239257	1	0.0045747756958007	0.0045747756958007	0.0045747756958007	0.005900700887044234	0.008424051105976034	0.0015904903411864668	3.0	3.0	3.0	0.5918144315129809	0.8459633269635445	0.15917558417823946	0.15917558417823946	0.8459633269635445	0.5918144315129809	0.5323177808849215	0.5323177808849215	0.8459633269635445
109274972	T	C	T	C	109274972:T>C	109274972:T>C	4	False	False	-0.45	0.11313708498984763	2	0.0	1208	218717	124412	0.45	T	C	1	-0.0915002822875976	0.0915002822875976	0.0915002822875976	1	-0.1960201263427734	0.1960201263427734	0.1960201263427734	-0.09039203325907381	-0.08029740055402114	-0.008837272723515767	3.0	3.0	3.0	-8.642703592800286	-7.715814810677518	-0.8798338803223831	0.8798338803223831	7.715814810677518	8.642703592800286	-5.746117427933396	5.746117427933396	8.642703592800286
109274972	T	G	T	G	109274972:T>G	109274972:T>G	4	False	False	-0.12499999999999999	0.31819805153394637	2	0.00792	60	11018	8407	0.12499999999999999	T	G	1	-0.4074373245239258	0.4074373245239258	0.4074373245239258	1	-0.2520055770874023	0.2520055770874023	0.2520055770874023	-0.12269151210784911	-0.11646046241124468	-0.008922090133031167	3.0	3.0	3.0	-11.546351072610491	-10.993471268370234	-0.8882406395185816	0.8882406395185816	10.993471268370234	11.546351072610491	-7.809354326833102	7.809354326833102	11.546351072610491
109274973	C	A	C	A	109274973:C>A	109274973:C>A	5	False	False	-1.145	0.2474873734152917	2	0.0	184	28946	10810	1.145	C	A	1	-0.3544368743896484	0.3544368743896484	0.3544368743896484	1	-0.4948606491088867	0.4948606491088867	0.4948606491088867	-0.23752204577128092	-0.2228496472040812	-0.019431501626968332	3.0	3.0	3.0	-21.14204940539808	-19.976484215666154	-1.9243926916801177	1.9243926916801177	19.976484215666154	21.14204940539808	-14.347642104248118	14.347642104248118	21.14204940539808
109274973	C	G	C	G	109274973:C>G	109274973:C>G	5	False	False	-1.93	0.0	2	0.0	40	10293	2282	1.93	C	G	1	-0.5289602279663086	0.5289602279663086	0.5289602279663086	1	-0.8498134613037109	0.8498134613037109	0.8498134613037109	-0.3691229422887166	-0.3332868963479996	-0.026201019684473633	3.0	3.0	3.0	-30.865958974696262	-28.34354150996767	-2.586075123894323	2.586075123894323	28.34354150996767	30.865958974696262	-20.598525202852752	20.598525202852752	30.865958974696262
109274973	C	T	C	T	109274973:C>T	109274973:C>T	5	False	False	-0.505	0.1202081528017131	2	0.0	808	205304	125491	0.505	C	T	1	-0.1309871673583984	0.1309871673583984	0.1309871673583984	1	-0.1656551361083984	0.1656551361083984	0.1656551361083984	-0.0762796799341837	-0.06461146970589954	-0.0031593143939971334	3.0	3.0	3.0	-7.344296909146479	-6.256838678841836	-0.3154329011788941	0.3154329011788941	6.256838678841836	7.344296909146479	-4.638856163055737	4.638856163055737	7.344296909146479
109274974	A	C	A	C	109274974:A>C	109274974:A>C	6	False	False	-1.915	0.007071067811865403	2	0.0	116	23891	12222	1.915	A	C	1	-0.2688760757446289	0.2688760757446289	0.2688760757446289	1	-0.521428108215332	0.521428108215332	0.521428108215332	-0.24560046195983884	-0.2322323421637217	-0.0189077953497568	3.0	3.0	3.0	-21.77653049835303	-20.72380901102195	-1.873016428629928	1.873016428629928	20.72380901102195	21.77653049835303	-14.791118646001635	14.791118646001635	21.77653049835303
109274974	A	G	A	G	109274974:A>G	109274974:A>G	6	False	False	-1.8299999999999998	0.25455844122715704	2	0.0	891	171130	37603	1.8299999999999998	A	G	1	-0.4399547576904297	0.4399547576904297	0.4399547576904297	1	-0.7773408889770508	0.7773408889770508	0.7773408889770508	-0.3527398506800334	-0.3305257906516393	-0.026834001143773364	3.0	3.0	3.0	-29.724000786722232	-28.145417058844725	-2.6477168211346362	2.6477168211346362	28.145417058844725	29.724000786722232	-20.172378222233863	20.172378222233863	29.724000786722232
109274974	A	T	A	T	109274974:A>T	109274974:A>T	6	False	False	-2.06	0.28284271247461884	2	0.0	562	119323	23071	2.06	A	T	1	-0.4595041275024414	0.4595041275024414	0.4595041275024414	1	-0.840632438659668	0.840632438659668	0.840632438659668	-0.3719056049982707	-0.3447961062192917	-0.029787937800089467	3.0	3.0	3.0	-31.05806828095491	-29.163523008444947	-2.9348649814561076	2.9348649814561076	29.163523008444947	31.05806828095491	-21.052152090285322	21.052152090285322	31.05806828095491
109274975	A	C	A	C	109274975:A>C	109274975:A>C	7	False	False	-2.175	0.1767766952966369	2	0.0	77	16659	3549	2.175	A	C	1	-0.4811639785766601	0.4811639785766601	0.4811639785766601	1	-0.888768196105957	0.888768196105957	0.888768196105957	-0.39071444670359295	-0.3624899586041768	-0.028236160675684564	3.0	3.0	3.0	-32.34266737986538	-30.405869813436194	-2.7841245978662914	2.7841245978662914	30.405869813436194	32.34266737986538	-21.844220597055955	21.844220597055955	32.34266737986538
109274975	A	G	A	G	109274975:A>G	109274975:A>G	7	False	False	-2.015	0.23334523779156074	2	0.0	923	201169	36378	2.015	A	G	1	-0.3925905227661133	0.3925905227661133	0.3925905227661133	1	-0.7656078338623047	0.7656078338623047	0.7656078338623047	-0.35767304897308344	-0.34526796638965607	-0.030482520659764565	3.0	3.0	3.0	-30.069832496524064	-29.196940035844044	-3.0022613516206884	3.0022613516206884	29.196940035844044	30.069832496524064	-20.756344627996267	20.756344627996267	30.069832496524064
109274975	A	T	A	T	109274975:A>T	109274975:A>T	7	False	False	-1.7	0.31112698372208086	2	0.0	338	71210	17610	1.7	A	T	1	-0.4287424087524414	0.4287424087524414	0.4287424087524414	1	-0.7674074172973633	0.7674074172973633	0.7674074172973633	-0.35450291633605957	-0.3411717265844345	-0.026549736658732035	3.0	3.0	3.0	-29.847792828563087	-28.906318902725776	-2.620039090777693	2.620039090777693	28.906318902725776	29.847792828563087	-20.458050274022185	20.458050274022185	29.847792828563087
109274976	T	A	T	A	109274976:T>A	109274976:T>A	8	False	False	-0.14500000000000002	0.06363961030678929	2	0.0	616	104230	74359	0.14500000000000002	T	A	1	0.0455446243286132	0.0455446243286132	0.0455446243286132	1	-0.0494804382324218	0.0494804382324218	0.0494804382324218	-0.031075358390808095	-0.07304837803045906	-0.0028691788514454667	3.0	3.0	3.0	-3.0597482290386817	-7.044414114365997	-0.2865066691585532	0.2865066691585532	7.044414114365997	3.0597482290386817	-3.463556337521078	3.463556337521078	7.044414114365997
109274976	T	C	T	C	109274976:T>C	109274976:T>C	8	False	False	-0.5	0.04242640687119289	2	0.0	972	163066	91945	0.5	T	C	1	-0.0286808013916015	0.0286808013916015	0.0286808013916015	1	-0.0800790786743164	0.0800790786743164	0.0800790786743164	-0.054570515950520794	-0.058523255089918735	-0.0038690765698750334	3.0	3.0	3.0	-5.3108264467210935	-5.684369304009022	-0.3861601336980336	0.3861601336980336	5.684369304009022	5.3108264467210935	-3.7937852948093833	3.7937852948093833	5.684369304009022
109274976	T	G	T	G	109274976:T>G	109274976:T>G	8	False	False	-1.56	0.2969848480983499	2	0.0	65	10620	1738	1.56	T	G	1	-0.2227544784545898	0.2227544784545898	0.2227544784545898	1	-0.3999528884887695	0.3999528884887695	0.3999528884887695	-0.21717476844787595	-0.21658892929553986	-0.017660280068715367	3.0	3.0	3.0	-19.521069476420426	-19.473907954797497	-1.7505251281436096	1.7505251281436096	19.473907954797497	19.521069476420426	-13.581834186453845	13.581834186453845	19.521069476420426
109274977	C	A	C	A	109274977:C>A	109274977:C>A	9	False	False	-0.06999999999999999	0.07071067811865475	2	0.19599	145	33439	34345	0.06999999999999999	C	A	1	-0.0107221603393554	0.0107221603393554	0.0107221603393554	1	0.0234231948852539	0.0234231948852539	0.0234231948852539	0.0190122524897257	-0.014524714400370833	-0.00041163961092626665	3.0	3.0	3.0	1.919413620658819	-1.4419739593770367	-0.04115548989656231	0.04115548989656231	1.4419739593770367	1.919413620658819	0.1454280571284067	1.1341810233108058	1.919413620658819
109274977	C	G	C	G	109274977:C>G	109274977:C>G	9	False	False	-0.635	0.26162950903902255	2	0.0	225	77956	38486	0.635	C	G	1	-0.0379724502563476	0.0379724502563476	0.0379724502563476	1	-0.0976972579956054	0.0976972579956054	0.0976972579956054	-0.0695118904113769	-0.07104368011156713	-0.0062306722005208	3.0	3.0	3.0	-6.715095864024256	-6.857879334319714	-0.6211301813542587	0.6211301813542587	6.857879334319714	6.715095864024256	-4.73136845989941	4.73136845989941	6.857879334319714
109274977	C	T	C	T	109274977:C>T	109274977:C>T	9	False	False	-0.8300000000000001	0.08485281374238574	2	0.0	696	182800	95444	0.8300000000000001	C	T	1	-0.1821432113647461	0.1821432113647461	0.1821432113647461	1	-0.2816915512084961	0.2816915512084961	0.2816915512084961	-0.14272967974344886	-0.13456291953722632	-0.013341059287389066	3.0	3.0	3.0	-13.30115982512089	-12.590212068774015	-1.325246178839885	1.325246178839885	12.590212068774015	13.30115982512089	-9.07220602424493	9.07220602424493	13.30115982512089
109274978	A	C	A	C	109274978:A>C	109274978:A>C	10	False	False	-0.195	0.06363961030678926	2	0.00179	141	22906	11116	0.195	A	C	1	0.0449962615966796	0.0449962615966796	0.0449962615966796	1	0.0150766372680664	0.0150766372680664	0.0150766372680664	0.017219503720601367	0.020115954180558466	0.0005429486433664333	3.0	3.0	3.0	1.736861401366506	2.031964349590162	0.05430960666609854	0.05430960666609854	2.031964349590162	1.736861401366506	1.2743784525409223	1.2743784525409223	2.031964349590162
109274978	A	G	A	G	109274978:A>G	109274978:A>G	10	False	False	0.05500000000000001	0.02121320343559643	2	0.00227	1254	258282	237486	0.05500000000000001	A	G	1	0.0202016830444335	0.0202016830444335	0.0202016830444335	1	0.0289621353149414	0.0289621353149414	0.0289621353149414	0.0184940894444783	0.0139316469430923	0.0013386309146880668	3.0	3.0	3.0	1.866616426885968	1.4029144577769719	0.13395272809741984	0.13395272809741984	1.4029144577769719	1.866616426885968	1.1344945375867865	1.1344945375867865	1.866616426885968
109274978	A	T	A	T	109274978:A>T	109274978:A>T	10	False	False	-0.24000000000000002	0.05656854249492382	2	0.0	671	127056	94406	0.24000000000000002	A	T	1	0.0135259628295898	0.0135259628295898	0.0135259628295898	1	-0.0209474563598632	0.0209474563598632	0.0209474563598632	-0.006365458170572867	-0.0037462376058101337	0.0004083812236786	3.0	3.0	3.0	-0.6345241560452295	-0.3739229212144657	0.04084646226429973	0.04084646226429973	0.3739229212144657	0.6345241560452295	-0.3225335383317985	0.34976451317466495	0.6345241560452295
109274979	A	C	A	C	109274979:A>C	109274979:A>C	11	False	False	-0.05500000000000001	0.021213203435596427	2	0.38939	129	20093	14771	0.05500000000000001	A	C	1	0.0070676803588867	0.0070676803588867	0.0070676803588867	1	0.022383689880371	0.022383689880371	0.022383689880371	0.033523201942443764	0.03460486481587086	0.005847086509068767	3.0	3.0	3.0	3.4091436377927815	3.5210579851243304	0.58642140852589	0.58642140852589	3.5210579851243304	3.4091436377927815	2.5055410104810005	2.5055410104810005	3.5210579851243304
109274979	A	G	A	G	109274979:A>G	109274979:A>G	11	False	False	0.03	0.01414213562373095	2	0.06318	1267	273233	233757	0.03	A	G	1	0.0363092422485351	0.0363092422485351	0.0363092422485351	1	0.0230779647827148	0.0230779647827148	0.0230779647827148	0.024599472681681302	0.033280245959758696	0.0042298237482706336	3.0	3.0	3.0	2.4904536039413845	3.3840228194317645	0.4238782079007985	0.4238782079007985	3.3840228194317645	2.4904536039413845	2.0994515437579824	2.0994515437579824	3.3840228194317645
109274979	A	T	A	T	109274979:A>T	109274979:A>T	11	False	False	0.019999999999999997	0.09899494936611665	2	0.02625	444	84405	63848	0.019999999999999997	A	T	1	0.0449390411376953	0.0449390411376953	0.0449390411376953	1	0.0440835952758789	0.0440835952758789	0.0440835952758789	0.023267189661661733	0.010134458541870067	0.0026724835236866668	3.0	3.0	3.0	2.3539982316622625	1.0185986087657772	0.2676057791126565	0.2676057791126565	1.0185986087657772	2.3539982316622625	1.2134008731802322	1.2134008731802322	2.3539982316622625
109274980	G	A	G	A	109274980:G>A	109274980:G>A	12	False	False	0.05	0.0	2	0.0235	1139	249067	218258	0.05	G	A	1	0.0558738708496093	0.0558738708496093	0.0558738708496093	1	0.0835371017456054	0.0835371017456054	0.0835371017456054	0.061673005421956334	0.05182537436485287	0.008130788803100534	3.0	3.0	3.0	6.361449168619382	5.319181216522412	0.8163933436152124	0.8163933436152124	5.319181216522412	6.361449168619382	4.165674576252336	4.165674576252336	6.361449168619382
109274980	G	C	G	C	109274980:G>C	109274980:G>C	12	False	False	0.275	0.04949747468305835	2	0.0	127	29970	36758	0.275	G	C	1	0.0071096420288085	0.0071096420288085	0.0071096420288085	1	0.0324125289916992	0.0324125289916992	0.0324125289916992	0.0017507076263427665	-0.029188501338163933	0.006788487235705	3.0	3.0	3.0	0.1752241009643949	-2.876663157939461	0.6811581243395824	0.6811581243395824	2.876663157939461	0.1752241009643949	-0.673426977545161	1.2443484610811462	2.876663157939461
109274980	G	T	G	T	109274980:G>T	109274980:G>T	12	False	False	0.215	0.007071067811865481	2	0.0	381	77407	74916	0.215	G	T	1	-0.0191049575805664	0.0191049575805664	0.0191049575805664	1	-0.0263214111328125	0.0263214111328125	0.0263214111328125	-0.005688190460204999	0.0111695577700932	0.0012216071287791	3.0	3.0	3.0	-0.5672043335330059	1.1232170180983267	0.12223535946993924	0.12223535946993924	1.1232170180983267	0.5672043335330059	0.2260826813450867	0.604218903700424	1.1232170180983267
109274981	C	A	C	A	109274981:C>A	109274981:C>A	13	False	False	-0.475	0.07778174593052027	2	0.0	96	33447	21164	0.475	C	A	1	-0.1400308609008789	0.1400308609008789	0.1400308609008789	1	-0.1783628463745117	0.1783628463745117	0.1783628463745117	-0.07730956872304277	-0.08069524168968194	-0.005473315715789733	3.0	3.0	3.0	-7.4396728572435595	-7.75252195342693	-0.5458364413497077	0.5458364413497077	7.75252195342693	7.4396728572435595	-5.246010417340066	5.246010417340066	7.75252195342693
109274981	C	G	C	G	109274981:C>G	109274981:C>G	13	False	False	0.33	0.16970562748477142	2	0.0	271	66695	86355	0.33	C	G	1	0.0660047531127929	0.0660047531127929	0.0660047531127929	1	0.1209688186645507	0.1209688186645507	0.1209688186645507	0.07929464181264236	0.07937044401963546	0.008043348789215034	3.0	3.0	3.0	8.252323169316643	8.260529245340416	0.8075783421789013	0.8075783421789013	8.260529245340416	8.252323169316643	5.77347691894532	5.77347691894532	8.260529245340416
109274981	C	T	C	T	109274981:C>T	109274981:C>T	13	False	False	-0.030000000000000002	0.028284271247461905	2	0.1497	1216	333056	314925	0.030000000000000002	C	T	1	-0.0261077880859375	0.0261077880859375	0.0261077880859375	1	-0.0306367874145507	0.0306367874145507	0.0306367874145507	-0.0170870224634806	-0.019186062117417635	0.002342879772186233	3.0	3.0	3.0	-1.694186722796177	-1.9003181084173784	0.23456264596336476	0.23456264596336476	1.9003181084173784	1.694186722796177	-1.1199807284167302	1.2763558257256402	1.9003181084173784
109274982	A	C	A	C	109274982:A>C	109274982:A>C	14	False	False	-0.36	0.12727922061357858	2	0.0	167	30422	18821	0.36	A	C	1	0.0096197128295898	0.0096197128295898	0.0096197128295898	1	0.0485200881958007	0.0485200881958007	0.0485200881958007	0.033921877543131466	0.0335752740502357	0.005487774809201499	3.0	3.0	3.0	3.4503785593815826	3.4145285100665688	0.5502860227882359	0.5502860227882359	3.4145285100665688	3.4503785593815826	2.4717310307454627	2.4717310307454627	3.4503785593815826
109274982	A	G	A	G	109274982:A>G	109274982:A>G	14	False	False	0.08	0.042426406871192854	2	3e-05	1029	200672	166518	0.08	A	G	1	0.000319480895996	0.000319480895996	0.000319480895996	1	0.0389471054077148	0.0389471054077148	0.0389471054077148	0.0059810479482015	-0.0004359732071558666	-0.0015958944956461333	3.0	3.0	3.0	0.5998970128805116	-0.04358781846467788	-0.1594621733180422	0.1594621733180422	0.04358781846467788	0.5998970128805116	0.13228234036593048	0.26764900155441057	0.5998970128805116
109274982	A	T	A	T	109274982:A>T	109274982:A>T	14	False	False	0.875	0.1767766952966369	2	0.0	674	126840	171454	0.875	A	T	1	0.1579227447509765	0.1579227447509765	0.1579227447509765	1	0.2226400375366211	0.2226400375366211	0.2226400375366211	0.11704667409261064	0.09051483869552611	0.015039106210072798	3.0	3.0	3.0	12.417189816935343	9.47377520013066	1.5152762616685607	1.5152762616685607	9.47377520013066	12.417189816935343	7.802080426244854	7.802080426244854	12.417189816935343
109274983	C	A	C	A	109274983:C>A	109274983:C>A	15	False	False	0.575	0.03535533905932729	2	0.0	58	9633	17075	0.575	C	A	1	0.0845108032226562	0.0845108032226562	0.0845108032226562	1	0.1970415115356445	0.1970415115356445	0.1970415115356445	0.10597876707712807	0.09253560503323867	0.0127487331628799	3.0	3.0	3.0	11.17982695290031	9.695219788446586	1.2830344707343462	1.2830344707343462	9.695219788446586	11.17982695290031	7.386027070693747	7.386027070693747	11.17982695290031
109274983	C	G	C	G	109274983:C>G	109274983:C>G	15	False	False	-0.034999999999999996	0.035355339059327376	2	0.3033	147	42891	34217	0.034999999999999996	C	G	1	-0.0291318893432617	0.0291318893432617	0.0291318893432617	1	0.0115842819213867	0.0115842819213867	0.0115842819213867	-0.0063678026199340656	-0.0060587997237841	0.0057180523872375	3.0	3.0	3.0	-0.634757113098519	-0.6040482209458629	0.5734431653074066	0.5734431653074066	0.6040482209458629	0.634757113098519	-0.22178738957899177	0.6040828331172629	0.634757113098519
109274983	C	T	C	T	109274983:C>T	109274983:C>T	15	False	False	-0.07	0.0	2	0.00018	1103	290371	266969	0.07	C	T	1	-0.0083074569702148	0.0083074569702148	0.0083074569702148	1	0.0293073654174804	0.0293073654174804	0.0293073654174804	-0.0150078932444254	-0.018818892538547467	-0.0007504820823668667	3.0	3.0	3.0	-1.4895836095575221	-1.8642922761398462	-0.07502005411238472	0.07502005411238472	1.8642922761398462	1.4895836095575221	-1.1429653132699176	1.1429653132699176	1.8642922761398462
109274984	A	C	A	C	109274984:A>C	109274984:A>C	16	False	False	-0.015	0.03535533905932738	2	0.60654	152	29882	18636	0.015	A	C	1	0.0143337249755859	0.0143337249755859	0.0143337249755859	1	0.0471563339233398	0.0471563339233398	0.0471563339233398	0.028252204259236597	0.013937575121720632	0.007162764668464601	3.0	3.0	3.0	2.865508290254259	1.4035155941491315	0.7188478624988672	0.7188478624988672	1.4035155941491315	2.865508290254259	1.6626239156340858	1.6626239156340858	2.865508290254259
109274984	A	G	A	G	109274984:A>G	109274984:A>G	16	False	False	0.845	0.03535533905932741	2	0.0	1272	274608	416027	0.845	A	G	1	-0.0593366622924804	0.0593366622924804	0.0593366622924804	1	0.0059785842895507	0.0059785842895507	0.0059785842895507	-0.004079937934875467	0.0019950618346532335	0.0066630840301513	3.0	3.0	3.0	-0.407162629559885	0.19970532946570166	0.6685331759929726	0.6685331759929726	0.19970532946570166	0.407162629559885	0.15369195863292973	0.4251337116728531	0.6685331759929726
109274984	A	T	A	T	109274984:A>T	109274984:A>T	16	False	False	-0.075	0.12020815280171307	2	1e-05	497	92925	70412	0.075	A	T	1	-0.0246038436889648	0.0246038436889648	0.0246038436889648	1	-0.0166635513305664	0.0166635513305664	0.0166635513305664	-0.012861927350362101	-0.008318665126959467	0.0034660895665486	3.0	3.0	3.0	-1.277956624842768	-0.8284160775216484	0.34721034011460095	0.34721034011460095	0.8284160775216484	1.277956624842768	-0.5863874540832718	0.8178610141596726	1.277956624842768
109274985	G	A	G	A	109274985:G>A	109274985:G>A	17	False	False	0.125	0.02121320343559643	2	1e-05	625	142805	121793	0.125	G	A	1	-0.0577955245971679	0.0577955245971679	0.0577955245971679	1	0.0327577590942382	0.0327577590942382	0.0327577590942382	-0.006443381309509233	-0.001232179502646133	0.006772980093955967	3.0	3.0	3.0	-0.642266724158373	-0.12314206811828467	0.6795968594545007	0.6795968594545007	0.12314206811828467	0.642266724158373	-0.028603977607385683	0.4816685505770528	0.6795968594545007
109274985	G	C	G	C	109274985:G>C	109274985:G>C	17	False	False	0.495	0.1767766952966369	2	0.0	165	30223	36734	0.495	G	C	1	0.0351600646972656	0.0351600646972656	0.0351600646972656	1	0.1046705245971679	0.1046705245971679	0.1046705245971679	0.0509178241093953	0.047229727109273235	0.014625852306683833	3.0	3.0	3.0	5.223642126525085	4.8362818778166075	1.4733333446338224	1.4733333446338224	4.8362818778166075	5.223642126525085	3.8444191163251715	3.8444191163251715	5.223642126525085
109274985	G	T	G	T	109274985:G>T	109274985:G>T	17	False	False	0.3	0.08485281374238571	2	0.0	755	127313	110262	0.3	G	T	1	-0.0334596633911132	0.0334596633911132	0.0334596633911132	1	0.1017179489135742	0.1017179489135742	0.1017179489135742	0.04500571886698399	0.05523189405600226	0.015554899970690367	3.0	3.0	3.0	4.603384202001474	5.678564857381672	1.56765071381836	1.56765071381836	5.678564857381672	4.603384202001474	3.949866591067169	3.949866591067169	5.678564857381672
109274986	G	A	G	A	109274986:G>A	109274986:G>A	18	False	False	-0.665	0.10606601717798218	2	0.0	783	175868	94069	0.665	G	A	1	-0.1386365890502929	0.1386365890502929	0.1386365890502929	1	-0.1767683029174804	0.1767683029174804	0.1767683029174804	-0.053110480308532666	0.004490599036216733	-0.0017640690008798668	3.0	3.0	3.0	-5.17247590463851	0.45006968855415586	-0.17625139457025527	0.17625139457025527	0.45006968855415586	5.17247590463851	-1.6328858702182032	1.9329323292543072	5.17247590463851
109274986	G	C	G	C	109274986:G>C	109274986:G>C	18	False	False	1.135	0.03535533905932725	2	0.0	237	59546	137295	1.135	G	C	1	0.1582460403442382	0.1582460403442382	0.1582460403442382	1	0.2412481307983398	0.2412481307983398	0.2412481307983398	0.10408250490824378	0.07851059734821313	0.011858105659484834	3.0	3.0	3.0	10.969200617596483	8.167481798623841	1.1928691724147238	1.1928691724147238	8.167481798623841	10.969200617596483	6.776517196211683	6.776517196211683	10.969200617596483
109274986	G	T	G	T	109274986:G>T	109274986:G>T	18	False	False	-0.09999999999999999	0.1131370849898476	2	0.04414	131	23975	23692	0.09999999999999999	G	T	1	-0.0115442276000976	0.0115442276000976	0.0115442276000976	1	0.0614137649536132	0.0614137649536132	0.0614137649536132	0.010239044825236	0.011385659376780167	0.006458237767219499	3.0	3.0	3.0	1.0291643210497616	1.1450722691616744	0.647913715158895	0.647913715158895	1.1450722691616744	1.0291643210497616	0.940716768456777	0.940716768456777	1.1450722691616744
109274987	T	A	T	A	109274987:T>A	109274987:T>A	19	False	False	0.015000000000000003	0.07778174593052023	2	0.1304	437	83735	58819	0.015000000000000003	T	A	1	-0.00494384765625	0.00494384765625	0.00494384765625	1	0.0178632736206054	0.0178632736206054	0.0178632736206054	-0.009144822756449367	-0.003049649298191033	0.004720687866210933	3.0	3.0	3.0	-0.9103136034167042	-0.30450038413080405	0.4731847867225998	0.4731847867225998	0.30450038413080405	0.9103136034167042	-0.2472097336083028	0.562666258090036	0.9103136034167042
109274987	T	C	T	C	109274987:T>C	109274987:T>C	19	False	False	-0.185	0.03535533905932737	2	0.0	1395	274267	202731	0.185	T	C	1	0.0195741653442382	0.0195741653442382	0.0195741653442382	1	0.0133314132690429	0.0133314132690429	0.0133314132690429	-0.016271432240804	-0.010843887925147934	0.0029112547636031666	3.0	3.0	3.0	-1.6139767578696618	-1.0785304919546634	0.2915496581090754	0.2915496581090754	1.0785304919546634	1.6139767578696618	-0.8003191972384166	0.9946856359778002	1.6139767578696618
109274987	T	G	T	G	109274987:T>G	109274987:T>G	19	False	False	0.6950000000000001	0.41719300090006306	2	0.0	102	30389	53226	0.6950000000000001	T	G	1	-0.001601219177246	0.001601219177246	0.001601219177246	1	0.1274366378784179	0.1274366378784179	0.1274366378784179	0.09429275989532467	0.10255438089370728	0.011198580265045102	3.0	3.0	3.0	9.888140723586591	10.799755416872516	1.1261519087424732	1.1261519087424732	10.799755416872516	9.888140723586591	7.27134934973386	7.27134934973386	10.799755416872516
109274988	T	A	T	A	109274988:T>A	109274988:T>A	20	False	False	-0.78	0.05656854249492373	2	0.0	439	85246	43570	0.78	T	A	1	-0.1454658508300781	0.1454658508300781	0.1454658508300781	1	-0.3067579269409179	0.3067579269409179	0.3067579269409179	-0.11227715015411373	-0.10185195008913672	-0.011190891265869099	3.0	3.0	3.0	-10.620349266980869	-9.6836744989352	-1.1128506173995327	1.1128506173995327	9.6836744989352	10.620349266980869	-7.1389581277718674	7.1389581277718674	10.620349266980869
109274988	T	C	T	C	109274988:T>C	109274988:T>C	20	False	False	-0.19	0.05656854249492382	2	0.0	1318	302208	212958	0.19	T	C	1	-0.0267457962036132	0.0267457962036132	0.0267457962036132	1	-0.069314956665039	0.069314956665039	0.069314956665039	-0.03648026784261063	-0.028033715983231833	0.0032762040694553998	3.0	3.0	3.0	-3.5822880996716426	-2.7644417675939463	0.328157669167447	0.328157669167447	2.7644417675939463	3.5822880996716426	-2.006190732699381	2.2249625121443453	3.5822880996716426
109274988	T	G	T	G	109274988:T>G	109274988:T>G	20	False	False	-1.595	0.2474873734152917	2	0.0	144	19756	3618	1.595	T	G	1	-0.1877784729003906	0.1877784729003906	0.1877784729003906	1	-0.3895273208618164	0.3895273208618164	0.3895273208618164	-0.14701608816782627	-0.12835436065991712	-0.015625675519307398	3.0	3.0	3.0	-13.671991129035044	-12.045835104370052	-1.5504228040718229	1.5504228040718229	12.045835104370052	13.671991129035044	-9.08941634582564	9.08941634582564	13.671991129035044
109274989	T	A	T	A	109274989:T>A	109274989:T>A	21	False	False	-0.035	0.007071067811865474	2	0.28064	624	100094	69671	0.035	T	A	1	0.1096010208129882	0.1096010208129882	0.1096010208129882	1	0.0822057723999023	0.0822057723999023	0.0822057723999023	0.07019714514414467	0.06400796274344124	0.006034975250561968	3.0	3.0	3.0	7.271964187773884	6.610088781555927	0.60532224022678	0.60532224022678	6.610088781555927	7.271964187773884	4.829125069852197	4.829125069852197	7.271964187773884
109274989	T	C	T	C	109274989:T>C	109274989:T>C	21	False	False	0.53	0.05656854249492373	2	0.0	1380	245735	290609	0.53	T	C	1	0.0452775955200195	0.0452775955200195	0.0452775955200195	1	0.0701704025268554	0.0701704025268554	0.0701704025268554	0.06230608622233067	0.07933166126410163	0.006056591868400533	3.0	3.0	3.0	6.428805878858375	8.256330685117124	0.6074970105356774	0.6074970105356774	8.256330685117124	6.428805878858375	5.097544524837059	5.097544524837059	8.256330685117124
109274989	T	G	T	G	109274989:T>G	109274989:T>G	21	False	False	-0.22999999999999998	0.16970562748477142	2	0.00033	91	12793	7363	0.22999999999999998	T	G	1	0.1042737960815429	0.1042737960815429	0.1042737960815429	1	0.0802068710327148	0.0802068710327148	0.0802068710327148	0.07679625352223711	0.061399643619855206	0.005824913581212334	3.0	3.0	3.0	7.9822044039869215	6.332377984857185	0.5841911377865694	0.5841911377865694	6.332377984857185	7.9822044039869215	4.966257842210226	4.966257842210226	7.9822044039869215
109274990	C	A	C	A	109274990:C>A	109274990:C>A	22	False	False	1.845	0.10606601717798207	2	0.0	114	19215	45854	1.845	C	A	1	0.3476743698120117	0.3476743698120117	0.3476743698120117	1	0.4841108322143554	0.4841108322143554	0.4841108322143554	0.33156758546829224	0.26737966140111286	0.028203318516413334	3.0	3.0	3.0	39.31502998120066	30.653639361648178	2.860479756383406	2.860479756383406	30.653639361648178	39.31502998120066	24.276383033077412	24.276383033077412	39.31502998120066
109274990	C	G	C	G	109274990:C>G	109274990:C>G	22	False	False	0.685	0.06363961030678922	2	1e-05	33	6685	10114	0.685	C	G	1	0.1993017196655273	0.1993017196655273	0.1993017196655273	1	0.2460126876831054	0.2460126876831054	0.2460126876831054	0.1627454360326131	0.12859509885311124	0.014265323678652367	3.0	3.0	3.0	17.67370966933886	13.722956537633607	1.4367558969860081	1.4367558969860081	13.722956537633607	17.67370966933886	10.944474034652826	10.944474034652826	17.67370966933886
109274990	C	T	C	T	109274990:C>T	109274990:C>T	22	False	False	-0.34	0.0	2	0.0	449	98135	67960	0.34	C	T	1	-0.0635881423950195	0.0635881423950195	0.0635881423950195	1	-0.0454740524291992	0.0454740524291992	0.0454740524291992	-0.0272436141967773	-0.0308510983983675	-0.0008241236209869	3.0	3.0	3.0	-2.6875854211575088	-3.0380059710411524	-0.08237841243843602	0.08237841243843602	3.0380059710411524	2.6875854211575088	-1.9359899348790324	1.9359899348790324	3.0380059710411524
109274991	A	C	A	C	109274991:A>C	109274991:A>C	23	False	False	0.11	0.12727922061357858	2	0.01744	108	14476	14511	0.11	A	C	1	0.0953750610351562	0.0953750610351562	0.0953750610351562	1	0.0948019027709961	0.0948019027709961	0.0948019027709961	0.06498710314432776	0.055314754446347536	0.004920552174250267	3.0	3.0	3.0	6.714526147702513	5.687321787313189	0.4932677971481446	0.4932677971481446	5.687321787313189	6.714526147702513	4.298371910721282	4.298371910721282	6.714526147702513
109274991	A	G	A	G	109274991:A>G	109274991:A>G	23	False	False	-0.335	0.007071067811865481	2	0.0	1320	274796	195381	0.335	A	G	1	-0.0224685668945312	0.0224685668945312	0.0224685668945312	1	-0.0259628295898437	0.0259628295898437	0.0259628295898437	-0.0095976591110229	-0.0047398445506890005	0.00028708577156063333	3.0	3.0	3.0	-0.9551748576103555	-0.47286292141540587	0.028712698462455	0.028712698462455	0.47286292141540587	0.9551748576103555	-0.46644169352110215	0.4855834924960722	0.9551748576103555
109274991	A	T	A	T	109274991:A>T	109274991:A>T	23	False	False	-0.10500000000000001	0.04949747468305833	2	0.00112	568	138095	104569	0.10500000000000001	A	T	1	0.0332803726196289	0.0332803726196289	0.0332803726196289	1	0.0066804885864257	0.0066804885864257	0.0066804885864257	0.0001638730367024666	-0.0016326333085696	-0.0025189419587452666	3.0	3.0	3.0	0.016388646462202693	-0.1631301287808576	-0.25157720865827693	0.25157720865827693	0.1631301287808576	0.016388646462202693	-0.13277289699231062	0.14369866130044573	0.25157720865827693
109274992	A	C	A	C	109274992:A>C	109274992:A>C	24	False	False	0.015000000000000003	0.07778174593052023	2	0.39839	151	23809	17475	0.015000000000000003	A	C	1	0.0549802780151367	0.0549802780151367	0.0549802780151367	1	0.0468149185180664	0.0468149185180664	0.0468149185180664	0.04467614491780597	0.0381717532873153	0.006442666053771934	3.0	3.0	3.0	4.568915331905454	3.8909653704124745	0.6463464668898293	0.6463464668898293	3.8909653704124745	4.568915331905454	3.0354090564025857	3.0354090564025857	4.568915331905454
109274992	A	G	A	G	109274992:A>G	109274992:A>G	24	False	False	-0.05	0.08485281374238571	2	0.0	1239	337838	297748	0.05	A	G	1	0.0193204879760742	0.0193204879760742	0.0193204879760742	1	0.0049257278442382	0.0049257278442382	0.0049257278442382	0.022181312243143667	0.016570610304673467	-0.0012232661247253	3.0	3.0	3.0	2.242914658774308	1.6708664360109093	-0.12225182397045707	0.12225182397045707	1.6708664360109093	2.242914658774308	1.2638430902715867	1.3453443062518915	2.242914658774308
109274992	A	T	A	T	109274992:A>T	109274992:A>T	24	False	False	-0.07500000000000001	0.27577164466275356	2	0.0	514	116741	101113	0.07500000000000001	A	T	1	0.0659561157226562	0.0659561157226562	0.0659561157226562	1	0.0980997085571289	0.0980997085571289	0.0980997085571289	0.06255582968393957	0.044555303951104436	0.005052114526430733	3.0	3.0	3.0	6.4553890966077025	4.556279886544907	0.5064897975775062	0.5064897975775062	4.556279886544907	6.4553890966077025	3.8393862602433715	3.8393862602433715	6.4553890966077025
109274993	G	A	G	A	109274993:G>A	109274993:G>A	25	False	False	-0.67	0.16970562748477142	2	0.0	736	190086	102403	0.67	G	A	1	-0.1073169708251953	0.1073169708251953	0.1073169708251953	1	-0.0916748046875	0.0916748046875	0.0916748046875	-0.013315121332804334	0.022352476914723668	-0.002024322748184167	3.0	3.0	3.0	-1.3226867243632485	2.260416531491677	-0.20222751887631726	0.20222751887631726	2.260416531491677	1.3226867243632485	0.24516742941737046	1.2617769249104143	2.260416531491677
109274993	G	C	G	C	109274993:G>C	109274993:G>C	25	False	False	0.11000000000000001	0.2404163056034262	2	0.00075	181	30303	28298	0.11000000000000001	G	C	1	0.1111392974853515	0.1111392974853515	0.1111392974853515	1	0.1402845382690429	0.1402845382690429	0.1402845382690429	0.09310563405354814	0.08675727744897203	0.0070448021094004	3.0	3.0	3.0	9.757767072305057	9.063192662534146	0.7069675101911659	0.7069675101911659	9.063192662534146	9.757767072305057	6.50930908167679	6.50930908167679	9.757767072305057
109274993	G	T	G	T	109274993:G>T	109274993:G>T	25	False	False	-0.5	0.19798989873223333	2	0.0	472	76984	44544	0.5	G	T	1	-0.0913562774658203	0.0913562774658203	0.0913562774658203	1	-0.0010585784912109	0.0010585784912109	0.0010585784912109	0.0035571654637654333	-0.0009083449840546001	0.0006493131319682	3.0	3.0	3.0	0.3563499685231444	-0.09079325636323639	0.06495239813731662	0.06495239813731662	0.09079325636323639	0.3563499685231444	0.11016970343240821	0.17069854100789913	0.3563499685231444
109274994	T	A	T	A	109274994:T>A	109274994:T>A	26	False	False	-0.265	0.24748737341529164	2	0.0	678	130954	74994	0.265	T	A	1	-0.0821924209594726	0.0821924209594726	0.0821924209594726	1	-0.1289625167846679	0.1289625167846679	0.1289625167846679	-0.06256918112436922	-0.057742437968651396	-0.0040501455465952	3.0	3.0	3.0	-6.065192459048003	-5.610697286315078	-0.40419547687994856	0.40419547687994856	5.610697286315078	6.065192459048003	-4.02669507408101	4.02669507408101	6.065192459048003
109274994	T	C	T	C	109274994:T>C	109274994:T>C	26	False	False	0.010000000000000002	0.16970562748477142	2	7e-05	866	162836	118886	0.010000000000000002	T	C	1	0.0682430267333984	0.0682430267333984	0.0682430267333984	1	0.0492029190063476	0.0492029190063476	0.0492029190063476	0.03441536426544183	0.03632563849290204	0.0009641349315642668	3.0	3.0	3.0	3.5014425462820826	3.6993476508114562	0.0964599859053003	0.0964599859053003	3.6993476508114562	3.5014425462820826	2.4324167276662796	2.4324167276662796	3.6993476508114562
109274994	T	G	T	G	109274994:T>G	109274994:T>G	26	False	False	1.145	0.14849242404917495	2	0.0	144	27314	50525	1.145	T	G	1	0.2135047912597656	0.2135047912597656	0.2135047912597656	1	0.2777585983276367	0.2777585983276367	0.2777585983276367	0.16408451398213703	0.13728589812914527	0.014790366093317598	3.0	3.0	3.0	17.83138948841846	14.715607141654893	1.4900284801970292	1.4900284801970292	14.715607141654893	17.83138948841846	11.345675036756793	11.345675036756793	17.83138948841846
109274995	C	A	C	A	109274995:C>A	109274995:C>A	27	False	False	-0.145	0.13435028842544403	2	0.0	407	76521	54445	0.145	C	A	1	-0.0611581802368164	0.0611581802368164	0.0611581802368164	1	-0.1159162521362304	0.1159162521362304	0.1159162521362304	-0.06250770886739089	-0.06563645849625264	-0.004094670216242434	3.0	3.0	3.0	-6.059417896933771	-6.352875141811273	-0.4086298484543936	0.4086298484543936	6.352875141811273	6.059417896933771	-4.273640962399813	4.273640962399813	6.352875141811273
109274995	C	G	C	G	109274995:C>G	109274995:C>G	27	False	False	-0.39	0.282842712474619	2	0.0	198	54280	34200	0.39	C	G	1	-0.1056289672851562	0.1056289672851562	0.1056289672851562	1	-0.1976356506347656	0.1976356506347656	0.1976356506347656	-0.09459253152211504	-0.08398988842964167	-0.004024734099705967	3.0	3.0	3.0	-9.025644922422748	-8.05594469640364	-0.4016645712260677	0.4016645712260677	8.05594469640364	9.025644922422748	-5.827751396684152	5.827751396684152	9.025644922422748
109274995	C	T	C	T	109274995:C>T	109274995:C>T	27	False	False	-0.385	0.09192388155425119	2	0.0	573	146055	109976	0.385	C	T	1	-0.1150550842285156	0.1150550842285156	0.1150550842285156	1	-0.0838088989257812	0.0838088989257812	0.0838088989257812	-0.026314616203308067	-0.010657183825969634	0.0009042819341023334	3.0	3.0	3.0	-2.5971403781471674	-1.0600597238703668	0.0904690920280819	0.0904690920280819	1.0600597238703668	2.5971403781471674	-1.1889103366631508	1.249223064681872	2.5971403781471674
109274996	T	A	T	A	109274996:T>A	109274996:T>A	28	False	False	-0.020000000000000004	0.1131370849898476	2	0.00059	654	156611	135796	0.020000000000000004	T	A	1	0.0195560455322265	0.0195560455322265	0.0195560455322265	1	0.0341348648071289	0.0341348648071289	0.0341348648071289	0.021125515302022235	0.023942877848943032	0.0014876623948414667	3.0	3.0	3.0	2.1350238676320856	2.4231809895423972	0.14887695134801665	0.14887695134801665	2.4231809895423972	2.1350238676320856	1.5690272695074998	1.5690272695074998	2.4231809895423972
109274996	T	C	T	C	109274996:T>C	109274996:T>C	28	False	False	1.305	0.134350288425444	2	0.0	995	188809	354608	1.305	T	C	1	0.1718311309814453	0.1718311309814453	0.1718311309814453	1	0.2739744186401367	0.2739744186401367	0.2739744186401367	0.1747422218322753	0.14559601744016007	0.014823267857233632	3.0	3.0	3.0	19.09391789208378	15.672879538810921	1.4933677360873194	1.4933677360873194	15.672879538810921	19.09391789208378	12.08672172232734	12.08672172232734	19.09391789208378
109274996	T	G	T	G	109274996:T>G	109274996:T>G	28	False	False	-1.81	0.3818376618407357	2	0.0	152	27730	5672	1.81	T	G	1	-0.183847427368164	0.183847427368164	0.183847427368164	1	-0.1855592727661132	0.1855592727661132	0.1855592727661132	-0.08690877755482986	-0.0778627569476763	-0.0036006967226663664	3.0	3.0	3.0	-8.323927902655656	-7.490861980371692	-0.3594221987738914	0.3594221987738914	7.490861980371692	8.323927902655656	-5.39140402726708	5.39140402726708	8.323927902655656
109274997	G	A	G	A	109274997:G>A	109274997:G>A	29	False	False	0.375	0.04949747468305829	2	0.0	564	112220	112613	0.375	G	A	1	0.0220813751220703	0.0220813751220703	0.0220813751220703	1	0.0406599044799804	0.0406599044799804	0.0406599044799804	0.0197116136550903	0.0142326081792513	-0.0005077620347340667	3.0	3.0	3.0	1.99071703105369	1.4334373971427	-0.05076331454080665	0.05076331454080665	1.4334373971427	1.99071703105369	1.124463704551861	1.1583059142457321	1.99071703105369
109274997	G	C	G	C	109274997:G>C	109274997:G>C	29	False	False	0.065	0.21920310216782973	2	0.04922	42	6290	6389	0.065	G	C	1	-0.0466947555541992	0.0466947555541992	0.0466947555541992	1	-0.0476589202880859	0.0476589202880859	0.0476589202880859	-0.027694066365559867	-0.036458861082792234	0.0010012984275817333	3.0	3.0	3.0	-2.7314101381435814	-3.5802240867789172	0.10017998942108879	0.10017998942108879	3.5802240867789172	2.7314101381435814	-2.070484745167137	2.137271404781196	3.5802240867789172
109274997	G	T	G	T	109274997:G>T	109274997:G>T	29	False	False	-0.22999999999999998	0.18384776310850234	2	2e-05	128	30813	36245	0.22999999999999998	G	T	1	-0.1677026748657226	0.1677026748657226	0.1677026748657226	1	-0.2102222442626953	0.2102222442626953	0.2102222442626953	-0.1096769173940022	-0.10250640412171676	-0.007146149873733466	3.0	3.0	3.0	-10.387638951681753	-9.742763044889575	-0.7120676858835878	0.7120676858835878	9.742763044889575	10.387638951681753	-6.947489894151638	6.947489894151638	10.387638951681753
109274998	G	A	G	A	109274998:G>A	109274998:G>A	30	False	False	0.36	0.14142135623730953	2	0.0	695	135138	123347	0.36	G	A	1	0.0566120147705078	0.0566120147705078	0.0566120147705078	1	0.1076192855834961	0.1076192855834961	0.1076192855834961	0.042456428209940535	0.0332625955343246	0.0041558494170505994	3.0	3.0	3.0	4.337059385877392	3.382198063549819	0.41644969343492916	0.41644969343492916	3.382198063549819	4.337059385877392	2.711902380954047	2.711902380954047	4.337059385877392
109274998	G	C	G	C	109274998:G>C	109274998:G>C	30	False	False	0.505	0.021213203435596444	2	0.0	87	12273	13214	0.505	G	C	1	0.0629444122314453	0.0629444122314453	0.0629444122314453	1	0.1020460128784179	0.1020460128784179	0.1020460128784179	0.0396414200464884	0.029964148998260467	0.005025034149487767	3.0	3.0	3.0	4.0437627218874415	3.0417591788438347	0.5037680808012979	0.5037680808012979	3.0417591788438347	4.0437627218874415	2.5297633271775246	2.5297633271775246	4.0437627218874415
109274998	G	T	G	T	109274998:G>T	109274998:G>T	30	False	False	0.5	0.014142135623730963	2	0.0	378	70802	90435	0.5	G	T	1	0.1143741607666015	0.1143741607666015	0.1143741607666015	1	0.1479406356811523	0.1479406356811523	0.1479406356811523	0.06339577833811437	0.04958445082108177	0.0059772580862045	3.0	3.0	3.0	6.544843720795362	5.083433228986828	0.5995157538763802	0.5995157538763802	5.083433228986828	6.544843720795362	4.0759309012195235	4.0759309012195235	6.544843720795362
109274999	G	A	G	A	109274999:G>A	109274999:G>A	31	False	False	0.2	0.042426406871192854	2	0.0	768	138762	114347	0.2	G	A	1	0.0084180831909179	0.0084180831909179	0.0084180831909179	1	0.0199518203735351	0.0199518203735351	0.0199518203735351	0.0038086970647175666	0.011671332021554232	-0.0013623237609863002	3.0	3.0	3.0	0.38159593684274856	1.173970777022724	-0.1361396219223301	0.1361396219223301	1.173970777022724	0.38159593684274856	0.4731423639810475	0.5639021119292675	1.173970777022724
109274999	G	C	G	C	109274999:G>C	109274999:G>C	31	False	False	0.315	0.06363961030678926	2	0.0	176	23372	17015	0.315	G	C	1	0.0594825744628906	0.0594825744628906	0.0594825744628906	1	0.0735235214233398	0.0735235214233398	0.0735235214233398	0.0234284400939941	0.02011473725239433	0.0028039366006850663	3.0	3.0	3.0	2.370504188888668	2.031840184094653	0.28078713076121886	0.28078713076121886	2.031840184094653	2.370504188888668	1.5610438345815136	1.5610438345815136	2.370504188888668
109274999	G	T	G	T	109274999:G>T	109274999:G>T	31	False	False	0.22999999999999998	0.014142135623730933	2	0.00391	118	28740	40109	0.22999999999999998	G	T	1	0.0102310180664062	0.0102310180664062	0.0102310180664062	1	0.0382604598999023	0.0382604598999023	0.0382604598999023	0.008773525555928514	-0.007771688203016867	0.003247345487276633	3.0	3.0	3.0	0.8812125735239336	-0.7741566716365472	0.3252623825616412	0.3252623825616412	0.7741566716365472	0.8812125735239336	0.1441060948163425	0.6602105425740407	0.8812125735239336
109275000	T	A	T	A	109275000:T>A	109275000:T>A	32	False	False	0.05500000000000001	0.02121320343559643	2	0.09332	439	89622	71610	0.05500000000000001	T	A	1	0.0436258316040039	0.0436258316040039	0.0436258316040039	1	0.0171670913696289	0.0171670913696289	0.0171670913696289	0.012899239857991499	0.012117105225721932	0.003040124972661267	3.0	3.0	3.0	1.2982793927260459	1.2190814759777644	0.30447508391355127	0.30447508391355127	1.2190814759777644	1.2982793927260459	0.9406119842057872	0.9406119842057872	1.2982793927260459
109275000	T	C	T	C	109275000:T>C	109275000:T>C	32	False	False	0.33999999999999997	0.0707106781186548	2	0.0	1159	208861	215854	0.33999999999999997	T	C	1	0.1018934249877929	0.1018934249877929	0.1018934249877929	1	0.0637769699096679	0.0637769699096679	0.0637769699096679	0.027149240175882935	0.024316166838010102	0.004147837559382066	3.0	3.0	3.0	2.752113875673098	2.461421572181183	0.41564517435525644	0.41564517435525644	2.461421572181183	2.752113875673098	1.8763935407365124	1.8763935407365124	2.752113875673098
109275000	T	G	T	G	109275000:T>G	109275000:T>G	32	False	False	-0.76	0.11313708498984755	2	0.0	50	8825	2040	0.76	T	G	1	-0.1157751083374023	0.1157751083374023	0.1157751083374023	1	-0.0306367874145507	0.0306367874145507	0.0306367874145507	-0.020478010177612267	-0.025495234876871067	0.0013827383518219	3.0	3.0	3.0	-2.0269759668383047	-2.517297587452693	0.1383694775273695	0.1383694775273695	2.517297587452693	2.0269759668383047	-1.4686346922545426	1.5608810106061224	2.517297587452693
109275001	T	A	T	A	109275001:T>A	109275001:T>A	33	False	False	-0.035	0.021213203435596427	2	0.26889	307	51403	44652	0.035	T	A	1	0.0284280776977539	0.0284280776977539	0.0284280776977539	1	-0.0462017059326171	0.0462017059326171	0.0462017059326171	-0.0100531975428263	-0.0146566728750864	-0.0016176700592040667	3.0	3.0	3.0	-1.0002833068377928	-1.4549786681046997	-0.16163623362436524	0.16163623362436524	1.4549786681046997	1.0002833068377928	-0.8722994028556194	0.8722994028556194	1.4549786681046997
109275001	T	C	T	C	109275001:T>C	109275001:T>C	33	False	False	0.05	0.02828427124746191	2	0.01003	1031	182049	140490	0.05	T	C	1	0.0663261413574218	0.0663261413574218	0.0663261413574218	1	0.0610761642456054	0.0610761642456054	0.0610761642456054	0.041645844777425105	0.0332058270772298	0.0045066227515538	3.0	3.0	3.0	4.252519761979948	3.3763293822542493	0.45167928477225516	0.45167928477225516	3.3763293822542493	4.252519761979948	2.693509476335484	2.693509476335484	4.252519761979948
109275001	T	G	T	G	109275001:T>G	109275001:T>G	33	False	False	-0.085	0.06363961030678929	2	0.21757	90	22292	17414	0.085	T	G	1	-0.0002384185791015	0.0002384185791015	0.0002384185791015	1	-0.0295562744140625	0.0295562744140625	0.0295562744140625	-0.007608572642008401	-0.0086823590099811	0.0014427006244658667	3.0	3.0	3.0	-0.7579700724282871	-0.8644776178855009	0.1443741817661605	0.1443741817661605	0.8644776178855009	0.7579700724282871	-0.4926911695158758	0.5889406240266495	0.8644776178855009
109275002	C	A	C	A	109275002:C>A	109275002:C>A	34	False	False	-0.024999999999999998	0.09192388155425119	2	0.02656	612	121686	99730	0.024999999999999998	C	A	1	0.0333986282348632	0.0333986282348632	0.0333986282348632	1	0.015425682067871	0.015425682067871	0.015425682067871	0.007947723070780366	-0.0032495086391766664	0.0032263745864231663	3.0	3.0	3.0	0.797939005967842	-0.3244234700095412	0.3231584934914201	0.3231584934914201	0.3244234700095412	0.797939005967842	0.2655580098165736	0.48184032315626774	0.797939005967842
109275002	C	G	C	G	109275002:C>G	109275002:C>G	34	False	False	-0.035	0.14849242404917498	2	0.42291	45	11467	14379	0.035	C	G	1	0.0421133041381835	0.0421133041381835	0.0421133041381835	1	-0.0070676803588867	0.0070676803588867	0.0070676803588867	-0.003038605054219533	-0.020851193616787566	0.0023391048113504333	3.0	3.0	3.0	-0.303399316629968	-2.063531055592294	0.23418426512916962	0.23418426512916962	2.063531055592294	0.303399316629968	-0.7109153690310309	0.8670382124504773	2.063531055592294
109275002	C	T	C	T	109275002:C>T	109275002:C>T	34	False	False	-0.035	0.10606601717798214	2	0.01789	498	112263	82649	0.035	C	T	1	-0.074472427368164	0.074472427368164	0.074472427368164	1	-0.0400276184082031	0.0400276184082031	0.0400276184082031	-0.024728814760843865	-0.028833452612161598	0.0004210273424784	3.0	3.0	3.0	-2.4425562453835803	-2.842173518539639	0.042111598693010004	0.042111598693010004	2.842173518539639	2.4425562453835803	-1.7475393884100698	1.7756137875387432	2.842173518539639
109275003	T	A	T	A	109275003:T>A	109275003:T>A	35	False	False	0.7749999999999999	0.09192388155425123	2	0.0	598	137654	174471	0.7749999999999999	T	A	1	-0.0591640472412109	0.0591640472412109	0.0591640472412109	1	-0.1201238632202148	0.1201238632202148	0.1201238632202148	-0.018827795982360833	-0.0209131600956122	-0.0034954746564229	3.0	3.0	3.0	-1.865166018009989	-2.069599645694775	-0.34893725968214956	0.34893725968214956	2.069599645694775	1.865166018009989	-1.4279009744623046	1.4279009744623046	2.069599645694775
109275003	T	C	T	C	109275003:T>C	109275003:T>C	35	False	False	1.555	0.2050609665440988	2	0.0	1032	188960	383144	1.555	T	C	1	0.2266626358032226	0.2266626358032226	0.2266626358032226	1	0.3733720779418945	0.3733720779418945	0.3733720779418945	0.22460937499999997	0.1455618689457575	0.018117805322011266	3.0	3.0	3.0	25.18336231630532	15.668929551574905	1.8282928472445443	1.8282928472445443	15.668929551574905	25.18336231630532	14.226861571708255	14.226861571708255	25.18336231630532
109275003	T	G	T	G	109275003:T>G	109275003:T>G	35	False	False	-0.07500000000000001	0.007071067811865467	2	0.31555	125	29410	22725	0.07500000000000001	T	G	1	-0.0674552917480468	0.0674552917480468	0.0674552917480468	1	-0.0641450881958007	0.0641450881958007	0.0641450881958007	-0.022482077280680263	-0.0186462129155794	-0.00024274984995522827	3.0	3.0	3.0	-2.223123868863544	-1.8473447759285242	-0.02427203885943635	0.02427203885943635	1.8473447759285242	2.223123868863544	-1.3649135612171683	1.3649135612171683	2.223123868863544
109275004	G	A	G	A	109275004:G>A	109275004:G>A	36	False	False	-0.1	0.09899494936611666	2	0.0	852	154150	119381	0.1	G	A	1	-0.0052547454833984	0.0052547454833984	0.0052547454833984	1	-0.0028228759765625	0.0028228759765625	0.0028228759765625	-0.008790334065755167	-0.004279692967732733	0.0025175760189691666	3.0	3.0	3.0	-0.875181203573371	-0.4270548132131211	0.2520747774628291	0.2520747774628291	0.4270548132131211	0.875181203573371	-0.350053746441221	0.5181035980831071	0.875181203573371
109275004	G	C	G	C	109275004:G>C	109275004:G>C	36	False	False	0.010000000000000009	0.18384776310850237	2	0.01275	136	23403	24842	0.010000000000000009	G	C	1	-0.0223264694213867	0.0223264694213867	0.0223264694213867	1	0.0327577590942382	0.0327577590942382	0.0327577590942382	0.016283472379048602	0.018048005799452434	0.002697100241978933	3.0	3.0	3.0	1.641677065214232	1.8211855290674193	0.2700740688984334	0.2700740688984334	1.8211855290674193	1.641677065214232	1.2443122210600281	1.2443122210600281	1.8211855290674193
109275004	G	T	G	T	109275004:G>T	109275004:G>T	36	False	False	0.265	0.10606601717798214	2	0.0	269	55913	67760	0.265	G	T	1	0.0538263320922851	0.0538263320922851	0.0538263320922851	1	0.0845346450805664	0.0845346450805664	0.0845346450805664	0.0387259324391682	0.025509138902028338	0.0032680680354436	3.0	3.0	3.0	3.9485555336466387	2.5837281254016324	0.3273413991849141	0.3273413991849141	2.5837281254016324	3.9485555336466387	2.286541686077728	2.286541686077728	3.9485555336466387
109275005	G	A	G	A	109275005:G>A	109275005:G>A	37	False	False	0.42	0.07071067811865474	2	0.0	984	196594	224497	0.42	G	A	1	0.0377130508422851	0.0377130508422851	0.0377130508422851	1	0.0620889663696289	0.0620889663696289	0.0620889663696289	0.0400620301564534	0.0371807639797528	0.005502949158350566	3.0	3.0	3.0	4.087533784997595	3.78806153130166	0.551811819511841	0.551811819511841	3.78806153130166	4.087533784997595	2.8091357119370315	2.8091357119370315	4.087533784997595
109275005	G	C	G	C	109275005:G>C	109275005:G>C	37	False	False	0.13	0.08485281374238571	2	0.00036	176	38682	29169	0.13	G	C	1	0.07177734375	0.07177734375	0.07177734375	1	0.0768690109252929	0.0768690109252929	0.0768690109252929	0.023703455924987765	0.016652263700962	0.0027069648106892667	3.0	3.0	3.0	2.398661569852708	1.679168546502154	0.2710631948123185	0.2710631948123185	1.679168546502154	2.398661569852708	1.4496311037223935	1.4496311037223935	2.398661569852708
109275005	G	T	G	T	109275005:G>T	109275005:G>T	37	False	False	0.395	0.07778174593052022	2	0.0	158	41729	57388	0.395	G	T	1	0.0991363525390625	0.0991363525390625	0.0991363525390625	1	0.1533403396606445	0.1533403396606445	0.1533403396606445	0.07176228364308673	0.050205985705057736	0.0035012265046437	3.0	3.0	3.0	7.439991127196461	5.14876654983238	0.3507362957776177	0.3507362957776177	5.14876654983238	7.439991127196461	4.313164657602154	4.313164657602154	7.439991127196461
109275006	T	A	T	A	109275006:T>A	109275006:T>A	38	False	False	1.0150000000000001	0.03535533905932749	2	0.0	677	174888	302168	1.0150000000000001	T	A	1	0.1832571029663086	0.1832571029663086	0.1832571029663086	1	0.2904958724975586	0.2904958724975586	0.2904958724975586	0.15842966238657627	0.13364313046137485	0.013562122980753535	3.0	3.0	3.0	17.166950888980832	14.298485037686495	1.3654505733616438	1.3654505733616438	14.298485037686495	17.166950888980832	10.94362883334299	10.94362883334299	17.166950888980832
109275006	T	C	T	C	109275006:T>C	109275006:T>C	38	False	False	0.27	0.16970562748477142	2	0.0	1264	245850	262887	0.27	T	C	1	0.0039701461791992	0.0039701461791992	0.0039701461791992	1	0.0244646072387695	0.0244646072387695	0.0244646072387695	0.0121413866678873	0.0174789354205131	8.32378864288037e-05	3.0	3.0	3.0	1.2215392510896963	1.7632585922495436	0.008324135079779384	0.008324135079779384	1.7632585922495436	1.2215392510896963	0.9977073261396731	0.9977073261396731	1.7632585922495436
109275006	T	G	T	G	109275006:T>G	109275006:T>G	38	False	False	-1.105	0.0919238815542511	2	0.0	155	65781	26339	1.105	T	G	1	-0.3108253479003906	0.3108253479003906	0.3108253479003906	1	-0.1759710311889648	0.1759710311889648	0.1759710311889648	-0.1054320335388183	-0.09079219649235404	-0.0026718874772389337	3.0	3.0	3.0	-10.00643637912844	-8.679254110339956	-0.26683211628640857	0.26683211628640857	8.679254110339956	10.00643637912844	-6.317507535251601	6.317507535251601	10.00643637912844
109275007	G	A	G	A	109275007:G>A	109275007:G>A	39	False	False	-0.03	0.07071067811865477	2	0.02389	947	194681	155801	0.03	G	A	1	-0.0941848754882812	0.0941848754882812	0.0941848754882812	1	-0.1189746856689453	0.1189746856689453	0.1189746856689453	-0.06682594617207843	-0.06549292057752606	-0.0056154926617939666	3.0	3.0	3.0	-6.464201019200959	-6.339432263656105	-0.5599755254421667	0.5599755254421667	6.339432263656105	6.464201019200959	-4.454536269433077	4.454536269433077	6.464201019200959
109275007	G	C	G	C	109275007:G>C	109275007:G>C	39	False	False	-0.59	0.014142135623730963	2	0.0	311	60901	33077	0.59	G	C	1	-0.1382789611816406	0.1382789611816406	0.1382789611816406	1	-0.1026086807250976	0.1026086807250976	0.1026086807250976	-0.06761193275451656	-0.06242325156927107	-0.004983872175216633	3.0	3.0	3.0	-6.537690017710799	-6.0514835941353695	-0.49714732909905857	0.49714732909905857	6.0514835941353695	6.537690017710799	-4.362106980315075	4.362106980315075	6.537690017710799
109275007	G	T	G	T	109275007:G>T	109275007:G>T	39	False	False	-0.0049999999999999975	0.12020815280171307	2	0.36552	80	13117	10549	0.0049999999999999975	G	T	1	-0.1211681365966796	0.1211681365966796	0.1211681365966796	1	-0.0516700744628906	0.0516700744628906	0.0516700744628906	-0.04338979721069333	-0.05516307925184563	-0.0018808046976725	3.0	3.0	3.0	-4.246192835694176	-5.3669191551199855	-0.18790370928639155	0.18790370928639155	5.3669191551199855	4.246192835694176	-3.267005233366851	3.267005233366851	5.3669191551199855
109275008	T	A	T	A	109275008:T>A	109275008:T>A	40	False	False	-0.08	0.08485281374238571	2	0.00029	623	117493	85274	0.08	T	A	1	-0.0466794967651367	0.0466794967651367	0.0466794967651367	1	-0.0131006240844726	0.0131006240844726	0.0131006240844726	-0.0034758647282918335	-0.0032641887664794002	-7.690985997516667e-05	3.0	3.0	3.0	-0.34698309034313	-0.32588670942167813	-0.007690690248770645	0.007690690248770645	0.32588670942167813	0.34698309034313	-0.22685349667119295	0.22685349667119295	0.34698309034313
109275008	T	C	T	C	109275008:T>C	109275008:T>C	40	False	False	-0.835	0.07778174593052017	2	0.0	1141	217912	83238	0.835	T	C	1	-0.2833223342895508	0.2833223342895508	0.2833223342895508	1	-0.2557878494262695	0.2557878494262695	0.2557878494262695	-0.11668531099955237	-0.10554538170496615	-0.007136195898055967	3.0	3.0	3.0	-11.013482010927795	-10.016636406441858	-0.7110793713014424	0.7110793713014424	10.016636406441858	11.013482010927795	-7.247065929557031	7.247065929557031	11.013482010927795
109275008	T	G	T	G	109275008:T>G	109275008:T>G	40	False	False	-0.07500000000000001	0.03535533905932738	2	0.04959	314	62323	45485	0.07500000000000001	T	G	1	-0.0203723907470703	0.0203723907470703	0.0203723907470703	1	-0.0184459686279296	0.0184459686279296	0.0184459686279296	-0.009263515472412066	-0.013956259936094234	-0.0015391409397124333	3.0	3.0	3.0	-0.9220741294608114	-1.3859322824223415	-0.15379570697550857	0.15379570697550857	1.3859322824223415	0.9220741294608114	-0.8206007062862204	0.8206007062862204	1.3859322824223415
109275009	C	A	C	A	109275009:C>A	109275009:C>A	41	False	False	0.44499999999999995	0.1909188309203678	2	0.0	221	31525	29702	0.44499999999999995	C	A	1	0.0743255615234375	0.0743255615234375	0.0743255615234375	1	0.0627641677856445	0.0627641677856445	0.0627641677856445	0.012636621793111133	-0.010193366557359633	0.0030731360117593996	3.0	3.0	3.0	1.2716801274928742	-1.0141590270700185	0.30778629351519815	0.30778629351519815	1.0141590270700185	1.2716801274928742	0.18843579797935128	0.8645418160260302	1.2716801274928742
109275009	C	G	C	G	109275009:C>G	109275009:C>G	41	False	False	-0.035	0.06363961030678929	2	0.33491	126	41440	34649	0.035	C	G	1	0.0131397247314453	0.0131397247314453	0.0131397247314453	1	-0.0031757354736328	0.0031757354736328	0.0031757354736328	-0.023660381635030064	-0.034794806192318534	-0.0035860737164814666	3.0	3.0	3.0	-2.338266937651856	-3.4196427160797307	-0.35796514333519774	0.35796514333519774	3.4196427160797307	2.338266937651856	-2.0386249323555945	2.0386249323555945	3.4196427160797307
109275009	C	T	C	T	109275009:C>T	109275009:C>T	41	False	False	0.115	0.03535533905932739	2	0.00062	632	128796	102556	0.115	C	T	1	-0.0174779891967773	0.0174779891967773	0.0174779891967773	1	0.0289621353149414	0.0289621353149414	0.0289621353149414	-0.00690491994222	-0.0161250494420528	-0.0016658008098602	3.0	3.0	3.0	-0.6881135756633171	-1.599573682273939	-0.1664414133773391	0.1664414133773391	1.599573682273939	0.6881135756633171	-0.8180428904381984	0.8180428904381984	1.599573682273939
109275010	C	A	C	A	109275010:C>A	109275010:C>A	42	False	False	0.165	0.007071067811865481	2	0.00955	215	38481	31452	0.165	C	A	1	-0.039748191833496	0.039748191833496	0.039748191833496	1	-0.0138120651245117	0.0138120651245117	0.0138120651245117	-0.027898311614990165	-0.032043078293402937	-0.0038315057754516	3.0	3.0	3.0	-2.7512747568455924	-3.153513863287291	-0.38241749229212274	0.38241749229212274	3.153513863287291	2.7512747568455924	-2.0957353708083355	2.0957353708083355	3.153513863287291
109275010	C	G	C	G	109275010:C>G	109275010:C>G	42	False	False	0.37	0.07071067811865474	2	0.0	103	24105	33001	0.37	C	G	1	-0.0649700164794921	0.0649700164794921	0.0649700164794921	1	-0.041478157043457	0.041478157043457	0.041478157043457	-0.030855337778727166	-0.0583853460848331	0.0011184513568877937	3.0	3.0	3.0	-3.038417028942957	-5.671361432285005	0.1119077056856572	0.1119077056856572	5.671361432285005	3.038417028942957	-2.8659569185141014	2.940562055637873	5.671361432285005
109275010	C	T	C	T	109275010:C>T	109275010:C>T	42	False	False	-0.095	0.16263455967290594	2	0.0	598	122769	118255	0.095	C	T	1	-0.0566873550415039	0.0566873550415039	0.0566873550415039	1	-0.0378551483154296	0.0378551483154296	0.0378551483154296	-0.0433048804601033	-0.05291971440116557	-0.0045954883098602	3.0	3.0	3.0	-4.238061388289999	-5.154384320387206	-0.45849452098710397	0.45849452098710397	5.154384320387206	4.238061388289999	-3.283646743221437	3.283646743221437	5.154384320387206
109275011	A	C	A	C	109275011:A>C	109275011:A>C	43	False	False	-0.9450000000000001	0.04949747468305825	2	0.0	151	26797	10215	0.9450000000000001	A	C	1	-0.1502342224121093	0.1502342224121093	0.1502342224121093	1	0.0164709091186523	0.0164709091186523	0.0164709091186523	-0.003576159477233867	0.004927275081475533	0.0013622840245564002	3.0	3.0	3.0	-0.35697726346548053	0.49394340633533507	0.13632123549402045	0.13632123549402045	0.49394340633533507	0.35697726346548053	0.09109579278795832	0.3290806350982787	0.49394340633533507
109275011	A	G	A	G	109275011:A>G	109275011:A>G	43	False	False	0.030000000000000002	0.05656854249492381	2	0.03724	993	216798	177866	0.030000000000000002	A	G	1	0.0219316482543945	0.0219316482543945	0.0219316482543945	1	0.0728540420532226	0.0728540420532226	0.0728540420532226	0.0328807433446248	0.0237670689821243	0.0003934502601623333	3.0	3.0	3.0	3.3427288810197484	2.405175668950538	0.03935276718681632	0.03935276718681632	2.405175668950538	3.3427288810197484	1.929085772385701	1.929085772385701	3.3427288810197484
109275011	A	T	A	T	109275011:A>T	109275011:A>T	43	False	False	-0.05	0.02828427124746191	2	0.03817	664	139599	120878	0.05	A	T	1	-0.0388317108154296	0.0388317108154296	0.0388317108154296	1	0.0077333450317382	0.0077333450317382	0.0077333450317382	0.0013003349304198666	0.0107237001260121	0.00011783838272096671	3.0	3.0	3.0	0.1301180732454415	1.0781405083966715	0.011784532593591092	0.011784532593591092	1.0781405083966715	0.1301180732454415	0.406681038078568	0.406681038078568	1.0781405083966715
109275012	C	A	C	A	109275012:C>A	109275012:C>A	44	False	False	-0.175	0.049497474683058304	2	4e-05	247	56261	41104	0.175	C	A	1	-0.0500764846801757	0.0500764846801757	0.0500764846801757	1	-0.031355857849121	0.031355857849121	0.031355857849121	-0.0138467152913411	-0.009942428519328401	-0.0022081633408864	3.0	3.0	3.0	-1.375129047699106	-0.9893165975184945	-0.22057271417215313	0.22057271417215313	0.9893165975184945	1.375129047699106	-0.8616727864632513	0.8616727864632513	1.375129047699106
109275012	C	G	C	G	109275012:C>G	109275012:C>G	44	False	False	0.195	0.03535533905932737	2	0.0	448	108887	128049	0.195	C	G	1	0.0188283920288085	0.0188283920288085	0.0188283920288085	1	0.0272340774536132	0.0272340774536132	0.0272340774536132	0.019004583358764603	0.009986554582913667	0.0014442205429076665	3.0	3.0	3.0	1.9186319903255007	1.0036586629691133	0.14452639316299626	0.14452639316299626	1.0036586629691133	1.9186319903255007	1.0222723488192036	1.0222723488192036	1.9186319903255007
109275012	C	T	C	T	109275012:C>T	109275012:C>T	44	False	False	-0.02	0.01414213562373095	2	0.33574	1326	415001	327826	0.02	C	T	1	0.0038871765136718	0.0038871765136718	0.0038871765136718	1	0.0481805801391601	0.0481805801391601	0.0481805801391601	0.022046089172363236	0.011390738189220366	0.0011984109878539334	3.0	3.0	3.0	2.229089992616578	1.1455859673174669	0.11991293692452275	0.11991293692452275	1.1455859673174669	2.229089992616578	1.1648629656195224	1.1648629656195224	2.229089992616578
109275013	T	A	T	A	109275013:T>A	109275013:T>A	45	False	False	-0.075	0.049497474683058325	2	9e-05	819	170937	130557	0.075	T	A	1	0.0007085800170898	0.0007085800170898	0.0007085800170898	1	0.0136823654174804	0.0136823654174804	0.0136823654174804	0.008584698041280066	0.005961221953233067	0.0032937129338582	3.0	3.0	3.0	0.8621652232674536	0.5979025395997832	0.3299143166542656	0.3299143166542656	0.5979025395997832	0.8621652232674536	0.5966606931738342	0.5966606931738342	0.8621652232674536
109275013	T	C	T	C	109275013:T>C	109275013:T>C	45	False	False	0.08499999999999999	0.007071067811865467	2	0.0201	315	85136	72302	0.08499999999999999	T	C	1	-0.1935577392578125	0.1935577392578125	0.1935577392578125	1	-0.016484260559082	0.016484260559082	0.016484260559082	-0.03941710789998367	-0.028108994166056302	-0.00041215618451433323	3.0	3.0	3.0	-3.8650361021650546	-2.771761208223053	-0.04120712598219297	0.04120712598219297	2.771761208223053	3.8650361021650546	-2.2260014787901006	2.2260014787901006	3.8650361021650546
109275013	T	G	T	G	109275013:T>G	109275013:T>G	45	False	False	-0.41000000000000003	0.014142135623730904	2	0.0	120	23803	15771	0.41000000000000003	T	G	1	-0.1018390655517578	0.1018390655517578	0.1018390655517578	1	-0.065251350402832	0.065251350402832	0.065251350402832	-0.029375632603963166	-0.0214736089110374	-0.0017607410748799333	3.0	3.0	3.0	-2.8948362704695527	-2.124469245330177	-0.17591918796908124	0.17591918796908124	2.124469245330177	2.8948362704695527	-1.7317415679229369	1.7317415679229369	2.8948362704695527
109275014	C	A	C	A	109275014:C>A	109275014:C>A	46	False	False	0.03	0.1131370849898476	2	0.0783	221	43403	32921	0.03	C	A	1	0.0077314376831054	0.0077314376831054	0.0077314376831054	1	0.0275793075561523	0.0275793075561523	0.0275793075561523	0.010743578275044699	0.009618334472179366	-0.0007528861363728666	3.0	3.0	3.0	1.0801497747078168	0.9664739310948536	-0.07526027887196632	0.07526027887196632	0.9664739310948536	1.0801497747078168	0.6571211423102347	0.7072946615582122	1.0801497747078168
109275014	C	G	C	G	109275014:C>G	109275014:C>G	46	False	False	-0.13	0.11313708498984758	2	0.01055	158	38902	30183	0.13	C	G	1	0.0267953872680664	0.0267953872680664	0.0267953872680664	1	0.0512456893920898	0.0512456893920898	0.0512456893920898	0.0376647313435872	0.043993433316548626	-0.0004104574521382334	3.0	3.0	3.0	3.8383037226482335	4.497549284263743	-0.041037322600236806	0.041037322600236806	4.497549284263743	3.8383037226482335	2.7649385614372464	2.7922967765040707	4.497549284263743
109275014	C	T	C	T	109275014:C>T	109275014:C>T	46	False	False	0.11499999999999999	0.049497474683058325	2	1e-05	968	218599	197282	0.11499999999999999	C	T	1	-0.012643814086914	0.012643814086914	0.012643814086914	1	0.0017614364624023	0.0017614364624023	0.0017614364624023	-0.0018987258275350004	-0.0030786966284116	-0.0005078812440236	3.0	3.0	3.0	-0.189692438797791	-0.3073962301711489	-0.05077522941759115	0.05077522941759115	0.3073962301711489	0.189692438797791	-0.182621299462177	0.182621299462177	0.3073962301711489
109275015	A	C	A	C	109275015:A>C	109275015:A>C	47	False	False	-0.355	0.021213203435596427	2	0.0	163	37338	31005	0.355	A	C	1	-0.036691665649414	0.036691665649414	0.036691665649414	1	0.0098352432250976	0.0098352432250976	0.0098352432250976	0.0029735565185546667	0.0077179198463757336	0.000528484582901	3.0	3.0	3.0	0.29779819230488314	0.7747779759125495	0.05286242554820336	0.05286242554820336	0.7747779759125495	0.29779819230488314	0.37514619792187864	0.37514619792187864	0.7747779759125495
109275015	A	G	A	G	109275015:A>G	109275015:A>G	47	False	False	-0.345	0.06363961030678927	2	0.0	1098	221607	143455	0.345	A	G	1	-0.0681343078613281	0.0681343078613281	0.0681343078613281	1	-0.0007057189941406	0.0007057189941406	0.0007057189941406	0.0015304088592529	0.007364283005396467	-0.0005778074264526	3.0	3.0	3.0	0.15315805325279566	0.7391466024332747	-0.05776405278881925	0.05776405278881925	0.7391466024332747	0.15315805325279566	0.27818020096575036	0.31668956949162985	0.7391466024332747
109275015	A	T	A	T	109275015:A>T	109275015:A>T	47	False	False	-0.185	0.007071067811865481	2	0.0	440	78595	64439	0.185	A	T	1	0.0001516342163085	0.0001516342163085	0.0001516342163085	1	0.0196046829223632	0.0196046829223632	0.0196046829223632	0.0103915929794311	0.0117106984059015	8.422136306763335e-05	3.0	3.0	3.0	1.0445773091683657	1.1779537088385692	0.008422490978620096	0.008422490978620096	1.1779537088385692	1.0445773091683657	0.7436511696618516	0.7436511696618516	1.1779537088385692
109275016	C	A	C	A	109275016:C>A	109275016:C>A	48	False	False	0.005	0.021213203435596427	2	0.78742	89	22349	21407	0.005	C	A	1	0.0264215469360351	0.0264215469360351	0.0264215469360351	1	0.0189085006713867	0.0189085006713867	0.0189085006713867	0.007924437522888133	0.0056311239798863336	-0.0027442574501036995	3.0	3.0	3.0	0.7955918980586328	0.5647008560542384	-0.2740495417742766	0.2740495417742766	0.5647008560542384	0.7955918980586328	0.3620810707795315	0.544780765295716	0.7955918980586328
109275016	C	G	C	G	109275016:C>G	109275016:C>G	48	False	False	0.06	0.028284271247461905	2	0.17544	290	62499	53525	0.06	C	G	1	0.0402517318725585	0.0402517318725585	0.0402517318725585	1	0.0255022048950195	0.0255022048950195	0.0255022048950195	0.010652462641398033	0.008123377958933434	-0.00029919544855750005	3.0	3.0	3.0	1.0709402123859193	0.8156462118030959	-0.029915069406283964	0.029915069406283964	0.8156462118030959	1.0709402123859193	0.6188904515942437	0.6388338311984331	1.0709402123859193
109275016	C	T	C	T	109275016:C>T	109275016:C>T	48	False	False	0.375	0.021213203435596444	2	0.0	1185	301148	380232	0.375	C	T	1	0.0743522644042968	0.0743522644042968	0.0743522644042968	1	0.0433988571166992	0.0433988571166992	0.0433988571166992	0.0278368790944417	0.014566048979759166	0.002996991078058867	3.0	3.0	3.0	2.8227945267363266	1.4672650831585987	0.30014865456567724	0.30014865456567724	1.4672650831585987	2.8227945267363266	1.5300694214868675	1.5300694214868675	2.8227945267363266
109275017	C	A	C	A	109275017:C>A	109275017:C>A	49	False	False	-0.35	0.04242640687119283	2	0.0	645	147436	95041	0.35	C	A	1	0.0391321182250976	0.0391321182250976	0.0391321182250976	1	0.0031690597534179	0.0031690597534179	0.0031690597534179	-0.009199619293212833	-0.006442284832398067	5.546212196349187e-05	3.0	3.0	3.0	-0.9157432262965914	-0.6421577806182917	0.005546366001541262	0.005546366001541262	0.6421577806182917	0.9157432262965914	-0.517451546971114	0.5211491243054748	0.9157432262965914
109275017	C	G	C	G	109275017:C>G	109275017:C>G	49	False	False	-0.63	0.028284271247461926	2	0.0	336	100333	78634	0.63	C	G	1	-0.0130767822265625	0.0130767822265625	0.0130767822265625	1	-0.0099039077758789	0.0099039077758789	0.0099039077758789	-0.0028437376022338334	-0.0028832380970318667	0.0008797844250995999	3.0	3.0	3.0	-0.2839698010545508	-0.28790855579481206	0.08801715489371076	0.08801715489371076	0.28790855579481206	0.2839698010545508	-0.1612870673185507	0.21996517058102452	0.28790855579481206
109275017	C	T	C	T	109275017:C>T	109275017:C>T	49	False	False	-0.045	0.049497474683058325	2	6e-05	1294	321638	274849	0.045	C	T	1	0.0911903381347656	0.0911903381347656	0.0911903381347656	1	0.0573549270629882	0.0573549270629882	0.0573549270629882	0.023072799046834267	0.0212800279259681	0.0015439689159392998	3.0	3.0	3.0	2.3341035087523174	2.150806237422932	0.15451614496119923	0.15451614496119923	2.150806237422932	2.3341035087523174	1.5464752970454831	1.5464752970454831	2.3341035087523174
109275018	C	A	C	A	109275018:C>A	109275018:C>A	50	False	False	-0.005000000000000001	0.049497474683058325	2	0.44379	287	53126	40144	0.005000000000000001	C	A	1	0.0560083389282226	0.0560083389282226	0.0560083389282226	1	0.0126333236694335	0.0126333236694335	0.0126333236694335	0.0018705526987711333	-0.0032997193435827664	-0.0005990664164225	3.0	3.0	3.0	0.18723032738146983	-0.32942812527451165	-0.059888701196370776	0.059888701196370776	0.32942812527451165	0.18723032738146983	-0.06736216636313754	0.19218238461745077	0.32942812527451165
109275018	C	G	C	G	109275018:C>G	109275018:C>G	50	False	False	0.004999999999999999	0.035355339059327376	2	0.56355	153	45938	38833	0.004999999999999999	C	G	1	0.0018997192382812	0.0018997192382812	0.0018997192382812	1	-0.0220203399658203	0.0220203399658203	0.0220203399658203	-0.015690445899963334	-0.0168552249670028	-0.0008696814378102391	3.0	3.0	3.0	-1.5567992141587357	-1.6713970401956615	-0.08693033745147559	0.08693033745147559	1.6713970401956615	1.5567992141587357	-1.1050421972686244	1.1050421972686244	1.6713970401956615
109275018	C	T	C	T	109275018:C>T	109275018:C>T	50	False	False	-0.07	0.0565685424949238	2	0.0007	1061	225279	200143	0.07	C	T	1	0.0463953018188476	0.0463953018188476	0.0463953018188476	1	-0.0205898284912109	0.0205898284912109	0.0205898284912109	0.005202531814575167	0.0006960518658161331	-0.0025413533051808	3.0	3.0	3.0	0.5216088482685699	0.06962941661306872	-0.2538126800677961	0.2538126800677961	0.06962941661306872	0.5216088482685699	0.1124751949379475	0.28168364831647824	0.5216088482685699
109275019	A	C	A	C	109275019:A>C	109275019:A>C	51	False	False	-0.145	0.38890872965260115	2	0.0	145	29187	16790	0.145	A	C	1	-0.2583789825439453	0.2583789825439453	0.2583789825439453	1	-0.2461404800415039	0.2461404800415039	0.2461404800415039	-0.1360230445861816	-0.09462260951598479	-0.008526861667633	3.0	3.0	3.0	-12.717748157678699	-9.02838120736589	-0.8490611090407783	0.8490611090407783	9.02838120736589	12.717748157678699	-7.531730158028456	7.531730158028456	12.717748157678699
109275019	A	G	A	G	109275019:A>G	109275019:A>G	51	False	False	0.5	0.05656854249492379	2	0.0	983	229285	275125	0.5	A	G	1	0.071136474609375	0.071136474609375	0.071136474609375	1	0.0576944351196289	0.0576944351196289	0.0576944351196289	0.023834864298502567	0.021642205615838333	0.0013229946295419666	3.0	3.0	3.0	2.4121184955766912	2.1878096809507444	0.13238701730073935	0.13238701730073935	2.1878096809507444	2.4121184955766912	1.577438397942725	1.577438397942725	2.4121184955766912
109275019	A	T	A	T	109275019:A>T	109275019:A>T	51	False	False	0.0	0.0565685424949238	2	0.32981	537	96012	75222	0.0	A	T	1	0.0168142318725585	0.0168142318725585	0.0168142318725585	1	0.0147275924682617	0.0147275924682617	0.0147275924682617	0.003788471221923767	0.004268519580364167	-0.00031743446985879376	3.0	3.0	3.0	0.3795656549960892	0.4277642686168044	-0.03173840928680719	0.03173840928680719	0.4277642686168044	0.3795656549960892	0.2585305047753621	0.2796894442999003	0.4277642686168044
109275020	C	A	C	A	109275020:C>A	109275020:C>A	52	False	False	-1.155	0.12020815280171303	2	0.0	266	65343	22642	1.155	C	A	1	-0.19610595703125	0.19610595703125	0.19610595703125	1	-0.187164306640625	0.187164306640625	0.187164306640625	-0.11157747109731032	-0.09555173665285104	-0.005230764547983734	3.0	3.0	3.0	-10.557790314216188	-9.11286615236542	-0.5217107921014665	0.5217107921014665	9.11286615236542	10.557790314216188	-6.730789086227691	6.730789086227691	10.557790314216188
109275020	C	G	C	G	109275020:C>G	109275020:C>G	52	False	False	-1.275	0.07778174593052038	2	0.0	383	122146	48343	1.275	C	G	1	-0.2600717544555664	0.2600717544555664	0.2600717544555664	1	-0.2361421585083007	0.2361421585083007	0.2361421585083007	-0.14886248111724845	-0.12027438978354131	-0.008814950784047365	3.0	3.0	3.0	-13.831239493181647	-11.332289180453479	-0.8776213012797258	0.8776213012797258	11.332289180453479	13.831239493181647	-8.680383324971617	8.680383324971617	13.831239493181647
109275020	C	T	C	T	109275020:C>T	109275020:C>T	52	False	False	-1.33	0.014142135623730963	2	0.0	1317	314763	116612	1.33	C	T	1	-0.2232990264892578	0.2232990264892578	0.2232990264892578	1	-0.240300178527832	0.240300178527832	0.240300178527832	-0.13507278760274247	-0.11398544410864507	-0.007902244726816767	3.0	3.0	3.0	-12.634768168422264	-10.77290564132017	-0.7871104071968696	0.7871104071968696	10.77290564132017	12.634768168422264	-8.064928072313101	8.064928072313101	12.634768168422264
109275021	C	A	C	A	109275021:C>A	109275021:C>A	53	False	False	-0.855	0.07778174593052026	2	0.0	540	173819	87475	0.855	C	A	1	-0.1037435531616211	0.1037435531616211	0.1037435531616211	1	-0.1927938461303711	0.1927938461303711	0.1927938461303711	-0.09251606464385982	-0.0816024591525395	-0.006733149290084767	3.0	3.0	3.0	-8.83654342378022	-7.836172526047883	-0.6710532429771404	0.6710532429771404	7.836172526047883	8.83654342378022	-5.781256397601748	5.781256397601748	8.83654342378022
109275021	C	G	C	G	109275021:C>G	109275021:C>G	53	False	False	-1.1	0.22627416997969532	2	0.0	271	55069	18261	1.1	C	G	1	-0.2129335403442382	0.2129335403442382	0.2129335403442382	1	-0.279550552368164	0.279550552368164	0.279550552368164	-0.12469045321146648	-0.10155038038889563	-0.008612424135208066	3.0	3.0	3.0	-11.722988104887595	-9.656433724437317	-0.8575443451061924	0.8575443451061924	9.656433724437317	11.722988104887595	-7.412322058143701	7.412322058143701	11.722988104887595
109275021	C	T	C	T	109275021:C>T	109275021:C>T	53	False	False	-0.47	0.0	2	0.0	1084	240592	176060	0.47	C	T	1	-0.0447645187377929	0.0447645187377929	0.0447645187377929	1	-0.1743793487548828	0.1743793487548828	0.1743793487548828	-0.08197339375813796	-0.07000919679800667	-0.006471594174702933	3.0	3.0	3.0	-7.870352939301409	-6.761475509224479	-0.645069850950931	0.645069850950931	6.761475509224479	7.870352939301409	-5.0922994331589395	5.0922994331589395	7.870352939301409
109275022	C	A	C	A	109275022:C>A	109275022:C>A	54	False	False	-1.095	0.06363961030678918	2	0.0	640	166469	75322	1.095	C	A	1	-0.0925378799438476	0.0925378799438476	0.0925378799438476	1	-0.2528448104858398	0.2528448104858398	0.2528448104858398	-0.12919418017069498	-0.12080609798431392	-0.0062084396680195325	3.0	3.0	3.0	-12.119669719888623	-11.379421997876769	-0.6189207128401272	0.6189207128401272	11.379421997876769	12.119669719888623	-8.039337476868505	8.039337476868505	12.119669719888623
109275022	C	G	C	G	109275022:C>G	109275022:C>G	54	False	False	-1.4	0.33941125496954283	2	0.0	158	29719	7661	1.4	C	G	1	-0.2266321182250976	0.2266321182250976	0.2266321182250976	1	-0.3159427642822265	0.3159427642822265	0.3159427642822265	-0.16254055500030515	-0.1354369123776753	-0.010362962881724001	3.0	3.0	3.0	-15.001838147839564	-12.666574222762284	-1.0309452383830389	1.0309452383830389	12.666574222762284	15.001838147839564	-9.566452536328296	9.566452536328296	15.001838147839564
109275022	C	T	C	T	109275022:C>T	109275022:C>T	54	False	False	-1.53	0.028284271247461926	2	0.0	1079	278874	74956	1.53	C	T	1	-0.2453565597534179	0.2453565597534179	0.2453565597534179	1	-0.3207778930664062	0.3207778930664062	0.3207778930664062	-0.160017967224121	-0.13373443981011707	-0.011087626218795735	3.0	3.0	3.0	-14.787152155468416	-12.517764825129607	-1.102638503995477	1.102638503995477	12.517764825129607	14.787152155468416	-9.469185161531167	9.469185161531167	14.787152155468416
109275023	C	A	C	A	109275023:C>A	109275023:C>A	55	False	False	-0.385	0.06363961030678926	2	0.0	193	49566	41477	0.385	C	A	1	-0.062845230102539	0.062845230102539	0.062845230102539	1	-0.0411148071289062	0.0411148071289062	0.0411148071289062	-0.02038657665252683	-0.020681165158748568	-0.0027527213096617997	3.0	3.0	3.0	-2.0180175383435652	-2.0468776530558355	-0.27489360464123325	0.27489360464123325	2.0468776530558355	2.0180175383435652	-1.446596265346878	1.446596265346878	2.0468776530558355
109275023	C	G	C	G	109275023:C>G	109275023:C>G	55	False	False	-2.565	0.37476659402887036	2	0.0	44	30005	5378	2.565	C	G	1	-0.4033737182617187	0.4033737182617187	0.4033737182617187	1	-0.4027462005615234	0.4027462005615234	0.4027462005615234	-0.20750025908152256	-0.16748123367627457	-0.0134412546952565	3.0	3.0	3.0	-18.738696875995096	-15.420751044442484	-1.3351324407579213	1.3351324407579213	15.420751044442484	18.738696875995096	-11.831526787065167	11.831526787065167	18.738696875995096
109275023	C	T	C	T	109275023:C>T	109275023:C>T	55	False	False	-1.28	0.09899494936611673	2	0.0	902	224175	81314	1.28	C	T	1	-0.1790456771850586	0.1790456771850586	0.1790456771850586	1	-0.2175798416137695	0.2175798416137695	0.2175798416137695	-0.11065999666849767	-0.09256463001171744	-0.0080555478731791	3.0	3.0	3.0	-10.475691718050609	-8.840970703076923	-0.8023188895472617	0.8023188895472617	8.840970703076923	10.475691718050609	-6.706327103558265	6.706327103558265	10.475691718050609
109275024	A	C	A	C	109275024:A>C	109275024:A>C	56	False	False	-0.065	0.04949747468305833	2	0.33238	164	40401	31893	0.065	A	C	1	-0.3014430999755859	0.3014430999755859	0.3014430999755859	1	-0.2608470916748047	0.2608470916748047	0.2608470916748047	-0.16878803571065262	-0.12083177765210466	-0.0123967130978902	3.0	3.0	3.0	-15.531207191166029	-11.381697715659323	-1.232019038650086	1.232019038650086	11.381697715659323	15.531207191166029	-9.381641315158479	9.381641315158479	15.531207191166029
109275024	A	G	A	G	109275024:A>G	109275024:A>G	56	False	False	-0.16499999999999998	0.021213203435596416	2	0.0	837	188916	154994	0.16499999999999998	A	G	1	-0.0046520233154296	0.0046520233154296	0.0046520233154296	1	-0.0494804382324218	0.0494804382324218	0.0494804382324218	-0.036164522171020466	-0.029942246774832367	-0.002929677565892467	3.0	3.0	3.0	-3.55183981777084	-2.949841847361971	-0.2925390248413668	0.2925390248413668	2.949841847361971	3.55183981777084	-2.264740229991393	2.264740229991393	3.55183981777084
109275024	A	T	A	T	109275024:A>T	109275024:A>T	56	False	False	0.565	0.0070710678118653635	2	0.0	543	117579	143241	0.565	A	T	1	0.1234607696533203	0.1234607696533203	0.1234607696533203	1	0.1747312545776367	0.1747312545776367	0.1747312545776367	0.09696102142333983	0.0819411973158518	0.006437813242276433	3.0	3.0	3.0	10.18174255090022	8.539198399099051	0.6458580503278123	0.6458580503278123	8.539198399099051	10.18174255090022	6.4555996667756945	6.4555996667756945	10.18174255090022
109275025	C	A	C	A	109275025:C>A	109275025:C>A	57	False	False	-0.405	0.06363961030678932	2	0.0	256	60400	35598	0.405	C	A	1	-7.2479248046875e-05	7.2479248046875e-05	7.2479248046875e-05	1	-0.0113229751586914	0.0113229751586914	0.0113229751586914	-0.0058830976486205664	-0.0092336659630139	-0.0012360910574594668	3.0	3.0	3.0	-0.5865826116284601	-0.9191166578420689	-0.12353274115859877	0.12353274115859877	0.9191166578420689	0.5865826116284601	-0.5430773368763759	0.5430773368763759	0.9191166578420689
109275025	C	G	C	G	109275025:C>G	109275025:C>G	57	False	False	-0.745	0.06363961030678934	2	0.0	415	115993	80286	0.745	C	G	1	-0.0810394287109375	0.0810394287109375	0.0810394287109375	1	-0.0797061920166015	0.0797061920166015	0.0797061920166015	-0.054704030354817634	-0.046489547938108396	-0.004880766073862634	3.0	3.0	3.0	-5.323467971389824	-4.542546221002189	-0.48688744896752945	0.48688744896752945	4.542546221002189	5.323467971389824	-3.4509672137865137	3.4509672137865137	5.323467971389824
109275025	C	T	C	T	109275025:C>T	109275025:C>T	57	False	False	0.10500000000000001	0.07778174593052023	2	0.0	1669	464024	438600	0.10500000000000001	C	T	1	0.1292409896850586	0.1292409896850586	0.1292409896850586	1	0.1258230209350586	0.1258230209350586	0.1258230209350586	0.07764089107513424	0.06489070753256476	0.004741330941518101	3.0	3.0	3.0	8.073448757650366	6.704239831456345	0.4752588836502989	0.4752588836502989	6.704239831456345	8.073448757650366	5.084315824252337	5.084315824252337	8.073448757650366
109275026	C	A	C	A	109275026:C>A	109275026:C>A	58	False	False	-1.78	0.04242640687119289	2	0.0	520	157367	45154	1.78	C	A	1	-0.1989927291870117	0.1989927291870117	0.1989927291870117	1	-0.3085041046142578	0.3085041046142578	0.3085041046142578	-0.15235312779744462	-0.12953735888004303	-0.009223808844884199	3.0	3.0	3.0	-14.131499834719557	-12.149823203898434	-0.9181400010570674	0.9181400010570674	12.149823203898434	14.131499834719557	-9.066487679891686	9.066487679891686	14.131499834719557
109275026	C	G	C	G	109275026:C>G	109275026:C>G	58	False	False	-1.55	0.07071067811865482	2	0.0	228	42068	10067	1.55	C	G	1	-0.1124153137207031	0.1124153137207031	0.1124153137207031	1	-0.2344827651977539	0.2344827651977539	0.2344827651977539	-0.12511209646860758	-0.11135531961917877	-0.006368706623713134	3.0	3.0	3.0	-11.760201665738903	-10.537918387919964	-0.6348469396129951	0.6348469396129951	10.537918387919964	11.760201665738903	-7.6443223310906205	7.6443223310906205	11.760201665738903
109275026	C	T	C	T	109275026:C>T	109275026:C>T	58	False	False	-1.97	0.028284271247461926	2	0.0	902	233376	50653	1.97	C	T	1	-0.2497415542602539	0.2497415542602539	0.2497415542602539	1	-0.2967653274536133	0.2967653274536133	0.2967653274536133	-0.16435662905375156	-0.13262361784776047	-0.012403408686319931	3.0	3.0	3.0	-15.156061021702886	-12.420533643713446	-1.2326803461867148	1.2326803461867148	12.420533643713446	15.156061021702886	-9.603091670534349	9.603091670534349	15.156061021702886
109275027	C	A	C	A	109275027:C>A	109275027:C>A	59	False	False	-1.55	0.04242640687119289	2	0.0	419	83143	26365	1.55	C	A	1	-0.1096830368041992	0.1096830368041992	0.1096830368041992	1	-0.1605243682861328	0.1605243682861328	0.1605243682861328	-0.09420816103617342	-0.08145930618047707	-0.0089160104592641	3.0	3.0	3.0	-8.990670344186135	-7.822978055837057	-0.8876380705234801	0.8876380705234801	7.822978055837057	8.990670344186135	-5.900428823515557	5.900428823515557	8.990670344186135
109275027	C	G	C	G	109275027:C>G	109275027:C>G	59	False	False	-1.0699999999999998	0.15556349186104035	2	0.0	75	13201	5475	1.0699999999999998	C	G	1	0.0185699462890625	0.0185699462890625	0.0185699462890625	1	-0.0586280822753906	0.0586280822753906	0.0586280822753906	-0.045001983642578104	-0.04434225584069887	-0.0051417350769042665	3.0	3.0	3.0	-4.400441452232877	-4.337350956622835	-0.5128538983729652	0.5128538983729652	4.337350956622835	4.400441452232877	-3.0835487690762258	3.0835487690762258	4.400441452232877
109275027	C	T	C	T	109275027:C>T	109275027:C>T	59	False	False	-1.0899999999999999	0.07071067811865474	2	0.0	690	171741	72883	1.0899999999999999	C	T	1	0.014139175415039	0.014139175415039	0.014139175415039	1	-0.0886745452880859	0.0886745452880859	0.0886745452880859	-0.04773966471354163	-0.045482145001490865	-0.005023082097371333	3.0	3.0	3.0	-4.661804626313572	-4.446333647465497	-0.5010487517187168	0.5010487517187168	4.446333647465497	4.661804626313572	-3.203062341832595	3.203062341832595	4.661804626313572
109275028	C	A	C	A	109275028:C>A	109275028:C>A	60	False	False	-0.5349999999999999	0.07778174593052017	2	0.0	303	50495	29469	0.5349999999999999	C	A	1	0.082345962524414	0.082345962524414	0.082345962524414	1	-0.0454740524291992	0.0454740524291992	0.0454740524291992	-0.028432488441467233	-0.04400425031781193	-0.0027146140734354003	3.0	3.0	3.0	-2.803208900032096	-4.305010987676019	-0.27109328404472505	0.27109328404472505	4.305010987676019	2.803208900032096	-2.459771057250947	2.459771057250947	4.305010987676019
109275028	C	G	C	G	109275028:C>G	109275028:C>G	60	False	False	-0.98	0.2969848480983499	2	0.0	68	12649	5234	0.98	C	G	1	0.1003389358520507	0.1003389358520507	0.1003389358520507	1	0.0105352401733398	0.0105352401733398	0.0105352401733398	-0.0058893760045369	-0.019417623678843098	-0.0013273557027180334	3.0	3.0	3.0	-0.5872067624863607	-1.9230315940449427	-0.1326475155780022	0.1326475155780022	1.9230315940449427	0.5872067624863607	-0.8809619573697686	0.8809619573697686	1.9230315940449427
109275028	C	T	C	T	109275028:C>T	109275028:C>T	60	False	False	-0.8300000000000001	0.0989949493661167	2	0.0	664	154644	79039	0.8300000000000001	C	T	1	0.0676717758178711	0.0676717758178711	0.0676717758178711	1	-0.0667276382446289	0.0667276382446289	0.0667276382446289	-0.0473244190216064	-0.05192798376083369	-0.0028768579165140335	3.0	3.0	3.0	-4.6222076307358275	-5.060276360055876	-0.28727237262210775	0.28727237262210775	5.060276360055876	4.6222076307358275	-3.323252121137937	3.323252121137937	5.060276360055876
109275029	C	A	C	A	109275029:C>A	109275029:C>A	61	False	False	-0.555	0.007071067811865481	2	0.0	272	55009	24754	0.555	C	A	1	0.0408496856689453	0.0408496856689453	0.0408496856689453	1	-0.0771007537841796	0.0771007537841796	0.0771007537841796	-0.0482947429021199	-0.054198359449704435	-0.0049889187018076	3.0	3.0	3.0	-4.714710094409821	-5.275580697165697	-0.49764947162390044	0.49764947162390044	5.275580697165697	4.714710094409821	-3.4959800877331397	3.4959800877331397	5.275580697165697
109275029	C	G	C	G	109275029:C>G	109275029:C>G	61	False	False	-0.605	0.07778174593052026	2	0.0	96	22693	11197	0.605	C	G	1	0.0640745162963867	0.0640745162963867	0.0640745162963867	1	-0.0542306900024414	0.0542306900024414	0.0542306900024414	-0.036184787750244106	-0.040777131915092406	-0.0026054879029591333	3.0	3.0	3.0	-3.5537943757967954	-3.9956930932955737	-0.2602096565355332	0.2602096565355332	3.9956930932955737	3.5537943757967954	-2.6032323752093007	2.6032323752093007	3.9956930932955737
109275029	C	T	C	T	109275029:C>T	109275029:C>T	61	False	False	-0.7150000000000001	0.04949747468305833	2	0.0	724	167799	85982	0.7150000000000001	C	T	1	0.0107488632202148	0.0107488632202148	0.0107488632202148	1	-0.0860528945922851	0.0860528945922851	0.0860528945922851	-0.062184135119120236	-0.06103876481453573	-0.005112389723459833	3.0	3.0	3.0	-6.0290162723493985	-5.921323035550759	-0.5099343700703496	0.5099343700703496	5.921323035550759	6.0290162723493985	-4.153424559323502	4.153424559323502	6.0290162723493985
109275030	C	A	C	A	109275030:C>A	109275030:C>A	62	False	False	0.07	0.08485281374238571	2	0.01409	138	46006	46753	0.07	C	A	1	0.0470657348632812	0.0470657348632812	0.0470657348632812	1	0.0454492568969726	0.0454492568969726	0.0454492568969726	0.022447466850280703	0.019600816071033433	0.0010162293910979667	3.0	3.0	3.0	2.270130703235009	1.9794173320116584	0.10167459271438507	0.10167459271438507	1.9794173320116584	2.270130703235009	1.450407542653684	1.450407542653684	2.270130703235009
109275030	C	G	C	G	109275030:C>G	109275030:C>G	62	False	False	-0.265	0.30405591591021547	2	0.0	60	15155	13962	0.265	C	G	1	0.1017532348632812	0.1017532348632812	0.1017532348632812	1	0.0681524276733398	0.0681524276733398	0.0681524276733398	0.027247031529744403	0.014517309765020968	-0.0007112820943196	3.0	3.0	3.0	2.7621626353340254	1.4623197688531597	-0.07110291931756559	0.07110291931756559	1.4623197688531597	2.7621626353340254	1.384459828289873	1.4318617745015836	2.7621626353340254
109275030	C	T	C	T	109275030:C>T	109275030:C>T	62	False	False	0.09	0.16970562748477142	2	0.0	588	148427	128535	0.09	C	T	1	0.1251630783081054	0.1251630783081054	0.1251630783081054	1	0.0509042739868164	0.0509042739868164	0.0509042739868164	0.016255458196004168	0.010840522746245035	0.0006000995635986067	3.0	3.0	3.0	1.6388296965515234	1.0899494113791992	0.0600279659365051	0.0600279659365051	1.0899494113791992	1.6388296965515234	0.9296023579557425	0.9296023579557425	1.6388296965515234
109275031	A	C	A	C	109275031:A>C	109275031:A>C	63	False	False	-0.06999999999999999	0.07071067811865475	2	0.01904	503	85166	56693	0.06999999999999999	A	C	1	-0.0210170745849609	0.0210170745849609	0.0210170745849609	1	0.0028162002563476	0.0028162002563476	0.0028162002563476	-0.020629882812499965	-0.0128590327998002	-0.0035177965958913004	3.0	3.0	3.0	-2.041854258314874	-1.2776708684830764	-0.35116163984626864	0.35116163984626864	1.2776708684830764	2.041854258314874	-1.223562255548073	1.223562255548073	2.041854258314874
109275031	A	G	A	G	109275031:A>G	109275031:A>G	63	False	False	-0.03	0.0	2	0.20342	1057	190406	159007	0.03	A	G	1	0.0633115768432617	0.0633115768432617	0.0633115768432617	1	0.0150766372680664	0.0150766372680664	0.0150766372680664	0.0012265841166178334	-0.0044881577293077665	-0.00012766321500139998	3.0	3.0	3.0	0.12273366785774649	-0.44781010004268385	-0.012765506639993032	0.012765506639993032	0.44781010004268385	0.12273366785774649	-0.11261397960831014	0.1944364248468078	0.44781010004268385
109275031	A	T	A	T	109275031:A>T	109275031:A>T	63	False	False	0.165	0.03535533905932737	2	0.00025	369	56279	44130	0.165	A	T	1	0.1195325851440429	0.1195325851440429	0.1195325851440429	1	0.0549821853637695	0.0549821853637695	0.0549821853637695	0.0244897603988647	0.018962487578392	-0.0013687113920847335	3.0	3.0	3.0	2.4792097591148075	1.9143417362787893	-0.13677751338518088	0.13677751338518088	1.9143417362787893	2.4792097591148075	1.4189246606694719	1.510109669592926	2.4792097591148075
109275032	A	C	A	C	109275032:A>C	109275032:A>C	64	False	False	0.625	0.0919238815542511	2	0.0	181	27937	28753	0.625	A	C	1	0.2071485519409179	0.2071485519409179	0.2071485519409179	1	0.2089834213256836	0.2089834213256836	0.2089834213256836	0.1049379507700602	0.0796542962392171	0.005543077985445633	3.0	3.0	3.0	11.064169375577979	8.291263598660633	0.5558469267439606	0.5558469267439606	8.291263598660633	11.064169375577979	6.637093300327524	6.637093300327524	11.064169375577979
109275032	A	G	A	G	109275032:A>G	109275032:A>G	64	False	False	0.585	0.06363961030678922	2	0.0	1268	313315	418746	0.585	A	G	1	0.1862745285034179	0.1862745285034179	0.1862745285034179	1	0.1643896102905273	0.1643896102905273	0.1643896102905273	0.0748092730840047	0.044208101928234066	0.0055515716473261	3.0	3.0	3.0	7.76785889684514	4.519984036025479	0.5567010177350353	0.5567010177350353	4.519984036025479	7.76785889684514	4.281514650201885	4.281514650201885	7.76785889684514
109275032	A	T	A	T	109275032:A>T	109275032:A>T	64	False	False	0.445	0.07778174593052022	2	0.0	593	123151	153972	0.445	A	T	1	0.1603097915649414	0.1603097915649414	0.1603097915649414	1	0.1238832473754882	0.1238832473754882	0.1238832473754882	0.0603402455647786	0.04308976233005516	0.0036281396945317002	3.0	3.0	3.0	6.219789319065221	4.403160535426092	0.36347293603525044	0.36347293603525044	4.403160535426092	6.219789319065221	3.662140930175521	3.662140930175521	6.219789319065221
109275033	A	C	A	C	109275033:A>C	109275033:A>C	65	False	False	0.605	0.1060660171779821	2	0.0	271	58576	72026	0.605	A	C	1	0.2670974731445312	0.2670974731445312	0.2670974731445312	1	0.2619714736938476	0.2619714736938476	0.2619714736938476	0.1423125267028808	0.10709800322850539	0.010616446534792533	3.0	3.0	3.0	15.293691581042888	11.304333097421585	1.067300096180312	1.067300096180312	11.304333097421585	15.293691581042888	9.221774924881595	9.221774924881595	15.293691581042888
109275033	A	G	A	G	109275033:A>G	109275033:A>G	65	False	False	0.645	0.1626345596729059	2	0.0	925	157942	180314	0.645	A	G	1	0.177957534790039	0.177957534790039	0.177957534790039	1	0.1625013351440429	0.1625013351440429	0.1625013351440429	0.0827380816141764	0.0510671238104502	0.0070928980906804	3.0	3.0	3.0	8.625726053741777	5.239353157635423	0.7118112270960266	0.7118112270960266	5.239353157635423	8.625726053741777	4.858963479491076	4.858963479491076	8.625726053741777
109275033	A	T	A	T	109275033:A>T	109275033:A>T	65	False	False	0.14500000000000002	0.007071067811865452	2	1e-05	570	119023	109395	0.14500000000000002	A	T	1	0.0954799652099609	0.0954799652099609	0.0954799652099609	1	0.0368871688842773	0.0368871688842773	0.0368871688842773	0.021437684694925935	0.015645859142144464	0.0028786013523736664	3.0	3.0	3.0	2.1669122730601713	1.5768896433501458	0.28827485036235834	0.28827485036235834	1.5768896433501458	2.1669122730601713	1.3440255889242252	1.3440255889242252	2.1669122730601713
109275034	A	C	A	C	109275034:A>C	109275034:A>C	66	False	False	0.585	0.07778174593052017	2	0.0	113	20684	23455	0.585	A	C	1	0.1877717971801757	0.1877717971801757	0.1877717971801757	1	0.1874780654907226	0.1874780654907226	0.1874780654907226	0.08605889479319251	0.061492239435513796	0.004497821132341967	3.0	3.0	3.0	8.987051411354049	6.342224373987791	0.4507951512329105	0.4507951512329105	6.342224373987791	8.987051411354049	5.2600236455249165	5.2600236455249165	8.987051411354049
109275034	A	G	A	G	109275034:A>G	109275034:A>G	66	False	False	0.495	0.07778174593052024	2	0.0	999	184406	205766	0.495	A	G	1	0.175729751586914	0.175729751586914	0.175729751586914	1	0.1694116592407226	0.1694116592407226	0.1694116592407226	0.0844759146372477	0.05885213116804757	0.0063395202159881	3.0	3.0	3.0	8.81466355099381	6.061839674080199	0.6359657505366659	0.6359657505366659	6.061839674080199	8.81466355099381	5.170822991870225	5.170822991870225	8.81466355099381
109275034	A	T	A	T	109275034:A>T	109275034:A>T	66	False	False	0.14	0.028284271247461894	2	8e-05	563	91788	85620	0.14	A	T	1	0.0446434020996093	0.0446434020996093	0.0446434020996093	1	0.0627641677856445	0.0627641677856445	0.0627641677856445	0.025600194931030232	0.019524251421292566	0.0044238666693369	3.0	3.0	3.0	2.5930694176089744	1.9716096125443223	0.443366641308186	0.443366641308186	1.9716096125443223	2.5930694176089744	1.6693485571538276	1.6693485571538276	2.5930694176089744
109275035	T	A	T	A	109275035:T>A	109275035:T>A	67	False	False	-0.060000000000000005	0.05656854249492381	2	0.0074	714	123420	94206	0.060000000000000005	T	A	1	0.0445785522460937	0.0445785522460937	0.0445785522460937	1	0.0755319595336914	0.0755319595336914	0.0755319595336914	0.0345112085342407	0.019453386465708367	0.003053307533264133	3.0	3.0	3.0	3.5113630417662827	1.9643836549948848	0.30579736245057293	0.30579736245057293	1.9643836549948848	3.5113630417662827	1.92718135307058	1.92718135307058	3.5113630417662827
109275035	T	C	T	C	109275035:T>C	109275035:T>C	67	False	False	0.20500000000000002	0.049497474683058325	2	0.0	899	180050	179872	0.20500000000000002	T	C	1	0.1092138290405273	0.1092138290405273	0.1092138290405273	1	0.1099061965942382	0.1099061965942382	0.1099061965942382	0.04577668507893876	0.02807599802811937	0.005693937341372132	3.0	3.0	3.0	4.684060972413265	2.84738434354954	0.5710178613559127	0.5710178613559127	2.84738434354954	4.684060972413265	2.7008210591062394	2.7008210591062394	4.684060972413265
109275035	T	G	T	G	109275035:T>G	109275035:T>G	67	False	False	0.45499999999999996	0.1767766952966368	2	0.0	53	6837	7137	0.45499999999999996	T	G	1	0.185525894165039	0.185525894165039	0.185525894165039	1	0.2016458511352539	0.2016458511352539	0.2016458511352539	0.10324784119923906	0.06852845847606653	0.008332128326098066	3.0	3.0	3.0	10.87661729636781	7.09311015844414	0.8366937117259863	0.8366937117259863	7.09311015844414	10.87661729636781	6.268807055512646	6.268807055512646	10.87661729636781
109275036	C	A	C	A	109275036:C>A	109275036:C>A	68	False	False	-0.22000000000000003	0.07071067811865475	2	0.00281	115	17585	12250	0.22000000000000003	C	A	1	-0.0820074081420898	0.0820074081420898	0.0820074081420898	1	-0.0875501632690429	0.0875501632690429	0.0875501632690429	-0.0507096449534098	-0.049953437099854135	-0.0025525589783986	3.0	3.0	3.0	-4.944537119891772	-4.872628246737914	-0.2549303969852278	0.2549303969852278	4.872628246737914	4.944537119891772	-3.357365254538305	3.357365254538305	4.944537119891772
109275036	C	G	C	G	109275036:C>G	109275036:C>G	68	False	False	0.025	0.007071067811865473	2	0.79868	77	11573	8509	0.025	C	G	1	0.0016584396362304	0.0016584396362304	0.0016584396362304	1	0.0028162002563476	0.0028162002563476	0.0028162002563476	-0.0014221270879109665	-0.0028032138943672002	0.0029374063014983667	3.0	3.0	3.0	-0.1421116344375912	-0.27992885590066086	0.2941724706656693	0.2941724706656693	0.27992885590066086	0.1421116344375912	-0.042622673224194246	0.2387376536679738	0.2941724706656693
109275036	C	T	C	T	109275036:C>T	109275036:C>T	68	False	False	-0.035	0.021213203435596427	2	0.14792	503	116450	96993	0.035	C	T	1	-0.0668964385986328	0.0668964385986328	0.0668964385986328	1	-0.050210952758789	0.050210952758789	0.050210952758789	-0.0310169061024983	-0.031086457272370634	-0.0031567811965942	3.0	3.0	3.0	-3.0540816838836893	-3.0608241514409515	-0.31518038017256417	0.31518038017256417	3.0608241514409515	3.0540816838836893	-2.1433620718324016	2.1433620718324016	3.0608241514409515
109275037	A	C	A	C	109275037:A>C	109275037:A>C	69	False	False	-1.165	0.2474873734152917	2	0.0	142	18526	7061	1.165	A	C	1	-0.1440773010253906	0.1440773010253906	0.1440773010253906	1	-0.2110376358032226	0.2110376358032226	0.2110376358032226	-0.09891005357106523	-0.06290704508622484	-0.006144692500432266	3.0	3.0	3.0	-9.41758199903289	-6.0969242844579545	-0.612585248592	0.612585248592	6.0969242844579545	9.41758199903289	-5.375697177360948	5.375697177360948	9.41758199903289
109275037	A	G	A	G	109275037:A>G	109275037:A>G	69	False	False	-0.28500000000000003	0.04949747468305835	2	0.0	1204	251407	180056	0.28500000000000003	A	G	1	-0.0301570892333984	0.0301570892333984	0.0301570892333984	1	-0.058995246887207	0.058995246887207	0.058995246887207	-0.015129446983337333	-0.0031775447229544004	-0.0018129845460255333	3.0	3.0	3.0	-1.5015571912599968	-0.31725016706434056	-0.18113420822805426	0.18113420822805426	0.31725016706434056	1.5015571912599968	-0.6666471888507972	0.6666471888507972	1.5015571912599968
109275037	A	T	A	T	109275037:A>T	109275037:A>T	69	False	False	-0.89	0.028284271247461926	2	0.0	679	135786	62185	0.89	A	T	1	-0.1286687850952148	0.1286687850952148	0.1286687850952148	1	-0.2473955154418945	0.2473955154418945	0.2473955154418945	-0.1193199157714843	-0.08004769682884214	-0.0069948136806487335	3.0	3.0	3.0	-11.24761775285715	-7.6927682285716825	-0.6970406911525067	0.6970406911525067	7.6927682285716825	11.24761775285715	-6.545808890860447	6.545808890860447	11.24761775285715
109275038	G	A	G	A	109275038:G>A	109275038:G>A	70	False	False	0.45499999999999996	0.16263455967290585	2	0.0	658	121237	142915	0.45499999999999996	G	A	1	0.2484321594238281	0.2484321594238281	0.2484321594238281	1	0.220524787902832	0.220524787902832	0.220524787902832	0.17280562718709305	0.122369701663653	0.011568670471509265	3.0	3.0	3.0	18.863504429171282	13.017185096779233	1.1635846334964692	1.1635846334964692	13.017185096779233	18.863504429171282	11.014758053148995	11.014758053148995	18.863504429171282
109275038	G	C	G	C	109275038:G>C	109275038:G>C	70	False	False	-0.115	0.28991378028648446	2	0.0	85	27135	17152	0.115	G	C	1	0.0033655166625976	0.0033655166625976	0.0033655166625976	1	-0.0266809463500976	0.0266809463500976	0.0266809463500976	-0.0052150487899779675	0.006829887628555233	-0.00032543142636613055	3.0	3.0	3.0	-0.5201474030965582	0.6853264501231136	-0.032537847930319906	0.032537847930319906	0.6853264501231136	0.5201474030965582	0.044213733032078505	0.4126705670499972	0.6853264501231136
109275038	G	T	G	T	109275038:G>T	109275038:G>T	70	False	False	-0.6950000000000001	0.07778174593052026	2	0.0	343	46105	19499	0.6950000000000001	G	T	1	-0.0514745712280273	0.0514745712280273	0.0514745712280273	1	-0.0916748046875	0.0916748046875	0.0916748046875	-0.04517861207326249	-0.030372299253940537	-0.0017229318618774	3.0	3.0	3.0	-4.41732556108257	-2.9915695352824225	-0.17214484668288987	0.17214484668288987	2.9915695352824225	4.41732556108257	-2.527013314349294	2.527013314349294	4.41732556108257
109275039	A	C	A	C	109275039:A>C	109275039:A>C	71	False	False	-2.2800000000000002	0.01414213562373112	2	0.0	108	20958	2603	2.2800000000000002	A	C	1	-0.2947378158569336	0.2947378158569336	0.2947378158569336	1	-0.5178909301757812	0.5178909301757812	0.5178909301757812	-0.2242737213770548	-0.15213143825531003	-0.015381922324498467	3.0	3.0	3.0	-20.09036253289464	-14.112461576020676	-1.526422480143743	1.526422480143743	14.112461576020676	20.09036253289464	-11.909748863019686	11.909748863019686	20.09036253289464
109275039	A	G	A	G	109275039:A>G	109275039:A>G	71	False	False	-2.19	0.0	2	0.0	945	181666	30777	2.19	A	G	1	-0.3167066574096679	0.3167066574096679	0.3167066574096679	1	-0.5290384292602539	0.5290384292602539	0.5290384292602539	-0.21969930330912268	-0.15004986524581904	-0.015492190917332933	3.0	3.0	3.0	-19.72398510056976	-13.933494191968924	-1.537280424312119	1.537280424312119	13.933494191968924	19.72398510056976	-11.731586572283602	11.731586572283602	19.72398510056976
109275039	A	T	A	T	109275039:A>T	109275039:A>T	71	False	False	-1.835	0.1767766952966369	2	0.0	297	40779	7645	1.835	A	T	1	-0.2303180694580078	0.2303180694580078	0.2303180694580078	1	-0.4156179428100586	0.4156179428100586	0.4156179428100586	-0.18795124689737952	-0.13531524936358133	-0.012680292129516567	3.0	3.0	3.0	-17.134489424469614	-12.65594832857502	-1.2600235961064843	1.2600235961064843	12.65594832857502	17.134489424469614	-10.350153783050372	10.350153783050372	17.134489424469614
109275040	C	A	C	A	109275040:C>A	109275040:C>A	72	False	False	-1.645	0.3606244584051392	2	0.0	75	20757	5585	1.645	C	A	1	-0.3482694625854492	0.3482694625854492	0.3482694625854492	1	-0.4489107131958008	0.4489107131958008	0.4489107131958008	-0.1886002620061238	-0.1368924975395202	-0.0130657354990641	3.0	3.0	3.0	-17.188252944271426	-12.793602988435207	-1.2980749315320774	1.2980749315320774	12.793602988435207	17.188252944271426	-10.426643621412904	10.426643621412904	17.188252944271426
109275040	C	G	C	G	109275040:C>G	109275040:C>G	72	False	False	-2.13	0.028284271247461926	2	0.0	477	140117	29874	2.13	C	G	1	-0.3614025115966797	0.3614025115966797	0.3614025115966797	1	-0.5356645584106445	0.5356645584106445	0.5356645584106445	-0.22005605697631836	-0.1600948671499888	-0.016311834255854234	3.0	3.0	3.0	-19.752618755388614	-14.793704765199815	-1.617951671163629	1.617951671163629	14.793704765199815	19.752618755388614	-12.054758397250685	12.054758397250685	19.752618755388614
109275040	C	T	C	T	109275040:C>T	109275040:C>T	72	False	False	-1.0699999999999998	0.09899494936611666	2	0.0	1229	306916	137722	1.0699999999999998	C	T	1	-0.1234321594238281	0.1234321594238281	0.1234321594238281	1	-0.2737855911254883	0.2737855911254883	0.2737855911254883	-0.09175864855448397	-0.07075421015421547	-0.008435775836308767	3.0	3.0	3.0	-8.76746859911672	-6.830913585924252	-0.8400294520235675	0.8400294520235675	6.830913585924252	8.76746859911672	-5.47947054568818	5.47947054568818	8.76746859911672
109275041	A	C	A	C	109275041:A>C	109275041:A>C	73	False	False	-2.145	0.34648232278140845	2	0.0	154	23156	3209	2.145	A	C	1	-0.2603216171264648	0.2603216171264648	0.2603216171264648	1	-0.521428108215332	0.521428108215332	0.521428108215332	-0.2142160733540852	-0.1441284964481989	-0.017735461393992066	3.0	3.0	3.0	-19.282604260552567	-13.42235082927834	-1.7579113762147769	1.7579113762147769	13.42235082927834	19.282604260552567	-11.48762215534856	11.48762215534856	19.282604260552567
109275041	A	G	A	G	109275041:A>G	109275041:A>G	73	False	False	-2.11	0.1131370849898477	2	0.0	1442	311865	57019	2.11	A	G	1	-0.3009319305419922	0.3009319305419922	0.3009319305419922	1	-0.5199117660522461	0.5199117660522461	0.5199117660522461	-0.21999406814575187	-0.15987722078959143	-0.016307602326075202	3.0	3.0	3.0	-19.747644159886153	-14.775157906904127	-1.6175353243626094	1.6175353243626094	14.775157906904127	19.747644159886153	-12.046779130384296	12.046779130384296	19.747644159886153
109275041	A	T	A	T	109275041:A>T	109275041:A>T	73	False	False	-2.085	0.06363961030678918	2	0.0	583	102426	18626	2.085	A	T	1	-0.2935848236083984	0.2935848236083984	0.2935848236083984	1	-0.5428352355957031	0.5428352355957031	0.5428352355957031	-0.230572501818339	-0.1592954248189926	-0.017347266276677365	3.0	3.0	3.0	-20.592113924617088	-14.725560010650362	-1.7197668738204515	1.7197668738204515	14.725560010650362	20.592113924617088	-12.345813603029299	12.345813603029299	20.592113924617088
109275042	A	C	A	C	109275042:A>C	109275042:A>C	74	False	False	-1.605	0.134350288425444	2	0.0	140	19382	3741	1.605	A	C	1	-0.2308673858642578	0.2308673858642578	0.2308673858642578	1	-0.4383630752563476	0.4383630752563476	0.4383630752563476	-0.19405329227447507	-0.13682318727175394	-0.014505406220753933	3.0	3.0	3.0	-17.638598916493017	-12.787558480236584	-1.4400709649359371	1.4400709649359371	12.787558480236584	17.638598916493017	-10.62207612055518	10.62207612055518	17.638598916493017
109275042	A	G	A	G	109275042:A>G	109275042:A>G	74	False	False	-1.12	0.04242640687119281	2	0.0	1025	191681	68841	1.12	A	G	1	-0.2217168807983398	0.2217168807983398	0.2217168807983398	1	-0.3929939270019531	0.3929939270019531	0.3929939270019531	-0.16896653175354	-0.12174131969610846	-0.009730756282806332	3.0	3.0	3.0	-15.546283190886708	-11.462263143079312	-0.9683565664730482	0.9683565664730482	11.462263143079312	15.546283190886708	-9.325634300146357	9.325634300146357	15.546283190886708
109275042	A	T	A	T	109275042:A>T	109275042:A>T	74	False	False	-2.295	0.007071067811865324	2	0.0	557	100502	14706	2.295	A	T	1	-0.3087043762207031	0.3087043762207031	0.3087043762207031	1	-0.5224409103393555	0.5224409103393555	0.5224409103393555	-0.22986272970835364	-0.16425440212090806	-0.016242812077204332	3.0	3.0	3.0	-20.535732415123384	-15.147387242711414	-1.6111608934934938	1.6111608934934938	15.147387242711414	20.535732415123384	-12.431426850442763	12.431426850442763	20.535732415123384
109275043	A	C	A	C	109275043:A>C	109275043:A>C	75	False	False	-0.58	0.1697056274847714	2	0.0	166	18588	6549	0.58	A	C	1	-0.0998048782348632	0.0998048782348632	0.0998048782348632	1	-0.1847591400146484	0.1847591400146484	0.1847591400146484	-0.0924853881200154	-0.06545176357030863	-0.0087810854117075	3.0	3.0	3.0	-8.833746802935737	-6.33557739566692	-0.8742644281773227	0.8742644281773227	6.33557739566692	8.833746802935737	-5.347862875593326	5.347862875593326	8.833746802935737
109275043	A	G	A	G	109275043:A>G	109275043:A>G	75	False	False	-0.42500000000000004	0.04949747468305835	2	0.0	981	201824	120718	0.42500000000000004	A	G	1	-0.0725469589233398	0.0725469589233398	0.0725469589233398	1	-0.2184000015258789	0.2184000015258789	0.2184000015258789	-0.1123969952265421	-0.09091727932294207	-0.008564511934916167	3.0	3.0	3.0	-10.631060335849359	-8.690676053367868	-0.8527940981169405	0.8527940981169405	8.690676053367868	10.631060335849359	-6.724843495778056	6.724843495778056	10.631060335849359
109275043	A	T	A	T	109275043:A>T	109275043:A>T	75	False	False	0.665	0.03535533905932737	2	0.0	230	44135	55133	0.665	A	T	1	0.1089725494384765	0.1089725494384765	0.1089725494384765	1	0.1351594924926757	0.1351594924926757	0.1351594924926757	0.07016416390736893	0.04241917282342907	0.0023017923037210665	3.0	3.0	3.0	7.26842628406615	4.333172340809636	0.23044434613736547	0.23044434613736547	4.333172340809636	7.26842628406615	3.9440143236710505	3.9440143236710505	7.26842628406615
109275044	T	A	T	A	109275044:T>A	109275044:T>A	76	False	False	0.855	0.007071067811865481	2	0.0	966	189181	283327	0.855	T	A	1	0.2060194015502929	0.2060194015502929	0.2060194015502929	1	0.3195943832397461	0.3195943832397461	0.3195943832397461	0.1636895338694254	0.10376840333143866	0.010528817772865233	3.0	3.0	3.0	17.784857623103008	10.934350490232198	1.0584440818280023	1.0584440818280023	10.934350490232198	17.784857623103008	9.925884065054403	9.925884065054403	17.784857623103008
109275044	T	C	T	C	109275044:T>C	109275044:T>C	76	False	False	0.255	0.03535533905932738	2	0.0	1008	177134	167246	0.255	T	C	1	0.0747671127319336	0.0747671127319336	0.0747671127319336	1	0.1027021408081054	0.1027021408081054	0.1027021408081054	0.051187872886657666	0.036464107533295896	0.005354473988215099	3.0	3.0	3.0	5.252061479553505	3.7137077941648236	0.5368834804157775	0.5368834804157775	3.7137077941648236	5.252061479553505	3.167550918044702	3.167550918044702	5.252061479553505
109275044	T	G	T	G	109275044:T>G	109275044:T>G	76	False	False	1.19	0.1272792206135786	2	0.0	32	6801	11434	1.19	T	G	1	0.3208293914794922	0.3208293914794922	0.3208293914794922	1	0.4210100173950195	0.4210100173950195	0.4210100173950195	0.24183408419291175	0.16758581995964048	0.0162958403428395	3.0	3.0	3.0	27.358286775619817	18.24467633641564	1.6429341735697398	1.6429341735697398	18.24467633641564	27.358286775619817	15.748632428535066	15.748632428535066	27.358286775619817
109275045	G	A	G	A	109275045:G>A	109275045:G>A	77	False	False	-0.035	0.007071067811865479	2	0.1011	998	209267	184125	0.035	G	A	1	0.0292673110961914	0.0292673110961914	0.0292673110961914	1	0.0389471054077148	0.0389471054077148	0.0389471054077148	0.023907621701558367	0.012881907323996166	0.0010744631290435333	3.0	3.0	3.0	2.4195700064328745	1.296523652070564	0.10750405713463392	0.10750405713463392	1.296523652070564	2.4195700064328745	1.2745325718793576	1.2745325718793576	2.4195700064328745
109275045	G	C	G	C	109275045:G>C	109275045:G>C	77	False	False	-0.72	0.09899494936611662	2	0.0	64	12620	3622	0.72	G	C	1	-0.1740932464599609	0.1740932464599609	0.1740932464599609	1	-0.2465581893920898	0.2465581893920898	0.2465581893920898	-0.11692539850870763	-0.07790035506089522	-0.0067972242832183664	3.0	3.0	3.0	-11.034843997904458	-7.49434008403126	-0.6774175406602216	0.6774175406602216	7.49434008403126	11.034843997904458	-6.402200540865313	6.402200540865313	11.034843997904458
109275045	G	T	G	T	109275045:G>T	109275045:G>T	77	False	False	-1.6	0.028284271247461926	2	0.0	52	5881	1185	1.6	G	T	1	-0.2810449600219726	0.2810449600219726	0.2810449600219726	1	-0.3602752685546875	0.3602752685546875	0.3602752685546875	-0.1668456395467122	-0.11253343274195986	-0.010319620370864833	3.0	3.0	3.0	-15.366975882545267	-10.643252780160335	-1.0266555780906597	1.0266555780906597	10.643252780160335	15.366975882545267	-9.012294746932087	9.012294746932087	15.366975882545267
109275046	C	A	C	A	109275046:C>A	109275046:C>A	78	False	False	-0.15000000000000002	0.028284271247461894	2	0.00328	250	35093	29660	0.15000000000000002	C	A	1	-0.0454378128051757	0.0454378128051757	0.0454378128051757	1	-0.0663576126098632	0.0663576126098632	0.0663576126098632	-0.0185784498850504	-0.021994882573684	0.0003079275290171333	3.0	3.0	3.0	-1.840693429200913	-2.1754758863658608	0.030797494356531993	0.030797494356531993	2.1754758863658608	1.840693429200913	-1.3284572737367473	1.3489889366411019	2.1754758863658608
109275046	C	G	C	G	109275046:C>G	109275046:C>G	78	False	False	-0.045	0.007071067811865474	2	0.26153	221	50902	44671	0.045	C	G	1	0.0127582550048828	0.0127582550048828	0.0127582550048828	1	-0.0014114379882812	0.0014114379882812	0.0014114379882812	0.013845443725585868	0.0028239563107489997	0.0004183948040008334	3.0	3.0	3.0	1.3941735770376167	0.2827947431404016	0.041848234331507986	0.041848234331507986	0.2827947431404016	1.3941735770376167	0.5729388515031754	0.5729388515031754	1.3941735770376167
109275046	C	T	C	T	109275046:C>T	109275046:C>T	78	False	False	-0.225	0.03535533905932737	2	0.0	1467	368395	289870	0.225	C	T	1	-0.1123733520507812	0.1123733520507812	0.1123733520507812	1	-0.1351423263549804	0.1351423263549804	0.1351423263549804	-0.060196042060851995	-0.047855711231628996	-0.0027601023515065	3.0	3.0	3.0	-5.842007377975718	-4.672867650002317	-0.27562967710801045	0.27562967710801045	4.672867650002317	5.842007377975718	-3.596834901695349	3.596834901695349	5.842007377975718
109275047	T	A	T	A	109275047:T>A	109275047:T>A	79	False	False	-0.765	0.2050609665440988	2	0.0	234	49730	19015	0.765	T	A	1	-0.1054315567016601	0.1054315567016601	0.1054315567016601	1	-0.1231918334960937	0.1231918334960937	0.1231918334960937	-0.0568915208180745	-0.04469766964515046	-0.0017752945423125666	3.0	3.0	3.0	-5.530345628351376	-4.371344741375238	-0.1773719639066824	0.1773719639066824	4.371344741375238	5.530345628351376	-3.359687444544432	3.359687444544432	5.530345628351376
109275047	T	C	T	C	109275047:T>C	109275047:T>C	79	False	False	-0.175	0.03535533905932738	2	0.0	869	184666	138383	0.175	T	C	1	0.008432388305664	0.008432388305664	0.008432388305664	1	0.0084333419799804	0.0084333419799804	0.0084333419799804	0.007092515627543067	0.0015969971815744334	-0.0010810792446136	3.0	3.0	3.0	0.7117727085481041	0.15982730606747889	-0.1080495088972176	0.1080495088972176	0.15982730606747889	0.7117727085481041	0.2545168352394552	0.32654984117093355	0.7117727085481041
109275047	T	G	T	G	109275047:T>G	109275047:T>G	79	False	False	-0.13	0.042426406871192854	2	0.22092	57	9179	5173	0.13	T	G	1	-0.01513671875	0.01513671875	0.01513671875	1	0.0192556381225585	0.0192556381225585	0.0192556381225585	0.015054980913797965	0.006603779892126667	0.0014734367529550668	3.0	3.0	3.0	1.5168877993941015	0.6625632924279152	0.147452279422642	0.147452279422642	0.6625632924279152	1.5168877993941015	0.7756344570815529	0.7756344570815529	1.5168877993941015
109275048	A	C	A	C	109275048:A>C	109275048:A>C	80	False	False	1.245	0.13435028842544422	2	0.0	33	9925	22595	1.245	A	C	1	0.2714958190917969	0.2714958190917969	0.2714958190917969	1	0.3831338882446289	0.3831338882446289	0.3831338882446289	0.21212776501973465	0.14686520894368485	0.01690130432446797	3.0	3.0	3.0	23.63058316272426	15.819783779797051	1.7044939434299713	1.7044939434299713	15.819783779797051	23.63058316272426	13.71828696198376	13.71828696198376	23.63058316272426
109275048	A	G	A	G	109275048:A>G	109275048:A>G	80	False	False	0.895	0.12020815280171303	2	0.0	790	169225	254226	0.895	A	G	1	0.1916465759277343	0.1916465759277343	0.1916465759277343	1	0.2554922103881836	0.2554922103881836	0.2554922103881836	0.12818300724029538	0.08866990109284713	0.009833430250485666	3.0	3.0	3.0	13.67610191592121	9.271989114361912	0.9881937292226056	0.9881937292226056	9.271989114361912	13.67610191592121	7.978761586501908	7.978761586501908	13.67610191592121
109275048	A	T	A	T	109275048:A>T	109275048:A>T	80	False	False	1.2149999999999999	0.07778174593052022	2	0.0	389	95188	195849	1.2149999999999999	A	T	1	0.2509031295776367	0.2509031295776367	0.2509031295776367	1	0.3852968215942383	0.3852968215942383	0.3852968215942383	0.20332483450571692	0.1385530680418014	0.01745052138964333	3.0	3.0	3.0	22.54704786974539	14.861063447000245	1.7603671289577534	1.7603671289577534	14.861063447000245	22.54704786974539	13.056159481901128	13.056159481901128	22.54704786974539
109275049	C	A	C	A	109275049:C>A	109275049:C>A	81	False	False	-1.565	0.00707106781186556	2	0.0	210	42035	11999	1.565	C	A	1	-0.314239501953125	0.314239501953125	0.314239501953125	1	-0.4748830795288086	0.4748830795288086	0.4748830795288086	-0.20728099346160886	-0.13958765566349027	-0.017920285463333067	3.0	3.0	3.0	-18.72087711243126	-13.028321573871327	-1.7760672009463963	1.7760672009463963	13.028321573871327	18.72087711243126	-11.175088629082994	11.175088629082994	18.72087711243126
109275049	C	G	C	G	109275049:C>G	109275049:C>G	81	False	False	-0.9	0.15556349186104043	2	0.0	379	99941	51500	0.9	C	G	1	-0.1222143173217773	0.1222143173217773	0.1222143173217773	1	-0.2118539810180664	0.2118539810180664	0.2118539810180664	-0.0938678582509358	-0.06593401730060573	-0.006283899148305167	3.0	3.0	3.0	-8.959694345511274	-6.380736522909983	-0.6264196744959287	0.6264196744959287	6.380736522909983	8.959694345511274	-5.322283514305728	5.322283514305728	8.959694345511274
109275049	C	T	C	T	109275049:C>T	109275049:C>T	81	False	False	-1.395	0.007071067811865403	2	0.0	696	180443	68283	1.395	C	T	1	-0.256692886352539	0.256692886352539	0.256692886352539	1	-0.3376045227050781	0.3376045227050781	0.3376045227050781	-0.1553125381469726	-0.11443256338437395	-0.012225657701492268	3.0	3.0	3.0	-14.38524431059964	-10.812791877508207	-1.2151227974599004	1.2151227974599004	10.812791877508207	14.38524431059964	-8.804386328522583	8.804386328522583	14.38524431059964
109275050	T	A	T	A	109275050:T>A	109275050:T>A	82	False	False	0.55	0.05656854249492382	2	0.0	501	111669	118510	0.55	T	A	1	0.1659555435180664	0.1659555435180664	0.1659555435180664	1	0.1684732437133789	0.1684732437133789	0.1684732437133789	0.09071246782938634	0.05491044620672856	0.0051816304524739	3.0	3.0	3.0	9.495412545518361	5.6446001692243755	0.5195078316801611	0.5195078316801611	5.6446001692243755	9.495412545518361	5.219840182140966	5.219840182140966	9.495412545518361
109275050	T	C	T	C	109275050:T>C	109275050:T>C	82	False	False	-1.01	0.0	2	0.0	1024	181005	80516	1.01	T	C	1	-0.1783924102783203	0.1783924102783203	0.1783924102783203	1	-0.328282356262207	0.328282356262207	0.328282356262207	-0.12143476804097486	-0.09587550163269039	-0.0124918321768442	3.0	3.0	3.0	-11.43511759275993	-9.142287460371655	-1.241413311234915	1.241413311234915	9.142287460371655	11.43511759275993	-7.272939454788833	7.272939454788833	11.43511759275993
109275050	T	G	T	G	109275050:T>G	109275050:T>G	82	False	False	-0.91	0.21213203435596428	2	0.0	132	15043	8257	0.91	T	G	1	-0.1164703369140625	0.1164703369140625	0.1164703369140625	1	-0.2344827651977539	0.2344827651977539	0.2344827651977539	-0.0948613087336222	-0.0762308314442634	-0.008682558933893766	3.0	3.0	3.0	-9.050093470145736	-7.339770707419826	-0.8644974374450385	0.8644974374450385	7.339770707419826	9.050093470145736	-5.751453871670201	5.751453871670201	9.050093470145736
109275051	T	A	T	A	109275051:T>A	109275051:T>A	83	False	False	-2.11	0.1131370849898477	2	0.0	757	156800	29385	2.11	T	A	1	-0.2328786849975586	0.2328786849975586	0.2328786849975586	1	-0.4518003463745117	0.4518003463745117	0.4518003463745117	-0.1958292325337728	-0.14424874385197953	-0.0142929951349894	3.0	3.0	3.0	-17.78473803890412	-13.432760940909558	-1.4191335198027188	1.4191335198027188	13.432760940909558	17.78473803890412	-10.878877499872132	10.878877499872132	17.78473803890412
109275051	T	C	T	C	109275051:T>C	109275051:T>C	83	False	False	-1.13	0.056568542494923775	2	0.0	1091	224292	95748	1.13	T	C	1	-0.0586509704589843	0.0586509704589843	0.0586509704589843	1	-0.2102222442626953	0.2102222442626953	0.2102222442626953	-0.10556050141652419	-0.0702672625581423	-0.005706171194712267	3.0	3.0	3.0	-10.017996918659113	-6.785534075441505	-0.5689921921596461	0.5689921921596461	6.785534075441505	10.017996918659113	-5.790841062086755	5.790841062086755	10.017996918659113
109275051	T	G	T	G	109275051:T>G	109275051:T>G	83	False	False	-1.65	0.04242640687119281	2	0.0	219	38120	8814	1.65	T	G	1	-0.1529130935668945	0.1529130935668945	0.1529130935668945	1	-0.3499059677124023	0.3499059677124023	0.3499059677124023	-0.15893336137135816	-0.11667094131310778	-0.009848157564798933	3.0	3.0	3.0	-14.694679662927484	-11.012203293379134	-0.9799823259170938	0.9799823259170938	11.012203293379134	14.694679662927484	-8.895621760741237	8.895621760741237	14.694679662927484
109275052	T	A	T	A	109275052:T>A	109275052:T>A	84	False	False	-2.16	0.15556349186104076	2	0.0	469	86818	12659	2.16	T	A	1	-0.3176450729370117	0.3176450729370117	0.3176450729370117	1	-0.5684795379638672	0.5684795379638672	0.5684795379638672	-0.238924503326416	-0.17849711577097574	-0.017226169506708734	3.0	3.0	3.0	-21.252566817887285	-16.347353039216372	-1.7078647343963318	1.7078647343963318	16.347353039216372	21.252566817887285	-13.10259486383333	13.10259486383333	21.252566817887285
109275052	T	C	T	C	109275052:T>C	109275052:T>C	84	False	False	-2.3949999999999996	0.16263455967290577	2	0.0	1305	255198	37656	2.3949999999999996	T	C	1	-0.3508739471435547	0.3508739471435547	0.3508739471435547	1	-0.5800256729125977	0.5800256729125977	0.5800256729125977	-0.23651385307312012	-0.17676406602064768	-0.0197280049324035	3.0	3.0	3.0	-21.06250530426344	-16.202253143934886	-1.9534681227358766	1.9534681227358766	16.202253143934886	21.06250530426344	-13.072742190311402	13.072742190311402	21.06250530426344
109275052	T	G	T	G	109275052:T>G	109275052:T>G	84	False	False	-2.37	0.22627416997969527	2	0.0	91	12011	1362	2.37	T	G	1	-0.3391437530517578	0.3391437530517578	0.3391437530517578	1	-0.6066141128540039	0.6066141128540039	0.6066141128540039	-0.24432229995727536	-0.1839461276928583	-0.017652283112208	3.0	3.0	3.0	-21.67648430792823	-16.8019376664928	-1.749739428224588	1.749739428224588	16.8019376664928	21.67648430792823	-13.409387134215207	13.409387134215207	21.67648430792823
109275053	G	A	G	A	109275053:G>A	109275053:G>A	85	False	False	-1.71	0.1131370849898477	2	0.0	921	155360	39152	1.71	G	A	1	-0.2308692932128906	0.2308692932128906	0.2308692932128906	1	-0.4029798507690429	0.4029798507690429	0.4029798507690429	-0.16915289560953772	-0.10011559228102362	-0.0123421251773834	3.0	3.0	3.0	-15.56202084469412	-9.526716814035293	-1.2266273527976304	1.2266273527976304	9.526716814035293	15.56202084469412	-8.77178833717568	8.77178833717568	15.56202084469412
109275053	G	C	G	C	109275053:G>C	109275053:G>C	85	False	False	-2.0549999999999997	0.04949747468305806	2	0.0	233	44188	9504	2.0549999999999997	G	C	1	-0.3259649276733398	0.3259649276733398	0.3259649276733398	1	-0.4682855606079101	0.4682855606079101	0.4682855606079101	-0.21571735541025797	-0.15537765622138977	-0.013950457175572667	3.0	3.0	3.0	-19.403692921537274	-14.390819197116922	-1.3853600469430474	1.3853600469430474	14.390819197116922	19.403692921537274	-11.726624055199082	11.726624055199082	19.403692921537274
109275053	G	T	G	T	109275053:G>T	109275053:G>T	85	False	False	-0.85	0.22627416997969527	2	0.0	217	35039	19530	0.85	G	T	1	-0.3857498168945312	0.3857498168945312	0.3857498168945312	1	-0.4607458114624023	0.4607458114624023	0.4607458114624023	-0.20919696489969883	-0.1521312743425369	-0.012468546628951966	3.0	3.0	3.0	-18.876456499971773	-14.112447497954925	-1.239113636660317	1.239113636660317	14.112447497954925	18.876456499971773	-11.409339211529007	11.409339211529007	18.876456499971773
109275054	T	A	T	A	109275054:T>A	109275054:T>A	86	False	False	-1.745	0.007071067811865403	2	0.0	336	57901	12142	1.745	T	A	1	-0.2769527435302734	0.2769527435302734	0.2769527435302734	1	-0.4397964477539062	0.4397964477539062	0.4397964477539062	-0.16056398550669349	-0.1595317224661509	-0.009621659914652466	3.0	3.0	3.0	-14.833667228105906	-14.745707779653635	-0.9575519844825308	0.9575519844825308	14.745707779653635	14.833667228105906	-10.17897566408069	10.17897566408069	14.833667228105906
109275054	T	C	T	C	109275054:T>C	109275054:T>C	86	False	False	-2.0949999999999998	0.007071067811865795	2	0.0	1125	258527	50263	2.0949999999999998	T	C	1	-0.2969732284545898	0.2969732284545898	0.2969732284545898	1	-0.5110940933227539	0.5110940933227539	0.5110940933227539	-0.2210359970728556	-0.14793498814105985	-0.015965958436330134	3.0	3.0	3.0	-19.831217864413297	-13.751281498537427	-1.5839178141666324	1.5839178141666324	13.751281498537427	19.831217864413297	-11.722139059039117	11.722139059039117	19.831217864413297
109275054	T	G	T	G	109275054:T>G	109275054:T>G	86	False	False	-2.435	0.4737615433949868	2	0.0	75	19673	2936	2.435	T	G	1	-0.3543434143066406	0.3543434143066406	0.3543434143066406	1	-0.5805530548095703	0.5805530548095703	0.5805530548095703	-0.23770225048065177	-0.16439821322758988	-0.018307864665985066	3.0	3.0	3.0	-21.156258699137286	-15.159589113453587	-1.8141293779714178	1.8141293779714178	15.159589113453587	21.156258699137286	-12.709992396854096	12.709992396854096	21.156258699137286
109275055	C	A	C	A	109275055:C>A	109275055:C>A	87	False	False	-0.775	0.007071067811865481	2	0.0	225	40103	18783	0.775	C	A	1	-0.1147317886352539	0.1147317886352539	0.1147317886352539	1	-0.190378189086914	0.190378189086914	0.190378189086914	-0.10559697945912673	-0.06110879530509306	-0.006227026383082032	3.0	3.0	3.0	-10.021279226134535	-5.927911180761351	-0.6207678634771568	0.6207678634771568	5.927911180761351	10.021279226134535	-5.523319423457681	5.523319423457681	10.021279226134535
109275055	C	G	C	G	109275055:C>G	109275055:C>G	87	False	False	-0.395	0.12020815280171304	2	0.0	100	25459	14969	0.395	C	G	1	-0.0528039932250976	0.0528039932250976	0.0528039932250976	1	-0.120889663696289	0.120889663696289	0.120889663696289	-0.0689165592193603	-0.028723549097776368	0.00046424070994056005	3.0	3.0	3.0	-6.659543916585011	-2.8314949451636737	0.04643484863363614	0.04643484863363614	2.8314949451636737	6.659543916585011	-3.148201337705016	3.1791579034607733	6.659543916585011
109275055	C	T	C	T	109275055:C>T	109275055:C>T	87	False	False	0.2	0.028284271247461894	2	0.0	601	132115	137245	0.2	C	T	1	0.0527811050415039	0.0527811050415039	0.0527811050415039	1	0.0812082290649414	0.0812082290649414	0.0812082290649414	0.03350059191385903	0.042779381076494795	0.004883180061976067	3.0	3.0	3.0	3.406805580531079	4.370760779981904	0.48951222163856023	0.48951222163856023	4.370760779981904	3.406805580531079	2.755692860717181	2.755692860717181	4.370760779981904
109275056	T	A	T	A	109275056:T>A	109275056:T>A	88	False	False	-0.535	0.03535533905932741	2	0.0	463	63379	34863	0.535	T	A	1	-0.1755657196044922	0.1755657196044922	0.1755657196044922	1	-0.2155332565307617	0.2155332565307617	0.2155332565307617	-0.1097553173700968	-0.0772454515099525	-0.005439311265945368	3.0	3.0	3.0	-10.394664283249211	-7.433737956761837	-0.542454499732958	0.542454499732958	7.433737956761837	10.394664283249211	-6.123618913248002	6.123618913248002	10.394664283249211
109275056	T	C	T	C	109275056:T>C	109275056:T>C	88	False	False	-0.39	0.0	2	0.0	884	185118	106770	0.39	T	C	1	-0.0500116348266601	0.0500116348266601	0.0500116348266601	1	-0.1189746856689453	0.1189746856689453	0.1189746856689453	-0.05727692445119217	-0.02369770035147663	-0.0019946793715158668	3.0	3.0	3.0	-5.566747561196411	-2.3419114801704426	-0.19926913206793137	0.19926913206793137	2.3419114801704426	5.566747561196411	-2.7026427244782614	2.7026427244782614	5.566747561196411
109275056	T	G	T	G	109275056:T>G	109275056:T>G	88	False	False	-1.28	0.2969848480983499	2	0.0	60	7050	1797	1.28	T	G	1	-0.2078685760498047	0.2078685760498047	0.2078685760498047	1	-0.2469768524169922	0.2469768524169922	0.2469768524169922	-0.12776017189025876	-0.08758281916379927	-0.007885654767354299	3.0	3.0	3.0	-11.993558197707038	-8.385700568783738	-0.7854644557272743	0.7854644557272743	8.385700568783738	11.993558197707038	-7.05490774073935	7.05490774073935	11.993558197707038
109275057	A	C	A	C	109275057:A>C	109275057:A>C	89	False	False	-0.655	0.04949747468305825	2	0.0	39	8116	3751	0.655	A	C	1	-0.2083425521850586	0.2083425521850586	0.2083425521850586	1	-0.2390518188476562	0.2390518188476562	0.2390518188476562	-0.0773411591847737	-0.099597026904424	-0.005561411380767733	3.0	3.0	3.0	-7.442596834530825	-9.479788335177233	-0.5545975361103371	0.5545975361103371	9.479788335177233	7.442596834530825	-5.8256609019394645	5.8256609019394645	9.479788335177233
109275057	A	G	A	G	109275057:A>G	109275057:A>G	89	False	False	-0.625	0.03535533905932741	2	0.0	791	187516	113936	0.625	A	G	1	-0.0217142105102539	0.0217142105102539	0.0217142105102539	1	-0.0324373245239257	0.0324373245239257	0.0324373245239257	-0.0148085753122965	0.0031562596559524332	0.0017717977364857336	3.0	3.0	3.0	-1.4699467601463236	0.3161245888027953	0.17733682975304377	0.17733682975304377	0.3161245888027953	1.4699467601463236	-0.3254951138634949	0.6544693929007209	1.4699467601463236
109275057	A	T	A	T	109275057:A>T	109275057:A>T	89	False	False	-0.18	0.26870057685088805	2	0.0	170	32286	21471	0.18	A	T	1	-0.1529474258422851	0.1529474258422851	0.1529474258422851	1	-0.1366920471191406	0.1366920471191406	0.1366920471191406	0.00046261151631670026	-0.09922705094019567	-0.0023307800292968334	3.0	3.0	3.0	0.04627185375266598	-9.44629183651678	-0.23280658706361293	0.23280658706361293	9.44629183651678	0.04627185375266598	-3.210942189942576	3.241790092444353	9.44629183651678
109275058	A	C	A	C	109275058:A>C	109275058:A>C	90	False	False	-0.135	0.12020815280171307	2	0.07542	51	6944	4111	0.135	A	C	1	0.0547122955322265	0.0547122955322265	0.0547122955322265	1	0.0481805801391601	0.0481805801391601	0.0481805801391601	-0.0077198743820190005	0.022019532819588933	0.0018385152022043667	3.0	3.0	3.0	-0.7690152683552446	2.226375196886634	0.18402063074941943	0.18402063074941943	2.226375196886634	0.7690152683552446	0.5471268530936029	1.059803698663766	2.226375196886634
109275058	A	G	A	G	109275058:A>G	109275058:A>G	90	False	False	0.045	0.09192388155425119	2	0.0	1020	182152	165845	0.045	A	G	1	0.043527603149414	0.043527603149414	0.043527603149414	1	0.0481805801391601	0.0481805801391601	0.0481805801391601	-0.020608782768249498	0.010403546194235466	0.0008569856484730667	3.0	3.0	3.0	-2.0397873152988133	1.045785123924379	0.08573529655949177	0.08573529655949177	1.045785123924379	2.0397873152988133	-0.30275563160498087	1.057102578594228	2.0397873152988133
109275058	A	T	A	T	109275058:A>T	109275058:A>T	90	False	False	-0.125	0.09192388155425119	2	3e-05	472	86157	56092	0.125	A	T	1	-0.0084352493286132	0.0084352493286132	0.0084352493286132	1	-0.024169921875	0.024169921875	0.024169921875	-0.0393480459849039	0.006811047593752534	0.0007957915465036667	3.0	3.0	3.0	-3.8583966081866996	0.6834295529375328	0.07961082726068233	0.07961082726068233	0.6834295529375328	3.8583966081866996	-1.0317854093294947	1.5404789961283047	3.8583966081866996
109275059	C	A	C	A	109275059:C>A	109275059:C>A	91	False	False	0.009999999999999995	0.15556349186104046	2	0.18975	74	13461	13581	0.009999999999999995	C	A	1	-0.0396757125854492	0.0396757125854492	0.0396757125854492	1	-0.0017642974853515	0.0017642974853515	0.0017642974853515	-0.028297622998555465	-0.002135843038558967	0.0015282432238260667	3.0	3.0	3.0	-2.7900995277700185	-0.21335637488400974	0.15294115826046414	0.15294115826046414	0.21335637488400974	2.7900995277700185	-0.9501715814645214	1.0521323536381642	2.7900995277700185
109275059	C	G	C	G	109275059:C>G	109275059:C>G	91	False	False	0.125	0.007071067811865481	2	0.00289	290	78812	77098	0.125	C	G	1	-0.0128087997436523	0.0128087997436523	0.0128087997436523	1	0.0024633407592773	0.0024633407592773	0.0024633407592773	-0.03656629721323647	-0.0089440171917279	-0.0014417767524718666	3.0	3.0	3.0	-3.590582497957563	-0.8904138450575255	-0.14407378916983002	0.14407378916983002	0.8904138450575255	3.590582497957563	-1.5416900440616395	1.5416900440616395	3.590582497957563
109275059	C	T	C	T	109275059:C>T	109275059:C>T	91	False	False	-0.225	0.0636396103067893	2	0.0	1028	272358	205940	0.225	C	T	1	-0.0516443252563476	0.0516443252563476	0.0516443252563476	1	-0.0886745452880859	0.0886745452880859	0.0886745452880859	-0.06555918852488196	-0.0147105529904365	-0.003750135501225766	3.0	3.0	3.0	-6.345638751580301	-1.4602881421824179	-0.3743112524867506	0.3743112524867506	1.4602881421824179	6.345638751580301	-2.7267460487498236	2.7267460487498236	6.345638751580301
109275060	C	A	C	A	109275060:C>A	109275060:C>A	92	False	False	-0.175	0.049497474683058304	2	0.0	754	125355	82007	0.175	C	A	1	-0.0218210220336914	0.0218210220336914	0.0218210220336914	1	-0.0113229751586914	0.0113229751586914	0.0113229751586914	-0.03657952944437657	-0.010667206098635931	0.002652073899904834	3.0	3.0	3.0	-3.5918582012138143	-1.0610513219603601	0.2655593758844307	0.2655593758844307	1.0610513219603601	3.5918582012138143	-1.4624500490965813	1.639489633019535	3.5918582012138143
109275060	C	G	C	G	109275060:C>G	109275060:C>G	92	False	False	-0.010000000000000002	0.0565685424949238	2	0.37539	343	66714	59648	0.010000000000000002	C	G	1	-0.0147714614868164	0.0147714614868164	0.0147714614868164	1	0.0105352401733398	0.0105352401733398	0.0105352401733398	-0.02306485176086423	0.0049432168404261335	0.003338898221651633	3.0	3.0	3.0	-2.280089136460532	0.4955454693269312	0.3344478551308032	0.3344478551308032	0.4955454693269312	2.280089136460532	-0.4833652706675992	1.036694153639422	2.280089136460532
109275060	C	T	C	T	109275060:C>T	109275060:C>T	92	False	False	0.08499999999999999	0.007071067811865467	2	0.00015	911	210941	187712	0.08499999999999999	C	T	1	-0.0446634292602539	0.0446634292602539	0.0446634292602539	1	-0.0010585784912109	0.0010585784912109	0.0010585784912109	-0.028707623481750433	-0.0032371580600738335	0.0008819003899891818	3.0	3.0	3.0	-2.8299474645400977	-0.3231924113148588	0.08822893784794096	0.08822893784794096	0.3231924113148588	2.8299474645400977	-1.0216369793356719	1.080456271234299	2.8299474645400977
109275061	T	A	T	A	109275061:T>A	109275061:T>A	93	False	False	0.004999999999999999	0.035355339059327376	2	0.34017	522	121062	108368	0.004999999999999999	T	A	1	-0.0879955291748046	0.0879955291748046	0.0879955291748046	1	-0.113626480102539	0.113626480102539	0.113626480102539	-0.0875457922617594	-0.04499333600203193	-0.002958844105402567	3.0	3.0	3.0	-8.38230831229126	-4.399614738039625	-0.29544710403184105	0.29544710403184105	4.399614738039625	8.38230831229126	-4.359123384787575	4.359123384787575	8.38230831229126
109275061	T	C	T	C	109275061:T>C	109275061:T>C	93	False	False	0.045	0.10606601717798213	2	0.0	1132	238884	232077	0.045	T	C	1	0.0166645050048828	0.0166645050048828	0.0166645050048828	1	0.0331010818481445	0.0331010818481445	0.0331010818481445	-0.006059726079304967	0.014587504168351468	0.0034800916910171	3.0	3.0	3.0	-0.6041402968918976	1.4694421058210352	0.34861542408090734	0.34861542408090734	1.4694421058210352	0.6041402968918976	0.404639077670015	0.8073992755979468	1.4694421058210352
109275061	T	G	T	G	109275061:T>G	109275061:T>G	93	False	False	0.059999999999999984	0.3252691193458119	2	0.00063	77	16410	20396	0.059999999999999984	T	G	1	0.0353765487670898	0.0353765487670898	0.0353765487670898	1	0.0715112686157226	0.0715112686157226	0.0715112686157226	0.009564995765686	0.011892184615135165	0.002306789159774733	3.0	3.0	3.0	0.9610886535993176	1.196317778477493	0.2309451844912657	0.2309451844912657	1.196317778477493	0.9610886535993176	0.796117205522692	0.796117205522692	1.196317778477493
109275062	G	A	G	A	109275062:G>A	109275062:G>A	94	False	False	-0.13	0.042426406871192854	2	0.0	1030	181450	134594	0.13	G	A	1	-0.0032329559326171	0.0032329559326171	0.0032329559326171	1	-0.0038824081420898	0.0038824081420898	0.0038824081420898	-0.026116967201232865	0.0029814044634501	-0.0002482434113820333	3.0	3.0	3.0	-2.577886897490696	0.2985853269869204	-0.024821260153588588	0.024821260153588588	0.2985853269869204	2.577886897490696	-0.7680409435524548	0.9670978282104016	2.577886897490696
109275062	G	C	G	C	109275062:G>C	109275062:G>C	94	False	False	-0.175	0.049497474683058325	2	0.00244	195	38465	28663	0.175	G	C	1	-0.0200662612915039	0.0200662612915039	0.0200662612915039	1	-0.0024700164794921	0.0024700164794921	0.0024700164794921	-0.018236279487609797	0.0038386732339859004	0.0028325766324996337	3.0	3.0	3.0	-1.8071004733293143	0.3846050376544092	0.28365921682315554	0.28365921682315554	0.3846050376544092	1.8071004733293143	-0.3796120729505832	0.8251215759356264	1.8071004733293143
109275062	G	T	G	T	109275062:G>T	109275062:G>T	94	False	False	-0.335	0.14849242404917498	2	0.0	92	19677	10555	0.335	G	T	1	-0.0476140975952148	0.0476140975952148	0.0476140975952148	1	-0.0035295486450195	0.0035295486450195	0.0035295486450195	-0.0138591130574544	-0.0022443259755770668	0.003739977876345267	3.0	3.0	3.0	-1.37635176820261	-0.224180935908939	0.3746980320543764	0.3746980320543764	0.224180935908939	1.37635176820261	-0.4086115573523909	0.6584102453886418	1.37635176820261
109275063	C	A	C	A	109275063:C>A	109275063:C>A	95	False	False	-0.155	0.06363961030678929	2	0.0	483	94128	67319	0.155	C	A	1	-0.044168472290039	0.044168472290039	0.044168472290039	1	-0.0327978134155273	0.0327978134155273	0.0327978134155273	-0.012580394744873	-0.008422748496135035	0.0025636454423268334	3.0	3.0	3.0	-1.2501592380003834	-0.838737652941287	0.25669343912695936	0.25669343912695936	0.838737652941287	1.2501592380003834	-0.610734483938237	0.7818634433562099	1.2501592380003834
109275063	C	G	C	G	109275063:C>G	109275063:C>G	95	False	False	-0.004999999999999999	0.035355339059327376	2	0.44912	239	68658	67631	0.004999999999999999	C	G	1	-0.0167140960693359	0.0167140960693359	0.0167140960693359	1	-0.0259628295898437	0.0259628295898437	0.0259628295898437	-0.011464476585388133	-0.012595201532045965	0.0004182755947112667	3.0	3.0	3.0	-1.139900989298654	-1.2516213950509596	0.04183630841456387	0.04183630841456387	1.2516213950509596	1.139900989298654	-0.7832286919783499	0.8111195642547259	1.2516213950509596
109275063	C	T	C	T	109275063:C>T	109275063:C>T	95	False	False	-0.28	0.04242640687119283	2	0.0	1145	278504	214617	0.28	C	T	1	-0.052377700805664	0.052377700805664	0.052377700805664	1	-0.0513057708740234	0.0513057708740234	0.0513057708740234	-0.017840385437011667	-0.028276428580284063	-0.0027315417925516	3.0	3.0	3.0	-1.7682187925905184	-2.788039198645627	-0.2727814526769159	0.2727814526769159	2.788039198645627	1.7682187925905184	-1.6096798146376872	1.6096798146376872	2.788039198645627
109275064	T	A	T	A	109275064:T>A	109275064:T>A	96	False	False	-0.11499999999999999	0.007071067811865477	2	0.00201	494	109762	87783	0.11499999999999999	T	A	1	-0.012465476989746	0.012465476989746	0.012465476989746	1	-0.0152359008789062	0.0152359008789062	0.0152359008789062	-0.005926966667175233	-0.0024158904949824	0.0007569392522175333	3.0	3.0	3.0	-0.5909436850217492	-0.2412974580190139	0.07572258030292653	0.07572258030292653	0.2412974580190139	0.5909436850217492	-0.25217285424594554	0.30265457444789656	0.5909436850217492
109275064	T	C	T	C	109275064:T>C	109275064:T>C	96	False	False	-0.045	0.007071067811865479	2	0.05769	1215	224703	178944	0.045	T	C	1	-0.0214872360229492	0.0214872360229492	0.0214872360229492	1	-0.0007057189941406	0.0007057189941406	0.0007057189941406	-0.006620446840921967	0.0008270988861720331	-3.5564104715666484e-06	3.0	3.0	3.0	-0.659857996550867	0.08274410267773225	-0.0003556404147546424	0.0003556404147546424	0.08274410267773225	0.659857996550867	-0.19248984476262979	0.24765257988111797	0.659857996550867
109275064	T	G	T	G	109275064:T>G	109275064:T>G	96	False	False	0.0050000000000000044	0.13435028842544403	2	0.171	166	32269	33331	0.0050000000000000044	T	G	1	-0.0030422210693359	0.0030422210693359	0.0030422210693359	1	0.0175161361694335	0.0175161361694335	0.0175161361694335	0.013625979423522866	0.004479420681794434	0.0031791031360625666	3.0	3.0	3.0	1.3719236171255438	0.44894682834930894	0.3184161843734746	0.3184161843734746	0.44894682834930894	1.3719236171255438	0.7130955432827758	0.7130955432827758	1.3719236171255438
109275065	G	A	G	A	109275065:G>A	109275065:G>A	97	False	False	-0.28	0.05656854249492379	2	0.0	1173	185705	123841	0.28	G	A	1	-0.0668392181396484	0.0668392181396484	0.0668392181396484	1	-0.0634098052978515	0.0634098052978515	0.0634098052978515	-0.03479115168253577	-0.0191362636784712	-0.0025841891765594	3.0	3.0	3.0	-3.419289761574276	-1.8954327757580751	-0.25808530340691327	0.25808530340691327	1.8954327757580751	3.419289761574276	-1.8576026135797548	1.8576026135797548	3.419289761574276
109275065	G	C	G	C	109275065:G>C	109275065:G>C	97	False	False	0.009999999999999995	0.1131370849898476	2	0.18941	160	33206	27061	0.009999999999999995	G	C	1	-0.0145769119262695	0.0145769119262695	0.0145769119262695	1	-0.0509395599365234	0.0509395599365234	0.0509395599365234	-0.0285298426946004	-0.014856498688459332	-0.0032924612363178997	3.0	3.0	3.0	-2.8126709604431888	-1.4746685398083657	-0.32870470294735904	0.32870470294735904	1.4746685398083657	2.8126709604431888	-1.5386814010663044	1.5386814010663044	2.8126709604431888
109275065	G	T	G	T	109275065:G>T	109275065:G>T	97	False	False	-0.075	0.06363961030678927	2	0.32325	92	11712	5888	0.075	G	T	1	-0.0594472885131835	0.0594472885131835	0.0594472885131835	1	-0.0320768356323242	0.0320768356323242	0.0320768356323242	-0.009683887163797965	-0.008909930785496999	0.00019452969233193333	3.0	3.0	3.0	-0.9637149318175543	-0.8870354978649414	0.01945486144594847	0.01945486144594847	0.8870354978649414	0.9637149318175543	-0.6104318560788491	0.6234017637094814	0.9637149318175543
109275066	T	A	T	A	109275066:T>A	109275066:T>A	98	False	False	0.07	0.014142135623730947	2	0.03945	724	149774	130288	0.07	T	A	1	-0.0111656188964843	0.0111656188964843	0.0111656188964843	1	0.0189085006713867	0.0189085006713867	0.0189085006713867	-0.0055677890777587336	-0.0043936396638551665	2.485513687136478e-05	3.0	3.0	3.0	-0.5552317667319323	-0.4384001749448172	0.0024855445762838398	0.0024855445762838398	0.4384001749448172	0.5552317667319323	-0.3303821323668219	0.3320391620843444	0.5552317667319323
109275066	T	C	T	C	109275066:T>C	109275066:T>C	98	False	False	0.085	0.021213203435596427	2	2e-05	1096	220212	188727	0.085	T	C	1	-0.0160818099975585	0.0160818099975585	0.0160818099975585	1	-0.0024700164794921	0.0024700164794921	0.0024700164794921	-0.0004400809605916	-0.004732792576154	0.0008027553558348999	3.0	3.0	3.0	-0.04399841391692714	-0.47216105610442094	0.08030776501509539	0.08030776501509539	0.47216105610442094	0.04399841391692714	-0.1452839016687509	0.1988224116788145	0.47216105610442094
109275066	T	G	T	G	109275066:T>G	109275066:T>G	98	False	False	0.33499999999999996	0.21920310216782976	2	0.00151	63	11950	10351	0.33499999999999996	T	G	1	0.0266380310058593	0.0266380310058593	0.0266380310058593	1	0.0433988571166992	0.0433988571166992	0.0433988571166992	0.005704204241434666	0.0038896476229031336	0.0027482956647872335	3.0	3.0	3.0	0.5720504192460577	0.38972221197421036	0.2752075691401467	0.2752075691401467	0.38972221197421036	0.5720504192460577	0.41232673345347165	0.41232673345347165	0.5720504192460577
109275067	G	A	G	A	109275067:G>A	109275067:G>A	99	False	False	-0.22	0.042426406871192854	2	0.0	475	78451	51206	0.22	G	A	1	-0.0815076828002929	0.0815076828002929	0.0815076828002929	1	-0.0976972579956054	0.0976972579956054	0.0976972579956054	-0.0570352474848429	-0.04349023103713984	-0.0039769411087035664	3.0	3.0	3.0	-5.543922461185139	-4.255809274028575	-0.3969043551254897	0.3969043551254897	4.255809274028575	5.543922461185139	-3.3988786967797346	3.3988786967797346	5.543922461185139
109275067	G	C	G	C	109275067:G>C	109275067:G>C	99	False	False	-0.2	0.0	1	0.15716	37	4900	1802	0.2	G	C	1	-0.1290197372436523	0.1290197372436523	0.1290197372436523	1	-0.108677864074707	0.108677864074707	0.108677864074707	-0.05336542924245193	-0.0488836454848448	-0.007002721230188934	3.0	3.0	3.0	-5.196648999229542	-4.7708073282067405	-0.6978259311180638	0.6978259311180638	4.7708073282067405	5.196648999229542	-3.555094086184782	3.555094086184782	5.196648999229542
109275067	G	T	G	T	109275067:G>T	109275067:G>T	99	False	False	-0.195	0.06363961030678926	2	0.03387	83	10538	6371	0.195	G	T	1	-0.1082954406738281	0.1082954406738281	0.1082954406738281	1	-0.0882987976074218	0.0882987976074218	0.0882987976074218	-0.04948004086812333	-0.03817438582579286	-0.0035364131132761003	3.0	3.0	3.0	-4.827584646521366	-3.74549279625995	-0.35301673691019864	0.35301673691019864	3.74549279625995	4.827584646521366	-2.975364726563838	2.975364726563838	4.827584646521366
109275068	G	A	G	A	109275068:G>A	109275068:G>A	100	False	False	-0.3	0.014142135623730963	2	0.0	817	161810	99546	0.3	G	A	1	-0.0757417678833007	0.0757417678833007	0.0757417678833007	1	-0.0407533645629882	0.0407533645629882	0.0407533645629882	-0.020144383112589467	0.0090747773647308	-0.0016337037086486333	3.0	3.0	3.0	-1.9942840612296902	0.9116077993643865	-0.16323699411706385	0.16323699411706385	0.9116077993643865	1.9942840612296902	-0.4153044186607892	1.0230429515703803	1.9942840612296902
109275068	G	C	G	C	109275068:G>C	109275068:G>C	100	False	False	-0.545	0.13435028842544403	2	0.0	95	17158	12599	0.545	G	C	1	-0.099771499633789	0.099771499633789	0.099771499633789	1	-0.1063995361328125	0.1063995361328125	0.1063995361328125	-0.05426331361134843	-0.0296230837702751	-0.005916456381479866	3.0	3.0	3.0	-5.2817332425898496	-2.91886208375898	-0.5898988619484871	0.5898988619484871	2.91886208375898	5.2817332425898496	-2.930164729432439	2.930164729432439	5.2817332425898496
109275068	G	T	G	T	109275068:G>T	109275068:G>T	100	False	False	-0.485	0.04949747468305831	2	0.0	199	40116	24741	0.485	G	T	1	-0.0924434661865234	0.0924434661865234	0.0924434661865234	1	-0.0815696716308593	0.0815696716308593	0.0815696716308593	-0.037947177886962835	-0.027743161966403265	-0.0021409392356872333	3.0	3.0	3.0	-3.7236205233921633	-2.7361854807809225	-0.2138649059949029	0.2138649059949029	2.7361854807809225	3.7236205233921633	-2.224556970055996	2.224556970055996	3.7236205233921633
109275069	C	A	C	A	109275069:C>A	109275069:C>A	101	False	False	0.925	0.007071067811865481	2	0.0	197	34172	48912	0.925	C	A	1	0.1744747161865234	0.1744747161865234	0.1744747161865234	1	0.2199182510375976	0.2199182510375976	0.2199182510375976	0.12563594182332352	0.1094590922196706	0.010996088385581934	3.0	3.0	3.0	13.386929874382913	11.567443023711304	1.1056767572755073	1.1056767572755073	11.567443023711304	13.386929874382913	8.686683218456574	8.686683218456574	13.386929874382913
109275069	C	G	C	G	109275069:C>G	109275069:C>G	101	False	False	-0.26	0.014142135623730963	2	0.00016	141	26531	17791	0.26	C	G	1	-0.0591487884521484	0.0591487884521484	0.0591487884521484	1	-0.061568260192871	0.061568260192871	0.061568260192871	-0.03138645490010577	-0.028974125782648668	-0.0006708304087320333	3.0	3.0	3.0	-3.089901312472378	-2.855840056748252	-0.06706054523187396	0.06706054523187396	2.855840056748252	3.089901312472378	-2.0042673048175015	2.0042673048175015	3.089901312472378
109275069	C	T	C	T	109275069:C>T	109275069:C>T	101	False	False	-0.2	0.042426406871192854	2	0.0	1173	273969	216000	0.2	C	T	1	-0.0732631683349609	0.0732631683349609	0.0732631683349609	1	-0.0593633651733398	0.0593633651733398	0.0593633651733398	-0.0277670224507649	-0.025492711613575567	0.0013413031895954666	3.0	3.0	3.0	-2.7385062148191817	-2.51705161261742	0.13422031390420516	0.13422031390420516	2.51705161261742	2.7385062148191817	-1.7071125045107987	1.796592713780269	2.7385062148191817
109275070	C	A	C	A	109275070:C>A	109275070:C>A	102	False	False	-0.07	0.042426406871192854	2	0.01125	554	85560	67907	0.07	C	A	1	-0.113804817199707	0.113804817199707	0.113804817199707	1	-0.1305046081542968	0.1305046081542968	0.1305046081542968	-0.05454953511555983	-0.04998186851541197	-0.007073372602462734	3.0	3.0	3.0	-5.308839767957166	-4.875332814127634	-0.7048415181524581	0.7048415181524581	4.875332814127634	5.308839767957166	-3.6296713667457525	3.6296713667457525	5.308839767957166
109275070	C	G	C	G	109275070:C>G	109275070:C>G	102	False	False	-0.61	0.28284271247461906	2	0.0	94	13437	5760	0.61	C	G	1	-0.1373710632324218	0.1373710632324218	0.1373710632324218	1	-0.1530590057373047	0.1530590057373047	0.1530590057373047	-0.0640475749969482	-0.06646599123875294	-0.007117013136545766	3.0	3.0	3.0	-6.203962499274638	-6.430526286585808	-0.709174717348214	0.709174717348214	6.430526286585808	6.203962499274638	-4.447887834402887	4.447887834402887	6.430526286585808
109275070	C	T	C	T	109275070:C>T	109275070:C>T	102	False	False	-0.47	0.02828427124746191	2	0.0	437	86106	51900	0.47	C	T	1	-0.1257743835449218	0.1257743835449218	0.1257743835449218	1	-0.120889663696289	0.120889663696289	0.120889663696289	-0.05603563785552973	-0.05598694831132883	-0.0020657976468403667	3.0	3.0	3.0	-5.4494560496289255	-5.4448523146640655	-0.20636653554284468	0.20636653554284468	5.4448523146640655	5.4494560496289255	-3.700224966611945	3.700224966611945	5.4494560496289255
109275071	T	A	T	A	109275071:T>A	109275071:T>A	103	False	False	-0.1	0.0	2	0.02776	352	62652	45147	0.1	T	A	1	-0.048405647277832	0.048405647277832	0.048405647277832	1	-0.0890483856201171	0.0890483856201171	0.0890483856201171	-0.03930807113647456	-0.029261323312918298	-0.0018045306205749	3.0	3.0	3.0	-3.854553285345746	-2.8837356136048133	-0.18029034341110375	0.18029034341110375	2.8837356136048133	3.854553285345746	-2.306193080787221	2.306193080787221	3.854553285345746
109275071	T	C	T	C	109275071:T>C	109275071:T>C	103	False	False	-0.605	0.03535533905932741	2	0.0	996	189954	101391	0.605	T	C	1	-0.132059097290039	0.132059097290039	0.132059097290039	1	-0.0886745452880859	0.0886745452880859	0.0886745452880859	-0.059222579002380336	-0.02300658946235973	-0.0030043224493662337	3.0	3.0	3.0	-5.750303422533648	-2.2743955839858514	-0.2999813988762957	0.2999813988762957	2.2743955839858514	5.750303422533648	-2.7748934684652653	2.7748934684652653	5.750303422533648
109275071	T	G	T	G	109275071:T>G	109275071:T>G	103	False	False	0.245	0.3323401871576773	2	0.0	93	18212	12001	0.245	T	G	1	-0.0162076950073242	0.0162076950073242	0.0162076950073242	1	-0.0052967071533203	0.0052967071533203	0.0052967071533203	0.007080554962158166	-0.014817256480455334	0.0011146664619445	3.0	3.0	3.0	0.7105681359381764	-1.470802112394464	0.11152879334949062	0.11152879334949062	1.470802112394464	0.7105681359381764	-0.21623506103559897	0.7642996805607103	1.470802112394464
109275072	C	A	C	A	109275072:C>A	109275072:C>A	104	False	False	0.53	0.028284271247461926	2	0.0	360	79228	97737	0.53	C	A	1	0.0803909301757812	0.0803909301757812	0.0803909301757812	1	0.0559988021850585	0.0559988021850585	0.0559988021850585	0.036998828252156536	0.031510872145493765	0.0010251998901366333	3.0	3.0	3.0	3.76918049243101	3.2012595725744504	0.1025725587176835	0.1025725587176835	3.2012595725744504	3.76918049243101	2.3576708745743815	2.3576708745743815	3.76918049243101
109275072	C	G	C	G	109275072:C>G	109275072:C>G	104	False	False	0.10499999999999998	0.2616295090390226	2	0.2325	24	4275	3326	0.10499999999999998	C	G	1	0.0496320724487304	0.0496320724487304	0.0496320724487304	1	0.0337915420532226	0.0337915420532226	0.0337915420532226	0.015164136886596602	0.0029588689406712335	-0.0010227262973784665	3.0	3.0	3.0	1.5279695788475391	0.2963250714007123	-0.10222034910832296	0.10222034910832296	0.2963250714007123	1.5279695788475391	0.5740247670466428	0.6421716664521915	1.5279695788475391
109275072	C	T	C	T	109275072:C>T	109275072:C>T	104	False	False	0.33999999999999997	0.09899494936611665	2	0.0	488	96073	100646	0.33999999999999997	C	T	1	0.0176048278808593	0.0176048278808593	0.0176048278808593	1	0.0788717269897461	0.0788717269897461	0.0788717269897461	0.046288847923278774	0.04574527094761527	0.0033931285142898	3.0	3.0	3.0	4.7376899910610355	4.680772465227469	0.3398891691403678	0.3398891691403678	4.680772465227469	4.7376899910610355	3.2527838751429576	3.2527838751429576	4.7376899910610355
109275073	T	A	T	A	109275073:T>A	109275073:T>A	105	False	False	0.265	0.049497474683058325	2	0.0	450	104412	108893	0.265	T	A	1	-0.0254297256469726	0.0254297256469726	0.0254297256469726	1	0.0052766799926757	0.0052766799926757	0.0052766799926757	0.007594823837280201	0.0094165628155072	0.0022189666827519337	3.0	3.0	3.0	0.7623737663962331	0.9461038135067243	0.22214304112950123	0.22214304112950123	0.9461038135067243	0.7623737663962331	0.6435402070108196	0.6435402070108196	0.9461038135067243
109275073	T	C	T	C	109275073:T>C	109275073:T>C	105	False	False	-0.22	0.05656854249492382	2	0.0	1156	205358	136393	0.22	T	C	1	-0.0934686660766601	0.0934686660766601	0.0934686660766601	1	-0.0571613311767578	0.0571613311767578	0.0571613311767578	-0.023223797480265235	-0.028572647521893164	-0.0016937454541523331	3.0	3.0	3.0	-2.2956200636726423	-2.816830958243143	-0.16923118768065326	0.16923118768065326	2.816830958243143	2.2956200636726423	-1.760560736532146	1.760560736532146	2.816830958243143
109275073	T	G	T	G	109275073:T>G	109275073:T>G	105	False	False	0.16	0.014142135623730963	2	0.04299	114	26086	32592	0.16	T	G	1	-0.0897111892700195	0.0897111892700195	0.0897111892700195	1	-0.0483865737915039	0.0483865737915039	0.0483865737915039	-0.011852939923604268	-0.02197694654266033	-0.002784719069798733	3.0	3.0	3.0	-1.1782970551619263	-2.173721286931255	-0.2780845336237398	0.2780845336237398	2.173721286931255	1.1782970551619263	-1.2100342919056404	1.2100342919056404	2.173721286931255
109275074	G	A	G	A	109275074:G>A	109275074:G>A	106	False	False	-0.9450000000000001	0.04949747468305833	2	0.0	458	84359	38003	0.9450000000000001	G	A	1	-0.1591262817382812	0.1591262817382812	0.1591262817382812	1	-0.1751747131347656	0.1751747131347656	0.1751747131347656	-0.08884330590565993	-0.05555321027835203	-0.005707760651906267	3.0	3.0	3.0	-8.501106429522947	-5.40383125534551	-0.569150233364713	0.569150233364713	5.40383125534551	8.501106429522947	-4.82469597274439	4.82469597274439	8.501106429522947
109275074	G	C	G	C	109275074:G>C	109275074:G>C	106	False	False	0.05	0.07071067811865477	2	0.27488	59	16664	26546	0.05	G	C	1	-0.0209112167358398	0.0209112167358398	0.0209112167358398	1	-0.0045900344848632	0.0045900344848632	0.0045900344848632	-0.012611389160156167	-0.0030110465983549666	-0.0026068190733591332	3.0	3.0	3.0	-1.2532198841423936	-0.3006517944016269	-0.2603424271037704	0.2603424271037704	0.3006517944016269	1.2532198841423936	-0.6047380352159303	0.6047380352159303	1.2532198841423936
109275074	G	T	G	T	109275074:G>T	109275074:G>T	106	False	False	-0.275	0.021213203435596385	2	0.00059	90	21156	18149	0.275	G	T	1	-0.0493345260620117	0.0493345260620117	0.0493345260620117	1	-0.0608339309692382	0.0608339309692382	0.0608339309692382	-0.04305009047190347	-0.0274170947571595	-0.0010640720526376667	3.0	3.0	3.0	-4.21365909648332	-2.7044657691223444	-0.10635061287168049	0.10635061287168049	2.7044657691223444	4.21365909648332	-2.341491826159115	2.341491826159115	4.21365909648332
109275075	A	C	A	C	109275075:A>C	109275075:A>C	107	False	False	0.045	0.12020815280171307	2	0.09629	157	24492	19479	0.045	A	C	1	0.0301227569580078	0.0301227569580078	0.0301227569580078	1	0.0444250106811523	0.0444250106811523	0.0444250106811523	0.0405570268630981	0.027579866349697068	0.0014651318391163666	3.0	3.0	3.0	4.139069525382539	2.7963711538099485	0.14662056691395117	0.14662056691395117	2.7963711538099485	4.139069525382539	2.3606870820354797	2.3606870820354797	4.139069525382539
109275075	A	G	A	G	109275075:A>G	109275075:A>G	107	False	False	0.235	0.07778174593052022	2	0.0	1275	248216	232786	0.235	A	G	1	0.0911397933959961	0.0911397933959961	0.0911397933959961	1	0.1066350936889648	0.1066350936889648	0.1066350936889648	0.06662102540334064	0.06499404211839037	0.0021055738131204667	3.0	3.0	3.0	6.889031912939131	6.715266639600678	0.21077920903039435	0.21077920903039435	6.715266639600678	6.889031912939131	4.605025920523401	4.605025920523401	6.889031912939131
109275075	A	T	A	T	109275075:A>T	109275075:A>T	107	False	False	0.18	0.028284271247461915	2	0.0	581	98602	95450	0.18	A	T	1	0.0628366470336914	0.0628366470336914	0.0628366470336914	1	0.074193000793457	0.074193000793457	0.074193000793457	0.042203187942504834	0.04320117831230156	0.0017253657182057	3.0	3.0	3.0	4.310640386373497	4.414793364136259	0.1726855018042274	0.1726855018042274	4.414793364136259	4.310640386373497	2.9660397507713276	2.9660397507713276	4.414793364136259
109275076	G	A	G	A	109275076:G>A	109275076:G>A	108	False	False	0.20500000000000002	0.14849242404917498	2	0.0	605	111854	92948	0.20500000000000002	G	A	1	0.0650205612182617	0.0650205612182617	0.0650205612182617	1	0.121617317199707	0.121617317199707	0.121617317199707	0.06448574860890703	0.06226336956024164	0.005803237358729001	3.0	3.0	3.0	6.661037745470002	6.424259692620751	0.5820108761111646	0.5820108761111646	6.424259692620751	6.661037745470002	4.555769438067306	4.555769438067306	6.661037745470002
109275076	G	C	G	C	109275076:G>C	109275076:G>C	108	False	False	0.6599999999999999	0.042426406871192854	2	0.0	91	15662	18283	0.6599999999999999	G	C	1	0.1447134017944336	0.1447134017944336	0.1447134017944336	1	0.1501665115356445	0.1501665115356445	0.1501665115356445	0.0904610157012939	0.0832795848449071	0.007789348562558467	3.0	3.0	3.0	9.467883152324736	8.68456316414532	0.7819764460126472	0.7819764460126472	8.68456316414532	9.467883152324736	6.311474254160902	6.311474254160902	9.467883152324736
109275076	G	T	G	T	109275076:G>T	109275076:G>T	108	False	False	0.215	0.04949747468305833	2	0.00037	320	43914	28913	0.215	G	T	1	0.042668342590332	0.042668342590332	0.042668342590332	1	0.0341348648071289	0.0341348648071289	0.0341348648071289	0.02833263079325356	0.03921823451916373	0.0007066925366719	3.0	3.0	3.0	2.873781739253891	3.9997422223712413	0.07069423026750524	0.07069423026750524	3.9997422223712413	2.873781739253891	2.314739397297546	2.314739397297546	3.9997422223712413
109275077	A	C	A	C	109275077:A>C	109275077:A>C	109	False	False	0.5549999999999999	0.04949747468305833	2	0.0	147	23787	28914	0.5549999999999999	A	C	1	0.1258153915405273	0.1258153915405273	0.1258153915405273	1	0.1383657455444336	0.1383657455444336	0.1383657455444336	0.077635645866394	0.06577425201733904	0.0033212453126906668	3.0	3.0	3.0	8.072881891339023	6.798559435708642	0.3326766758904467	0.3326766758904467	6.798559435708642	8.072881891339023	5.0680393343127035	5.0680393343127035	8.072881891339023
109275077	A	G	A	G	109275077:A>G	109275077:A>G	109	False	False	0.375	0.06363961030678926	2	0.0	1393	284355	349642	0.375	A	G	1	0.0952043533325195	0.0952043533325195	0.0952043533325195	1	0.1066350936889648	0.1066350936889648	0.1066350936889648	0.05353653430938717	0.03318982571363447	0.0012100636959075	3.0	3.0	3.0	5.49955345967822	3.374675233255009	0.12107961183777309	0.12107961183777309	3.374675233255009	5.49955345967822	2.998436101590334	2.998436101590334	5.49955345967822
109275077	A	T	A	T	109275077:A>T	109275077:A>T	109	False	False	2.125	0.38890872965260104	2	0.0	477	84745	276257	2.125	A	T	1	0.2271575927734375	0.2271575927734375	0.2271575927734375	1	0.308537483215332	0.308537483215332	0.308537483215332	0.18712588151295975	0.08855491876602169	0.014154419302940334	3.0	3.0	3.0	20.577906078931182	9.259425489107972	1.4255067407008568	1.4255067407008568	9.259425489107972	20.577906078931182	10.420946102913337	10.420946102913337	20.577906078931182
109275078	C	A	C	A	109275078:C>A	109275078:C>A	110	False	False	-0.019999999999999997	0.0565685424949238	2	0.46099	93	18082	15098	0.019999999999999997	C	A	1	-0.0317230224609375	0.0317230224609375	0.0317230224609375	1	0.0136823654174804	0.0136823654174804	0.0136823654174804	0.0101434389750162	0.02305824309587473	0.0012078781922658002	3.0	3.0	3.0	1.0195058036105944	2.332613949401159	0.12086079709278082	0.12086079709278082	2.332613949401159	1.0195058036105944	1.157660183368178	1.157660183368178	2.332613949401159
109275078	C	G	C	G	109275078:C>G	109275078:C>G	110	False	False	0.06	0.14142135623730953	2	0.02368	247	54124	45616	0.06	C	G	1	-0.0223684310913085	0.0223684310913085	0.0223684310913085	1	-0.0017642974853515	0.0017642974853515	0.0017642974853515	0.010604302088419566	0.004142088194688133	0.00043462713559467057	3.0	3.0	3.0	1.066072697227289	0.41506784984979866	0.04347215996532202	0.04347215996532202	0.41506784984979866	1.066072697227289	0.5082042356808032	0.5082042356808032	1.066072697227289
109275078	C	T	C	T	109275078:C>T	109275078:C>T	110	False	False	0.015	0.14849242404917498	2	0.00032	901	166138	158298	0.015	C	T	1	0.000772476196289	0.000772476196289	0.000772476196289	1	0.0105352401733398	0.0105352401733398	0.0105352401733398	0.0140243768692016	0.025641761720180466	0.002155914902687	3.0	3.0	3.0	1.4123179785290632	2.597333970725008	0.21582405582256495	0.21582405582256495	2.597333970725008	1.4123179785290632	1.4084920016922118	1.4084920016922118	2.597333970725008
109275079	A	C	A	C	109275079:A>C	109275079:A>C	111	False	False	0.13	0.2545584412271571	2	0.00429	72	11478	7405	0.13	A	C	1	0.0092096328735351	0.0092096328735351	0.0092096328735351	1	0.0140295028686523	0.0140295028686523	0.0140295028686523	0.021691640218098936	0.033631287515163366	0.0003099938233693333	3.0	3.0	3.0	2.1928614195425196	3.4203212783672754	0.031004187641985155	0.031004187641985155	3.4203212783672754	2.1928614195425196	1.8813956285172602	1.8813956285172602	3.4203212783672754
109275079	A	G	A	G	109275079:A>G	109275079:A>G	111	False	False	-0.22999999999999998	0.1979898987322333	2	0.0	1233	243787	168740	0.22999999999999998	A	G	1	-0.0565462112426757	0.0565462112426757	0.0565462112426757	1	-0.0534992218017578	0.0534992218017578	0.0534992218017578	-0.015463590621948199	-0.022822512934605233	-0.0002452631791432672	3.0	3.0	3.0	-1.5344643211773712	-2.256404938275244	-0.024523310458852265	0.024523310458852265	2.256404938275244	1.5344643211773712	-1.2717975233038226	1.2717975233038226	2.256404938275244
109275079	A	T	A	T	109275079:A>T	109275079:A>T	111	False	False	-0.015	0.19091883092036782	2	0.00029	458	69933	45873	0.015	A	T	1	-0.037332534790039	0.037332534790039	0.037332534790039	1	0.0	0.0	0.0	0.0009423494338989332	0.0013952503601709668	-0.0009312232335408	3.0	3.0	3.0	0.0942793584630825	0.1396224174807155	-0.0930789779743313	0.0930789779743313	0.1396224174807155	0.0942793584630825	0.04694093265648889	0.10899358463937643	0.1396224174807155
109275080	T	A	T	A	109275080:T>A	109275080:T>A	112	False	False	0.125	0.12020815280171307	2	0.0	515	99313	83928	0.125	T	A	1	-0.0311450958251953	0.0311450958251953	0.0311450958251953	1	-0.010498046875	0.010498046875	0.010498046875	-0.0010809501012166	0.008588202297687466	-0.0009978810946146	3.0	3.0	3.0	-0.10803660851056521	0.8625186707754865	-0.09973833768432562	0.09973833768432562	0.8625186707754865	0.10803660851056521	0.2182479081935319	0.3567645389901258	0.8625186707754865
109275080	T	C	T	C	109275080:T>C	109275080:T>C	112	False	False	0.1	0.12727922061357858	2	0.0	1165	213116	164512	0.1	T	C	1	-0.0069150924682617	0.0069150924682617	0.0069150924682617	1	0.0093822479248046	0.0093822479248046	0.0093822479248046	0.012718796730041467	0.0021443838874498668	0.0017708639303842665	3.0	3.0	3.0	1.2800024633592093	0.21466847229091388	0.17724328358836042	0.17724328358836042	0.21466847229091388	1.2800024633592093	0.5573047397461611	0.5573047397461611	1.2800024633592093
109275080	T	G	T	G	109275080:T>G	109275080:T>G	112	False	False	0.060000000000000005	0.15556349186104046	2	0.07342	119	26958	19366	0.060000000000000005	T	G	1	-0.0230283737182617	0.0230283737182617	0.0230283737182617	1	-0.0303001403808593	0.0303001403808593	0.0303001403808593	0.0044023990631102995	-0.0011732975641886335	-0.0025317569573719664	3.0	3.0	3.0	0.4412103858099611	-0.11726095197215089	-0.2528554763688465	0.2528554763688465	0.11726095197215089	0.4412103858099611	0.023697985822987915	0.2704422713836528	0.4412103858099611
109275081	G	A	G	A	109275081:G>A	109275081:G>A	113	False	False	-0.125	0.04949747468305833	2	0.0	1077	254165	178317	0.125	G	A	1	-0.0543394088745117	0.0543394088745117	0.0543394088745117	1	-0.037795066833496	0.037795066833496	0.037795066833496	-0.0189056793848673	-0.0011977454026539667	0.0008354485034941999	3.0	3.0	3.0	-1.8728087951583057	-0.11970283919231833	0.08357975878024143	0.08357975878024143	0.11970283919231833	1.8728087951583057	-0.6363106251901275	0.6920304643769551	1.8728087951583057
109275081	G	C	G	C	109275081:G>C	109275081:G>C	113	False	False	-0.845	0.12020815280171307	2	0.0	223	44999	21307	0.845	G	C	1	-0.1541166305541992	0.1541166305541992	0.1541166305541992	1	-0.1176271438598632	0.1176271438598632	0.1176271438598632	-0.025438865025838166	-0.035354437927404996	0.0007541278998056668	3.0	3.0	3.0	-2.51180234715793	-3.473677027933713	0.07544123257436511	0.07544123257436511	3.473677027933713	2.51180234715793	-1.970012714172426	2.0203068692220025	3.473677027933713
109275081	G	T	G	T	109275081:G>T	109275081:G>T	113	False	False	-0.195	0.021213203435596434	2	0.00208	98	22801	18430	0.195	G	T	1	-0.0929164886474609	0.0929164886474609	0.0929164886474609	1	-0.0381536483764648	0.0381536483764648	0.0381536483764648	-0.017063736915588334	-0.0007126356164614333	0.0016267299652099002	3.0	3.0	3.0	-1.6918975914212868	-0.07123817520083735	0.16280538081474258	0.16280538081474258	0.07123817520083735	1.6918975914212868	-0.5334434619357938	0.6419803824789555	1.6918975914212868
109275082	T	A	T	A	109275082:T>A	109275082:T>A	114	False	False	-0.08	0.0565685424949238	2	0.0025	620	131427	94718	0.08	T	A	1	0.0181646347045898	0.0181646347045898	0.0181646347045898	1	0.0265979766845703	0.0265979766845703	0.0265979766845703	0.0200810035069783	0.0201122139890988	0.0006395479043324333	3.0	3.0	3.0	2.028398326027262	2.031582731222152	0.06397524586985158	0.06397524586985158	2.031582731222152	2.028398326027262	1.3746521010397554	1.3746521010397554	2.031582731222152
109275082	T	C	T	C	109275082:T>C	109275082:T>C	114	False	False	0.12000000000000001	0.15556349186104046	2	0.0	1390	281365	230270	0.12000000000000001	T	C	1	0.0351476669311523	0.0351476669311523	0.0351476669311523	1	0.02728271484375	0.02728271484375	0.02728271484375	0.02331678072611487	0.02892572184403733	0.0032241046428680004	3.0	3.0	3.0	2.359074201245932	2.9348133554273845	0.3229307658428285	0.3229307658428285	2.9348133554273845	2.359074201245932	1.8722727741720486	1.8722727741720486	2.9348133554273845
109275082	T	G	T	G	109275082:T>G	109275082:T>G	114	False	False	-0.075	0.021213203435596427	2	0.15249	146	30313	20126	0.075	T	G	1	0.0389528274536132	0.0389528274536132	0.0389528274536132	1	0.0262565612792968	0.0262565612792968	0.0262565612792968	0.023684422175089467	0.022576463719208965	0.002349525690078667	3.0	3.0	3.0	2.3967125578870285	2.283324080814514	0.23522879885029008	0.23522879885029008	2.283324080814514	2.3967125578870285	1.6384218125172776	1.6384218125172776	2.3967125578870285
109275083	T	A	T	A	109275083:T>A	109275083:T>A	115	False	False	-0.015	0.10606601717798213	2	0.06782	344	59331	49198	0.015	T	A	1	0.0170154571533203	0.0170154571533203	0.0170154571533203	1	0.0114593505859375	0.0114593505859375	0.0114593505859375	0.010256846745808866	0.018240086734294867	0.00029056270917252	3.0	3.0	3.0	1.030962850217137	1.8407453160415526	0.029060492660533902	0.029060492660533902	1.8407453160415526	1.030962850217137	0.9669228863064078	0.9669228863064078	1.8407453160415526
109275083	T	C	T	C	109275083:T>C	109275083:T>C	115	False	False	0.13	0.0	2	0.0	1033	184563	150284	0.13	T	C	1	-0.0069160461425781	0.0069160461425781	0.0069160461425781	1	0.0034809112548828	0.0034809112548828	0.0034809112548828	0.0147507588068644	0.030080318450927665	0.0011232296625772666	3.0	3.0	3.0	1.4860088151714084	3.053730178928307	0.11238607212672089	0.11238607212672089	3.053730178928307	1.4860088151714084	1.5507083554088121	1.5507083554088121	3.053730178928307
109275083	T	G	T	G	109275083:T>G	109275083:T>G	115	False	False	0.16	0.16970562748477142	2	0.01508	75	19284	20309	0.16	T	G	1	0.0434513092041015	0.0434513092041015	0.0434513092041015	1	0.0259132385253906	0.0259132385253906	0.0259132385253906	0.0181322892506917	0.016696125268936133	0.0006357431411743	3.0	3.0	3.0	1.8297677316568288	1.6836284520734202	0.06359452686765302	0.06359452686765302	1.6836284520734202	1.8297677316568288	1.1923302368659672	1.1923302368659672	1.8297677316568288
109275084	C	A	C	A	109275084:C>A	109275084:C>A	116	False	False	-0.18	0.042426406871192854	2	0.0	592	123053	78315	0.18	C	A	1	-0.0630350112915039	0.0630350112915039	0.0630350112915039	1	-0.0066413879394531	0.0066413879394531	0.0066413879394531	0.0045667489369710336	0.030230328440666133	0.0034538606802622003	3.0	3.0	3.0	0.4577192426443976	3.0691904275018325	0.3459832129934086	0.3459832129934086	3.0691904275018325	0.4577192426443976	1.2909642943798796	1.2909642943798796	3.0691904275018325
109275084	C	G	C	G	109275084:C>G	109275084:C>G	116	False	False	-0.1	0.2404163056034262	2	0.00208	59	11133	8578	0.1	C	G	1	-0.0039329528808593	0.0039329528808593	0.0039329528808593	1	0.0337677001953125	0.0337677001953125	0.0337677001953125	0.0386303265889485	0.04380657027165089	0.0038564354181289	3.0	3.0	3.0	3.938617918670369	4.4780243783186355	0.38638810332973383	0.38638810332973383	4.4780243783186355	3.938617918670369	2.9343434667729125	2.9343434667729125	4.4780243783186355
109275084	C	T	C	T	109275084:C>T	109275084:C>T	116	False	False	0.175	0.007071067811865472	2	0.0	589	144157	140388	0.175	C	T	1	-0.0426263809204101	0.0426263809204101	0.0426263809204101	1	0.0131874084472656	0.0131874084472656	0.0131874084472656	0.015707333882649704	0.0383787403504053	0.003571286797523434	3.0	3.0	3.0	1.5831342482230653	3.912471681903424	0.35776714404196525	0.35776714404196525	3.912471681903424	1.5831342482230653	1.9511243580561517	1.9511243580561517	3.912471681903424
109275085	T	A	T	A	109275085:T>A	109275085:T>A	117	False	False	0.555	0.007071067811865481	2	0.0	298	51312	74332	0.555	T	A	1	0.077244758605957	0.077244758605957	0.077244758605957	1	0.1148853302001953	0.1148853302001953	0.1148853302001953	0.09795852502187086	0.09514177838961276	0.008370896180470733	3.0	3.0	3.0	10.291704069974884	9.981477404041124	0.8406030097602826	0.8406030097602826	9.981477404041124	10.291704069974884	7.0379281612587645	7.0379281612587645	10.291704069974884
109275085	T	C	T	C	109275085:T>C	109275085:T>C	117	False	False	-0.075	0.06363961030678927	2	0.00063	640	95294	65895	0.075	T	C	1	-0.0385141372680664	0.0385141372680664	0.0385141372680664	1	0.0166378021240234	0.0166378021240234	0.0166378021240234	0.0413766304651896	0.03526288519302997	0.004824827114740933	3.0	3.0	3.0	4.22445726915525	3.5891993674939586	0.4836485335176123	0.4836485335176123	3.5891993674939586	4.22445726915525	2.765768390055607	2.765768390055607	4.22445726915525
109275085	T	G	T	G	109275085:T>G	109275085:T>G	117	False	False	0.29	0.18384776310850232	2	0.0003	68	17544	12338	0.29	T	G	1	0.0134763717651367	0.0134763717651367	0.0134763717651367	1	0.0737380981445312	0.0737380981445312	0.0737380981445312	0.0732332070668538	0.06769989430904383	0.007343033949534033	3.0	3.0	3.0	7.5981434132307415	7.00441339538597	0.7370060134224139	0.7370060134224139	7.00441339538597	7.5981434132307415	5.113187607346375	5.113187607346375	7.5981434132307415
109275086	A	C	A	C	109275086:A>C	109275086:A>C	118	False	False	0.47	0.0	1	0.17884	6	532	239	0.47	A	C	1	-0.0448122024536132	0.0448122024536132	0.0448122024536132	1	0.0097274780273437	0.0097274780273437	0.0097274780273437	0.028884967168172165	0.0342697128653526	0.004823297262191733	3.0	3.0	3.0	2.9306183659571414	3.486368514067559	0.48349480846933873	0.48349480846933873	3.486368514067559	2.9306183659571414	2.3001605628313464	2.3001605628313464	3.486368514067559
109275086	A	G	A	G	109275086:A>G	109275086:A>G	118	False	False	-0.05500000000000001	0.02121320343559643	2	0.04273	635	118287	94762	0.05500000000000001	A	G	1	-0.0142803192138671	0.0142803192138671	0.0142803192138671	1	0.0395450592041015	0.0395450592041015	0.0395450592041015	0.04241661230723057	0.04476181169350937	0.006262893478075599	3.0	3.0	3.0	4.332905194373832	4.577873797436689	0.6282546402069163	0.6282546402069163	4.577873797436689	4.332905194373832	3.1796778773391456	3.1796778773391456	4.577873797436689
109275086	A	T	A	T	109275086:A>T	109275086:A>T	118	False	False	0.09	0.0	2	0.05448	324	62452	52572	0.09	A	T	1	-0.0557613372802734	0.0557613372802734	0.0557613372802734	1	0.0142230987548828	0.0142230987548828	0.0142230987548828	0.027718822161356568	0.027738494177659303	0.005364204446474667	3.0	3.0	3.0	2.810656299478297	2.8126788122785027	0.5378617551235537	0.5378617551235537	2.8126788122785027	2.810656299478297	2.0537322889601177	2.0537322889601177	2.8126788122785027
109275087	T	A	T	A	109275087:T>A	109275087:T>A	119	False	False	-0.009999999999999998	0.07071067811865475	2	0.21059	428	70206	90965	0.009999999999999998	T	A	1	-0.0538215637207031	0.0538215637207031	0.0538215637207031	1	-0.0281648635864257	0.0281648635864257	0.0281648635864257	0.0010504722595214668	0.016572381059328668	0.0012399355570475	3.0	3.0	3.0	0.1051024198754177	1.6710464703303476	0.12407045949599538	0.12407045949599538	1.6710464703303476	0.1051024198754177	0.6334064499005869	0.6334064499005869	1.6710464703303476
109275087	T	C	T	C	109275087:T>C	109275087:T>C	119	False	False	0.020000000000000004	0.1131370849898476	2	0.00164	910	173101	135279	0.020000000000000004	T	C	1	-0.0153388977050781	0.0153388977050781	0.0153388977050781	1	0.0149135589599609	0.0149135589599609	0.0149135589599609	0.034510215123494434	0.05289844671885167	0.004078477621078433	3.0	3.0	3.0	3.511260212516952	5.432256976617271	0.40868059293550457	0.40868059293550457	5.432256976617271	3.511260212516952	3.1173992606899095	3.1173992606899095	5.432256976617271
109275087	T	G	T	G	109275087:T>G	109275087:T>G	119	False	False	-0.495	0.03535533905932741	2	0.0	93	13330	5425	0.495	T	G	1	-0.0495290756225585	0.0495290756225585	0.0495290756225585	1	-0.0331506729125976	0.0331506729125976	0.0331506729125976	0.012383858362833634	0.0348741014798482	0.0037622451782226333	3.0	3.0	3.0	1.2460855850523236	3.5489334018013596	0.37693313064102074	0.37693313064102074	3.5489334018013596	1.2460855850523236	1.7239840391649013	1.7239840391649013	3.5489334018013596
109275088	T	A	T	A	109275088:T>A	109275088:T>A	120	False	False	0.08	0.014142135623730944	2	0.08163	299	51376	41677	0.08	T	A	1	0.0068140029907226	0.0068140029907226	0.0068140029907226	1	0.0059146881103515	0.0059146881103515	0.0059146881103515	0.0096749067306518	0.0195484136541684	0.0012811521689096333	3.0	3.0	3.0	0.9721859941257636	1.9740735040889454	0.1281973194931904	0.1281973194931904	1.9740735040889454	0.9721859941257636	1.0248189392359663	1.0248189392359663	1.9740735040889454
109275088	T	C	T	C	109275088:T>C	109275088:T>C	120	False	False	-0.065	0.04949747468305833	2	0.00011	1075	206797	153184	0.065	T	C	1	-0.0350198745727539	0.0350198745727539	0.0350198745727539	1	-0.0324382781982421	0.0324382781982421	0.0324382781982421	0.008543332417805966	0.026466965675353966	0.0016318957010904003	3.0	3.0	3.0	0.8579930832102277	2.6820326385393676	0.16332279674880568	0.16332279674880568	2.6820326385393676	0.8579930832102277	1.2344495061661336	1.2344495061661336	2.6820326385393676
109275088	T	G	T	G	109275088:T>G	109275088:T>G	120	False	False	-0.81	0.12727922061357863	2	0.0	123	23782	10331	0.81	T	G	1	0.0363578796386718	0.0363578796386718	0.0363578796386718	1	0.02899169921875	0.02899169921875	0.02899169921875	0.04338951905568437	0.05683439224958416	0.006670614083607934	3.0	3.0	3.0	4.434460775967968	5.848050330478296	0.6692912182832346	0.6692912182832346	5.848050330478296	4.434460775967968	3.650600774909833	3.650600774909833	5.848050330478296
109275089	T	A	T	A	109275089:T>A	109275089:T>A	121	False	False	-0.06	0.028284271247461905	2	0.11335	430	98576	80763	0.06	T	A	1	0.019845962524414	0.019845962524414	0.019845962524414	1	0.0083427429199218	0.0083427429199218	0.0083427429199218	0.015336513519287068	0.03393435974915817	0.0007958610852559	3.0	3.0	3.0	1.5454721368401072	3.4516698563794015	0.07961778667218523	0.07961778667218523	3.4516698563794015	1.5454721368401072	1.6922532599638982	1.6922532599638982	3.4516698563794015
109275089	T	C	T	C	109275089:T>C	109275089:T>C	121	False	False	-0.685	0.04949747468305833	2	0.0	1219	237723	120495	0.685	T	C	1	-0.0852832794189453	0.0852832794189453	0.0852832794189453	1	-0.1149826049804687	0.1149826049804687	0.1149826049804687	-0.04239340623219803	-0.017657520870367666	-0.003466556469599333	3.0	3.0	3.0	-4.150737058338716	-1.7502540379808849	-0.34605548996508134	0.34605548996508134	1.7502540379808849	4.150737058338716	-2.0823488620948942	2.0823488620948942	4.150737058338716
109275089	T	G	T	G	109275089:T>G	109275089:T>G	121	False	False	-0.27	0.02828427124746191	2	0.00193	98	19162	25176	0.27	T	G	1	0.0533103942871093	0.0533103942871093	0.0533103942871093	1	0.0228271484375	0.0228271484375	0.0228271484375	0.029210289319356233	0.032878677050272566	0.0030070841312407996	3.0	3.0	3.0	2.9641094235427348	3.342515344743332	0.30116099440899485	0.30116099440899485	3.342515344743332	2.9641094235427348	2.2025952542316873	2.2025952542316873	3.342515344743332
109275090	T	A	T	A	109275090:T>A	109275090:T>A	122	False	False	-0.3	0.014142135623730963	2	0.0	287	68865	50138	0.3	T	A	1	-0.0501842498779296	0.0501842498779296	0.0501842498779296	1	-0.114227294921875	0.114227294921875	0.114227294921875	-0.06532665093739824	-0.059006945540507595	-0.003921061754226666	3.0	3.0	3.0	-6.3238580600416805	-5.729977842821392	-0.39133844292861114	0.39133844292861114	5.729977842821392	6.3238580600416805	-4.148391448597228	4.148391448597228	6.3238580600416805
109275090	T	C	T	C	109275090:T>C	109275090:T>C	122	False	False	-1.125	0.0919238815542511	2	0.0	984	211627	79326	1.125	T	C	1	-0.141244888305664	0.141244888305664	0.141244888305664	1	-0.1818246841430664	0.1818246841430664	0.1818246841430664	-0.08055063088734941	-0.03425673147042587	-0.0040549536546070665	3.0	3.0	3.0	-7.73918100701423	-3.3676612835006092	-0.4046743431144032	0.4046743431144032	3.3676612835006092	7.73918100701423	-3.8371722112097473	3.8371722112097473	7.73918100701423
109275090	T	G	T	G	109275090:T>G	109275090:T>G	122	False	False	-0.495	0.24748737341529164	2	0.0	56	8069	2399	0.495	T	G	1	-0.0989046096801757	0.0989046096801757	0.0989046096801757	1	-0.1221742630004882	0.1221742630004882	0.1221742630004882	-0.049663345019022566	-0.0155836604535579	-0.0019483268260955333	3.0	3.0	3.0	-4.845028546488286	-1.5462863517168755	-0.19464300694188388	0.19464300694188388	1.5462863517168755	4.845028546488286	-2.195319301715682	2.195319301715682	4.845028546488286
109275091	T	A	T	A	109275091:T>A	109275091:T>A	123	False	False	-0.66	0.21213203435596428	2	0.0	525	100520	52442	0.66	T	A	1	-0.1171340942382812	0.1171340942382812	0.1171340942382812	1	-0.1355161666870117	0.1355161666870117	0.1355161666870117	-0.06312155723571777	-0.0357265969117482	-0.003325313329696633	3.0	3.0	3.0	-6.11706547473145	-3.5095934825232074	-0.33197905986260307	0.33197905986260307	3.5095934825232074	6.11706547473145	-3.319546005705753	3.319546005705753	6.11706547473145
109275091	T	C	T	C	109275091:T>C	109275091:T>C	123	False	False	-0.865	0.03535533905932741	2	0.0	792	159095	73989	0.865	T	C	1	-0.1273880004882812	0.1273880004882812	0.1273880004882812	1	-0.1316909790039062	0.1316909790039062	0.1316909790039062	-0.04696881771087644	-0.025720489521821304	-0.0003522634506225404	3.0	3.0	3.0	-4.588285131669687	-2.5392535460397565	-0.03522014131379447	0.03522014131379447	2.5392535460397565	4.588285131669687	-2.387586273007746	2.387586273007746	4.588285131669687
109275091	T	G	T	G	109275091:T>G	109275091:T>G	123	False	False	-0.905	0.09192388155425114	2	0.0	30	4465	1441	0.905	T	G	1	-0.183837890625	0.183837890625	0.183837890625	1	-0.1692256927490234	0.1692256927490234	0.1692256927490234	-0.06944620609283443	-0.03382549310723937	-0.0021953582763671333	3.0	3.0	3.0	-6.708968307425798	-3.325980725439738	-0.2192950239876275	0.2192950239876275	3.325980725439738	6.708968307425798	-3.418081352284388	3.418081352284388	6.708968307425798
109275092	A	C	A	C	109275092:A>C	109275092:A>C	124	False	False	-1.12	0.08485281374238571	2	0.0	26	4952	1892	1.12	A	C	1	-0.1901617050170898	0.1901617050170898	0.1901617050170898	1	-0.1692256927490234	0.1692256927490234	0.1692256927490234	-0.06115496158599846	-0.0340555806954701	-0.0028824806213378663	3.0	3.0	3.0	-5.93225403899156	-3.348221658599737	-0.28783302628053925	0.28783302628053925	3.348221658599737	5.93225403899156	-3.1894362412906117	3.1894362412906117	5.93225403899156
109275092	A	G	A	G	109275092:A>G	109275092:A>G	124	False	False	-0.44	0.056568542494923775	2	0.0	580	117802	87003	0.44	A	G	1	-0.1312532424926757	0.1312532424926757	0.1312532424926757	1	-0.1378154754638672	0.1378154754638672	0.1378154754638672	-0.05255564053853346	-0.03950282062093413	-0.0017200609048207	3.0	3.0	3.0	-5.119847224087472	-3.8732757383733483	-0.17185824478627157	0.17185824478627157	3.8732757383733483	5.119847224087472	-3.0549937357490307	3.0549937357490307	5.119847224087472
109275092	A	T	A	T	109275092:A>T	109275092:A>T	124	False	False	-1.05	0.07071067811865482	2	0.0	339	83724	37956	1.05	A	T	1	-0.1653060913085937	0.1653060913085937	0.1653060913085937	1	-0.1378154754638672	0.1378154754638672	0.1378154754638672	-0.05788858731587723	-0.029705214003721798	-0.0007831454277038332	3.0	3.0	3.0	-5.624491213280522	-2.926835052863924	-0.07828388493603987	0.07828388493603987	2.926835052863924	5.624491213280522	-2.876536717026829	2.876536717026829	5.624491213280522
109275093	A	C	A	C	109275093:A>C	109275093:A>C	125	False	False	-0.605	0.007071067811865481	2	0.0	66	8158	1885	0.605	A	C	1	-0.1177692413330078	0.1177692413330078	0.1177692413330078	1	-0.1524667739868164	0.1524667739868164	0.1524667739868164	-0.06921863555908196	-0.05446452895800267	-0.0037697553634643	3.0	3.0	3.0	-6.687735601671744	-5.300790094140137	-0.37626587560061514	0.37626587560061514	5.300790094140137	6.687735601671744	-4.121597190470832	4.121597190470832	6.687735601671744
109275093	A	G	A	G	109275093:A>G	109275093:A>G	125	False	False	-0.56	0.05656854249492373	2	0.0	1152	214731	137181	0.56	A	G	1	-0.0308570861816406	0.0308570861816406	0.0308570861816406	1	-0.0496549606323242	0.0496549606323242	0.0496549606323242	-0.04344689846038813	-0.05660496527949963	-0.004749854405720967	3.0	3.0	3.0	-4.2516603416440955	-5.503270946649195	-0.4738591686431557	0.4738591686431557	5.503270946649195	4.2516603416440955	-3.4095968189788155	3.4095968189788155	5.503270946649195
109275093	A	T	A	T	109275093:A>T	109275093:A>T	125	False	False	-0.345	0.07778174593052027	2	0.0	357	63033	49507	0.345	A	T	1	-0.0623188018798828	0.0623188018798828	0.0623188018798828	1	-0.092132568359375	0.092132568359375	0.092132568359375	-0.0480157136917114	-0.05838012198607123	-0.001297116279602	3.0	3.0	3.0	-4.688119005531178	-5.670868648873882	-0.12962753878979988	0.12962753878979988	5.670868648873882	4.688119005531178	-3.496205064398287	3.496205064398287	5.670868648873882
109275094	C	A	C	A	109275094:C>A	109275094:C>A	126	False	False	-0.39	0.02828427124746191	2	0.0	95	22035	18199	0.39	C	A	1	-0.0404624938964843	0.0404624938964843	0.0404624938964843	1	-0.0678110122680664	0.0678110122680664	0.0678110122680664	-0.04180606206258136	-0.03939488778511677	-0.0032831629117329336	3.0	3.0	3.0	-4.094424016638393	-3.8628999484918167	-0.32777792258313737	0.32777792258313737	3.8628999484918167	4.094424016638393	-2.7617006292377826	2.7617006292377826	4.094424016638393
109275094	C	G	C	G	109275094:C>G	109275094:C>G	126	False	False	-0.5449999999999999	0.04949747468305825	2	0.0	245	85435	52207	0.5449999999999999	C	G	1	-0.1030864715576171	0.1030864715576171	0.1030864715576171	1	-0.1401195526123047	0.1401195526123047	0.1401195526123047	-0.06705951690673823	-0.053872242569923366	-0.0018638769785562666	3.0	3.0	3.0	-6.4860456932483	-5.244684427479874	-0.18621410385543716	0.18621410385543716	5.244684427479874	6.4860456932483	-3.9723147415278706	3.9723147415278706	6.4860456932483
109275094	C	T	C	T	109275094:C>T	109275094:C>T	126	False	False	-0.315	0.04949747468305829	2	0.0	931	237282	175706	0.315	C	T	1	-0.0825185775756836	0.0825185775756836	0.0825185775756836	1	-0.1044492721557617	0.1044492721557617	0.1044492721557617	-0.052230795224507603	-0.0496320140858491	-0.0041326582431793005	3.0	3.0	3.0	-5.089020844432747	-4.842047205732703	-0.4124130562476352	0.4124130562476352	4.842047205732703	5.089020844432747	-3.4478270354710285	3.4478270354710285	5.089020844432747
109275095	C	A	C	A	109275095:C>A	109275095:C>A	127	False	False	-1.3599999999999999	0.056568542494923615	2	0.0	417	121988	43264	1.3599999999999999	C	A	1	-0.1733846664428711	0.1733846664428711	0.1733846664428711	1	-0.2515020370483398	0.2515020370483398	0.2515020370483398	-0.1146345933278401	-0.10807969669500983	-0.0097209215164184	3.0	3.0	3.0	-10.83080854410875	-10.244393867175678	-0.9673826086055501	0.9673826086055501	10.244393867175678	10.83080854410875	-7.3475283399633255	7.3475283399633255	10.83080854410875
109275095	C	G	C	G	109275095:C>G	109275095:C>G	127	False	False	-0.845	0.04949747468305825	2	0.0	205	55865	24169	0.845	C	G	1	-0.1120843887329101	0.1120843887329101	0.1120843887329101	1	-0.1707944869995117	0.1707944869995117	0.1707944869995117	-0.0688201983769734	-0.08421727766593294	-0.0048658152421315005	3.0	3.0	3.0	-6.6505491182418215	-8.076849408077363	-0.4853996340447302	0.4853996340447302	8.076849408077363	6.6505491182418215	-5.070932720121305	5.070932720121305	8.076849408077363
109275095	C	T	C	T	109275095:C>T	109275095:C>T	127	False	False	-0.395	0.04949747468305831	2	0.0	920	185835	146517	0.395	C	T	1	-0.0868387222290039	0.0868387222290039	0.0868387222290039	1	-0.114227294921875	0.114227294921875	0.114227294921875	-0.050974011421203565	-0.05857533837358153	-0.002502630154291733	3.0	3.0	3.0	-4.969663275455051	-5.6892814438351005	-0.24995011862080502	0.24995011862080502	5.6892814438351005	4.969663275455051	-3.6362982793036522	3.6362982793036522	5.6892814438351005
109275096	C	A	C	A	109275096:C>A	109275096:C>A	128	False	False	-0.375	0.021213203435596444	2	0.0	361	64884	39228	0.375	C	A	1	-0.0299797058105468	0.0299797058105468	0.0299797058105468	1	-0.0536298751831054	0.0536298751831054	0.0536298751831054	-0.034389019012451096	-0.0509434354801972	-0.0006235241889953	3.0	3.0	3.0	-3.3804436925741843	-4.966757589063725	-0.06233298381844116	0.06233298381844116	4.966757589063725	3.3804436925741843	-2.8031780884854505	2.8031780884854505	4.966757589063725
109275096	C	G	C	G	109275096:C>G	109275096:C>G	128	False	False	-0.060000000000000005	0.11313708498984762	2	0.06683	168	29595	31299	0.060000000000000005	C	G	1	-0.018956184387207	0.018956184387207	0.018956184387207	1	-0.0363645553588867	0.0363645553588867	0.0363645553588867	-0.0180925925572713	-0.04809313764174774	-0.0009104410807291335	3.0	3.0	3.0	-1.7929904233246807	-4.695498142178523	-0.09100267549976554	0.09100267549976554	4.695498142178523	1.7929904233246807	-2.1931637470009897	2.1931637470009897	4.695498142178523
109275096	C	T	C	T	109275096:C>T	109275096:C>T	128	False	False	0.030000000000000002	0.05656854249492381	2	0.05657	733	148691	127403	0.030000000000000002	C	T	1	-0.0130252838134765	0.0130252838134765	0.0130252838134765	1	-0.0217790603637695	0.0217790603637695	0.0217790603637695	-0.0112327337265014	-0.028762746602296763	0.0011323988437652208	3.0	3.0	3.0	-1.1169882124904311	-2.8353036334337753	0.11330402494220605	0.11330402494220605	2.8353036334337753	1.1169882124904311	-1.2796626069940003	1.3551986236221374	2.8353036334337753
109275097	C	A	C	A	109275097:C>A	109275097:C>A	129	False	False	-0.055	0.007071067811865472	2	0.13338	386	73018	61320	0.055	C	A	1	0.033182144165039	0.033182144165039	0.033182144165039	1	0.0279674530029296	0.0279674530029296	0.0279674530029296	0.012617945671081501	0.009738318622112234	0.0017118950684864669	3.0	3.0	3.0	1.2697887828982135	0.9785890344368489	0.17133611973494473	0.17133611973494473	0.9785890344368489	1.2697887828982135	0.806571312356669	0.806571312356669	1.2697887828982135
109275097	C	G	C	G	109275097:C>G	109275097:C>G	129	False	False	0.41000000000000003	0.19798989873223333	2	0.0	63	12326	15960	0.41000000000000003	C	G	1	0.034555435180664	0.034555435180664	0.034555435180664	1	0.0283088684082031	0.0283088684082031	0.0283088684082031	0.007232705752054799	-0.007350376496712299	-0.0015653868516285667	3.0	3.0	3.0	0.7258924942080427	-0.7323428545675649	-0.15641622726942073	0.15641622726942073	0.7323428545675649	0.7258924942080427	-0.054288862542980966	0.5382171920150095	0.7323428545675649
109275097	C	T	C	T	109275097:C>T	109275097:C>T	129	False	False	-0.015	0.007071067811865476	2	0.71325	455	93558	77098	0.015	C	T	1	0.0192127227783203	0.0192127227783203	0.0192127227783203	1	0.0405635833740234	0.0405635833740234	0.0405635833740234	0.018519282341003366	0.023056581616401634	0.0020608603954315	3.0	3.0	3.0	1.8691827743396967	2.3324439260048986	0.20629854277638154	0.20629854277638154	2.3324439260048986	1.8691827743396967	1.4693084143736588	1.4693084143736588	2.3324439260048986
109275098	T	A	T	A	109275098:T>A	109275098:T>A	130	False	False	-0.465	0.09192388155425119	2	0.0	546	94102	56104	0.465	T	A	1	-0.0673685073852539	0.0673685073852539	0.0673685073852539	1	-0.1040735244750976	0.1040735244750976	0.1040735244750976	-0.041459401448567634	-0.04183244829376533	-0.007889240980148267	3.0	3.0	3.0	-4.061171567456441	-4.096954569952092	-0.7858202595259964	0.7858202595259964	4.096954569952092	4.061171567456441	-2.9813154656448426	2.9813154656448426	4.096954569952092
109275098	T	C	T	C	109275098:T>C	109275098:T>C	130	False	False	0.505	0.10606601717798213	2	0.0	1276	237018	269108	0.505	T	C	1	0.0611476898193359	0.0611476898193359	0.0611476898193359	1	0.0131874084472656	0.0131874084472656	0.0131874084472656	0.0032374858856201	-0.0009236447513103334	-0.002202332019805833	3.0	3.0	3.0	0.32427322031484285	-0.09232183227966129	-0.2199908665979461	0.2199908665979461	0.09232183227966129	0.32427322031484285	0.003986840479078491	0.2121953063974834	0.32427322031484285
109275098	T	G	T	G	109275098:T>G	109275098:T>G	130	False	False	-0.655	0.2050609665440988	2	0.0	147	15629	6225	0.655	T	G	1	-0.0653219223022461	0.0653219223022461	0.0653219223022461	1	-0.1316909790039062	0.1316909790039062	0.1316909790039062	-0.06029323736826573	-0.06887085239092504	-0.0090558032194773	3.0	3.0	3.0	-5.8511586482766065	-6.655277522871817	-0.9014922927863045	0.9014922927863045	6.655277522871817	5.8511586482766065	-4.469309487978243	4.469309487978243	6.655277522871817
109275099	T	A	T	A	109275099:T>A	109275099:T>A	131	False	False	0.31	0.1131370849898476	2	0.0	343	68628	83990	0.31	T	A	1	0.0402355194091796	0.0402355194091796	0.0402355194091796	1	-0.011199951171875	0.011199951171875	0.011199951171875	-0.013669768969217866	-0.010787747800350168	-0.008752385775248167	3.0	3.0	3.0	-1.3576761954507472	-1.072976872422315	-0.8714195147788524	0.8714195147788524	1.072976872422315	1.3576761954507472	-1.1006908608839716	1.1006908608839716	1.3576761954507472
109275099	T	C	T	C	109275099:T>C	109275099:T>C	131	False	False	-0.765	0.007071067811865481	2	0.0	1038	199204	94759	0.765	T	C	1	-0.0460996627807617	0.0460996627807617	0.0460996627807617	1	-0.1225528717041015	0.1225528717041015	0.1225528717041015	-0.06050777435302727	-0.0547524640957514	-0.0077552000681559005	3.0	3.0	3.0	-5.871354890321098	-5.328053398969002	-0.7725206090622829	0.7725206090622829	5.328053398969002	5.871354890321098	-3.9906429661174614	3.9906429661174614	5.871354890321098
109275099	T	G	T	G	109275099:T>G	109275099:T>G	131	False	False	0.83	0.43840620433565936	2	0.0	54	9096	14623	0.83	T	G	1	0.1271820068359375	0.1271820068359375	0.1271820068359375	1	0.0823249816894531	0.0823249816894531	0.0823249816894531	0.033942540486653565	0.017623096704482966	-0.0017074545224506998	3.0	3.0	3.0	3.45251617079569	1.7779299717662054	-0.17059976512759753	0.17059976512759753	1.7779299717662054	3.45251617079569	1.6866154591447662	1.8003486358964977	3.45251617079569
109275100	C	A	C	A	109275100:C>A	109275100:C>A	132	False	False	0.7050000000000001	0.0636396103067893	2	0.0	420	91099	130660	0.7050000000000001	C	A	1	0.135167121887207	0.135167121887207	0.135167121887207	1	0.1273860931396484	0.1273860931396484	0.1273860931396484	0.06368486086527503	0.0567952543497085	-0.00037847956021622343	3.0	3.0	3.0	6.575648425810569	5.84390774114908	-0.037840794586261405	0.037840794586261405	5.84390774114908	6.575648425810569	4.127238457457795	4.152465653848637	6.575648425810569
109275100	C	G	C	G	109275100:C>G	109275100:C>G	132	False	False	0.5800000000000001	0.028284271247461808	2	0.0	47	11196	17747	0.5800000000000001	C	G	1	0.1864728927612304	0.1864728927612304	0.1864728927612304	1	0.1769561767578125	0.1769561767578125	0.1769561767578125	0.1013549963633219	0.06598000725110366	0.0018684168656666665	3.0	3.0	3.0	10.666943566415558	6.820536059096169	0.1870163444068078	0.1870163444068078	6.820536059096169	10.666943566415558	5.891498656639512	5.891498656639512	10.666943566415558
109275100	C	T	C	T	109275100:C>T	109275100:C>T	132	False	False	0.395	0.1767766952966369	2	0.0	435	105808	142328	0.395	C	T	1	0.0158901214599609	0.0158901214599609	0.0158901214599609	1	0.0279674530029296	0.0279674530029296	0.0279674530029296	0.018868764241536398	0.014709100127220133	-0.0007838904857635215	3.0	3.0	3.0	1.9047904316948832	1.4817811301023023	-0.07835833238823543	0.07835833238823543	1.4817811301023023	1.9047904316948832	1.1027377431363166	1.1549766313951404	1.9047904316948832
109275101	T	A	T	A	109275101:T>A	109275101:T>A	133	False	False	0.56	0.07071067811865478	2	0.0	651	114987	152069	0.56	T	A	1	0.152719497680664	0.152719497680664	0.152719497680664	1	0.1536369323730468	0.1536369323730468	0.1536369323730468	0.08637046813964844	0.06649492681026453	0.0060821970303853	3.0	3.0	3.0	9.021014162351888	6.875554206177431	0.6100731147741565	0.6100731147741565	6.875554206177431	9.021014162351888	5.502213827767825	5.502213827767825	9.021014162351888
109275101	T	C	T	C	109275101:T>C	109275101:T>C	133	False	False	0.84	0.028284271247461926	2	0.0	1267	269492	382044	0.84	T	C	1	0.1995840072631836	0.1995840072631836	0.1995840072631836	1	0.2599468231201172	0.2599468231201172	0.2599468231201172	0.1364917357762654	0.09667784472306563	0.0098832547664642	3.0	3.0	3.0	14.624540490814347	10.150546065881507	0.9932255424474989	0.9932255424474989	10.150546065881507	14.624540490814347	8.589437366381118	8.589437366381118	14.624540490814347
109275101	T	G	T	G	109275101:T>G	109275101:T>G	133	False	False	0.44500000000000006	0.16263455967290597	2	0.0	146	34997	40794	0.44500000000000006	T	G	1	0.1308088302612304	0.1308088302612304	0.1308088302612304	1	0.1701545715332031	0.1701545715332031	0.1701545715332031	0.0936289230982462	0.058007970452308634	0.003829509019851633	3.0	3.0	3.0	9.815217139568954	5.972344215178253	0.38368509585333854	0.38368509585333854	5.972344215178253	9.815217139568954	5.390415483533515	5.390415483533515	9.815217139568954
109275102	T	A	T	A	109275102:T>A	109275102:T>A	134	False	False	-0.18	0.0565685424949238	2	1e-05	391	67880	46323	0.18	T	A	1	0.0808887481689453	0.0808887481689453	0.0808887481689453	1	0.0796871185302734	0.0796871185302734	0.0796871185302734	0.021258513132731065	0.023025105396906498	0.0002453525861104	3.0	3.0	3.0	2.1486085075896737	2.329222938230935	0.024538268751792464	0.024538268751792464	2.329222938230935	2.1486085075896737	1.500789904857467	1.500789904857467	2.329222938230935
109275102	T	C	T	C	109275102:T>C	109275102:T>C	134	False	False	1.1949999999999998	0.03535533905932749	2	0.0	1133	225301	441878	1.1949999999999998	T	C	1	0.0762357711791992	0.0762357711791992	0.0762357711791992	1	0.1229114532470703	0.1229114532470703	0.1229114532470703	0.05283296108245847	0.028527855873107865	0.003301923473676	3.0	3.0	3.0	5.425352904234041	2.8938672420420013	0.3307380827924567	0.3307380827924567	2.8938672420420013	5.425352904234041	2.8833194096895	2.8833194096895	5.425352904234041
109275102	T	G	T	G	109275102:T>G	109275102:T>G	134	False	False	0.7350000000000001	0.07778174593052017	2	0.0	101	18758	26318	0.7350000000000001	T	G	1	0.1565999984741211	0.1565999984741211	0.1565999984741211	1	0.1620750427246093	0.1620750427246093	0.1620750427246093	0.08264279365539544	0.06538297235965723	0.0059223522742589	3.0	3.0	3.0	8.615375823169021	6.75677950628301	0.5939924074158781	0.5939924074158781	6.75677950628301	8.615375823169021	5.322049245622637	5.322049245622637	8.615375823169021
109275103	G	A	G	A	109275103:G>A	109275103:G>A	135	False	False	-0.01	0.042426406871192854	2	0.33334	481	94727	75124	0.01	G	A	1	-0.0134696960449218	0.0134696960449218	0.0134696960449218	1	0.0138778686523437	0.0138778686523437	0.0138778686523437	-0.0010190010070800666	-0.011938722183306933	-0.0014318227767943668	3.0	3.0	3.0	-0.10184820018577685	-1.1867738405640986	-0.14307982076211273	0.14307982076211273	1.1867738405640986	0.10184820018577685	-0.47723395383732936	0.47723395383732936	1.1867738405640986
109275103	G	C	G	C	109275103:G>C	109275103:G>C	135	False	False	0.08	0.1979898987322333	2	0.02366	45	6072	5524	0.08	G	C	1	0.030989646911621	0.030989646911621	0.030989646911621	1	0.0813369750976562	0.0813369750976562	0.0813369750976562	0.0474781990051269	0.004004128277301767	-0.0005968908468881667	3.0	3.0	3.0	4.862333984003111	0.4012155509378646	-0.059671274298457644	0.059671274298457644	0.4012155509378646	4.862333984003111	1.7346260868808392	1.7744069364131443	4.862333984003111
109275103	G	T	G	T	109275103:G>T	109275103:G>T	135	False	False	0.605	0.06363961030678922	2	0.0	128	22650	22180	0.605	G	T	1	0.1564903259277343	0.1564903259277343	0.1564903259277343	1	0.2155990600585937	0.2155990600585937	0.2155990600585937	0.11541593074798577	0.06689983109633123	0.0036018192768096334	3.0	3.0	3.0	12.234015628457618	6.9188373383227795	0.3608313622673517	0.3608313622673517	6.9188373383227795	12.234015628457618	6.504561443015916	6.504561443015916	12.234015628457618
109275104	G	A	G	A	109275104:G>A	109275104:G>A	136	False	False	-0.23	0.05656854249492382	2	0.0	576	99195	63790	0.23	G	A	1	-0.052617073059082	0.052617073059082	0.052617073059082	1	-0.0108489990234375	0.0108489990234375	0.0108489990234375	0.0096668402353922	-0.019816720237334533	-0.0027858912944793003	3.0	3.0	3.0	0.9713715057511282	-1.9621659648872345	-0.27820143004572845	0.27820143004572845	1.9621659648872345	0.9713715057511282	-0.42299862972727825	1.0705796335613635	1.9621659648872345
109275104	G	C	G	C	109275104:G>C	109275104:G>C	136	False	False	1.0899999999999999	0.12727922061357844	2	0.0	72	11142	21584	1.0899999999999999	G	C	1	0.1249380111694336	0.1249380111694336	0.1249380111694336	1	0.1225910186767578	0.1225910186767578	0.1225910186767578	0.07136813799540197	0.020415852467219	-0.0007793207963307188	3.0	3.0	3.0	7.39765246665389	2.062568149667444	-0.07790172047491213	0.07790172047491213	2.062568149667444	7.39765246665389	3.127439631948807	3.1793741122654153	7.39765246665389
109275104	G	T	G	T	109275104:G>T	109275104:G>T	136	False	False	1.04	0.1979898987322333	2	0.0	282	37844	57894	1.04	G	T	1	0.1127872467041015	0.1127872467041015	0.1127872467041015	1	0.1328029632568359	0.1328029632568359	0.1328029632568359	0.07355968157450353	0.023838291565577135	0.0002101957798004	3.0	3.0	3.0	7.633277198956237	2.412469489859923	0.021021787248122523	0.021021787248122523	2.412469489859923	7.633277198956237	3.3555894920214278	3.3555894920214278	7.633277198956237
109275105	A	C	A	C	109275105:A>C	109275105:A>C	137	False	False	0.54	0.0	2	0.0	78	11810	7718	0.54	A	C	1	0.0827302932739257	0.0827302932739257	0.0827302932739257	1	0.0836429595947265	0.0836429595947265	0.0836429595947265	0.055366277694702065	0.020342710117498965	8.87115796407e-05	3.0	3.0	3.0	5.692767281725137	2.0551033266151935	0.008871551462924	0.008871551462924	2.0551033266151935	5.692767281725137	2.585580719934418	2.585580719934418	5.692767281725137
109275105	A	G	A	G	109275105:A>G	109275105:A>G	137	False	False	1.17	0.05656854249492385	2	0.0	1237	240352	456675	1.17	A	G	1	0.0997333526611328	0.0997333526611328	0.0997333526611328	1	0.0364894866943359	0.0364894866943359	0.0364894866943359	0.017703413963317833	-0.014616016298532465	-0.001339584589004467	3.0	3.0	3.0	1.7861048243979074	-1.4509720834544544	-0.13386877460792723	0.13386877460792723	1.4509720834544544	1.7861048243979074	0.06708798877850859	1.1236485608200963	1.7861048243979074
109275105	A	T	A	T	109275105:A>T	109275105:A>T	137	False	False	0.615	0.007071067811865481	2	0.0	610	97261	111045	0.615	A	T	1	0.0655231475830078	0.0655231475830078	0.0655231475830078	1	0.0604267120361328	0.0604267120361328	0.0604267120361328	0.0412062803904215	0.007404677569866133	-0.0009283324082692	3.0	3.0	3.0	4.206704137233391	0.7432159985755148	-0.09279016410477808	0.09279016410477808	0.7432159985755148	4.206704137233391	1.6190433239013757	1.6809034333045612	4.206704137233391
109275106	A	C	A	C	109275106:A>C	109275106:A>C	138	False	False	0.35	0.12727922061357858	2	0.0	99	17600	16362	0.35	A	C	1	0.152745246887207	0.152745246887207	0.152745246887207	1	0.1974716186523437	0.1974716186523437	0.1974716186523437	0.10731645425160724	0.06674880286057784	0.0045670866966247	3.0	3.0	3.0	11.328650298824444	6.902690794273491	0.4577531732145874	0.4577531732145874	6.902690794273491	11.328650298824444	6.229698088770841	6.229698088770841	11.328650298824444
109275106	A	G	A	G	109275106:A>G	109275106:A>G	138	False	False	-0.18	0.042426406871192854	2	0.0	1214	293476	240051	0.18	A	G	1	0.0122871398925781	0.0122871398925781	0.0122871398925781	1	0.0173263549804687	0.0173263549804687	0.0173263549804687	0.016832788785298602	-0.010710655401150333	-9.603301684057285e-05	3.0	3.0	3.0	1.6975258439057634	-1.0653500568827359	-0.009602840581801574	0.009602840581801574	1.0653500568827359	1.6975258439057634	0.20752431548040864	0.9241595804567669	1.6975258439057634
109275106	A	T	A	T	109275106:A>T	109275106:A>T	138	False	False	-0.02	0.042426406871192854	2	0.22759	523	102559	78801	0.02	A	T	1	-0.0048685073852539	0.0048685073852539	0.0048685073852539	1	0.0138778686523437	0.0138778686523437	0.0138778686523437	0.010538498560587533	-0.0051993280649185	-0.00040520230929053336	3.0	3.0	3.0	1.0594224119081999	-0.5185834953920766	-0.040512022592197064	0.040512022592197064	0.5185834953920766	1.0594224119081999	0.16677563130797537	0.5395059766308244	1.0594224119081999
109275107	T	A	T	A	109275107:T>A	109275107:T>A	139	False	False	-0.055	0.03535533905932738	2	0.01471	780	129485	91480	0.055	T	A	1	0.0150976181030273	0.0150976181030273	0.0150976181030273	1	0.0849571228027343	0.0849571228027343	0.0849571228027343	0.03252192338307693	0.016397841274738267	0.0028726160526274997	3.0	3.0	3.0	3.3056540990001255	1.6533023763505528	0.28767459677270363	0.28767459677270363	1.6533023763505528	3.3056540990001255	1.7488770240411273	1.7488770240411273	3.3056540990001255
109275107	T	C	T	C	109275107:T>C	109275107:T>C	139	False	False	0.115	0.03535533905932739	2	0.0	982	163850	129637	0.115	T	C	1	0.0577430725097656	0.0577430725097656	0.0577430725097656	1	0.0786991119384765	0.0786991119384765	0.0786991119384765	0.029675086339314732	0.0088025828202565	-0.0004766285419463666	3.0	3.0	3.0	3.0119779584798945	0.8841439481720679	-0.047651497260704716	0.047651497260704716	0.8841439481720679	3.0119779584798945	1.282823469797086	1.3145911346375556	3.0119779584798945
109275107	T	G	T	G	109275107:T>G	109275107:T>G	139	False	False	-0.05500000000000001	0.2050609665440988	2	0.02897	76	15799	12873	0.05500000000000001	T	G	1	0.0100164413452148	0.0100164413452148	0.0100164413452148	1	0.0135326385498046	0.0135326385498046	0.0135326385498046	0.0027551253636677667	-0.012692236651976834	-0.003424714008967033	3.0	3.0	3.0	0.2758924209516901	-1.261202990928699	-0.34188563647721	0.34188563647721	1.261202990928699	0.2758924209516901	-0.4423987354847396	0.6263270161191997	1.261202990928699
109275108	T	A	T	A	109275108:T>A	109275108:T>A	140	False	False	0.015	0.021213203435596427	2	0.49804	660	145390	120882	0.015	T	A	1	0.0400648117065429	0.0400648117065429	0.0400648117065429	1	0.0300159454345703	0.0300159454345703	0.0300159454345703	0.0163201491038004	0.005468939741452467	-0.002043316761652567	3.0	3.0	3.0	1.6454050173913843	0.5483921691742986	-0.2041230611089057	0.2041230611089057	0.5483921691742986	1.6454050173913843	0.6632247084855923	0.7993067492248628	1.6454050173913843
109275108	T	C	T	C	109275108:T>C	109275108:T>C	140	False	False	-0.005	0.021213203435596427	2	0.50452	971	169564	140344	0.005	T	C	1	0.0093803405761718	0.0093803405761718	0.0093803405761718	1	0.0381889343261718	0.0381889343261718	0.0381889343261718	0.016527652740478467	-0.010536223649978601	0.0015745659669239669	3.0	3.0	3.0	1.6664989970471649	-1.0480912074396902	0.15758062467981326	0.15758062467981326	1.0480912074396902	1.6664989970471649	0.2586628047624293	0.9573902763888894	1.6664989970471649
109275108	T	G	T	G	109275108:T>G	109275108:T>G	140	False	False	-0.3	0.1979898987322333	2	8e-05	80	13888	7181	0.3	T	G	1	0.0146284103393554	0.0146284103393554	0.0146284103393554	1	0.0045242309570312	0.0045242309570312	0.0045242309570312	0.008420546849568633	0.0056657294432321675	-0.0019101997216542002	3.0	3.0	3.0	0.8456099374695797	0.5681810043393221	-0.19083764512875234	0.19083764512875234	0.5681810043393221	0.8456099374695797	0.4076510988933831	0.5348761956458846	0.8456099374695797
109275109	G	A	G	A	109275109:G>A	109275109:G>A	141	False	False	-0.13	0.042426406871192854	2	0.0002	564	131416	121411	0.13	G	A	1	-0.005314826965332	0.005314826965332	0.005314826965332	1	0.0045242309570312	0.0045242309570312	0.0045242309570312	-0.0058942635854085	0.004152352611223767	-0.0024951497713724	3.0	3.0	3.0	-0.5876926493655739	0.4160985572224592	-0.24920394726064946	0.24920394726064946	0.4160985572224592	0.5876926493655739	-0.14026601313458806	0.41766505128289416	0.5876926493655739
109275109	G	C	G	C	109275109:G>C	109275109:G>C	141	False	False	-0.16999999999999998	0.1979898987322333	2	0.00033	50	12183	5227	0.16999999999999998	G	C	1	0.0514354705810546	0.0514354705810546	0.0514354705810546	1	0.0790271759033203	0.0790271759033203	0.0790271759033203	0.0324080387751261	0.0273827935258547	0.002695262432098333	3.0	3.0	3.0	3.293889844980401	2.776114778721998	0.2698897917349144	0.2698897917349144	2.776114778721998	3.293889844980401	2.1132981384791045	2.1132981384791045	3.293889844980401
109275109	G	T	G	T	109275109:G>T	109275109:G>T	141	False	False	0.21000000000000002	0.09899494936611666	2	1e-05	260	43722	26423	0.21000000000000002	G	T	1	0.1193990707397461	0.1193990707397461	0.1193990707397461	1	0.1778812408447265	0.1778812408447265	0.1778812408447265	0.0810285409291585	0.07756679256757093	0.0037733862797418665	3.0	3.0	3.0	8.440184596136092	8.065440973076312	0.378051446472842	0.378051446472842	8.065440973076312	8.440184596136092	5.627892338561748	5.627892338561748	8.440184596136092
109275110	G	A	G	A	109275110:G>A	109275110:G>A	142	False	False	-0.035	0.04949747468305833	2	0.00028	1301	290272	246821	0.035	G	A	1	-0.0243654251098632	0.0243654251098632	0.0243654251098632	1	-0.0062904357910156	0.0062904357910156	0.0062904357910156	-0.0106895764668782	0.0007769217093785245	0.0003163417180378908	3.0	3.0	3.0	-1.0632645979197992	0.07772235912242344	0.03163917593557561	0.03163917593557561	0.07772235912242344	1.0632645979197992	-0.31796768762060007	0.3908753776592661	1.0632645979197992
109275110	G	C	G	C	109275110:G>C	109275110:G>C	142	False	False	-0.275	0.10606601717798213	2	0.0	183	32291	20678	0.275	G	C	1	-0.0316953659057617	0.0316953659057617	0.0316953659057617	1	-0.0242595672607421	0.0242595672607421	0.0242595672607421	-0.019606908162434832	-0.004708519826332701	-0.00012977917989093335	3.0	3.0	3.0	-1.9415942854917518	-0.46974521245001544	-0.012977075893745886	0.012977075893745886	0.46974521245001544	1.9415942854917518	-0.8081055246118377	0.8081055246118377	1.9415942854917518
109275110	G	T	G	T	109275110:G>T	109275110:G>T	142	False	False	-0.45499999999999996	0.021213203435596427	2	0.0	202	32453	18330	0.45499999999999996	G	T	1	-0.0527496337890625	0.0527496337890625	0.0527496337890625	1	-0.0299434661865234	0.0299434661865234	0.0299434661865234	-0.023150761922200464	-0.008423298597335767	-0.0010108550389607335	3.0	3.0	3.0	-2.288483909165279	-0.8387922016557666	-0.1010344297115656	0.1010344297115656	0.8387922016557666	2.288483909165279	-1.0761035135108703	1.0761035135108703	2.288483909165279
109275111	C	A	C	A	109275111:C>A	109275111:C>A	143	False	False	-0.33	0.09899494936611666	2	0.0	274	51415	27967	0.33	C	A	1	-0.001561164855957	0.001561164855957	0.001561164855957	1	0.0252285003662109	0.0252285003662109	0.0252285003662109	0.0151524146397908	0.018489236632982835	0.002202987670898367	3.0	3.0	3.0	1.5267794499059502	1.866122088598234	0.22054160311258975	0.22054160311258975	1.866122088598234	1.5267794499059502	1.2044810472055911	1.2044810472055911	1.866122088598234
109275111	C	G	C	G	109275111:C>G	109275111:C>G	143	False	False	-0.29	0.0848528137423857	2	0.0	230	48685	34159	0.29	C	G	1	-0.0610847473144531	0.0610847473144531	0.0610847473144531	1	-0.0217790603637695	0.0217790603637695	0.0217790603637695	-0.004634459813435833	0.0057920714219411	1.721580823259999e-05	3.0	3.0	3.0	-0.46237372753405637	0.580887790005888	0.001721595642547696	0.001721595642547696	0.580887790005888	0.46237372753405637	0.0400785527047931	0.348327704394164	0.580887790005888
109275111	C	T	C	T	109275111:C>T	109275111:C>T	143	False	False	-0.155	0.007071067811865481	2	0.0	1100	233283	170141	0.155	C	T	1	-0.0275468826293945	0.0275468826293945	0.0275468826293945	1	0.0083427429199218	0.0083427429199218	0.0083427429199218	0.007796963055928499	-0.0025956829388936	0.0008370975653329999	3.0	3.0	3.0	0.7827438526258168	-0.2592317066809379	0.0837448029283961	0.0837448029283961	0.2592317066809379	0.7827438526258168	0.20241898295775831	0.37524012074505025	0.7827438526258168
109275112	T	A	T	A	109275112:T>A	109275112:T>A	144	False	False	-0.1	0.02828427124746189	2	0.01406	415	78882	53286	0.1	T	A	1	-0.021005630493164	0.021005630493164	0.021005630493164	1	-0.0306558609008789	0.0306558609008789	0.0306558609008789	-0.006981531778971266	-0.010976074884335133	-0.0011845827102660688	3.0	3.0	3.0	-0.6957217502516827	-1.0916057559985248	-0.11838813691268692	0.11838813691268692	1.0916057559985248	0.6957217502516827	-0.6352385477209648	0.6352385477209648	1.0916057559985248
109275112	T	C	T	C	109275112:T>C	109275112:T>C	144	False	False	-0.08499999999999999	0.04949747468305832	2	0.0	1260	224728	160578	0.08499999999999999	T	C	1	-0.0151395797729492	0.0151395797729492	0.0151395797729492	1	-0.00909423828125	0.00909423828125	0.00909423828125	-0.006257375081380166	0.004161357879638634	0.00022265315055846667	3.0	3.0	3.0	-0.6237838480445341	0.4170028352147677	0.02226779396109462	0.02226779396109462	0.4170028352147677	0.6237838480445341	-0.06150440628955726	0.3543514924067988	0.6237838480445341
109275112	T	G	T	G	109275112:T>G	109275112:T>G	144	False	False	-0.07	0.0	2	0.51187	74	10883	8217	0.07	T	G	1	0.0039911270141601	0.0039911270141601	0.0039911270141601	1	0.040903091430664	0.040903091430664	0.040903091430664	0.04017384847005204	0.014644622802734333	0.003957847754160499	3.0	3.0	3.0	4.099173328236995	1.4752380673128378	0.3965690376805095	0.3965690376805095	1.4752380673128378	4.099173328236995	1.990326811076781	1.990326811076781	4.099173328236995
109275113	C	A	C	A	109275113:C>A	109275113:C>A	145	False	False	-0.185	0.04949747468305833	2	1e-05	422	72905	49342	0.185	C	A	1	-0.0274600982666015	0.0274600982666015	0.0274600982666015	1	-0.0356502532958984	0.0356502532958984	0.0356502532958984	-0.018717567125956167	0.0017424573500950332	-0.0013573169708251335	3.0	3.0	3.0	-1.8543481312760042	0.17439763110169038	-0.1356396232770399	0.1356396232770399	0.17439763110169038	1.8543481312760042	-0.6051967078171179	0.7214617952182448	1.8543481312760042
109275113	C	G	C	G	109275113:C>G	109275113:C>G	145	False	False	-0.125	0.1767766952966369	2	0.08222	57	12302	11392	0.125	C	G	1	-0.0315055847167968	0.0315055847167968	0.0315055847167968	1	-0.0178909301757812	0.0178909301757812	0.0178909301757812	-0.0063545703887939	-0.015450559556484167	-0.001995970805486	3.0	3.0	3.0	-0.6334422805382759	-1.5331812019758024	-0.19939801803879448	0.19939801803879448	1.5331812019758024	0.6334422805382759	-0.7886738335176243	0.7886738335176243	1.5331812019758024
109275113	C	T	C	T	109275113:C>T	109275113:C>T	145	False	False	-0.11000000000000001	0.04242640687119286	2	4e-05	521	113031	90726	0.11000000000000001	C	T	1	-0.0527973175048828	0.0527973175048828	0.0527973175048828	1	-0.023904800415039	0.023904800415039	0.023904800415039	-0.012670238812764432	-0.008337868998448001	0.0006821056207021	3.0	3.0	3.0	-1.259030926857797	-0.8303205375880484	0.06823383076436795	0.06823383076436795	0.8303205375880484	1.259030926857797	-0.6737058778938257	0.7191950984034045	1.259030926857797
109275114	T	A	T	A	109275114:T>A	109275114:T>A	146	False	False	0.01	0.01414213562373095	2	0.51664	451	114490	89584	0.01	T	A	1	-0.0100173950195312	0.0100173950195312	0.0100173950195312	1	-0.0122547149658203	0.0122547149658203	0.0122547149658203	-0.0034019549687703664	-0.021982491016387867	0.0007097522417703934	3.0	3.0	3.0	-0.33961748763613914	-2.1742636806597972	0.0710004175492725	0.0710004175492725	2.1742636806597972	0.33961748763613914	-0.8142935835822213	0.8616271952817364	2.1742636806597972
109275114	T	C	T	C	109275114:T>C	109275114:T>C	146	False	False	-0.16499999999999998	0.021213203435596434	2	0.0	965	192528	143866	0.16499999999999998	T	C	1	-0.0085029602050781	0.0085029602050781	0.0085029602050781	1	-0.0221338272094726	0.0221338272094726	0.0221338272094726	-0.0087443590164184	0.0023841038346290333	0.0002323389053344397	3.0	3.0	3.0	-0.8706238303767813	0.23869480700445594	0.023236589810835574	0.023236589810835574	0.23869480700445594	0.8706238303767813	-0.20289747785382992	0.37751840906402423	0.8706238303767813
109275114	T	G	T	G	109275114:T>G	109275114:T>G	146	False	False	0.25	0.28284271247461906	2	0.00013	65	10526	8896	0.25	T	G	1	-0.0032529830932617	0.0032529830932617	0.0032529830932617	1	0.0041770935058593	0.0041770935058593	0.0041770935058593	0.0046840111414591	-0.0137159203489621	-0.0013664166132608332	3.0	3.0	3.0	0.4694998269557776	-1.3622285697455194	-0.13654834911399158	0.13654834911399158	1.3622285697455194	0.4694998269557776	-0.34309236396791115	0.6560922486050962	1.3622285697455194
109275115	C	A	C	A	109275115:C>A	109275115:C>A	147	False	False	-0.085	0.021213203435596427	2	0.14172	294	41128	29580	0.085	C	A	1	0.042856216430664	0.042856216430664	0.042856216430664	1	0.0252285003662109	0.0252285003662109	0.0252285003662109	0.004442453384399333	0.0177343934774398	-0.0013971527417500334	3.0	3.0	3.0	0.4452335708938499	1.7892581573138433	-0.13961771782481106	0.13961771782481106	1.7892581573138433	0.4452335708938499	0.698291336794294	0.7913698153441681	1.7892581573138433
109275115	C	G	C	G	109275115:C>G	109275115:C>G	147	False	False	-0.19999999999999998	0.31112698372208086	2	0.039	39	13446	12473	0.19999999999999998	C	G	1	0.0346240997314453	0.0346240997314453	0.0346240997314453	1	0.0235137939453125	0.0235137939453125	0.0235137939453125	0.008049050966898567	0.0074185008804003	0.00030223528544103326	3.0	3.0	3.0	0.8081531665413288	0.7446086129597222	0.030228096312660293	0.030228096312660293	0.7446086129597222	0.8081531665413288	0.5276632919379037	0.5276632919379037	0.8081531665413288
109275115	C	T	C	T	109275115:C>T	109275115:C>T	147	False	False	-0.32999999999999996	0.1131370849898476	2	0.0	476	109485	88120	0.32999999999999996	C	T	1	-0.0268192291259765	0.0268192291259765	0.0268192291259765	1	0.0100746154785156	0.0100746154785156	0.0100746154785156	-0.001970012982686333	0.006666551033655766	-0.001079648733139	3.0	3.0	3.0	-0.19680737807370557	0.6688821947553074	-0.10790661221361222	0.10790661221361222	0.6688821947553074	0.19680737807370557	0.12138940148932988	0.32453206168087506	0.6688821947553074
109275116	T	A	T	A	109275116:T>A	109275116:T>A	148	False	False	0.345	0.021213203435596427	2	0.0	556	99980	109937	0.345	T	A	1	0.0364646911621093	0.0364646911621093	0.0364646911621093	1	0.0463142395019531	0.0463142395019531	0.0463142395019531	0.0332053105036417	0.0246824994683265	0.0026800781488418002	3.0	3.0	3.0	3.3762759807866485	2.4989634102319758	0.2683672768853929	0.2683672768853929	2.4989634102319758	3.3762759807866485	2.047868889301339	2.047868889301339	3.3762759807866485
109275116	T	C	T	C	109275116:T>C	109275116:T>C	148	False	False	0.345	0.021213203435596427	2	0.0	1307	212235	187419	0.345	T	C	1	0.0633697509765625	0.0633697509765625	0.0633697509765625	1	0.0500221252441406	0.0500221252441406	0.0500221252441406	0.02576994895935053	0.026829381783803268	0.0019659300645191668	3.0	3.0	3.0	2.610486482687012	2.7192530054387607	0.19678637719987213	0.19678637719987213	2.7192530054387607	2.610486482687012	1.8421752884418818	1.8421752884418818	2.7192530054387607
109275116	T	G	T	G	109275116:T>G	109275116:T>G	148	False	False	-0.22499999999999998	0.10606601717798211	2	0.0007	127	24653	15867	0.22499999999999998	T	G	1	-0.0016393661499023	0.0016393661499023	0.0016393661499023	1	0.0124969482421875	0.0124969482421875	0.0124969482421875	0.007333636283874467	-0.006361693143844567	-0.0012005368868509333	3.0	3.0	3.0	0.7360593251686909	-0.634150041668532	-0.11998165307427859	0.11998165307427859	0.634150041668532	0.7360593251686909	-0.006024123191373206	0.4967303399705005	0.7360593251686909
109275117	T	A	T	A	109275117:T>A	109275117:T>A	149	False	False	1.02	0.014142135623730963	2	0.0	355	71799	138327	1.02	T	A	1	0.1619768142700195	0.1619768142700195	0.1619768142700195	1	0.1526985168457031	0.1526985168457031	0.1526985168457031	0.08018922805786127	0.0687626500924428	0.0037545462449391	3.0	3.0	3.0	8.349207537887402	7.11819340404318	0.37616033830448437	0.37616033830448437	7.11819340404318	8.349207537887402	5.281187093411689	5.281187093411689	8.349207537887402
109275117	T	C	T	C	109275117:T>C	109275117:T>C	149	False	False	-0.345	0.06363961030678927	2	0.0	1104	214755	132699	0.345	T	C	1	-0.0039339065551757	0.0039339065551757	0.0039339065551757	1	-0.0496549606323242	0.0496549606323242	0.0496549606323242	-0.03388305505116777	-0.007855941851933767	-0.002553035815556833	3.0	3.0	3.0	-3.3315453097608714	-0.7825164588275856	-0.25497795912942534	0.25497795912942534	0.7825164588275856	3.3315453097608714	-1.4563465759059608	1.4563465759059608	3.3315453097608714
109275117	T	G	T	G	109275117:T>G	109275117:T>G	149	False	False	0.505	0.1767766952966369	2	0.0	88	22594	29481	0.505	T	G	1	0.0935392379760742	0.0935392379760742	0.0935392379760742	1	0.0813369750976562	0.0813369750976562	0.0813369750976562	0.029049436251322367	0.027505951623121833	-0.0006679892539977666	3.0	3.0	3.0	2.947548662604894	2.7887732689444387	-0.06677661988449514	0.06677661988449514	2.7887732689444387	2.947548662604894	1.8898484372216124	1.934366183811276	2.947548662604894
109275118	C	A	C	A	109275118:C>A	109275118:C>A	150	False	False	-0.17500000000000002	0.14849242404917498	2	0.0	355	79561	56751	0.17500000000000002	C	A	1	-0.0097789764404296	0.0097789764404296	0.0097789764404296	1	-0.0500154495239257	0.0500154495239257	0.0500154495239257	-0.043182770411173466	-0.012992526094118736	-0.0057990252971649	3.0	3.0	3.0	-4.226367179304822	-1.290848757822142	-0.5782243405175459	0.5782243405175459	1.290848757822142	4.226367179304822	-2.0318134258815035	2.0318134258815035	4.226367179304822
109275118	C	G	C	G	109275118:C>G	109275118:C>G	150	False	False	0.505	0.1626345596729059	2	0.0	59	7169	8461	0.505	C	G	1	0.0698175430297851	0.0698175430297851	0.0698175430297851	1	0.0704212188720703	0.0704212188720703	0.0704212188720703	0.014537811279296833	0.019981424013773567	-0.0017807881037393669	3.0	3.0	3.0	1.464399921373429	2.0182388956733237	-0.1779203441393017	0.1779203441393017	2.0182388956733237	1.464399921373429	1.1015728243024836	1.2201863870620182	2.0182388956733237
109275118	C	T	C	T	109275118:C>T	109275118:C>T	150	False	False	-0.025	0.12020815280171307	2	0.01367	512	102181	87739	0.025	C	T	1	-0.012547492980957	0.012547492980957	0.012547492980957	1	-0.0038414001464843	0.0038414001464843	0.0038414001464843	-0.019872268040974864	0.007460035383701266	-0.002737790346145567	3.0	3.0	3.0	-1.9676115999936052	0.7487930771379308	-0.2734046015998944	0.2734046015998944	0.7487930771379308	1.9676115999936052	-0.49740770815185625	0.9966030929104767	1.9676115999936052
109275119	T	A	T	A	109275119:T>A	109275119:T>A	151	False	False	0.365	0.04949747468305831	2	0.0	534	102590	98197	0.365	T	A	1	0.0455513000488281	0.0455513000488281	0.0455513000488281	1	0.0320644378662109	0.0320644378662109	0.0320644378662109	0.028609434763590433	0.025265701115131333	0.0029348780711491666	3.0	3.0	3.0	2.9022615519636576	2.558758409064696	0.29391890421551836	0.29391890421551836	2.558758409064696	2.9022615519636576	1.9183129550812907	1.9183129550812907	2.9022615519636576
109275119	T	C	T	C	109275119:T>C	109275119:T>C	151	False	False	-0.57	0.0	2	0.0	1366	248836	121301	0.57	T	C	1	-0.077244758605957	0.077244758605957	0.077244758605957	1	-0.1119642257690429	0.1119642257690429	0.1119642257690429	-0.047036965688069636	-0.03748290985822673	-0.004835387070973667	3.0	3.0	3.0	-4.594787025490525	-3.6789121009361847	-0.48237154068265353	0.48237154068265353	3.6789121009361847	4.594787025490525	-2.9186902223697877	2.9186902223697877	4.594787025490525
109275119	T	G	T	G	109275119:T>G	109275119:T>G	151	False	False	-0.17	0.08485281374238571	2	0.00629	124	15778	9352	0.17	T	G	1	-0.0361909866333007	0.0361909866333007	0.0361909866333007	1	-0.0489330291748046	0.0489330291748046	0.0489330291748046	-0.027211904525756767	-0.015613724788029934	-0.0016146103541055667	3.0	3.0	3.0	-2.684499627580509	-1.5492462526000632	-0.16133075720638973	0.16133075720638973	1.5492462526000632	2.684499627580509	-1.465025545795654	1.465025545795654	2.684499627580509
109275120	T	A	T	A	109275120:T>A	109275120:T>A	152	False	False	-0.125	0.04949747468305833	2	0.00122	437	97685	69617	0.125	T	A	1	0.0329465866088867	0.0329465866088867	0.0329465866088867	1	-0.0278091430664062	0.0278091430664062	0.0278091430664062	-0.029502828915913867	-0.006019995858271866	-0.0032893319924672	3.0	3.0	3.0	-2.9071869036731695	-0.6001911989673708	-0.3283928066714599	0.3283928066714599	0.6001911989673708	2.9071869036731695	-1.278590303104	1.278590303104	2.9071869036731695
109275120	T	C	T	C	109275120:T>C	109275120:T>C	152	False	False	-0.55	0.08485281374238567	2	0.0	1277	245613	143826	0.55	T	C	1	-0.0613422393798828	0.0613422393798828	0.0613422393798828	1	-0.1123409271240234	0.1123409271240234	0.1123409271240234	-0.05477770169576004	-0.022942665964364967	-0.004668901364008534	3.0	3.0	3.0	-5.330442661539605	-2.268148421839826	-0.46580189868710214	0.46580189868710214	2.268148421839826	5.330442661539605	-2.6881309940221776	2.6881309940221776	5.330442661539605
109275120	T	G	T	G	109275120:T>G	109275120:T>G	152	False	False	-0.595	0.007071067811865481	2	0.0	54	10822	11596	0.595	T	G	1	-0.0281085968017578	0.0281085968017578	0.0281085968017578	1	-0.1003313064575195	0.1003313064575195	0.1003313064575195	-0.04855211575826004	-0.030860982835292764	-0.004335800806681267	3.0	3.0	3.0	-4.739230786005392	-3.0389643810186002	-0.4326414792559476	0.4326414792559476	3.0389643810186002	4.739230786005392	-2.73694554875998	2.73694554875998	4.739230786005392
109275121	C	A	C	A	109275121:C>A	109275121:C>A	153	False	False	-0.51	0.18384776310850237	2	0.0	68	11400	6453	0.51	C	A	1	-0.0601682662963867	0.0601682662963867	0.0601682662963867	1	-0.0773429870605468	0.0773429870605468	0.0773429870605468	-0.05308024088541663	-0.04045138259728747	-0.005464027325312233	3.0	3.0	3.0	-5.1696083316576855	-3.9644146616270763	-0.5449126679537843	0.5449126679537843	3.9644146616270763	5.1696083316576855	-3.226311887079516	3.226311887079516	5.1696083316576855
109275121	C	G	C	G	109275121:C>G	109275121:C>G	153	False	False	-0.8300000000000001	0.26870057685088805	2	0.0	56	17571	11364	0.8300000000000001	C	G	1	-0.0836286544799804	0.0836286544799804	0.0836286544799804	1	-0.1066999435424804	0.1066999435424804	0.1066999435424804	-0.058368643124898235	-0.04170733069380123	-0.005183537801106733	3.0	3.0	3.0	-5.669785851655906	-4.084954660394349	-0.5170126451790635	0.5170126451790635	4.084954660394349	5.669785851655906	-3.423917719076439	3.423917719076439	5.669785851655906
109275121	C	T	C	T	109275121:C>T	109275121:C>T	153	False	False	-0.33	0.15556349186104043	2	0.0	617	136558	101220	0.33	C	T	1	-0.0442476272583007	0.0442476272583007	0.0442476272583007	1	-0.0674448013305664	0.0674448013305664	0.0674448013305664	-0.04932566483815504	-0.035782592991987834	-0.005709717671076367	3.0	3.0	3.0	-4.81289117274571	-3.514996415795961	-0.5693448212533996	0.5693448212533996	3.514996415795961	4.81289117274571	-2.9657441365983566	2.9657441365983566	4.81289117274571
109275122	A	C	A	C	109275122:A>C	109275122:A>C	154	False	False	-1.0350000000000001	0.09192388155425134	2	0.0	96	16652	6121	1.0350000000000001	A	C	1	-0.1428174972534179	0.1428174972534179	0.1428174972534179	1	-0.1857862472534179	0.1857862472534179	0.1857862472534179	-0.08224654197692867	-0.04201917350292203	-0.0036779145399728663	3.0	3.0	3.0	-7.895514551712607	-4.114860414380484	-0.3671159296564849	0.3671159296564849	4.114860414380484	7.895514551712607	-4.125830298583192	4.125830298583192	7.895514551712607
109275122	A	G	A	G	109275122:A>G	109275122:A>G	154	False	False	-1.1099999999999999	0.04242640687119281	2	0.0	1395	286062	114433	1.1099999999999999	A	G	1	-0.131439208984375	0.131439208984375	0.131439208984375	1	-0.1579008102416992	0.1579008102416992	0.1579008102416992	-0.0673782428105672	-0.051877696067094727	-0.004397342602411866	3.0	3.0	3.0	-6.515846263496221	-5.055501940263535	-0.43876884474899497	0.43876884474899497	5.055501940263535	6.515846263496221	-4.003372349502917	4.003372349502917	6.515846263496221
109275122	A	T	A	T	109275122:A>T	109275122:A>T	154	False	False	-0.865	0.03535533905932741	2	0.0	466	104091	48311	0.865	A	T	1	-0.1340551376342773	0.1340551376342773	0.1340551376342773	1	-0.1806402206420898	0.1806402206420898	0.1806402206420898	-0.08821368217468256	-0.05290190751353893	-0.005296001831690433	3.0	3.0	3.0	-8.44347841469372	-5.152695400129757	-0.5282002737967986	0.5282002737967986	5.152695400129757	8.44347841469372	-4.708124696206759	4.708124696206759	8.44347841469372
109275123	A	C	A	C	109275123:A>C	109275123:A>C	155	False	False	-0.42000000000000004	0.04242640687119287	2	0.0	173	23988	12433	0.42000000000000004	A	C	1	-0.0310249328613281	0.0310249328613281	0.0310249328613281	1	-0.0572528839111328	0.0572528839111328	0.0572528839111328	-0.029313127199808702	-0.025294970721006334	-0.0016830066839853333	3.0	3.0	3.0	-2.8887664832698783	-2.497773341404557	-0.16815912224246102	0.16815912224246102	2.497773341404557	2.8887664832698783	-1.8515663156389657	1.8515663156389657	2.8887664832698783
109275123	A	G	A	G	109275123:A>G	109275123:A>G	155	False	False	-0.56	0.028284271247461808	2	0.0	1309	293486	179343	0.56	A	G	1	-0.0496368408203125	0.0496368408203125	0.0496368408203125	1	-0.0769758224487304	0.0769758224487304	0.0769758224487304	-0.04229994614919023	-0.03226098169883087	-0.003718495368957466	3.0	3.0	3.0	-4.141778559643456	-3.174614743359905	-0.37115903264939554	0.37115903264939554	3.174614743359905	4.141778559643456	-2.5625174452175856	2.5625174452175856	4.141778559643456
109275123	A	T	A	T	109275123:A>T	109275123:A>T	155	False	False	-0.44	0.028284271247461926	2	0.0	656	110622	70112	0.44	A	T	1	-0.045851707458496	0.045851707458496	0.045851707458496	1	-0.0854578018188476	0.0854578018188476	0.0854578018188476	-0.042685548464457164	-0.026185164848963365	-0.0026792983214060004	3.0	3.0	3.0	-4.178734586145624	-2.584530629895186	-0.26757122051318616	0.26757122051318616	2.584530629895186	4.178734586145624	-2.3436121455179983	2.3436121455179983	4.178734586145624
109275124	A	C	A	C	109275124:A>C	109275124:A>C	156	False	False	-0.475	0.09192388155425124	2	0.0	216	31349	15932	0.475	A	C	1	-0.0477409362792968	0.0477409362792968	0.0477409362792968	1	-0.031010627746582	0.031010627746582	0.031010627746582	-0.012865384419759034	-0.025375987092653863	0.0010129511356353335	3.0	3.0	3.0	-1.2782979132077938	-2.505672298059267	0.10134643439072648	0.10134643439072648	2.505672298059267	1.2782979132077938	-1.2275412589587782	1.2951055485525957	2.505672298059267
109275124	A	G	A	G	109275124:A>G	109275124:A>G	156	False	False	-0.875	0.10606601717798207	2	0.0	963	184238	93003	0.875	A	G	1	-0.1018762588500976	0.1018762588500976	0.1018762588500976	1	-0.1233119964599609	0.1233119964599609	0.1233119964599609	-0.06287495295206703	-0.0450813546776771	-0.004068712393442733	3.0	3.0	3.0	-6.093910685998116	-4.408028987030592	-0.4060446397625709	0.4060446397625709	4.408028987030592	6.093910685998116	-3.635994770930426	3.635994770930426	6.093910685998116
109275124	A	T	A	T	109275124:A>T	109275124:A>T	156	False	False	-0.495	0.04949747468305835	2	0.0	453	83765	44518	0.495	A	T	1	-0.0418691635131835	0.0418691635131835	0.0418691635131835	1	-0.0861978530883789	0.0861978530883789	0.0861978530883789	-0.0411194562911987	-0.025042864183584798	-0.0035130480925241333	3.0	3.0	3.0	-4.028552083223431	-2.473189293881429	-0.3506884558783242	0.3506884558783242	2.473189293881429	4.028552083223431	-2.2841432776610615	2.2841432776610615	4.028552083223431
109275125	G	A	G	A	109275125:G>A	109275125:G>A	157	False	False	-0.010000000000000002	0.09899494936611665	2	0.13504	390	73629	58668	0.010000000000000002	G	A	1	-0.0450601577758789	0.0450601577758789	0.0450601577758789	1	0.0024375915527343	0.0024375915527343	0.0024375915527343	-0.0143574476242065	-0.008020393550395933	0.0017957091331481333	3.0	3.0	3.0	-1.425487097282405	-0.7988316009498878	0.17973223842923217	0.17973223842923217	0.7988316009498878	1.425487097282405	-0.6815288199343535	0.8013503122205083	1.425487097282405
109275125	G	C	G	C	109275125:G>C	109275125:G>C	157	False	False	0.295	0.19091883092036782	2	0.0814	33	4629	2279	0.295	G	C	1	-0.0250005722045898	0.0250005722045898	0.0250005722045898	1	0.0173263549804687	0.0173263549804687	0.0173263549804687	0.0004554986953735328	-0.019403930753469436	0.0011294086774189666	3.0	3.0	3.0	0.04556024506571438	-1.921688624241113	0.11300466995725916	0.11300466995725916	1.921688624241113	0.04556024506571438	-0.5877079030727131	0.6934178464213622	1.921688624241113
109275125	G	T	G	T	109275125:G>T	109275125:G>T	157	False	False	-0.23	0.07071067811865478	2	0.0	600	99386	68494	0.23	G	T	1	-0.0533266067504882	0.0533266067504882	0.0533266067504882	1	-0.0605201721191406	0.0605201721191406	0.0605201721191406	-0.029738187789916933	-0.0179952296117941	-0.004160145918528166	3.0	3.0	3.0	-2.930035869878358	-1.7834282341118883	-0.4151504498838559	0.4151504498838559	1.7834282341118883	2.930035869878358	-1.7095381846247009	1.7095381846247009	2.930035869878358
109275126	G	A	G	A	109275126:G>A	109275126:G>A	158	False	False	-0.04	0.0565685424949238	2	0.0843	460	97469	86297	0.04	G	A	1	-0.0524864196777343	0.0524864196777343	0.0524864196777343	1	-0.014719009399414	0.014719009399414	0.014719009399414	-0.022992173830668098	-0.0202720165252685	-0.0009298423926034999	3.0	3.0	3.0	-2.2729867975114986	-2.006792066980297	-0.0929410223126171	0.0929410223126171	2.006792066980297	2.2729867975114986	-1.457573295601471	1.457573295601471	2.2729867975114986
109275126	G	C	G	C	109275126:G>C	109275126:G>C	158	False	False	0.23500000000000001	0.14849242404917498	2	0.0164	39	5069	4883	0.23500000000000001	G	C	1	0.0081739425659179	0.0081739425659179	0.0081739425659179	1	0.0235137939453125	0.0235137939453125	0.0235137939453125	0.0009918610254923334	-0.0156240028639634	-0.0019977092742919336	3.0	3.0	3.0	0.09923530823098244	-1.550258131722692	-0.19957151812134122	0.19957151812134122	1.550258131722692	0.09923530823098244	-0.5501981138710169	0.6163549860250053	1.550258131722692
109275126	G	T	G	T	109275126:G>T	109275126:G>T	158	False	False	-0.36	0.04242640687119287	2	0.0	171	43654	34454	0.36	G	T	1	-0.0335330963134765	0.0335330963134765	0.0335330963134765	1	-0.037795066833496	0.037795066833496	0.037795066833496	-0.0282893578211466	-0.02581442147493357	-0.002910067637761367	3.0	3.0	3.0	-2.7892960673763505	-2.548407794361013	-0.29058374952616794	0.29058374952616794	2.548407794361013	2.7892960673763505	-1.8760958704211772	1.8760958704211772	2.7892960673763505
109275127	A	C	A	C	109275127:A>C	109275127:A>C	159	False	False	0.16999999999999998	0.26870057685088805	2	5e-05	55	16403	17637	0.16999999999999998	A	C	1	0.0503044128417968	0.0503044128417968	0.0503044128417968	1	0.0934772491455078	0.0934772491455078	0.0934772491455078	0.03353420893351233	0.020411213239033967	-2.890825271625062e-06	3.0	3.0	3.0	3.4102818675774422	2.062094659222963	-0.0002890821093193713	0.0002890821093193713	2.062094659222963	3.4102818675774422	1.8240291482303619	1.8242218696365748	3.4102818675774422
109275127	A	G	A	G	109275127:A>G	109275127:A>G	159	False	False	0.27	0.04242640687119287	2	0.0	1161	216815	187365	0.27	A	G	1	0.0562658309936523	0.0562658309936523	0.0562658309936523	1	0.0737380981445312	0.0737380981445312	0.0737380981445312	0.025512695312499934	0.007913298904895767	0.0010717709859211666	3.0	3.0	3.0	2.5840929558952963	0.7944691807179374	0.10723455376886017	0.10723455376886017	0.7944691807179374	2.5840929558952963	1.1619322301273647	1.1619322301273647	2.5840929558952963
109275127	A	T	A	T	109275127:A>T	109275127:A>T	159	False	False	-0.24	0.014142135623730954	2	0.0	350	63683	39396	0.24	A	T	1	-0.0194025039672851	0.0194025039672851	0.0194025039672851	1	0.0020885467529296	0.0020885467529296	0.0020885467529296	0.0030164321263630666	-0.005963064730167333	-7.387995719906666e-05	3.0	3.0	3.0	0.3020986135551511	-0.5945320946308847	-0.007387722814223674	0.007387722814223674	0.5945320946308847	0.3020986135551511	-0.09994040129665242	0.3013394770000865	0.5945320946308847
109275128	C	A	C	A	109275128:C>A	109275128:C>A	160	False	False	0.09000000000000001	0.11313708498984762	2	0.02194	99	27437	28213	0.09000000000000001	C	A	1	-0.0303974151611328	0.0303974151611328	0.0303974151611328	1	-0.0253229141235351	0.0253229141235351	0.0253229141235351	-0.014357169469197533	-0.023587095240751834	-0.0036199788252512	3.0	3.0	3.0	-1.4254596782840712	-2.3311093991048613	-0.36134346009362833	0.36134346009362833	2.3311093991048613	1.4254596782840712	-1.3726375124941868	1.3726375124941868	2.3311093991048613
109275128	C	G	C	G	109275128:C>G	109275128:C>G	160	False	False	-0.21	0.11313708498984758	2	1e-05	270	76027	81899	0.21	C	G	1	-0.0347175598144531	0.0347175598144531	0.0347175598144531	1	-0.0327939987182617	0.0327939987182617	0.0327939987182617	-0.0168867111206054	-0.03199492146571473	-0.0019861261049905665	3.0	3.0	3.0	-1.674492980952094	-3.148849931443017	-0.19841550616675852	0.19841550616675852	3.148849931443017	1.674492980952094	-1.6739194728539566	1.6739194728539566	3.148849931443017
109275128	C	T	C	T	109275128:C>T	109275128:C>T	160	False	False	0.12	0.014142135623730958	2	0.0	1384	342673	336130	0.12	C	T	1	-0.0026264190673828	0.0026264190673828	0.0026264190673828	1	0.0166378021240234	0.0166378021240234	0.0166378021240234	0.006754875183105433	0.0016084114710489333	-9.23971335093e-05	3.0	3.0	3.0	0.6777740808295647	0.16097056585480293	-0.009239286502562586	0.009239286502562586	0.16097056585480293	0.6777740808295647	0.27650178672726833	0.28266131106231007	0.6777740808295647
109275129	C	A	C	A	109275129:C>A	109275129:C>A	161	False	False	0.5549999999999999	0.021213203435596326	2	0.0	240	57418	76040	0.5549999999999999	C	A	1	0.0598506927490234	0.0598506927490234	0.0598506927490234	1	0.1302566528320312	0.1302566528320312	0.1302566528320312	0.04017941157023106	0.0396717190742492	0.0035733679930368667	3.0	3.0	3.0	4.099752443977612	4.046915194500676	0.35797600839402727	0.35797600839402727	4.046915194500676	4.099752443977612	2.834881215624105	2.834881215624105	4.099752443977612
109275129	C	G	C	G	109275129:C>G	109275129:C>G	161	False	False	0.28	0.08485281374238572	2	0.0	131	23518	28354	0.28	C	G	1	-0.0128030776977539	0.0128030776977539	0.0128030776977539	1	0.0265979766845703	0.0265979766845703	0.0265979766845703	0.009442329406738233	-0.006932756553093534	0.0008612473805745332	3.0	3.0	3.0	0.9487048840102689	-0.6908780435239414	0.0861618360594019	0.0861618360594019	0.6908780435239414	0.9487048840102689	0.11466289218190977	0.575248254531204	0.9487048840102689
109275129	C	T	C	T	109275129:C>T	109275129:C>T	161	False	False	0.385	0.021213203435596444	2	0.0	596	139163	161008	0.385	C	T	1	0.0253286361694335	0.0253286361694335	0.0253286361694335	1	0.021799087524414	0.021799087524414	0.021799087524414	-0.0027506351470947	0.0005348225434621002	0.0014657278855641001	3.0	3.0	3.0	-0.2746855616402656	0.05349655865383486	0.14668025896918221	0.14668025896918221	0.05349655865383486	0.2746855616402656	-0.0248362480057495	0.15828745975442757	0.2746855616402656
109275130	A	C	A	C	109275130:A>C	109275130:A>C	162	False	False	0.75	0.028284271247461926	2	0.0	128	28225	35663	0.75	A	C	1	0.0388498306274414	0.0388498306274414	0.0388498306274414	1	0.040903091430664	0.040903091430664	0.040903091430664	0.015513261159261034	0.0163484613100687	0.0007764498392740333	3.0	3.0	3.0	1.5634216456102645	1.64828286380336	0.07767513544825831	0.07767513544825831	1.64828286380336	1.5634216456102645	1.0964598816206277	1.0964598816206277	1.64828286380336
109275130	A	G	A	G	109275130:A>G	109275130:A>G	162	False	False	0.505	0.007071067811865481	2	0.0	958	200930	255298	0.505	A	G	1	0.0131282806396484	0.0131282806396484	0.0131282806396484	1	0.0320644378662109	0.0320644378662109	0.0320644378662109	0.019977450370788533	0.0099350586533546	0.0005083978176116333	3.0	3.0	3.0	2.017833512419415	0.9984575195974026	0.05085270736856834	0.05085270736856834	0.9984575195974026	2.017833512419415	1.0223812464617952	1.0223812464617952	2.017833512419415
109275130	A	T	A	T	109275130:A>T	109275130:A>T	162	False	False	-0.065	0.03535533905932737	2	0.02647	551	102661	93133	0.065	A	T	1	-0.0008726119995117	0.0008726119995117	0.0008726119995117	1	-0.021071434020996	0.021071434020996	0.021071434020996	-0.010682543118794734	-0.00012226899464923337	0.0005576610565185	3.0	3.0	3.0	-1.0625687389743685	-0.012226152010034538	0.05578165783536254	0.05578165783536254	0.012226152010034538	1.0625687389743685	-0.3396710777163468	0.37685884960658855	1.0625687389743685
109275131	G	A	G	A	109275131:G>A	109275131:G>A	163	False	False	0.12	0.014142135623730958	2	0.00043	609	122027	116933	0.12	G	A	1	-0.0252332687377929	0.0252332687377929	0.0252332687377929	1	-0.0235509872436523	0.0235509872436523	0.0235509872436523	-0.020020127296447733	-0.0079441107809543	-0.0006671150525410334	3.0	3.0	3.0	-1.9821055243978158	-0.7912639724564025	-0.06668925807685429	0.06668925807685429	0.7912639724564025	1.9821055243978158	-0.9466862516436909	0.9466862516436909	1.9821055243978158
109275131	G	C	G	C	109275131:G>C	109275131:G>C	163	False	False	0.445	0.3040559159102154	2	0.0	81	19528	23640	0.445	G	C	1	0.0302333831787109	0.0302333831787109	0.0302333831787109	1	0.0753917694091796	0.0753917694091796	0.0753917694091796	0.028354128201802536	0.0039422536889712	0.004216566681861833	3.0	3.0	3.0	2.87599328274006	0.3950034592450518	0.4225468907030668	0.4225468907030668	0.3950034592450518	2.87599328274006	1.2311812108960596	1.2311812108960596	2.87599328274006
109275131	G	T	G	T	109275131:G>T	109275131:G>T	163	False	False	0.15	0.05656854249492381	2	0.0	660	142512	126529	0.15	G	T	1	0.0144710540771484	0.0144710540771484	0.0144710540771484	1	0.0169830322265625	0.0169830322265625	0.0169830322265625	-0.002997080485026034	0.0039182131489118	0.00042666991551714014	3.0	3.0	3.0	-0.2992593722824269	0.39258993815391763	0.04267609520726033	0.04267609520726033	0.39258993815391763	0.2992593722824269	0.04533555369291703	0.2448418018812016	0.39258993815391763
109275132	G	A	G	A	109275132:G>A	109275132:G>A	164	False	False	0.08	0.014142135623730944	2	0.00446	849	178042	172739	0.08	G	A	1	0.0050020217895507	0.0050020217895507	0.0050020217895507	1	0.0169830322265625	0.0169830322265625	0.0169830322265625	0.0024204651514689005	0.0008488545815150001	0.00099880496660863	3.0	3.0	3.0	0.2423396842118141	0.08492149605278582	0.09993039384006308	0.09993039384006308	0.08492149605278582	0.2423396842118141	0.14239719136822102	0.14239719136822102	0.2423396842118141
109275132	G	C	G	C	109275132:G>C	109275132:G>C	164	False	False	0.29500000000000004	0.06363961030678927	2	0.0001	134	25103	23449	0.29500000000000004	G	C	1	0.00872802734375	0.00872802734375	0.00872802734375	1	0.0131874084472656	0.0131874084472656	0.0131874084472656	-0.0011356671651204001	0.0034670829772948664	-0.00023389856020604376	3.0	3.0	3.0	-0.11350225392153512	0.3473100261612253	-0.02338712080703938	0.02338712080703938	0.3473100261612253	0.11350225392153512	0.07014021714421693	0.16139980029659992	0.3473100261612253
109275132	G	T	G	T	109275132:G>T	109275132:G>T	164	False	False	0.43500000000000005	0.14849242404917498	2	0.0	116	22890	19969	0.43500000000000005	G	T	1	0.0312614440917968	0.0312614440917968	0.0312614440917968	1	0.1016254425048828	0.1016254425048828	0.1016254425048828	0.036090413729349735	-0.02525254090627027	0.004404584566752067	3.0	3.0	3.0	3.6749578649330332	-2.493636252223736	0.441429900680918	0.441429900680918	2.493636252223736	3.6749578649330332	0.5409171711300718	2.203341339279229	3.6749578649330332
109275133	T	A	T	A	109275133:T>A	109275133:T>A	165	False	False	-0.035	0.007071067811865479	2	0.247	469	95535	66399	0.035	T	A	1	-0.0019683837890625	0.0019683837890625	0.0019683837890625	1	-0.0189504623413085	0.0189504623413085	0.0189504623413085	-0.0063955783843994	0.00036776562531793327	-0.0014132360617319	3.0	3.0	3.0	-0.637517020351542	0.03678332593864237	-0.14122379139103464	0.14122379139103464	0.03678332593864237	0.637517020351542	-0.24731916193464476	0.271841379227073	0.637517020351542
109275133	T	C	T	C	109275133:T>C	109275133:T>C	165	False	False	0.16999999999999998	0.014142135623730954	2	0.0	1084	241698	231940	0.16999999999999998	T	C	1	0.0415124893188476	0.0415124893188476	0.0415124893188476	1	0.051370620727539	0.051370620727539	0.051370620727539	0.004389802614847767	0.015086693068345368	-0.0004797478516896667	3.0	3.0	3.0	0.43994519126840564	1.520107169675481	-0.04796327910898271	0.04796327910898271	1.520107169675481	0.43994519126840564	0.6373630272783013	0.6693385466842899	1.520107169675481
109275133	T	G	T	G	109275133:T>G	109275133:T>G	165	False	False	0.08	0.1131370849898476	2	0.01874	111	38506	30087	0.08	T	G	1	0.0433206558227539	0.0433206558227539	0.0433206558227539	1	0.0627632141113281	0.0627632141113281	0.0627632141113281	0.0157403151194254	0.009321972727775553	-0.001993825038274067	3.0	3.0	3.0	1.5864846408758664	0.9365557642733634	-0.19918386894957346	0.19918386894957346	0.9365557642733634	1.5864846408758664	0.7746188453998855	0.9074080913662677	1.5864846408758664
109275134	C	A	C	A	109275134:C>A	109275134:C>A	166	False	False	0.075	0.06363961030678927	2	0.07815	182	30606	22731	0.075	C	A	1	-0.0257806777954101	0.0257806777954101	0.0257806777954101	1	-0.0285205841064453	0.0285205841064453	0.0285205841064453	-0.013539234797159766	-0.0007399034996827333	0.0037183513243992665	3.0	3.0	3.0	-1.3447991609547996	-0.07396298385867409	0.3725272969061649	0.3725272969061649	0.07396298385867409	1.3447991609547996	-0.3487449493024363	0.5970964805732129	1.3447991609547996
109275134	C	G	C	G	109275134:C>G	109275134:C>G	166	False	False	0.0	0.042426406871192854	2	0.77525	48	12401	10560	0.0	C	G	1	-0.054823875427246	0.054823875427246	0.054823875427246	1	-0.064889907836914	0.064889907836914	0.064889907836914	-0.017785867055257133	-0.01815764978528017	-0.004645953575770034	3.0	3.0	3.0	-1.7628632088546723	-1.7993792913155053	-0.4635177827789804	0.4635177827789804	1.7993792913155053	1.7628632088546723	-1.341920094316386	1.341920094316386	1.7993792913155053
109275134	C	T	C	T	109275134:C>T	109275134:C>T	166	False	False	-0.08499999999999999	0.049497474683058325	2	0.00413	585	124911	101201	0.08499999999999999	C	T	1	-0.0348978042602539	0.0348978042602539	0.0348978042602539	1	0.0069561004638671	0.0069561004638671	0.0069561004638671	0.004467407862345333	0.0011817465225855	-0.0010290145874022668	3.0	3.0	3.0	0.4477401605349634	0.11824450601449986	-0.10284853334439706	0.10284853334439706	0.11824450601449986	0.4477401605349634	0.1543787110683554	0.22294439996462012	0.4477401605349634
109275135	C	A	C	A	109275135:C>A	109275135:C>A	167	False	False	0.18	0.07071067811865475	2	0.0	561	99615	117643	0.18	C	A	1	0.0289163589477539	0.0289163589477539	0.0289163589477539	1	0.0190486907958984	0.0190486907958984	0.0190486907958984	0.004406690597534134	0.0083546712994575	-6.046891212463332e-05	3.0	3.0	3.0	0.441641433646831	0.8389668962480559	-0.006046708391681665	0.006046708391681665	0.8389668962480559	0.441641433646831	0.4248538738344017	0.4288850127621895	0.8389668962480559
109275135	C	G	C	G	109275135:C>G	109275135:C>G	167	False	False	0.0049999999999999975	0.10606601717798214	2	0.42841	69	10197	9920	0.0049999999999999975	C	G	1	-0.0091581344604492	0.0091581344604492	0.0091581344604492	1	0.0020885467529296	0.0020885467529296	0.0020885467529296	-0.0015813906987507999	-0.0034929737448692335	-0.0005246996879577333	3.0	3.0	3.0	-0.15801409593419838	-0.3486880408763702	-0.05245620571491284	0.05245620571491284	0.3486880408763702	0.15801409593419838	-0.18638611417516046	0.18638611417516046	0.3486880408763702
109275135	C	T	C	T	109275135:C>T	109275135:C>T	167	False	False	-0.14	0.05656854249492378	2	5e-05	586	120820	85400	0.14	C	T	1	-0.0613813400268554	0.0613813400268554	0.0613813400268554	1	-0.0256786346435546	0.0256786346435546	0.0256786346435546	-0.016038060188293398	-0.031369407971699965	0.00011393427848816667	3.0	3.0	3.0	-1.5910135303037352	-3.088249278877243	0.011394076924457819	0.011394076924457819	3.088249278877243	1.5910135303037352	-1.5559562440855068	1.5635522953684786	3.088249278877243
109275136	T	A	T	A	109275136:T>A	109275136:T>A	168	False	False	0.24	0.014142135623730933	2	0.0	418	95471	117823	0.24	T	A	1	0.0070915222167968	0.0070915222167968	0.0070915222167968	1	0.044626235961914	0.044626235961914	0.044626235961914	0.026613116264343234	-0.008056317766507433	0.005104800065358467	3.0	3.0	3.0	2.6970407747853664	-0.8023952611507356	0.5117851756519253	0.5117851756519253	0.8023952611507356	2.6970407747853664	0.8021435630955187	1.337073737196009	2.6970407747853664
109275136	T	C	T	C	109275136:T>C	109275136:T>C	168	False	False	0.115	0.03535533905932739	2	0.0	1146	230689	214457	0.115	T	C	1	-0.0092697143554687	0.0092697143554687	0.0092697143554687	1	-0.0200109481811523	0.0200109481811523	0.0200109481811523	-0.008573691050211534	0.013025112450122769	-0.0007174710432688	3.0	3.0	3.0	-0.8537041775742591	1.3110308722457003	-0.07172137224635902	0.07172137224635902	1.3110308722457003	0.8537041775742591	0.1285351074750274	0.7454854740221061	1.3110308722457003
109275136	T	G	T	G	109275136:T>G	109275136:T>G	168	False	False	0.6950000000000001	0.04949747468305825	2	0.0	101	22982	25990	0.6950000000000001	T	G	1	0.0117311477661132	0.0117311477661132	0.0117311477661132	1	0.0429344177246093	0.0429344177246093	0.0429344177246093	0.03341122468312577	-0.0012587979435920665	0.0027969876925150335	3.0	3.0	3.0	3.3975648135943994	-0.12580059897987952	0.28009029120136847	0.28009029120136847	0.12580059897987952	3.3975648135943994	1.1839515019386295	1.2678185679252159	3.3975648135943994
109275137	G	A	G	A	109275137:G>A	109275137:G>A	169	False	False	-0.115	0.1202081528017131	2	0.0	907	217231	188187	0.115	G	A	1	0.0071792602539062	0.0071792602539062	0.0071792602539062	1	-0.0525445938110351	0.0525445938110351	0.0525445938110351	-0.032426516215006466	0.013843350112438133	-0.001425902048746715	3.0	3.0	3.0	-3.190641360146154	1.3939612970849282	-0.14248859334380873	0.14248859334380873	1.3939612970849282	3.190641360146154	-0.6463895521350115	1.5756970835249637	3.190641360146154
109275137	G	C	G	C	109275137:G>C	109275137:G>C	169	False	False	0.23	0.07071067811865478	2	2e-05	268	53365	58073	0.23	G	C	1	-0.018406867980957	0.018406867980957	0.018406867980957	1	0.0238571166992187	0.0238571166992187	0.0238571166992187	0.018675128618876064	-0.0014392038186390333	0.005465805530548033	3.0	3.0	3.0	1.8850599444718095	-0.14381686614835046	0.5480770298009956	0.5480770298009956	0.14381686614835046	1.8850599444718095	0.7631067027081516	0.8589846134737185	1.8850599444718095
109275137	G	T	G	T	109275137:G>T	109275137:G>T	169	False	False	0.025	0.007071067811865473	2	0.78798	105	16135	13978	0.025	G	T	1	-0.026005744934082	0.026005744934082	0.026005744934082	1	-0.0335073471069335	0.0335073471069335	0.0335073471069335	-0.023658474286397266	0.007207865516344667	-0.0016932090123493667	3.0	3.0	3.0	-2.338080662501177	0.7233904703719327	-0.16917763426867594	0.16917763426867594	0.7233904703719327	2.338080662501177	-0.5946226087993068	1.0768829223805954	2.338080662501177
109275138	T	A	T	A	109275138:T>A	109275138:T>A	170	False	False	-0.15000000000000002	0.014142135623730933	2	0.00042	483	112338	91218	0.15000000000000002	T	A	1	0.0174074172973632	0.0174074172973632	0.0174074172973632	1	-0.0392274856567382	0.0392274856567382	0.0392274856567382	-0.019454002380371066	0.017217574020226733	-0.0028647681077321337	3.0	3.0	3.0	-1.9265994419081212	1.7366650798963663	-0.2860668575247623	0.2860668575247623	1.7366650798963663	1.9265994419081212	-0.15866707317883902	1.31644379310975	1.9265994419081212
109275138	T	C	T	C	109275138:T>C	109275138:T>C	170	False	False	-0.1	0.02828427124746189	2	0.0	1547	302417	220585	0.1	T	C	1	0.0166196823120117	0.0166196823120117	0.0166196823120117	1	-0.0521831512451171	0.0521831512451171	0.0521831512451171	-0.029647668202718035	0.0078095346689224	-0.0029510458310444336	3.0	3.0	3.0	-2.9212487390981616	0.7840108622421559	-0.2946695775419248	0.2946695775419248	0.7840108622421559	2.9212487390981616	-0.8106358181326435	1.3333097262940807	2.9212487390981616
109275138	T	G	T	G	109275138:T>G	109275138:T>G	170	False	False	-0.35	0.18384776310850237	2	7e-05	77	17508	14818	0.35	T	G	1	0.0046014785766601	0.0046014785766601	0.0046014785766601	1	-0.064889907836914	0.064889907836914	0.064889907836914	-0.026922067006428966	0.009582946697870865	-0.0029883384704589336	3.0	3.0	3.0	-2.6562898564328603	0.9629010155217927	-0.29838778314579173	0.29838778314579173	0.9629010155217927	2.6562898564328603	-0.6639255413522864	1.3058595517001483	2.6562898564328603
109275139	T	A	T	A	109275139:T>A	109275139:T>A	171	False	False	-0.055	0.049497474683058325	2	0.07652	300	51548	36477	0.055	T	A	1	0.0260162353515625	0.0260162353515625	0.0260162353515625	1	-0.06817626953125	0.06817626953125	0.06817626953125	-0.0329616467157999	0.0146990592281023	-0.0037062168121337336	3.0	3.0	3.0	-3.2424331417996193	1.4807621668913389	-0.3699357267540952	0.3699357267540952	1.4807621668913389	3.2424331417996193	-0.7105355672207919	1.6977103451483513	3.2424331417996193
109275139	T	C	T	C	109275139:T>C	109275139:T>C	171	False	False	0.11	0.014142135623730944	2	4e-05	1121	226003	215218	0.11	T	C	1	0.0686321258544921	0.0686321258544921	0.0686321258544921	1	-0.0263881683349609	0.0263881683349609	0.0263881683349609	-0.0223787625630696	0.0289184277256329	-0.004513780275980567	3.0	3.0	3.0	-2.213021556667423	2.9340625394491058	-0.45036084799630616	0.45036084799630616	2.9340625394491058	2.213021556667423	0.09022671159512556	1.865814981370945	2.9340625394491058
109275139	T	G	T	G	109275139:T>G	109275139:T>G	171	False	False	0.22499999999999998	0.36062445840513924	2	0.05022	50	7199	2955	0.22499999999999998	T	G	1	0.046330451965332	0.046330451965332	0.046330451965332	1	-0.031010627746582	0.031010627746582	0.031010627746582	-0.02401371796925857	0.01707043498754497	-0.0028054614861805667	3.0	3.0	3.0	-2.3727682807585118	1.7216967466482844	-0.28015298566431646	0.28015298566431646	1.7216967466482844	2.3727682807585118	-0.3104081732581812	1.4582060043570373	2.3727682807585118
109275140	C	A	C	A	109275140:C>A	109275140:C>A	172	False	False	0.38	0.056568542494923775	2	0.0	153	31632	32719	0.38	C	A	1	0.0684032440185546	0.0684032440185546	0.0684032440185546	1	-0.0228424072265625	0.0228424072265625	0.0228424072265625	-0.017754554748535132	0.018242781360944066	-0.0033654073874155	3.0	3.0	3.0	-1.7597871293366554	1.8410197391975893	-0.3359750751381333	0.3359750751381333	1.8410197391975893	1.7597871293366554	-0.08491415509239975	1.3122606478907926	1.8410197391975893
109275140	C	G	C	G	109275140:C>G	109275140:C>G	172	False	False	0.30000000000000004	0.04242640687119287	2	9e-05	57	12622	14440	0.30000000000000004	C	G	1	0.1021184921264648	0.1021184921264648	0.1021184921264648	1	0.0262565612792968	0.0262565612792968	0.0262565612792968	0.0120057662328084	0.030606168011824267	-0.0020571748415628335	3.0	3.0	3.0	1.2078124727339739	3.1079351882827835	-0.20550603076356588	0.20550603076356588	3.1079351882827835	1.2078124727339739	1.3700805434177308	1.5070845639267745	3.1079351882827835
109275140	C	T	C	T	109275140:C>T	109275140:C>T	172	False	False	0.24	0.014142135623730933	2	0.0	522	83998	79040	0.24	C	T	1	0.0358161926269531	0.0358161926269531	0.0358161926269531	1	-0.0263881683349609	0.0263881683349609	0.0263881683349609	-0.029789129892984965	-0.005121542761723167	-0.0035707851250965997	3.0	3.0	3.0	-2.934980692044995	-0.5108450022803498	-0.35644174533424244	0.35644174533424244	0.5108450022803498	2.934980692044995	-1.2674224798865292	1.2674224798865292	2.934980692044995
109275141	C	A	C	A	109275141:C>A	109275141:C>A	173	False	False	-0.0050000000000000044	0.09192388155425119	2	0.1005	441	79260	75180	0.0050000000000000044	C	A	1	0.0253171920776367	0.0253171920776367	0.0253171920776367	1	-0.0392274856567382	0.0392274856567382	0.0392274856567382	-0.005140185356140099	0.0158237814903259	-0.0015579561392465666	3.0	3.0	3.0	-0.512699720957418	1.5949640499492084	-0.15567431555875458	0.15567431555875458	1.5949640499492084	0.512699720957418	0.30886333781101194	0.7544460288217936	1.5949640499492084
109275141	C	G	C	G	109275141:C>G	109275141:C>G	173	False	False	0.075	0.06363961030678927	2	0.17701	85	16455	14612	0.075	C	G	1	0.0230703353881835	0.0230703353881835	0.0230703353881835	1	-0.0242595672607421	0.0242595672607421	0.0242595672607421	-0.009349624315897634	0.0061930095156034	-0.001416116952896092	3.0	3.0	3.0	-0.9306052477648356	0.6212225847528089	-0.1415114732426908	0.1415114732426908	0.6212225847528089	0.9306052477648356	-0.15029804541823916	0.5644464352534451	0.9306052477648356
109275141	C	T	C	T	109275141:C>T	109275141:C>T	173	False	False	-0.33999999999999997	0.05656854249492383	2	0.0	520	111560	81016	0.33999999999999997	C	T	1	-0.043609619140625	0.043609619140625	0.043609619140625	1	-0.0729360580444336	0.0729360580444336	0.0729360580444336	-0.032239556312561	-0.0146520212292671	-0.0028227667013803665	3.0	3.0	3.0	-3.1725401998561837	-1.4545202705020575	-0.28187864414510194	0.28187864414510194	1.4545202705020575	3.1725401998561837	-1.636313038167781	1.636313038167781	3.1725401998561837
109275142	T	A	T	A	109275142:T>A	109275142:T>A	174	False	False	-0.065	0.12020815280171307	2	0.00441	339	51106	35965	0.065	T	A	1	0.033665657043457	0.033665657043457	0.033665657043457	1	-0.0196571350097656	0.0196571350097656	0.0196571350097656	-0.010046998659769667	0.008791123827298434	-0.0005252559979756667	3.0	3.0	3.0	-0.9996696172692792	0.8829879241004337	-0.05251180751932752	0.05251180751932752	0.8829879241004337	0.9996696172692792	-0.05639783356272432	0.6450564496296801	0.9996696172692792
109275142	T	C	T	C	109275142:T>C	109275142:T>C	174	False	False	-0.06	0.042426406871192854	2	0.00178	1152	209909	161159	0.06	T	C	1	0.0168180465698242	0.0168180465698242	0.0168180465698242	1	-0.0052394866943359	0.0052394866943359	0.0052394866943359	-0.008370161056518501	0.027462306121985035	-0.0001077751318613446	3.0	3.0	3.0	-0.8335228789307068	2.7842870993251516	-0.010776932433045842	0.010776932433045842	2.7842870993251516	0.8335228789307068	0.6466624293204664	1.2095289702296348	2.7842870993251516
109275142	T	G	T	G	109275142:T>G	109275142:T>G	174	False	False	0.81	0.08485281374238567	2	0.0	48	6903	6499	0.81	T	G	1	0.0796337127685546	0.0796337127685546	0.0796337127685546	1	0.0547313690185546	0.0547313690185546	0.0547313690185546	0.032336473464965765	0.0211016883452733	-0.0008275111516316333	3.0	3.0	3.0	3.2864978502243307	2.1325903298278557	-0.08271688587021786	0.08271688587021786	2.1325903298278557	3.2864978502243307	1.7787904313939895	1.8339350219741348	3.2864978502243307
109275143	C	A	C	A	109275143:C>A	109275143:C>A	175	False	False	-0.03	0.08485281374238571	2	0.08611	405	88512	78621	0.03	C	A	1	0.0178680419921875	0.0178680419921875	0.0178680419921875	1	-0.0442523956298828	0.0442523956298828	0.0442523956298828	-0.020340601603190067	0.01853667944669717	-0.002415905396143533	3.0	3.0	3.0	-2.0135127083116786	1.8709550186952795	-0.24129894453950385	0.24129894453950385	1.8709550186952795	2.0135127083116786	-0.12795221138530102	1.3752555571821539	2.0135127083116786
109275143	C	G	C	G	109275143:C>G	109275143:C>G	175	False	False	0.27499999999999997	0.9404520189781082	2	0.0	35	5900	5329	0.27499999999999997	C	G	1	0.0656299591064453	0.0656299591064453	0.0656299591064453	1	0.0550651550292968	0.0550651550292968	0.0550651550292968	0.03515585263570147	0.032390850285688964	0.0008679429690042666	3.0	3.0	3.0	3.578112543910169	3.2921143943045803	0.08683197405004943	0.08683197405004943	3.2921143943045803	3.578112543910169	2.3190196374215994	2.3190196374215994	3.578112543910169
109275143	C	T	C	T	109275143:C>T	109275143:C>T	175	False	False	-0.125	0.02121320343559643	2	0.0	725	193583	176291	0.125	C	T	1	-0.0195999145507812	0.0195999145507812	0.0195999145507812	1	-0.031010627746582	0.031010627746582	0.031010627746582	-0.025377233823140433	0.0017810215552647999	-0.003403087457021	3.0	3.0	3.0	-2.5057938471341115	0.17826085161522942	-0.33973035178447936	0.33973035178447936	0.17826085161522942	2.5057938471341115	-0.8890877824344537	1.00792835017794	2.5057938471341115
109275144	T	A	T	A	109275144:T>A	109275144:T>A	176	False	False	-0.095	0.12020815280171307	2	6e-05	450	78185	54260	0.095	T	A	1	0.0039806365966796	0.0039806365966796	0.0039806365966796	1	-0.0507383346557617	0.0507383346557617	0.0507383346557617	-0.0152982076009114	-0.0021537343660989997	-0.004523744185765534	3.0	3.0	3.0	-1.518178446752365	-0.21514167443849003	-0.45135274667834	0.45135274667834	0.21514167443849003	1.518178446752365	-0.7282242892897317	0.7282242892897317	1.518178446752365
109275144	T	C	T	C	109275144:T>C	109275144:T>C	176	False	False	-0.355	0.03535533905932735	2	0.0	1464	303061	199153	0.355	T	C	1	-0.0479841232299804	0.0479841232299804	0.0479841232299804	1	-0.1263542175292968	0.1263542175292968	0.1263542175292968	-0.050861080487569134	-0.020451600352923035	-0.003448168436686133	3.0	3.0	3.0	-4.958930804802595	-2.024388482281959	-0.34422303310591373	0.34422303310591373	2.024388482281959	4.958930804802595	-2.442514106730156	2.442514106730156	4.958930804802595
109275144	T	G	T	G	109275144:T>G	109275144:T>G	176	False	False	-0.27	0.014142135623730963	2	0.00024	122	31771	26338	0.27	T	G	1	-0.0043916702270507	0.0043916702270507	0.0043916702270507	1	-0.0777101516723632	0.0777101516723632	0.0777101516723632	-0.0182852745056152	-0.006727884213129667	-0.004072070121765099	3.0	3.0	3.0	-1.8119113183549445	-0.6705302670518425	-0.40637904864579316	0.40637904864579316	0.6705302670518425	1.8119113183549445	-0.96294021135086	0.96294021135086	1.8119113183549445
109275145	T	A	T	A	109275145:T>A	109275145:T>A	177	False	False	0.03	0.014142135623730952	2	0.45796	413	79976	65201	0.03	T	A	1	0.0541048049926757	0.0541048049926757	0.0541048049926757	1	-0.0370798110961914	0.0370798110961914	0.0370798110961914	-0.0186527570088704	0.020473815500736167	-0.0024437805016835003	3.0	3.0	3.0	-1.8479870939593732	2.0684841771797453	-0.24407969010298677	0.24407969010298677	2.0684841771797453	1.8479870939593732	-0.007860868960871533	1.386850320414035	2.0684841771797453
109275145	T	C	T	C	109275145:T>C	109275145:T>C	177	False	False	0.18	0.042426406871192854	2	0.0	1171	227519	223153	0.18	T	C	1	0.0872859954833984	0.0872859954833984	0.0872859954833984	1	-0.021071434020996	0.021071434020996	0.021071434020996	-0.013886213302612265	0.020003549754619532	-0.0016182561715443334	3.0	3.0	3.0	-1.3790244570326298	2.0204961497603082	-0.16169475010425213	0.16169475010425213	2.0204961497603082	1.3790244570326298	0.15992564754114214	1.1870717856323967	2.0204961497603082
109275145	T	G	T	G	109275145:T>G	109275145:T>G	177	False	False	-0.15000000000000002	0.014142135623730954	2	0.071	114	23634	14245	0.15000000000000002	T	G	1	0.0449066162109375	0.0449066162109375	0.0449066162109375	1	-0.0420961380004882	0.0420961380004882	0.0420961380004882	-0.0181872447331746	0.010616111258665668	-0.0023119648297627335	3.0	3.0	3.0	-1.80228549056396	1.0672662107330635	-0.2309294297531021	0.2309294297531021	1.0672662107330635	1.80228549056396	-0.3219829031946662	1.033493710350042	1.80228549056396
109275146	T	A	T	A	109275146:T>A	109275146:T>A	178	False	False	-0.10500000000000001	0.04949747468305833	2	0.00479	401	97365	70050	0.10500000000000001	T	A	1	0.0336208343505859	0.0336208343505859	0.0336208343505859	1	-0.056528091430664	0.056528091430664	0.056528091430664	-0.024867455164591434	0.007814273238182033	-0.0043961405754089	3.0	3.0	3.0	-2.456080711233935	0.784488435389396	-0.43864916938877124	0.43864916938877124	0.784488435389396	2.456080711233935	-0.70341381507777	1.2264061053373674	2.456080711233935
109275146	T	C	T	C	109275146:T>C	109275146:T>C	178	False	False	0.2	0.11313708498984763	2	0.0	1437	252185	211744	0.2	T	C	1	0.0107622146606445	0.0107622146606445	0.0107622146606445	1	-0.0270977020263671	0.0270977020263671	0.0270977020263671	0.0022756656010945665	0.01034893343846	7.643302281697764e-05	3.0	3.0	3.0	0.22782568933239475	1.0402668858237323	0.00764359438948879	0.00764359438948879	1.0402668858237323	0.22782568933239475	0.4252453898485386	0.4252453898485386	1.0402668858237323
109275146	T	G	T	G	109275146:T>G	109275146:T>G	178	False	False	-0.27999999999999997	0.09899494936611665	2	0.00975	60	13133	7750	0.27999999999999997	T	G	1	0.0075998306274414	0.0075998306274414	0.0075998306274414	1	-0.0583410263061523	0.0583410263061523	0.0583410263061523	-0.016782681147257467	-0.0025618001818657004	-0.004062424103418933	3.0	3.0	3.0	-1.6642636490081415	-0.25585215720917587	-0.40541836211754273	0.40541836211754273	0.25585215720917587	1.6642636490081415	-0.77517805611162	0.77517805611162	1.6642636490081415
109275147	C	A	C	A	109275147:C>A	109275147:C>A	179	False	False	0.07	0.09899494936611666	2	0.02809	214	41898	44768	0.07	C	A	1	0.027566909790039	0.027566909790039	0.027566909790039	1	-0.0207185745239257	0.0207185745239257	0.0207185745239257	-0.004580378532409667	0.014372038344542135	-0.002875814835230467	3.0	3.0	3.0	-0.4569904596292375	1.447581264102941	-0.2871683640879416	0.2871683640879416	1.447581264102941	0.4569904596292375	0.23447414679525394	0.7305800292733734	1.447581264102941
109275147	C	G	C	G	109275147:C>G	109275147:C>G	179	False	False	0.445	0.007071067811865481	2	0.0	73	9336	9096	0.445	C	G	1	0.0884847640991211	0.0884847640991211	0.0884847640991211	1	0.0570793151855468	0.0570793151855468	0.0570793151855468	0.0273525714874267	0.034516453742980936	0.0015275080998737999	3.0	3.0	3.0	2.7730087219675945	3.511905981896339	0.1528675334615904	0.1528675334615904	3.511905981896339	2.7730087219675945	2.1459274124418415	2.1459274124418415	3.511905981896339
109275147	C	T	C	T	109275147:C>T	109275147:C>T	179	False	False	0.015	0.1202081528017131	2	0.00824	474	107704	94320	0.015	C	T	1	-0.0299663543701171	0.0299663543701171	0.0299663543701171	1	0.0142230987548828	0.0142230987548828	0.0142230987548828	0.004148920377095466	-0.0024060035745302666	0.001779834429422967	3.0	3.0	3.0	0.4157539062534222	-0.240311146786791	0.17814192748357155	0.17814192748357155	0.240311146786791	0.4157539062534222	0.11786156231673424	0.27806899350792824	0.4157539062534222
109275148	T	A	T	A	109275148:T>A	109275148:T>A	180	False	False	0.095	0.09192388155425119	2	2e-05	495	128883	120647	0.095	T	A	1	0.021428108215332	0.021428108215332	0.021428108215332	1	0.0180168151855468	0.0180168151855468	0.0180168151855468	0.013151009877522733	0.014540851116180335	0.0013301968574523666	3.0	3.0	3.0	1.323786473331587	1.464708357067469	0.13310819617029448	0.13310819617029448	1.464708357067469	1.323786473331587	0.9738676755231168	0.9738676755231168	1.464708357067469
109275148	T	C	T	C	109275148:T>C	109275148:T>C	180	False	False	0.055	0.03535533905932738	2	0.00693	1207	229688	214642	0.055	T	C	1	-0.0089588165283203	0.0089588165283203	0.0089588165283203	1	0.0027847290039062	0.0027847290039062	0.0027847290039062	0.0008655389149983668	0.03905376791954037	0.0014363427956898666	3.0	3.0	3.0	0.08659136018992886	3.9826391448872727	0.1437374830062461	0.1437374830062461	3.9826391448872727	0.08659136018992886	1.4043226626944827	1.4043226626944827	3.9826391448872727
109275148	T	G	T	G	109275148:T>G	109275148:T>G	180	False	False	0.015	0.10606601717798213	2	0.51945	64	12784	7005	0.015	T	G	1	0.0100927352905273	0.0100927352905273	0.0100927352905273	1	0.0159492492675781	0.0159492492675781	0.0159492492675781	0.015239874521891234	0.0001319870352745001	0.0014984905719756666	3.0	3.0	3.0	1.5356593583788893	0.01319957459464681	0.1499613869986571	0.1499613869986571	0.01319957459464681	1.5356593583788893	0.5662734399907311	0.5662734399907311	1.5356593583788893
109275149	C	A	C	A	109275149:C>A	109275149:C>A	181	False	False	0.135	0.007071067811865481	2	0.01595	163	36121	38716	0.135	C	A	1	0.0348062515258789	0.0348062515258789	0.0348062515258789	1	0.0235137939453125	0.0235137939453125	0.0235137939453125	0.011002937952677367	-0.0020593851804732335	-0.0010900199413299	3.0	3.0	3.0	1.1063692897639565	-0.20572661017285204	-0.10894260853848571	0.10894260853848571	0.20572661017285204	1.1063692897639565	0.26390002368420623	0.47367950282509813	1.1063692897639565
109275149	C	G	C	G	109275149:C>G	109275149:C>G	181	False	False	0.32999999999999996	0.12727922061357858	2	0.00018	74	12709	13006	0.32999999999999996	C	G	1	0.0319299697875976	0.0319299697875976	0.0319299697875976	1	0.0415802001953125	0.0415802001953125	0.0415802001953125	0.0225914319356282	-0.011698322991530034	-0.0007388194402058685	3.0	3.0	3.0	2.2848550912036534	-1.1630163653339958	-0.07385465803254539	0.07385465803254539	1.1630163653339958	2.2848550912036534	0.3493280226123707	1.1739087048567314	2.2848550912036534
109275149	C	T	C	T	109275149:C>T	109275149:C>T	181	False	False	-0.049999999999999996	0.09899494936611665	2	7e-05	761	147307	97176	0.049999999999999996	C	T	1	-0.0424776077270507	0.0424776077270507	0.0424776077270507	1	-0.041020393371582	0.041020393371582	0.041020393371582	-0.006240487098693833	-0.019197218120098065	-9.52382882435667e-05	3.0	3.0	3.0	-0.6221055700554017	-1.9014125026269664	-0.00952337532217633	0.00952337532217633	1.9014125026269664	0.6221055700554017	-0.8443471493348481	0.8443471493348481	1.9014125026269664
109275150	C	A	C	A	109275150:C>A	109275150:C>A	182	False	False	0.12	0.014142135623730947	2	7e-05	476	112025	104182	0.12	C	A	1	0.0064010620117187	0.0064010620117187	0.0064010620117187	1	0.024200439453125	0.024200439453125	0.024200439453125	0.021846175193786566	-0.018116803218920965	0.0015847384929656668	3.0	3.0	3.0	2.2086550111971586	-1.7953680512230785	0.15859948545917663	0.15859948545917663	1.7953680512230785	2.2086550111971586	0.19062881514441887	1.3875408492931378	2.2086550111971586
109275150	C	G	C	G	109275150:C>G	109275150:C>G	182	False	False	-0.0049999999999999975	0.07778174593052023	2	0.35477	183	60521	46827	0.0049999999999999975	C	G	1	-0.0239858627319335	0.0239858627319335	0.0239858627319335	1	0.0235137939453125	0.0235137939453125	0.0235137939453125	0.0333683888117472	-0.028765212744474366	0.0015857219696044332	3.0	3.0	3.0	3.3931357836685425	-2.8355432550941884	0.15869798915038014	0.15869798915038014	2.8355432550941884	3.3931357836685425	0.2387635059082447	2.129125675971037	3.3931357836685425
109275150	C	T	C	T	109275150:C>T	109275150:C>T	182	False	False	0.05500000000000001	0.021213203435596427	2	0.07848	817	196884	193524	0.05500000000000001	C	T	1	0.0095882415771484	0.0095882415771484	0.0095882415771484	1	0.02728271484375	0.02728271484375	0.02728271484375	0.023364384969075464	-0.015883136540651266	0.0021084149678547996	3.0	3.0	3.0	2.363947043466492	-1.5757664701244907	0.2110639237646344	0.2110639237646344	1.5757664701244907	2.363947043466492	0.3330814990355453	1.383592479118539	2.363947043466492
109275151	C	A	C	A	109275151:C>A	109275151:C>A	183	False	False	-0.025	0.10606601717798214	2	0.00778	343	99364	100813	0.025	C	A	1	-0.0089616775512695	0.0089616775512695	0.0089616775512695	1	0.0059146881103515	0.0059146881103515	0.0059146881103515	0.0216131210327148	-0.01686004673441247	0.0019931197166442333	3.0	3.0	3.0	2.1848376343264446	-1.6718711567058109	0.19951073000245242	0.19951073000245242	1.6718711567058109	2.1848376343264446	0.23749240254102869	1.3520731736782359	2.1848376343264446
109275151	C	G	C	G	109275151:C>G	109275151:C>G	183	False	False	-0.15000000000000002	0.014142135623730933	2	0.01543	165	38097	32098	0.15000000000000002	C	G	1	-0.0202798843383789	0.0202798843383789	0.0202798843383789	1	0.0045242309570312	0.0045242309570312	0.0045242309570312	0.018857240676879834	-0.028316929936408965	-0.0007045269012450334	3.0	3.0	3.0	1.903616132019602	-2.7919763351594207	-0.07042787804404259	0.07042787804404259	2.7919763351594207	1.903616132019602	-0.31959602706128704	1.5886734484076885	2.7919763351594207
109275151	C	T	C	T	109275151:C>T	109275151:C>T	183	False	False	-0.20500000000000002	0.007071067811865452	2	0.0	733	150928	112573	0.20500000000000002	C	T	1	-0.0293664932250976	0.0293664932250976	0.0293664932250976	1	-0.004190444946289	0.004190444946289	0.004190444946289	0.008605321248372334	-0.0218479161461194	0.00015641252199804354	3.0	3.0	3.0	0.8642453460379553	-2.1610979090145688	0.015642475507435624	0.015642475507435624	2.1610979090145688	0.8642453460379553	-0.4270700291563925	1.0136619101866533	2.1610979090145688
109275152	C	A	C	A	109275152:C>A	109275152:C>A	184	False	False	0.075	0.07778174593052023	2	1e-05	489	163893	161545	0.075	C	A	1	0.0193090438842773	0.0193090438842773	0.0193090438842773	1	-0.0062904357910156	0.0062904357910156	0.0062904357910156	-0.0054334402084350334	-0.011451271673043531	-0.0008463859558105	3.0	3.0	3.0	-0.541870577049369	-1.1385955417376976	-0.08460278722501607	0.08460278722501607	1.1385955417376976	0.541870577049369	-0.5883563020040276	0.5883563020040276	1.1385955417376976
109275152	C	G	C	G	109275152:C>G	109275152:C>G	184	False	False	-0.13999999999999999	0.29698484809834996	2	0.0	72	27486	25050	0.13999999999999999	C	G	1	0.0170297622680664	0.0170297622680664	0.0170297622680664	1	0.0038299560546875	0.0038299560546875	0.0038299560546875	0.0124487082163492	-0.008773557841777767	0.0025271077950795333	3.0	3.0	3.0	1.2526515917715246	-0.8735182494625167	0.2530303623484109	0.2530303623484109	0.8735182494625167	1.2526515917715246	0.2107212348858063	0.7930667345274841	1.2526515917715246
109275152	C	T	C	T	109275152:C>T	109275152:C>T	184	False	False	0.155	0.007071067811865481	2	0.0	1177	308174	305685	0.155	C	T	1	0.0426855087280273	0.0426855087280273	0.0426855087280273	1	0.0173263549804687	0.0173263549804687	0.0173263549804687	0.004056731859842934	0.0009446814656257667	0.0001661777496338	3.0	3.0	3.0	0.4064971534817216	0.09451278177039614	0.01661915579209028	0.01661915579209028	0.09451278177039614	0.4064971534817216	0.17254303034806937	0.17254303034806937	0.4064971534817216
109275153	G	A	G	A	109275153:G>A	109275153:G>A	185	False	False	-0.17	0.0	2	0.0	700	166464	136697	0.17	G	A	1	-0.0249595642089843	0.0249595642089843	0.0249595642089843	1	-0.0048885345458984	0.0048885345458984	0.0048885345458984	-0.0065479278564452665	0.009925348063309932	-0.0008369882901509	3.0	3.0	3.0	-0.6526536891136333	0.9974767697431237	-0.08366381131568036	0.08366381131568036	0.9974767697431237	0.6526536891136333	0.08705308977127002	0.5779314233908125	0.9974767697431237
109275153	G	C	G	C	109275153:G>C	109275153:G>C	185	False	False	0.215	0.28991378028648446	2	1e-05	59	10851	9586	0.215	G	C	1	0.0049943923950195	0.0049943923950195	0.0049943923950195	1	0.0131874084472656	0.0131874084472656	0.0131874084472656	0.0020637909571329664	0.032034605741500834	-0.0016733407974242667	3.0	3.0	3.0	0.2065922039474326	3.2553236957258687	-0.16719415432972648	0.16719415432972648	3.2553236957258687	0.2065922039474326	1.0982405817811915	1.2097033513343425	3.2553236957258687
109275153	G	T	G	T	109275153:G>T	109275153:G>T	185	False	False	-0.20500000000000002	0.007071067811865472	2	0.0	356	65765	43154	0.20500000000000002	G	T	1	0.020395278930664	0.020395278930664	0.020395278930664	1	0.0020885467529296	0.0020885467529296	0.0020885467529296	-0.004997769991556733	0.01581177860498423	0.00038789709409074664	3.0	3.0	3.0	-0.4985301918613862	1.593744624562752	0.038797233589692684	0.038797233589692684	1.593744624562752	0.4985301918613862	0.3780038887636861	0.7103573500046103	1.593744624562752
109275154	A	C	A	C	109275154:A>C	109275154:A>C	186	False	False	0.2	0.0565685424949238	2	0.00201	115	14581	16370	0.2	A	C	1	0.0487556457519531	0.0487556457519531	0.0487556457519531	1	0.0490131378173828	0.0490131378173828	0.0490131378173828	0.01790893077850333	0.023134097456932	-0.001590480407079	3.0	3.0	3.0	1.8070257302168855	2.3403766188600543	-0.15892162634037502	0.15892162634037502	2.3403766188600543	1.8070257302168855	1.3294935742455216	1.435441325139105	2.3403766188600543
109275154	A	G	A	G	109275154:A>G	109275154:A>G	186	False	False	0.09	0.014142135623730958	2	0.00209	953	183423	164464	0.09	A	G	1	0.0326032638549804	0.0326032638549804	0.0326032638549804	1	0.021453857421875	0.021453857421875	0.021453857421875	0.008912642796834234	-0.011075012385845165	-0.0010426541169484	3.0	3.0	3.0	0.8952478657293128	-1.1013910213305615	-0.10421107420117179	0.10421107420117179	1.1013910213305615	0.8952478657293128	-0.10345140993414015	0.7002833204203487	1.1013910213305615
109275154	A	T	A	T	109275154:A>T	109275154:A>T	186	False	False	-0.20500000000000002	0.021213203435596416	2	0.0	593	94368	64645	0.20500000000000002	A	T	1	-0.0070981979370117	0.0070981979370117	0.0070981979370117	1	0.0027847290039062	0.0027847290039062	0.0027847290039062	0.0009766817092895176	0.0031201988458632673	-7.242957750953353e-05	3.0	3.0	3.0	0.0977158818185349	0.312507173308976	-0.0072426954551011394	0.0072426954551011394	0.312507173308976	0.0977158818185349	0.1343267865574699	0.13915525019420402	0.312507173308976
109275155	C	A	C	A	109275155:C>A	109275155:C>A	187	False	False	-0.395	0.10606601717798209	2	0.0	207	42371	27735	0.395	C	A	1	-0.0521221160888671	0.0521221160888671	0.0521221160888671	1	0.0041770935058593	0.0041770935058593	0.0041770935058593	0.0028973817825317	0.010817232231299033	-3.0070543289179624e-05	3.0	3.0	3.0	0.29015832499003175	1.087595001819355	-0.0030070091174924556	0.0030070091174924556	1.087595001819355	0.29015832499003175	0.45824877256396473	0.46025344530895973	1.087595001819355
109275155	C	G	C	G	109275155:C>G	109275155:C>G	187	False	False	-0.175	0.021213203435596434	2	0.0	441	129927	100098	0.175	C	G	1	-0.0002546310424804	0.0002546310424804	0.0002546310424804	1	0.0259132385253906	0.0259132385253906	0.0259132385253906	0.015554308891296333	0.012249805033206865	-0.0015090008576710667	3.0	3.0	3.0	1.567590679290665	1.232514119838344	-0.15078628883477077	0.15078628883477077	1.232514119838344	1.567590679290665	0.8831061700980793	0.9836303626545932	1.567590679290665
109275155	C	T	C	T	109275155:C>T	109275155:C>T	187	False	False	-0.315	0.06363961030678926	2	0.0	849	195068	133801	0.315	C	T	1	-0.0489006042480468	0.0489006042480468	0.0489006042480468	1	0.0041770935058593	0.0041770935058593	0.0041770935058593	0.0032339096069335673	0.008855064709981235	-0.0017583866914112666	3.0	3.0	3.0	0.32391443339634457	0.8894386776272184	-0.17568416352677382	0.17568416352677382	0.8894386776272184	0.32391443339634457	0.34588964916559634	0.46301242485011224	0.8894386776272184
109275156	T	A	T	A	109275156:T>A	109275156:T>A	188	False	False	-0.23	0.042426406871192854	2	0.0	523	149780	123361	0.23	T	A	1	-0.0125389099121093	0.0125389099121093	0.0125389099121093	1	0.0097274780273437	0.0097274780273437	0.0097274780273437	0.002204418182373021	0.0103993440667788	-0.00025961796442665433	3.0	3.0	3.0	0.22068496984989291	1.045360517548455	-0.025958426659917804	0.025958426659917804	1.045360517548455	0.22068496984989291	0.41336235357947676	0.43066797135275525	1.045360517548455
109275156	T	C	T	C	109275156:T>C	109275156:T>C	188	False	False	-0.33999999999999997	0.02828427124746191	2	0.0	1198	215600	138112	0.33999999999999997	T	C	1	-0.0405349731445312	0.0405349731445312	0.0405349731445312	1	-0.0108489990234375	0.0108489990234375	0.0108489990234375	-0.0091737111409505	0.03890881935755407	-0.0013719995816548333	3.0	3.0	3.0	-0.9131761030307316	3.96756810316098	-0.1371058820519284	0.1371058820519284	3.96756810316098	0.9131761030307316	0.9724287060261068	1.6726166960812134	3.96756810316098
109275156	T	G	T	G	109275156:T>G	109275156:T>G	188	False	False	-0.455	0.10606601717798214	2	0.00012	47	6653	4133	0.455	T	G	1	-0.0242280960083007	0.0242280960083007	0.0242280960083007	1	0.023172378540039	0.023172378540039	0.023172378540039	0.02173876762390133	0.008122707406679733	0.0003479520479837697	3.0	3.0	3.0	2.197677617479312	0.8155786096669858	0.03480125903193573	0.03480125903193573	0.8155786096669858	2.197677617479312	1.016019162059411	1.016019162059411	2.197677617479312
109275157	C	A	C	A	109275157:C>A	109275157:C>A	189	False	False	-0.31	0.07071067811865474	2	0.0	206	42338	29961	0.31	C	A	1	-0.0132713317871093	0.0132713317871093	0.0132713317871093	1	0.0045242309570312	0.0045242309570312	0.0045242309570312	-0.00011722246805826678	0.004998507599035867	-0.0022455354531605333	3.0	3.0	3.0	-0.011721559777321117	0.5011020978865178	-0.22430161245249125	0.22430161245249125	0.5011020978865178	0.011721559777321117	0.08835964188556848	0.24570842337211007	0.5011020978865178
109275157	C	G	C	G	109275157:C>G	109275157:C>G	189	False	False	-0.515	0.13435028842544403	2	0.0	58	10378	7201	0.515	C	G	1	-0.0372524261474609	0.0372524261474609	0.0372524261474609	1	0.0062618255615234	0.0062618255615234	0.0062618255615234	0.0083810885747273	-0.0040930857261022	-0.0012889107068379	3.0	3.0	3.0	0.8416308221811539	-0.4084720467853185	-0.12880804181937522	0.12880804181937522	0.4084720467853185	0.8416308221811539	0.10145024452548672	0.4596369702619492	0.8416308221811539
109275157	C	T	C	T	109275157:C>T	109275157:C>T	189	False	False	-0.505	0.07778174593052027	2	0.0	680	137261	79375	0.505	C	T	1	-0.0578174591064453	0.0578174591064453	0.0578174591064453	1	0.0128421783447265	0.0128421783447265	0.0128421783447265	0.0084484418233235	-0.0022334841390450667	-0.0001164376735687	3.0	3.0	3.0	0.8484230623479189	-0.22309917692468328	-0.011643089496588443	0.011643089496588443	0.22309917692468328	0.8484230623479189	0.20456026530888238	0.36105510958973025	0.8484230623479189
109275158	C	A	C	A	109275158:C>A	109275158:C>A	190	False	False	-0.355	0.007071067811865481	2	0.0	248	40350	21733	0.355	C	A	1	-0.0141983032226562	0.0141983032226562	0.0141983032226562	1	0.0300159454345703	0.0300159454345703	0.0300159454345703	0.008934855461120534	0.014758229255676233	-0.0012800693511962333	3.0	3.0	3.0	0.8974890428894031	1.4867669640372319	-0.12792504118946027	0.12792504118946027	1.4867669640372319	0.8974890428894031	0.7521103219123916	0.8373936827053651	1.4867669640372319
109275158	C	G	C	G	109275158:C>G	109275158:C>G	190	False	False	-0.335	0.14849242404917498	2	0.0	126	30900	18239	0.335	C	G	1	-0.0383119583129882	0.0383119583129882	0.0383119583129882	1	0.0459766387939453	0.0459766387939453	0.0459766387939453	0.023710886637369737	0.02227479219436643	-0.0004597206910450799	3.0	3.0	3.0	2.399422467682135	2.252472768188324	-0.045961503567946524	0.045961503567946524	2.252472768188324	2.399422467682135	1.5353112441008374	1.5659522464794684	2.399422467682135
109275158	C	T	C	T	109275158:C>T	109275158:C>T	190	False	False	-0.315	0.06363961030678926	2	0.0	566	119524	91884	0.315	C	T	1	-0.0059175491333007	0.0059175491333007	0.0059175491333007	1	0.0197353363037109	0.0197353363037109	0.0197353363037109	0.001254558563232379	0.015956240395704833	-0.002660910288492767	3.0	3.0	3.0	0.12553458510251264	1.608422098978821	-0.2657373204694167	0.2657373204694167	1.608422098978821	0.12553458510251264	0.48940645453730564	0.6665646681835834	1.608422098978821
109275159	A	C	A	C	109275159:A>C	109275159:A>C	191	False	False	-0.185	0.06363961030678929	2	0.0032	170	20945	9137	0.185	A	C	1	-0.0498981475830078	0.0498981475830078	0.0498981475830078	1	-0.001047134399414	0.001047134399414	0.001047134399414	-0.0057241916656494	0.0261899257699648	-0.0020798742771148	3.0	3.0	3.0	-0.5707839696017121	2.653589558048103	-0.20777128373778245	0.20777128373778245	2.653589558048103	0.5707839696017121	0.6250114349028696	1.1440482704625323	2.653589558048103
109275159	A	G	A	G	109275159:A>G	109275159:A>G	191	False	False	0.30500000000000005	0.04949747468305831	2	0.0	1053	205975	197644	0.30500000000000005	A	G	1	0.0263547897338867	0.0263547897338867	0.0263547897338867	1	0.0255718231201171	0.0255718231201171	0.0255718231201171	0.009916702906290634	-0.014368166526158568	0.0001375774542490333	3.0	3.0	3.0	0.9966036344720975	-1.42654370215835	0.013758691846100788	0.013758691846100788	1.42654370215835	0.9966036344720975	-0.13872712528005057	0.8123020094921828	1.42654370215835
109275159	A	T	A	T	109275159:A>T	109275159:A>T	191	False	False	-0.010000000000000002	0.0565685424949238	2	0.34187	402	81096	54343	0.010000000000000002	A	T	1	-0.0036907196044921	0.0036907196044921	0.0036907196044921	1	0.0131874084472656	0.0131874084472656	0.0131874084472656	0.0030411879221598002	-0.0005027477939923334	-0.0006423095862070218	3.0	3.0	3.0	0.3045817025617075	-0.050262143749618834	-0.0642103349563043	0.0642103349563043	0.050262143749618834	0.3045817025617075	0.06336974128526146	0.13968472708921023	0.3045817025617075
109275160	C	A	C	A	109275160:C>A	109275160:C>A	192	False	False	-0.28	0.07071067811865475	2	0.0	261	59304	35623	0.28	C	A	1	-0.022897720336914	0.022897720336914	0.022897720336914	1	0.00799560546875	0.00799560546875	0.00799560546875	0.005910515785217233	0.0019379133979479668	-0.0002564589182535333	3.0	3.0	3.0	0.5928017347737959	0.19397923656798152	-0.02564260354762447	0.02564260354762447	0.19397923656798152	0.5928017347737959	0.2537127892647177	0.2708078582964673	0.5928017347737959
109275160	C	G	C	G	109275160:C>G	109275160:C>G	192	False	False	-0.24	0.11313708498984762	2	0.0	395	93829	65397	0.24	C	G	1	-0.0007143020629882	0.0007143020629882	0.0007143020629882	1	0.024200439453125	0.024200439453125	0.024200439453125	0.0166799227396647	0.0020280852913856667	0.0011131564776102334	3.0	3.0	3.0	1.6819809334540206	0.2030143247361822	0.11137762662346289	0.11137762662346289	0.2030143247361822	1.6819809334540206	0.6654576282712219	0.6654576282712219	1.6819809334540206
109275160	C	T	C	T	109275160:C>T	109275160:C>T	192	False	False	-0.5700000000000001	0.08485281374238567	2	0.0	1394	352823	220746	0.5700000000000001	C	T	1	-0.0573616027832031	0.0573616027832031	0.0573616027832031	1	-0.0514602661132812	0.0514602661132812	0.0514602661132812	-0.0026290416717528998	-0.007431344439586	-0.00018362204233806666	3.0	3.0	3.0	-0.26255887683021745	-0.740380027179465	-0.018360518484266883	0.018360518484266883	0.740380027179465	0.26255887683021745	-0.3404331408313164	0.3404331408313164	0.740380027179465
109275161	C	A	C	A	109275161:C>A	109275161:C>A	193	False	False	-0.32	0.056568542494923775	2	0.0	664	158007	112502	0.32	C	A	1	-0.0060911178588867	0.0060911178588867	0.0060911178588867	1	0.0320644378662109	0.0320644378662109	0.0320644378662109	0.02740716934204097	-0.004005166391531601	0.0013412336508432333	3.0	3.0	3.0	2.778620060938209	-0.399715640995758	0.1342133506957108	0.1342133506957108	0.399715640995758	2.778620060938209	0.8377059235460539	1.104183017543226	2.778620060938209
109275161	C	G	C	G	109275161:C>G	109275161:C>G	193	False	False	-0.185	0.021213203435596416	2	0.0	371	100685	62126	0.185	C	G	1	-0.0192823410034179	0.0192823410034179	0.0192823410034179	1	0.0385284423828125	0.0385284423828125	0.0385284423828125	0.040087262789408336	-0.0075794495642184665	0.0026420950889587	3.0	3.0	3.0	4.090160220668581	-0.7550797969840213	0.2645588498150489	0.2645588498150489	0.7550797969840213	4.090160220668581	1.199879757833203	1.7032662891558836	4.090160220668581
109275161	C	T	C	T	109275161:C>T	109275161:C>T	193	False	False	-0.28	0.04242640687119283	2	0.0	1025	296095	241443	0.28	C	T	1	-0.025949478149414	0.025949478149414	0.025949478149414	1	0.0207672119140625	0.0207672119140625	0.0207672119140625	0.021543463071187267	-0.010381862521171533	0.0006885826587676667	3.0	3.0	3.0	2.1777198947443086	-1.0328157001589142	0.06888197862308076	0.06888197862308076	1.0328157001589142	2.1777198947443086	0.4045953910694917	1.0931391911754345	2.1777198947443086
109275162	C	A	C	A	109275162:C>A	109275162:C>A	194	False	False	-0.235	0.021213203435596434	2	0.0	424	105658	72632	0.235	C	A	1	-0.0025482177734375	0.0025482177734375	0.0025482177734375	1	0.0415802001953125	0.0415802001953125	0.0415802001953125	0.02661347389221187	-0.007902786135673466	0.0024491647879282	3.0	3.0	3.0	2.6970775021157416	-0.7871641219194531	0.24521664420223602	0.24521664420223602	0.7871641219194531	2.6970775021157416	0.7183766747995083	1.2431527560791436	2.6970775021157416
109275162	C	G	C	G	109275162:C>G	109275162:C>G	194	False	False	-0.17	0.0	2	0.00058	212	68172	52326	0.17	C	G	1	-0.0144596099853515	0.0144596099853515	0.0144596099853515	1	0.051706314086914	0.051706314086914	0.051706314086914	0.03898851076761877	-0.008702877908945033	0.0009477833906809001	3.0	3.0	3.0	3.9758537554073903	-0.8665117487838616	0.09482326792902743	0.09482326792902743	0.8665117487838616	3.9758537554073903	1.0680550915175187	1.64572959070676	3.9758537554073903
109275162	C	T	C	T	109275162:C>T	109275162:C>T	194	False	False	-0.29500000000000004	0.03535533905932735	2	0.0	914	231861	182169	0.29500000000000004	C	T	1	-0.0275869369506835	0.0275869369506835	0.0275869369506835	1	0.0169830322265625	0.0169830322265625	0.0169830322265625	0.0184434652328491	-0.0076112387080987005	-0.00039937098820999996	3.0	3.0	3.0	1.861459640268253	-0.7582346578863081	-0.0399291250232253	0.0399291250232253	0.7582346578863081	1.861459640268253	0.35443195245290654	0.8865411410592622	1.861459640268253
109275163	C	A	C	A	109275163:C>A	109275163:C>A	195	False	False	-0.29000000000000004	0.05656854249492379	2	3e-05	161	34386	24966	0.29000000000000004	C	A	1	-0.0290374755859375	0.0290374755859375	0.0290374755859375	1	-0.00909423828125	0.00909423828125	0.00909423828125	-0.004834612210591567	-0.006615300973256366	0.0034133046865462667	3.0	3.0	3.0	-0.4822944283851643	-0.6593468040109718	0.34191366445165355	0.34191366445165355	0.6593468040109718	0.4822944283851643	-0.2665758559814942	0.4945182989492632	0.6593468040109718
109275163	C	G	C	G	109275163:C>G	109275163:C>G	195	False	False	-0.185	0.021213203435596434	2	0.01202	99	22706	20622	0.185	C	G	1	-0.0324792861938476	0.0324792861938476	0.0324792861938476	1	0.0038299560546875	0.0038299560546875	0.0038299560546875	0.006074984868367467	-0.008148964494466733	0.00021560986836750002	3.0	3.0	3.0	0.609347501242851	-0.8115851689371734	0.021563311384579023	0.021563311384579023	0.8115851689371734	0.609347501242851	-0.06022478543658113	0.4808319938548678	0.8115851689371734
109275163	C	T	C	T	109275163:C>T	109275163:C>T	195	False	False	-0.16499999999999998	0.06363961030678929	2	0.0	689	161356	120774	0.16499999999999998	C	T	1	-0.0008220672607421	0.0008220672607421	0.0008220672607421	1	-0.0221338272094726	0.0221338272094726	0.0221338272094726	-0.012251694997151633	-0.006574019789695701	0.0007977783679961667	3.0	3.0	3.0	-1.2176948550294397	-0.6552458196251896	0.0798096677799652	0.0798096677799652	0.6552458196251896	1.2176948550294397	-0.5977103356248881	0.6509167808115315	1.2176948550294397
109275164	A	C	A	C	109275164:A>C	109275164:A>C	196	False	False	0.5	0.028284271247461926	2	0.0	210	26663	22759	0.5	A	C	1	0.0233440399169921	0.0233440399169921	0.0233440399169921	1	0.0279674530029296	0.0279674530029296	0.0279674530029296	0.019116679827372165	0.013442312677701233	0.00031349062919616667	3.0	3.0	3.0	1.9300573494161692	1.353306675505984	0.03135397725186531	0.03135397725186531	1.353306675505984	1.9300573494161692	1.1049060007246727	1.1049060007246727	1.9300573494161692
109275164	A	G	A	G	109275164:A>G	109275164:A>G	196	False	False	0.2	0.028284271247461915	2	0.0	931	180266	181293	0.2	A	G	1	-0.0031661987304687	0.0031661987304687	0.0031661987304687	1	0.0121517181396484	0.0121517181396484	0.0121517181396484	0.004810253779093367	-0.005877252668142267	0.00045331319173176664	3.0	3.0	3.0	0.48218416225085414	-0.5860015404463708	0.04534159536838619	0.04534159536838619	0.5860015404463708	0.48218416225085414	-0.019491927609043464	0.3711757660218704	0.5860015404463708
109275164	A	T	A	T	109275164:A>T	109275164:A>T	196	False	False	0.16499999999999998	0.021213203435596416	2	0.0	468	70355	61946	0.16499999999999998	A	T	1	0.0416030883789062	0.0416030883789062	0.0416030883789062	1	0.0090370178222656	0.0090370178222656	0.0090370178222656	0.002846121788024867	0.0028585766752560666	-0.0010489126046498	3.0	3.0	3.0	0.285017583783512	0.28626663014684656	-0.10483626881119712	0.10483626881119712	0.28626663014684656	0.285017583783512	0.1554826483730538	0.22537349424718522	0.28626663014684656
109275165	G	A	G	A	109275165:G>A	109275165:G>A	197	False	False	-0.055	0.049497474683058325	2	9e-05	1133	237718	212739	0.055	G	A	1	-0.0243148803710937	0.0243148803710937	0.0243148803710937	1	-0.0126056671142578	0.0126056671142578	0.0126056671142578	-0.0101951758066813	0.0023755952715873337	2.5550524393699993e-05	3.0	3.0	3.0	-1.0143381169736443	0.23784192337888505	0.002555085081112843	0.002555085081112843	0.23784192337888505	1.0143381169736443	-0.2579803695045488	0.4182450418112141	1.0143381169736443
109275165	G	C	G	C	109275165:G>C	109275165:G>C	197	False	False	0.13	0.11313708498984758	2	0.014	148	31445	28076	0.13	G	C	1	-0.010498046875	0.010498046875	0.010498046875	1	-0.0076923370361328	0.0076923370361328	0.0076923370361328	-0.010771473248799568	0.009486687680085433	-0.0016600886980692334	3.0	3.0	3.0	-1.0713668663836504	0.9531828935732114	-0.16587115130150348	0.16587115130150348	0.9531828935732114	1.0713668663836504	-0.09468504137064748	0.7301403037527884	1.0713668663836504
109275165	G	T	G	T	109275165:G>T	109275165:G>T	197	False	False	0.049999999999999996	0.09899494936611665	2	0.03949	309	53911	41333	0.049999999999999996	G	T	1	-0.0200843811035156	0.0200843811035156	0.0200843811035156	1	-0.0345783233642578	0.0345783233642578	0.0345783233642578	-0.0144205490748087	-0.0027112377186616003	0.00044753154118853337	3.0	3.0	3.0	-1.4317070957914435	-0.2707565633060048	0.044763169836932126	0.044763169836932126	0.2707565633060048	1.4317070957914435	-0.5525668297535055	0.5824089429781268	1.4317070957914435
109275166	C	A	C	A	109275166:C>A	109275166:C>A	198	False	False	-0.015	0.021213203435596427	2	0.6958	170	36344	33482	0.015	C	A	1	-0.0163803100585937	0.0163803100585937	0.0163803100585937	1	-0.0108489990234375	0.0108489990234375	0.0108489990234375	-0.0031332969665527	0.0037433231870332667	0.0006616413593291667	3.0	3.0	3.0	-0.3128393314482109	0.37503381716616024	0.06618602922557182	0.06618602922557182	0.37503381716616024	0.3128393314482109	0.042793504981173715	0.25135305927998103	0.37503381716616024
109275166	C	G	C	G	109275166:C>G	109275166:C>G	198	False	False	-0.060000000000000005	0.11313708498984762	2	0.00242	231	59832	50862	0.060000000000000005	C	G	1	-0.0074396133422851	0.0074396133422851	0.0074396133422851	1	0.0006961822509765	0.0006961822509765	0.0006961822509765	0.0022544066111246	-0.002404143412907867	-0.0017381012439727	3.0	3.0	3.0	0.22569496963990823	-0.24012557746952928	-0.17365916207582138	0.17365916207582138	0.24012557746952928	0.22569496963990823	-0.0626965899684808	0.21315990306175295	0.24012557746952928
109275166	C	T	C	T	109275166:C>T	109275166:C>T	198	False	False	0.07	0.014142135623730958	2	0.00202	998	220134	180814	0.07	C	T	1	-0.0077705383300781	0.0077705383300781	0.0077705383300781	1	0.0020885467529296	0.0020885467529296	0.0020885467529296	0.0008394718170166002	-0.0035500153899192337	-0.0006080567836761333	3.0	3.0	3.0	0.0839824272100853	-0.35437215352480006	-0.06078719546141325	0.06078719546141325	0.35437215352480006	0.0839824272100853	-0.11039230725870934	0.16638059206543288	0.35437215352480006
109275167	T	A	T	A	109275167:T>A	109275167:T>A	199	False	False	-0.095	0.16263455967290594	2	0.00035	250	43717	28687	0.095	T	A	1	0.0069103240966796	0.0069103240966796	0.0069103240966796	1	-0.0031414031982421	0.0031414031982421	0.0031414031982421	0.0031605958938598004	-0.00012408941984175104	-0.00020641088485713092	3.0	3.0	3.0	0.31655958432807885	-0.012408172106814146	-0.020638958359606642	0.020638958359606642	0.012408172106814146	0.31655958432807885	0.09450415128721935	0.11653557159816653	0.31655958432807885
109275167	T	C	T	C	109275167:T>C	109275167:T>C	199	False	False	-0.125	0.007071067811865481	2	0.0	1065	200960	141090	0.125	T	C	1	-0.0270338058471679	0.0270338058471679	0.0270338058471679	1	-0.0027923583984375	0.0027923583984375	0.0027923583984375	-0.005135814348856567	0.029828501244386	0.0004621247450510323	3.0	3.0	3.0	-0.5122648602928903	3.027782743613405	0.04622315411414317	0.04622315411414317	3.027782743613405	0.5122648602928903	0.8539136791448859	1.1954235860068128	3.027782743613405
109275167	T	G	T	G	109275167:T>G	109275167:T>G	199	False	False	-0.115	0.07778174593052024	2	0.3244	27	3370	1560	0.115	T	G	1	0.0149450302124023	0.0149450302124023	0.0149450302124023	1	0.0131874084472656	0.0131874084472656	0.0131874084472656	0.004992842674255334	-0.0046631569663682995	0.0008447468280792001	3.0	3.0	3.0	0.5005327683153789	-0.46523013303218325	0.08451037271703586	0.08451037271703586	0.46523013303218325	0.5005327683153789	0.039937669333410496	0.350091091354866	0.5005327683153789
109275168	C	A	C	A	109275168:C>A	109275168:C>A	200	False	False	-0.5549999999999999	0.12020815280171307	2	0.0	123	37495	23364	0.5549999999999999	C	A	1	-0.0753498077392578	0.0753498077392578	0.0753498077392578	1	-0.0547161102294921	0.0547161102294921	0.0547161102294921	-0.0012917518615722333	-0.006750031063954033	-0.0027220050493875336	3.0	3.0	3.0	-0.12909179092614298	-0.6727300776409533	-0.2718303752720801	0.2718303752720801	0.6727300776409533	0.12909179092614298	-0.3578840812797255	0.3578840812797255	0.6727300776409533
109275168	C	G	C	G	109275168:C>G	109275168:C>G	200	False	False	0.035	0.09192388155425119	2	0.30331	33	13699	19384	0.035	C	G	1	0.0052671432495117	0.0052671432495117	0.0052671432495117	1	0.0286502838134765	0.0286502838134765	0.0286502838134765	0.009938677151997833	-0.010339185595512333	-0.00010079145431519075	3.0	3.0	3.0	0.9988229830401201	-1.0285919948651123	-0.01007863750272103	0.01007863750272103	1.0285919948651123	0.9988229830401201	-0.013282549775904448	0.6791645384693178	1.0285919948651123
109275168	C	T	C	T	109275168:C>T	109275168:C>T	200	False	False	1.175	0.23334523779156074	2	0.0	339	80615	152666	1.175	C	T	1	0.0031871795654296	0.0031871795654296	0.0031871795654296	1	0.0924968719482421	0.0924968719482421	0.0924968719482421	0.04737571875254307	-0.0026760001977284664	0.007581084966659466	3.0	3.0	3.0	4.851588216153806	-0.2672422900859842	0.7609894146893547	0.7609894146893547	0.2672422900859842	4.851588216153806	1.781778446919059	1.9599399736430485	4.851588216153806
109275169	C	A	C	A	109275169:C>A	109275169:C>A	201	False	False	-0.02	0.042426406871192854	2	0.24583	328	86947	67086	0.02	C	A	1	0.0247268676757812	0.0247268676757812	0.0247268676757812	1	0.0173263549804687	0.0173263549804687	0.0173263549804687	0.0015220244725545	-0.0005643243590990666	0.0019188324610391666	3.0	3.0	3.0	0.15231833396688177	-0.05641651580563473	0.19206745981083076	0.19206745981083076	0.05641651580563473	0.15231833396688177	0.09598975932402594	0.13360076986111577	0.19206745981083076
109275169	C	G	C	G	109275169:C>G	109275169:C>G	201	False	False	-0.024999999999999994	0.38890872965260115	2	0.05278	37	7492	6337	0.024999999999999994	C	G	1	-0.0108070373535156	0.0108070373535156	0.0108070373535156	1	0.005218505859375	0.005218505859375	0.005218505859375	-0.003636240959167433	-0.008124424765507334	0.0017385582129160002	3.0	3.0	3.0	-0.3629637840945152	-0.809151082255515	0.17400703814498794	0.17400703814498794	0.809151082255515	0.3629637840945152	-0.3327026094016807	0.4487073014983394	0.809151082255515
109275169	C	T	C	T	109275169:C>T	109275169:C>T	201	False	False	0.065	0.021213203435596427	2	0.01872	416	83791	72983	0.065	C	T	1	0.0079593658447265	0.0079593658447265	0.0079593658447265	1	0.015604019165039	0.015604019165039	0.015604019165039	-0.0016903082529703334	6.74948096275e-05	0.0006962120532989333	3.0	3.0	3.0	-0.168888048654373	0.006749708745341017	0.0696454465163936	0.0696454465163936	0.006749708745341017	0.168888048654373	-0.0308309644642128	0.08176106797203588	0.168888048654373
109275170	C	A	C	A	109275170:C>A	109275170:C>A	202	False	False	-0.17	0.0	2	0.0	594	165732	138764	0.17	C	A	1	-0.0036258697509765	0.0036258697509765	0.0036258697509765	1	-0.0242595672607421	0.0242595672607421	0.0242595672607421	-0.017202496528625433	0.0095106239120165	-0.0007422069708506333	3.0	3.0	3.0	-1.7055378392902685	0.9555993612935819	-0.07419316033876074	0.07419316033876074	0.9555993612935819	1.7055378392902685	-0.2747105461118158	0.9117767869742037	1.7055378392902685
109275170	C	G	C	G	109275170:C>G	109275170:C>G	202	False	False	-0.435	0.07778174593052022	2	0.0	101	37925	20507	0.435	C	G	1	0.0105438232421875	0.0105438232421875	0.0105438232421875	1	-0.0182447433471679	0.0182447433471679	0.0182447433471679	-0.016493717829386332	-0.00045319894949589996	0.00016599893569946669	3.0	3.0	3.0	-1.6358441224642684	-0.04530962703639319	0.0166012714285193	0.0166012714285193	0.04530962703639319	1.6358441224642684	-0.5548508260240474	0.565918340309727	1.6358441224642684
109275170	C	T	C	T	109275170:C>T	109275170:C>T	202	False	False	-0.345	0.0070710678118654224	2	0.0	539	156778	101761	0.345	C	T	1	-0.0934810638427734	0.0934810638427734	0.0934810638427734	1	-0.0910177230834961	0.0910177230834961	0.0910177230834961	-0.049734830856323194	-0.023895872135956998	-0.0034849147001901667	3.0	3.0	3.0	-4.851830536170096	-2.3612626403510566	-0.3478849432648686	0.3478849432648686	2.3612626403510566	4.851830536170096	-2.520326039928674	2.520326039928674	4.851830536170096
109275171	T	A	T	A	109275171:T>A	109275171:T>A	203	False	False	-0.025	0.03535533905932738	2	0.23955	546	133454	104616	0.025	T	A	1	-0.007084846496582	0.007084846496582	0.007084846496582	1	-0.0246143341064453	0.0246143341064453	0.0246143341064453	-0.024141669273376434	0.0064338346322377	-0.0013637840747832669	3.0	3.0	3.0	-2.385259013254608	0.645457620503194	-0.13628545438897796	0.13628545438897796	0.645457620503194	2.385259013254608	-0.6253622823801307	1.0556673627155935	2.385259013254608
109275171	T	C	T	C	109275171:T>C	109275171:T>C	203	False	False	-0.135	0.07778174593052022	2	0.0	1260	251524	193518	0.135	T	C	1	-0.0258798599243164	0.0258798599243164	0.0258798599243164	1	-0.0150699615478515	0.0150699615478515	0.0150699615478515	-0.015566190083821534	0.005450330674648267	-0.0004560550053914333	3.0	3.0	3.0	-1.5445663139127173	0.5465210748370813	-0.04559510281145152	0.04559510281145152	0.5465210748370813	1.5445663139127173	-0.34788011396236246	0.7122274971870833	1.5445663139127173
109275171	T	G	T	G	109275171:T>G	109275171:T>G	203	False	False	-0.1	0.08485281374238571	2	0.05179	183	35921	29616	0.1	T	G	1	-0.0459556579589843	0.0459556579589843	0.0459556579589843	1	-0.0529069900512695	0.0529069900512695	0.0529069900512695	-0.030798951784769633	0.0019885152578354003	-0.00015198191006976055	3.0	3.0	3.0	-3.0329495995696667	0.19904936654479627	-0.015197036140433646	0.015197036140433646	0.19904936654479627	3.0329495995696667	-0.9496990897217681	1.0823986674182988	3.0329495995696667
109275172	G	A	G	A	109275172:G>A	109275172:G>A	204	False	False	-0.15	0.09899494936611665	2	0.0	938	211929	178280	0.15	G	A	1	-0.0140094757080078	0.0140094757080078	0.0140094757080078	1	-0.0189504623413085	0.0189504623413085	0.0189504623413085	-0.012169321378072034	0.006468271215756699	-7.119774818423331e-05	3.0	3.0	3.0	-1.2095574639050464	0.6489235658876668	-0.007119521368471063	0.007119521368471063	0.6489235658876668	1.2095574639050464	-0.18925113979528355	0.6218668503870614	1.2095574639050464
109275172	G	C	G	C	109275172:G>C	109275172:G>C	204	False	False	0.165	0.007071067811865481	2	0.00111	163	38700	42556	0.165	G	C	1	0.0121421813964843	0.0121421813964843	0.0121421813964843	1	0.0131874084472656	0.0131874084472656	0.0131874084472656	-0.0023384094238280665	0.010072643558184298	0.0011959969997405331	3.0	3.0	3.0	-0.233567747439834	1.0123543387375304	0.11967124893649442	0.11967124893649442	1.0123543387375304	0.233567747439834	0.2994859467447303	0.45519777837128633	1.0123543387375304
109275172	G	T	G	T	109275172:G>T	109275172:G>T	204	False	False	1.09	0.32526911934581193	2	0.0	79	15578	33652	1.09	G	T	1	0.1316137313842773	0.1316137313842773	0.1316137313842773	1	0.1583328247070312	0.1583328247070312	0.1583328247070312	0.08490773042043047	0.08023775617281591	0.0076922923326492	3.0	3.0	3.0	8.861661586673353	8.354465648268103	0.7721954019992989	0.7721954019992989	8.354465648268103	8.861661586673353	5.996107545646919	5.996107545646919	8.861661586673353
109275173	T	A	T	A	109275173:T>A	109275173:T>A	205	False	False	-0.175	0.0353553390593274	2	0.0	696	125930	88102	0.175	T	A	1	-0.0414648056030273	0.0414648056030273	0.0414648056030273	1	-0.0263881683349609	0.0263881683349609	0.0263881683349609	-0.019542336463928167	-0.00020574033260346383	0.0013239781061807666	3.0	3.0	3.0	-1.9352622832500401	-0.020571916951262592	0.1324854952125835	0.1324854952125835	0.020571916951262592	1.9352622832500401	-0.6077829016629064	0.6961065651379621	1.9352622832500401
109275173	T	C	T	C	109275173:T>C	109275173:T>C	205	False	False	-0.14	0.07071067811865475	2	0.0	1236	236862	158586	0.14	T	C	1	-0.0332660675048828	0.0332660675048828	0.0332660675048828	1	-0.0285205841064453	0.0285205841064453	0.0285205841064453	-0.0123830636342366	-0.005882465591033267	-0.0020521978537241	3.0	3.0	3.0	-1.2306708994831475	-0.5865197766038628	-0.2050093535447312	0.2050093535447312	0.5865197766038628	1.2306708994831475	-0.6740666765439137	0.6740666765439137	1.2306708994831475
109275173	T	G	T	G	109275173:T>G	109275173:T>G	205	False	False	-0.08499999999999999	0.1767766952966369	2	0.01669	138	24042	17207	0.08499999999999999	T	G	1	-0.0143842697143554	0.0143842697143554	0.0143842697143554	1	-0.0331506729125976	0.0331506729125976	0.0331506729125976	-0.015965143839518168	0.006230240066846166	0.0001915395259857	3.0	3.0	3.0	-1.5838376447071847	0.6249688380734657	0.01915578708519444	0.01915578708519444	0.6249688380734657	1.5838376447071847	-0.3132376731828415	0.7426540899552817	1.5838376447071847
109275174	G	A	G	A	109275174:G>A	109275174:G>A	206	False	False	-0.065	0.09192388155425119	2	0.00742	475	92811	74880	0.065	G	A	1	-0.0167350769042968	0.0167350769042968	0.0167350769042968	1	-0.0062904357910156	0.0062904357910156	0.0062904357910156	-0.0037817955017089336	-0.0024293834964434	0.0006276071071624	3.0	3.0	3.0	-0.3774653519109747	-0.24264349325711218	0.06278040937107776	0.06278040937107776	0.24264349325711218	0.3774653519109747	-0.18577614526566968	0.2276297515130549	0.3774653519109747
109275174	G	C	G	C	109275174:G>C	109275174:G>C	206	False	False	-0.165	0.07778174593052022	2	0.31757	27	5628	6646	0.165	G	C	1	-0.0102272033691406	0.0102272033691406	0.0102272033691406	1	-0.0363645553588867	0.0363645553588867	0.0363645553588867	-0.023034850756327264	-0.0098747126758098	-0.004063179095586101	3.0	3.0	3.0	-2.2771573969940184	-0.982611778565869	-0.40549355521818653	0.40549355521818653	0.982611778565869	2.2771573969940184	-1.2217542435926914	1.2217542435926914	2.2771573969940184
109275174	G	T	G	T	109275174:G>T	109275174:G>T	206	False	False	-0.055	0.07778174593052023	2	0.33437	84	18344	16526	0.055	G	T	1	-0.0091667175292968	0.0091667175292968	0.0091667175292968	1	-0.0027923583984375	0.0027923583984375	0.0027923583984375	-0.0102375745773315	0.0005092819531758333	-0.00013075272242226666	3.0	3.0	3.0	-1.018534898379666	0.05094116592478013	-0.013074417465760813	0.013074417465760813	0.05094116592478013	1.018534898379666	-0.3268893833068823	0.36085016059006897	1.018534898379666
109275175	A	C	A	C	109275175:A>C	109275175:A>C	207	False	False	-0.055	0.14849242404917498	2	0.07929	64	11957	10976	0.055	A	C	1	0.0339555740356445	0.0339555740356445	0.0339555740356445	1	-0.021071434020996	0.021071434020996	0.021071434020996	-0.016558448473612434	-0.0008311197161674334	7.66714413961e-05	3.0	3.0	3.0	-1.6422110915717487	-0.08307744318402945	0.0076674380726183275	0.0076674380726183275	0.08307744318402945	1.6422110915717487	-0.5725403655610533	0.5776519909427988	1.6422110915717487
109275175	A	G	A	G	109275175:A>G	109275175:A>G	207	False	False	0.015000000000000001	0.04949747468305833	2	0.01881	1413	345593	310823	0.015000000000000001	A	G	1	0.023141860961914	0.023141860961914	0.023141860961914	1	-0.0055885314941406	0.0055885314941406	0.0055885314941406	0.011032104492187467	0.0036259219050406998	0.0002327859401702667	3.0	3.0	3.0	1.1093182556839256	0.36325035122651583	0.023281303691977718	0.023281303691977718	0.36325035122651583	1.1093182556839256	0.4986166368674731	0.4986166368674731	1.1093182556839256
109275175	A	T	A	T	109275175:A>T	109275175:A>T	207	False	False	0.045000000000000005	0.03535533905932738	2	0.1349	437	74534	58359	0.045000000000000005	A	T	1	0.0524616241455078	0.0524616241455078	0.0524616241455078	1	-0.0034904479980468	0.0034904479980468	0.0034904479980468	-0.006632725397745734	0.0012182816863059334	-0.0010066131750742333	3.0	3.0	3.0	-0.6610777426409612	0.12190240928957011	-0.1006106709984515	0.1006106709984515	0.12190240928957011	0.6610777426409612	-0.21326200144994753	0.29453027430966094	0.6610777426409612
109275176	A	C	A	C	109275176:A>C	109275176:A>C	208	False	False	0.195	0.06363961030678929	2	0.01201	146	24978	21271	0.195	A	C	1	-0.0106983184814453	0.0106983184814453	0.0106983184814453	1	-0.0338649749755859	0.0338649749755859	0.0338649749755859	-0.015507777531941666	-0.0005727608998616333	-0.0029089053471882333	3.0	3.0	3.0	-1.5388151128151428	-0.05725969036491286	-0.29046785814425763	0.29046785814425763	0.05725969036491286	1.5388151128151428	-0.6288475537747711	0.6288475537747711	1.5388151128151428
109275176	A	G	A	G	109275176:A>G	109275176:A>G	208	False	False	-0.17	0.0	2	0.0	1372	296378	217623	0.17	A	G	1	-0.0062751770019531	0.0062751770019531	0.0062751770019531	1	-0.0263881683349609	0.0263881683349609	0.0263881683349609	-0.015630443890889432	-0.005691755563020633	-0.0009286900361378334	3.0	3.0	3.0	-1.550892247118747	-0.5675588210409102	-0.09282589370090384	0.09282589370090384	0.5675588210409102	1.550892247118747	-0.7370923206201869	0.7370923206201869	1.550892247118747
109275176	A	T	A	T	109275176:A>T	109275176:A>T	208	False	False	-0.04	0.0	2	0.18878	615	120709	102946	0.04	A	T	1	-0.0204334259033203	0.0204334259033203	0.0204334259033203	1	-0.0438928604125976	0.0438928604125976	0.0438928604125976	-0.020156939824422133	0.00145361075798669	-0.0002484222253163524	3.0	3.0	3.0	-1.9955146830363897	0.1454667762200077	-0.02483913710703499	0.02483913710703499	0.1454667762200077	1.9955146830363897	-0.6249623479744723	0.7219401987878108	1.9955146830363897
109275177	G	A	G	A	109275177:G>A	109275177:G>A	209	False	False	-0.085	0.021213203435596427	2	0.01741	342	61788	47203	0.085	G	A	1	-0.0165491104125976	0.0165491104125976	0.0165491104125976	1	0.0183601379394531	0.0183601379394531	0.0183601379394531	0.0028220415115356	0.0008609866102536334	-0.0015830298264821001	3.0	3.0	3.0	0.282602721907751	0.08613573656226527	-0.15817774956791716	0.15817774956791716	0.08613573656226527	0.282602721907751	0.07018690296736636	0.1756387360126445	0.282602721907751
109275177	G	C	G	C	109275177:G>C	109275177:G>C	209	False	False	-0.04500000000000001	0.4030508652763321	2	0.02538	36	3657	2118	0.04500000000000001	G	C	1	0.032881736755371	0.032881736755371	0.032881736755371	1	0.0166378021240234	0.0166378021240234	0.0166378021240234	-0.0006089607874552334	0.006958472232023834	0.0003070135911305565	3.0	3.0	3.0	-0.06087754084663255	0.6982738653010933	0.030706072462654378	0.030706072462654378	0.6982738653010933	0.06087754084663255	0.2227007989723717	0.26328582620346	0.6982738653010933
109275177	G	T	G	T	109275177:G>T	109275177:G>T	209	False	False	-0.10500000000000001	0.035355339059327376	2	0.05535	256	57140	42009	0.10500000000000001	G	T	1	0.0007715225219726	0.0007715225219726	0.0007715225219726	1	-0.009796142578125	0.009796142578125	0.009796142578125	-0.016169269879658967	0.000926390290260269	-0.0020161767800648666	3.0	3.0	3.0	-1.6039248959793462	0.09268195222804387	-0.2014145660921696	0.2014145660921696	0.09268195222804387	1.6039248959793462	-0.5708858366144907	0.6326738047665198	1.6039248959793462
109275178	A	C	A	C	109275178:A>C	109275178:A>C	210	False	False	0.09000000000000001	0.07071067811865477	2	0.1995	78	9054	4851	0.09000000000000001	A	C	1	0.0167827606201171	0.0167827606201171	0.0167827606201171	1	0.0010452270507812	0.0010452270507812	0.0010452270507812	-0.006636897722879999	0.0034797713160514	-0.0020389457543690333	3.0	3.0	3.0	-0.6614922160584469	0.34858327490183266	-0.20368685165060252	0.20368685165060252	0.34858327490183266	0.6614922160584469	-0.17219859760240555	0.4045874475369607	0.6614922160584469
109275178	A	G	A	G	109275178:A>G	109275178:A>G	210	False	False	0.010000000000000002	0.0565685424949238	2	0.05099	1073	182020	149612	0.010000000000000002	A	G	1	0.0279521942138671	0.0279521942138671	0.0279521942138671	1	0.0059146881103515	0.0059146881103515	0.0059146881103515	-0.0005539655685424999	0.0022038395206133332	-0.0018611351648966	3.0	3.0	3.0	-0.0553812157946305	0.22062697598875056	-0.18594043267866656	0.18594043267866656	0.22062697598875056	0.0553812157946305	-0.0068982241615154994	0.15398287482068254	0.22062697598875056
109275178	A	T	A	T	109275178:A>T	109275178:A>T	210	False	False	0.020000000000000004	0.15556349186104046	2	0.00681	450	92771	80819	0.020000000000000004	A	T	1	0.0222635269165039	0.0222635269165039	0.0222635269165039	1	0.0093822479248046	0.0093822479248046	0.0093822479248046	-0.0025190909703572332	0.004593377312024399	0.00019513567288717123	3.0	3.0	3.0	-0.25159207233044084	0.46039430408550813	0.019515471309104197	0.019515471309104197	0.46039430408550813	0.25159207233044084	0.07610590102139049	0.24383394924168442	0.46039430408550813
109275179	G	A	G	A	109275179:G>A	109275179:G>A	211	False	False	-0.255	0.10606601717798214	2	0.0	286	46106	36662	0.255	G	A	1	-0.0758514404296875	0.0758514404296875	0.0758514404296875	1	-0.0539922714233398	0.0539922714233398	0.0539922714233398	-0.02348975340525303	-0.005087703466415367	-0.0007903973261514666	3.0	3.0	3.0	-2.321601667280112	-0.5074783024214045	-0.07900850444658282	0.07900850444658282	0.5074783024214045	2.321601667280112	-0.9693628247160331	0.9693628247160331	2.321601667280112
109275179	G	C	G	C	109275179:G>C	109275179:G>C	211	False	False	-0.525	0.1767766952966369	2	0.01313	13	5164	3984	0.525	G	C	1	0.0071535110473632	0.0071535110473632	0.0071535110473632	1	0.0069561004638671	0.0069561004638671	0.0069561004638671	-0.0029460191726684002	0.0036608080069223336	-0.0005604724089304001	3.0	3.0	3.0	-0.2941683916479775	0.3667516948772012	-0.05603153736091724	0.05603153736091724	0.3667516948772012	0.2941683916479775	0.0055172552894354925	0.23898387462869866	0.3667516948772012
109275179	G	T	G	T	109275179:G>T	109275179:G>T	211	False	False	0.08	0.02828427124746191	2	0.06468	281	46975	33291	0.08	G	T	1	-0.0242185592651367	0.0242185592651367	0.0242185592651367	1	-0.0246143341064453	0.0246143341064453	0.0246143341064453	-0.0181060632069905	0.005135128895441633	-0.0006697773933410453	3.0	3.0	3.0	-1.7943133266404547	0.5148336267336171	-0.0669553142531565	0.0669553142531565	0.5148336267336171	1.7943133266404547	-0.4488116713866647	0.7920340892090761	1.7943133266404547
109275180	A	C	A	C	109275180:A>C	109275180:A>C	212	False	False	-0.40499999999999997	0.417193000900063	2	0.0	62	17823	13337	0.40499999999999997	A	C	1	0.0427846908569335	0.0427846908569335	0.0427846908569335	1	0.0128421783447265	0.0128421783447265	0.0128421783447265	-0.0012868245442708	0.005479139586289667	-0.002350777387618967	3.0	3.0	3.0	-0.12859969405985686	0.5494177524034402	-0.23480164743105003	0.23480164743105003	0.5494177524034402	0.12859969405985686	0.06200547030417775	0.30427303129811567	0.5494177524034402
109275180	A	G	A	G	109275180:A>G	109275180:A>G	212	False	False	-0.07500000000000001	0.007071067811865477	2	0.00021	1304	253158	183093	0.07500000000000001	A	G	1	0.008249282836914	0.008249282836914	0.008249282836914	1	-0.0150699615478515	0.0150699615478515	0.0150699615478515	-0.0102426211039225	-0.0022647306323051	-0.002289990584055533	3.0	3.0	3.0	-1.0190344097149178	-0.2262168064760095	-0.2287370555946165	0.2287370555946165	0.2262168064760095	1.0190344097149178	-0.4913294239285146	0.4913294239285146	1.0190344097149178
109275180	A	T	A	T	109275180:A>T	109275180:A>T	212	False	False	0.88	0.14142135623730948	2	0.0	349	60615	109388	0.88	A	T	1	0.0726041793823242	0.0726041793823242	0.0726041793823242	1	0.060760498046875	0.060760498046875	0.060760498046875	0.012127399444580031	0.010881595313548967	0.006154005726178433	3.0	3.0	3.0	1.220123452718253	1.094101520398454	0.6172980523117464	0.6172980523117464	1.094101520398454	1.220123452718253	0.9771743418094845	0.9771743418094845	1.220123452718253
109275181	G	A	G	A	109275181:G>A	109275181:G>A	213	False	False	0.025	0.007071067811865475	2	0.56243	236	29667	16530	0.025	G	A	1	-0.0066947937011718	0.0066947937011718	0.0066947937011718	1	0.0276241302490234	0.0276241302490234	0.0276241302490234	0.011381824811299568	-0.011441687742869	0.0015236834685007333	3.0	3.0	3.0	1.1446844225026305	-1.1376480564001041	0.15248448639482673	0.15248448639482673	1.1376480564001041	1.1446844225026305	0.05317361749911768	0.8116056550991871	1.1446844225026305
109275181	G	C	G	C	109275181:G>C	109275181:G>C	213	False	False	0.14	0.15556349186104046	2	0.30608	6	2383	2196	0.14	G	C	1	0.0130386352539062	0.0130386352539062	0.0130386352539062	1	0.0145683288574218	0.0145683288574218	0.0145683288574218	0.004473169644673614	0.0006282975276310999	0.0009322663148243667	3.0	3.0	3.0	0.4483189202164782	0.06284949478667641	0.09327010101386826	0.09327010101386826	0.06284949478667641	0.4483189202164782	0.20147950533900763	0.20147950533900763	0.4483189202164782
109275181	G	T	G	T	109275181:G>T	109275181:G>T	213	False	False	-0.25	0.014142135623730963	2	0.0	245	33563	20986	0.25	G	T	1	-0.0130262374877929	0.0130262374877929	0.0130262374877929	1	-0.0069904327392578	0.0069904327392578	0.0069904327392578	-0.007879535357157333	0.0028939619660377	-0.0012596845626830333	3.0	3.0	3.0	-0.7848573194291214	0.28981535163885935	-0.12588914931250828	0.12588914931250828	0.28981535163885935	0.7848573194291214	-0.20697703903425677	0.40018727346016303	0.7848573194291214
109275182	A	C	A	C	109275182:A>C	109275182:A>C	214	False	False	-0.225	0.03535533905932737	2	0.07461	60	8882	3725	0.225	A	C	1	0.0187692642211914	0.0187692642211914	0.0187692642211914	1	-0.009796142578125	0.009796142578125	0.009796142578125	-0.009244044621785434	-0.0037725369135538332	-0.0019075771172841	3.0	3.0	3.0	-0.920144979184752	-0.3765429836217934	-0.1905758848401377	0.1905758848401377	0.3765429836217934	0.920144979184752	-0.4957546158822277	0.4957546158822277	0.920144979184752
109275182	A	G	A	G	109275182:A>G	109275182:A>G	214	False	False	-0.22	0.028284271247461888	2	0.0	1229	268321	207430	0.22	A	G	1	-0.0282773971557617	0.0282773971557617	0.0282773971557617	1	-0.0399446487426757	0.0399446487426757	0.0399446487426757	-0.01806851228078203	-0.002726034571727067	-0.0009764929612477001	3.0	3.0	3.0	-1.7906255429075175	-0.2722322313498192	-0.09760163471454122	0.09760163471454122	0.2722322313498192	1.7906255429075175	-0.7201531363239594	0.7201531363239594	1.7906255429075175
109275182	A	T	A	T	109275182:A>T	109275182:A>T	214	False	False	-0.415	0.007071067811865481	2	0.0	294	60188	30512	0.415	A	T	1	0.0100212097167968	0.0100212097167968	0.0100212097167968	1	-0.0087432861328125	0.0087432861328125	0.0087432861328125	-0.010235428810119566	-0.004257573435703834	-0.0025392572085061998	3.0	3.0	3.0	-1.0183225069693909	-0.42485228190345903	-0.25360360219712713	0.25360360219712713	0.42485228190345903	1.0183225069693909	-0.5655927970233257	0.5655927970233257	1.0183225069693909
109275183	G	A	G	A	109275183:G>A	109275183:G>A	215	False	False	-0.455	0.07778174593052022	2	0.0	259	63023	42918	0.455	G	A	1	-0.0540971755981445	0.0540971755981445	0.0540971755981445	1	-0.0003490447998046	0.0003490447998046	0.0003490447998046	-7.2717666625999695e-06	-0.010313631345828333	0.00013608733812963333	3.0	3.0	3.0	-0.0007271740223368858	-1.0260628224779582	0.013609659843149812	0.013609659843149812	1.0260628224779582	0.0007271740223368858	-0.33772677888571506	0.346799885447815	1.0260628224779582
109275183	G	C	G	C	109275183:G>C	109275183:G>C	215	False	False	-0.095	0.09192388155425119	2	0.6568	12	1930	2009	0.095	G	C	1	-0.0168399810791015	0.0168399810791015	0.0168399810791015	1	-0.0207185745239257	0.0207185745239257	0.0207185745239257	-0.020906885464986102	-0.007181024799744233	-0.0020572145779927	3.0	3.0	3.0	-2.0689851666776735	-0.7155302847975132	-0.20550999624039776	0.20550999624039776	0.7155302847975132	2.0689851666776735	-0.9966751492385283	0.9966751492385283	2.0689851666776735
109275183	G	T	G	T	109275183:G>T	109275183:G>T	215	False	False	-0.27	0.14142135623730948	2	0.00043	74	14079	6335	0.27	G	T	1	-0.0483627319335937	0.0483627319335937	0.0483627319335937	1	-0.0129585266113281	0.0129585266113281	0.0129585266113281	-0.007986148198445566	-0.0049744496742884	-0.0029350419839222334	3.0	3.0	3.0	-0.7954343638547166	-0.49620975896028435	-0.2930738959080869	0.2930738959080869	0.49620975896028435	0.7954343638547166	-0.5282393395743626	0.5282393395743626	0.7954343638547166
109275184	T	A	T	A	109275184:T>A	109275184:T>A	216	False	False	-0.23	0.042426406871192854	2	1e-05	311	55891	39673	0.23	T	A	1	0.0122928619384765	0.0122928619384765	0.0122928619384765	1	0.0131874084472656	0.0131874084472656	0.0131874084472656	0.011837244033813433	-0.009704835712909634	0.004680588841438234	3.0	3.0	3.0	1.1907581466772246	-0.9657895765686677	0.46915599077277903	0.46915599077277903	0.9657895765686677	1.1907581466772246	0.23137485362711196	0.8752345713395572	1.1907581466772246
109275184	T	C	T	C	109275184:T>C	109275184:T>C	216	False	False	-0.04	0.042426406871192854	2	0.01418	765	145373	126134	0.04	T	C	1	0.0424737930297851	0.0424737930297851	0.0424737930297851	1	0.0076484680175781	0.0076484680175781	0.0076484680175781	-0.002481738726298	-0.00021916379531226665	-0.0011603931585947333	3.0	3.0	3.0	-0.24786617586814272	-0.021913978068209	-0.11597201627918886	0.11597201627918886	0.021913978068209	0.24786617586814272	-0.12858405673851353	0.12858405673851353	0.24786617586814272
109275184	T	G	T	G	109275184:T>G	109275184:T>G	216	False	False	0.23500000000000001	0.4030508652763321	2	0.0	53	17361	17195	0.23500000000000001	T	G	1	0.0255661010742187	0.0255661010742187	0.0255661010742187	1	0.1261100769042968	0.1261100769042968	0.1261100769042968	0.021267851193745867	-0.006369737287362367	0.015130435427029867	3.0	3.0	3.0	2.1495623819821565	-0.6349493516114787	1.524547995742381	1.524547995742381	0.6349493516114787	2.1495623819821565	1.0130536753710195	1.4363532431120056	2.1495623819821565
109275185	T	A	T	A	109275185:T>A	109275185:T>A	217	False	False	0.18	0.08485281374238571	2	0.02812	119	28354	27332	0.18	T	A	1	0.0901632308959961	0.0901632308959961	0.0901632308959961	1	0.0872573852539062	0.0872573852539062	0.0872573852539062	0.05866436163584384	0.017797984182834566	0.003987332185109401	3.0	3.0	3.0	6.041926361675114	1.7957312138526114	0.39952921702719496	0.39952921702719496	1.7957312138526114	6.041926361675114	2.7457289308516404	2.7457289308516404	6.041926361675114
109275185	T	C	T	C	109275185:T>C	109275185:T>C	217	False	False	0.065	0.06363961030678927	2	0.01082	537	85704	62610	0.065	T	C	1	0.1221370697021484	0.1221370697021484	0.1221370697021484	1	0.0816669464111328	0.0816669464111328	0.0816669464111328	0.042339762051900175	0.027110387881596865	0.002551967899004567	3.0	3.0	3.0	4.324887492055464	2.748121797857478	0.25552269408170303	0.25552269408170303	2.748121797857478	4.324887492055464	2.442843994664882	2.442843994664882	4.324887492055464
109275185	T	G	T	G	109275185:T>G	109275185:T>G	217	False	False	0.7949999999999999	0.5444722215136416	2	0.0	15	3421	3019	0.7949999999999999	T	G	1	0.0421857833862304	0.0421857833862304	0.0421857833862304	1	0.02728271484375	0.02728271484375	0.02728271484375	0.010868271191914835	-0.013838112354278531	0.0007584393024444	3.0	3.0	3.0	1.092754539266993	-1.3742805804918496	0.07587269902587976	0.07587269902587976	1.3742805804918496	1.092754539266993	-0.0685511140663256	0.8476359395949075	1.3742805804918496
109275186	A	C	A	C	109275186:A>C	109275186:A>C	218	False	False	0.01	0.0	1	0.97016	18	2433	1190	0.01	A	C	1	0.0652303695678711	0.0652303695678711	0.0652303695678711	1	0.0624313354492187	0.0624313354492187	0.0624313354492187	0.025248289108276336	0.0104285577932993	0.0028969546159108	3.0	3.0	3.0	2.5569726708069256	1.0483124721953678	0.29011548439114054	0.29011548439114054	1.0483124721953678	2.5569726708069256	1.2984668757978113	1.2984668757978113	2.5569726708069256
109275186	A	G	A	G	109275186:A>G	109275186:A>G	218	False	False	-0.13	0.042426406871192854	2	3e-05	684	130273	106037	0.13	A	G	1	0.0204353332519531	0.0204353332519531	0.0204353332519531	1	0.0138778686523437	0.0138778686523437	0.0138778686523437	0.006672263145446733	-0.009196388224760634	-0.0012171268463134334	3.0	3.0	3.0	0.6694572283066019	-0.9154230777632095	-0.1216386447850172	0.1216386447850172	0.9154230777632095	0.6694572283066019	-0.12253483141387496	0.5688396502849429	0.9154230777632095
109275186	A	T	A	T	109275186:A>T	109275186:A>T	218	False	False	-0.23500000000000001	0.0636396103067893	2	0.0	193	51998	42261	0.23500000000000001	A	T	1	-0.0066404342651367	0.0066404342651367	0.0066404342651367	1	0.0097274780273437	0.0097274780273437	0.0097274780273437	0.0013141234715779184	-0.0014713183045387667	0.00024384260177610003	3.0	3.0	3.0	0.13149873101826146	-0.14702364464130677	0.02438723337999161	0.02438723337999161	0.14702364464130677	0.13149873101826146	0.0029541065856487636	0.10096986967985327	0.14702364464130677
109275187	A	C	A	C	109275187:A>C	109275187:A>C	219	False	False	0.13	0.16970562748477142	2	0.02452	66	11063	10947	0.13	A	C	1	0.0448799133300781	0.0448799133300781	0.0448799133300781	1	0.0238571166992187	0.0238571166992187	0.0238571166992187	-0.00010748704274493332	-0.0149728084603945	-0.00011686484018963332	3.0	3.0	3.0	-0.010748126621972337	-1.4861273322426523	-0.011685801176020073	0.011685801176020073	1.4861273322426523	0.010748126621972337	-0.5028537533468816	0.5028537533468816	1.4861273322426523
109275187	A	G	A	G	109275187:A>G	109275187:A>G	219	False	False	0.10500000000000001	0.007071067811865477	2	0.00019	910	163300	132063	0.10500000000000001	A	G	1	0.0563793182373046	0.0563793182373046	0.0563793182373046	1	0.0500221252441406	0.0500221252441406	0.0500221252441406	0.0192348957061767	-0.00014278789361320005	0.002841249108314467	3.0	3.0	3.0	1.9421078129863636	-0.014277769990710386	0.28452892820360637	0.28452892820360637	0.014277769990710386	1.9421078129863636	0.7374529903997532	0.7469715037268935	1.9421078129863636
109275187	A	T	A	T	109275187:A>T	109275187:A>T	219	False	False	-0.32	0.028284271247461926	2	0.0	298	63828	56753	0.32	A	T	1	-0.0126447677612304	0.0126447677612304	0.0126447677612304	1	0.0003471374511718	0.0003471374511718	0.0003471374511718	-0.00015350182851153328	-0.008096382021903934	-0.00018615523974096666	3.0	3.0	3.0	-0.01534900477086544	-0.8063694597095294	-0.01861379139294387	0.01861379139294387	0.8063694597095294	0.01534900477086544	-0.28011075195777957	0.28011075195777957	0.8063694597095294
109275188	T	A	T	A	109275188:T>A	109275188:T>A	220	False	False	0.33999999999999997	0.02828427124746191	2	0.0	224	50661	57747	0.33999999999999997	T	A	1	0.0333232879638671	0.0333232879638671	0.0333232879638671	1	0.0506973266601562	0.0506973266601562	0.0506973266601562	0.0263039668401082	0.0110421702265739	0.0020209650198617997	3.0	3.0	3.0	2.6652969508044753	1.110336000347646	0.2023008546067337	0.2023008546067337	1.110336000347646	2.6652969508044753	1.3259779352529517	1.3259779352529517	2.6652969508044753
109275188	T	C	T	C	109275188:T>C	109275188:T>C	220	False	False	0.18	0.12727922061357858	2	0.0	494	72966	57439	0.18	T	C	1	0.0382366180419921	0.0382366180419921	0.0382366180419921	1	0.0276241302490234	0.0276241302490234	0.0276241302490234	0.014782985051472934	8.677442868566665e-06	0.000998576482137	3.0	3.0	3.0	1.489279380814571	0.0008677480517682934	0.09990752256296971	0.09990752256296971	0.0008677480517682934	1.489279380814571	0.530018217143103	0.530018217143103	1.489279380814571
109275188	T	G	T	G	109275188:T>G	109275188:T>G	220	False	False	-0.96	0.268700576850888	2	0.0	21	7895	4157	0.96	T	G	1	0.0185956954956054	0.0185956954956054	0.0185956954956054	1	0.023172378540039	0.023172378540039	0.023172378540039	0.011375308036804135	-0.012226201593875835	0.0018825431664784332	3.0	3.0	3.0	1.1440252875505565	-1.215176525787611	0.18843162633344787	0.18843162633344787	1.215176525787611	1.1440252875505565	0.039093462698797765	0.8492111465572051	1.215176525787611
109275189	A	C	A	C	109275189:A>C	109275189:A>C	221	False	False	0.33999999999999997	0.04242640687119287	2	0.01759	39	6670	7672	0.33999999999999997	A	C	1	0.0575618743896484	0.0575618743896484	0.0575618743896484	1	0.0180168151855468	0.0180168151855468	0.0180168151855468	0.0038163264592488	0.0072834963599840005	-0.0014599959055582	3.0	3.0	3.0	0.382361790563322	0.7310085534448144	-0.1458930630031782	0.1458930630031782	0.7310085534448144	0.382361790563322	0.32249242700165276	0.41975446900377156	0.7310085534448144
109275189	A	G	A	G	109275189:A>G	109275189:A>G	221	False	False	0.14500000000000002	0.12020815280171307	2	0.0	569	95529	81542	0.14500000000000002	A	G	1	0.0202188491821289	0.0202188491821289	0.0202188491821289	1	0.0020885467529296	0.0020885467529296	0.0020885467529296	0.0002090930938721001	-0.0017452041308084667	-0.0006198187669117667	3.0	3.0	3.0	0.02091149553567212	-0.17436821475985834	-0.061962671894022034	0.061962671894022034	0.17436821475985834	0.02091149553567212	-0.07180646370606941	0.08574746072985083	0.17436821475985834
109275189	A	T	A	T	109275189:A>T	109275189:A>T	221	False	False	-0.26	0.028284271247461926	2	5e-05	180	24327	11715	0.26	A	T	1	-0.0342664718627929	0.0342664718627929	0.0342664718627929	1	-0.024968147277832	0.024968147277832	0.024968147277832	-0.012914856274922634	-0.0015222678581873	0.00034204125404353335	3.0	3.0	3.0	-1.2831817381479995	-0.1521109796172662	0.03420997568231984	0.03420997568231984	0.1521109796172662	1.2831817381479995	-0.4670275806943153	0.48983423114919517	1.2831817381479995
109275190	T	A	T	A	109275190:T>A	109275190:T>A	222	False	False	-0.505	0.007071067811865481	2	0.0	328	51745	24712	0.505	T	A	1	-0.0489387512207031	0.0489387512207031	0.0489387512207031	1	-0.023904800415039	0.023904800415039	0.023904800415039	-0.008410970369974733	-0.018742783615986466	-0.004666765530904101	3.0	3.0	3.0	-0.8375697122050854	-1.8568229889241263	-0.4655893100247473	0.4655893100247473	1.8568229889241263	0.8375697122050854	-1.0533273370513196	1.0533273370513196	1.8568229889241263
109275190	T	C	T	C	109275190:T>C	109275190:T>C	222	False	False	-0.1	0.0282842712474619	2	0.00219	449	78758	57442	0.1	T	C	1	0.0046730041503906	0.0046730041503906	0.0046730041503906	1	0.0010452270507812	0.0010452270507812	0.0010452270507812	-0.0020533005396525003	-0.013170925279458299	-0.0015791356563567335	3.0	3.0	3.0	-0.20511939601597076	-1.3084568193106936	-0.15778894776941768	0.15778894776941768	1.3084568193106936	0.20511939601597076	-0.5571217210320273	0.5571217210320273	1.3084568193106936
109275190	T	G	T	G	109275190:T>G	109275190:T>G	222	False	False	-0.17	0.042426406871192854	2	0.28303	27	3795	2087	0.17	T	G	1	0.0145759582519531	0.0145759582519531	0.0145759582519531	1	0.0006961822509765	0.0006961822509765	0.0006961822509765	0.003757993380228667	-0.006111041953166267	-0.0006061593691507667	3.0	3.0	3.0	0.3765063491053905	-0.6092407514224979	-0.060597569167484426	0.060597569167484426	0.6092407514224979	0.3765063491053905	-0.09777732382819726	0.3487815565651243	0.6092407514224979
109275191	A	C	A	C	109275191:A>C	109275191:A>C	223	False	False	-0.29	0.3959797974644666	2	0.01881	21	1564	1241	0.29	A	C	1	0.0015487670898437	0.0015487670898437	0.0015487670898437	1	-0.00909423828125	0.00909423828125	0.00909423828125	-0.0105332533518473	-0.005688197910785633	0.0007661084334055	3.0	3.0	3.0	-1.0477972903334045	-0.5672050743650648	0.07664019694267221	0.07664019694267221	0.5672050743650648	1.0477972903334045	-0.5127873892519323	0.5638808538803805	1.0477972903334045
109275191	A	G	A	G	109275191:A>G	109275191:A>G	223	False	False	0.055	0.06363961030678929	2	0.01263	583	116113	94511	0.055	A	G	1	0.044499397277832	0.044499397277832	0.044499397277832	1	0.0204238891601562	0.0204238891601562	0.0204238891601562	0.014122406641642202	0.0069748262564341	-0.0011831919352213	3.0	3.0	3.0	1.422259892276982	0.6999207007961152	-0.11824922396287815	0.11824922396287815	0.6999207007961152	1.422259892276982	0.6679771230367396	0.7468099390119919	1.422259892276982
109275191	A	T	A	T	109275191:A>T	109275191:A>T	223	False	False	-0.30000000000000004	0.028284271247461867	2	0.0	192	39533	29901	0.30000000000000004	A	T	1	-0.0343647003173828	0.0343647003173828	0.0343647003173828	1	0.0059146881103515	0.0059146881103515	0.0059146881103515	-0.005749265352884867	-0.0011975690722465001	0.00047672788302103333	3.0	3.0	3.0	-0.5732769954117206	-0.11968522725726931	0.04768415358180264	0.04768415358180264	0.11968522725726931	0.5732769954117206	-0.21509268969572912	0.24688212541693086	0.5732769954117206
109275192	T	A	T	A	109275192:T>A	109275192:T>A	224	False	False	-0.455	0.007071067811865481	2	0.0	265	49741	29479	0.455	T	A	1	-0.0413541793823242	0.0413541793823242	0.0413541793823242	1	-0.0299434661865234	0.0299434661865234	0.0299434661865234	-0.014831105868021601	-0.015338674187660167	-0.0008084376653034999	3.0	3.0	3.0	-1.4721666719934234	-1.522163589294324	-0.08081109676183279	0.08081109676183279	1.522163589294324	1.4721666719934234	-1.02504711934986	1.02504711934986	1.522163589294324
109275192	T	C	T	C	109275192:T>C	109275192:T>C	224	False	False	-0.225	0.03535533905932737	2	0.0	781	148328	96628	0.225	T	C	1	0.0007581710815429	0.0007581710815429	0.0007581710815429	1	-0.0189504623413085	0.0189504623413085	0.0189504623413085	-0.0124793450037638	-0.0192555263638496	-0.0013155738512674667	3.0	3.0	3.0	-1.2401800879700364	-1.9071322922213811	-0.13147088633484746	0.13147088633484746	1.9071322922213811	1.2401800879700364	-1.0929277555087549	1.0929277555087549	1.9071322922213811
109275192	T	G	T	G	109275192:T>G	109275192:T>G	224	False	False	-0.45	0.09899494936611666	2	0.0	49	17616	11187	0.45	T	G	1	-0.0156707763671875	0.0156707763671875	0.0156707763671875	1	-0.0196571350097656	0.0196571350097656	0.0196571350097656	-0.012587269147237101	-0.018100349853436098	-0.0011500020821888666	3.0	3.0	3.0	-1.2508380818058469	-1.7937522412285987	-0.11493410832020318	0.11493410832020318	1.7937522412285987	1.2508380818058469	-1.0531748104515495	1.0531748104515495	1.7937522412285987
109275193	T	A	T	A	109275193:T>A	109275193:T>A	225	False	False	-0.375	0.21920310216782976	2	0.0	163	37380	25189	0.375	T	A	1	-0.0231895446777343	0.0231895446777343	0.0231895446777343	1	-0.0150699615478515	0.0150699615478515	0.0150699615478515	-0.009031057357788001	-0.0057146549224852995	-0.00015349189440409873	3.0	3.0	3.0	-0.8990399844788499	-0.5698357341838907	-0.015348011512595714	0.015348011512595714	0.5698357341838907	0.8990399844788499	-0.4947412433917788	0.4947412433917788	0.8990399844788499
109275193	T	C	T	C	109275193:T>C	109275193:T>C	225	False	False	-0.15	0.042426406871192854	2	0.0	862	161248	106874	0.15	T	C	1	0.0099477767944335	0.0099477767944335	0.0099477767944335	1	-0.0048885345458984	0.0048885345458984	0.0048885345458984	-0.010913491249084433	-0.008126392960548333	-0.0006434619426726769	3.0	3.0	3.0	-1.0854155154280671	-0.8093463090003451	-0.06432549654332155	0.06432549654332155	0.8093463090003451	1.0854155154280671	-0.6530291069905779	0.6530291069905779	1.0854155154280671
109275193	T	G	T	G	109275193:T>G	109275193:T>G	225	False	False	-0.255	0.134350288425444	2	0.06056	27	3867	2028	0.255	T	G	1	-0.0027036666870117	0.0027036666870117	0.0027036666870117	1	-0.0253229141235351	0.0253229141235351	0.0253229141235351	-0.013092597325642835	-0.011080268770456267	-0.00011594096819554785	3.0	3.0	3.0	-1.3007262099170045	-1.1019108690905954	-0.011593424730123963	0.011593424730123963	1.1019108690905954	1.3007262099170045	-0.804743501245908	0.804743501245908	1.3007262099170045
109275194	T	A	T	A	109275194:T>A	109275194:T>A	226	False	False	-0.155	0.007071067811865481	2	0.00444	223	41009	30297	0.155	T	A	1	0.0163726806640625	0.0163726806640625	0.0163726806640625	1	0.0296745300292968	0.0296745300292968	0.0296745300292968	0.0232485135396321	-0.0036696630219618	0.0017980337142943668	3.0	3.0	3.0	2.3520866737513675	-0.36629380372719517	0.17996511461669804	0.17996511461669804	0.36629380372719517	2.3520866737513675	0.7219193282136235	0.9661151973650869	2.3520866737513675
109275194	T	C	T	C	109275194:T>C	109275194:T>C	226	False	False	-0.28	0.014142135623730904	2	0.0	1200	213867	136779	0.28	T	C	1	-0.0048828125	0.0048828125	0.0048828125	1	-0.0094451904296875	0.0094451904296875	0.0094451904296875	-0.015951434771219835	-0.012561398247877734	0.0007427334785460667	3.0	3.0	3.0	-1.582488441567658	-1.2482833191291778	0.0743009373357353	0.0743009373357353	1.2482833191291778	1.582488441567658	-0.9188236077870334	0.968357566010857	1.582488441567658
109275194	T	G	T	G	109275194:T>G	109275194:T>G	226	False	False	-0.325	0.24748737341529167	2	0.00454	29	9158	7018	0.325	T	G	1	0.0069074630737304	0.0069074630737304	0.0069074630737304	1	-0.0076923370361328	0.0076923370361328	0.0076923370361328	-0.0052562554677327	-0.010668113827705333	-0.00038093328475948847	3.0	3.0	3.0	-0.5242465528688552	-1.0611411316794097	-0.038086073888777446	0.038086073888777446	1.0611411316794097	0.5242465528688552	-0.541157919479014	0.541157919479014	1.0611411316794097
109275195	G	A	G	A	109275195:G>A	109275195:G>A	227	False	False	-0.22000000000000003	0.08485281374238571	2	6e-05	185	39225	30046	0.22000000000000003	G	A	1	-0.053105354309082	0.053105354309082	0.053105354309082	1	-0.0200109481811523	0.0200109481811523	0.0200109481811523	-0.013216257095336867	-0.0025712201992670334	0.0005975763003031	3.0	3.0	3.0	-1.3129305847722104	-0.25679174439206537	0.05977548845912499	0.05977548845912499	0.25679174439206537	1.3129305847722104	-0.5033156135683835	0.5431659392078002	1.3129305847722104
109275195	G	C	G	C	109275195:G>C	109275195:G>C	227	False	False	-0.435	0.45961940777125593	2	1e-05	18	1828	910	0.435	G	C	1	-0.0036802291870117	0.0036802291870117	0.0036802291870117	1	0.0038299560546875	0.0038299560546875	0.0038299560546875	-0.007963975270589134	0.0030977601806322333	0.0028521766265233	3.0	3.0	3.0	-0.7932346837912543	0.3102563197951971	0.285624795207076	0.285624795207076	0.3102563197951971	0.7932346837912543	-0.06578452292966037	0.4630385995978425	0.7932346837912543
109275195	G	T	G	T	109275195:G>T	109275195:G>T	227	False	False	-0.61	0.0	1	0.03239	9	615	178	0.61	G	T	1	-0.0264167785644531	0.0264167785644531	0.0264167785644531	1	0.0083427429199218	0.0083427429199218	0.0083427429199218	-0.009766419728596968	0.004558409253756133	0.00014338890711463334	3.0	3.0	3.0	-0.971888313142695	0.45688146058284596	0.014339918779534777	0.014339918779534777	0.45688146058284596	0.971888313142695	-0.1668889779267714	0.48103656416835855	0.971888313142695
109275196	T	A	T	A	109275196:T>A	109275196:T>A	228	False	False	-0.43999999999999995	0.19798989873223327	2	0.0	144	28458	15381	0.43999999999999995	T	A	1	-0.0332164764404296	0.0332164764404296	0.0332164764404296	1	-0.0406618118286132	0.0406618118286132	0.0406618118286132	-0.016236384709676033	-0.006290264427661867	-0.0011502405007679667	3.0	3.0	3.0	-1.6105285102315963	-0.6270522130822316	-0.11495792277284747	0.11495792277284747	0.6270522130822316	1.6105285102315963	-0.7841795486955584	0.7841795486955584	1.6105285102315963
109275196	T	C	T	C	109275196:T>C	109275196:T>C	228	False	False	0.125	0.007071067811865481	2	0.0	1111	215609	180508	0.125	T	C	1	0.0646228790283203	0.0646228790283203	0.0646228790283203	1	0.0405635833740234	0.0405635833740234	0.0405635833740234	0.018778483072916633	0.0068351278702417665	0.00025844573974610004	3.0	3.0	3.0	1.8955907634114078	0.6858540669504185	0.025847913972359516	0.025847913972359516	0.6858540669504185	1.8955907634114078	0.8690975814447285	0.8690975814447285	1.8955907634114078
109275196	T	G	T	G	109275196:T>G	109275196:T>G	228	False	False	-0.395	0.04949747468305831	2	0.0	138	37459	25837	0.395	T	G	1	0.0026559829711914	0.0026559829711914	0.0026559829711914	1	0.0048732757568359	0.0048732757568359	0.0048732757568359	0.0006956656773884666	-0.008050413181384334	0.00020786126454666666	3.0	3.0	3.0	0.0695907708876894	-0.8018095387203253	0.020788286919621347	0.020788286919621347	0.8018095387203253	0.0695907708876894	-0.23714349363767154	0.29739619884254537	0.8018095387203253
109275197	T	A	T	A	109275197:T>A	109275197:T>A	229	False	False	-0.4	0.014142135623730944	2	0.0	139	35580	23215	0.4	T	A	1	-0.023930549621582	0.023930549621582	0.023930549621582	1	-0.00909423828125	0.00909423828125	0.00909423828125	-0.009814103444417266	-0.008868478238582568	-0.0004493693510691	3.0	3.0	3.0	-0.9766102288984527	-0.882926927899332	-0.04492683997842972	0.04492683997842972	0.882926927899332	0.9766102288984527	-0.6348213322587382	0.6348213322587382	0.9766102288984527
109275197	T	C	T	C	109275197:T>C	109275197:T>C	229	False	False	-0.185	0.007071067811865481	2	0.0	916	168564	126865	0.185	T	C	1	0.0067768096923828	0.0067768096923828	0.0067768096923828	1	0.0041770935058593	0.0041770935058593	0.0041770935058593	-0.0047066211700439	-0.006923388689756334	-0.0017785231272378667	3.0	3.0	3.0	-0.469556238526439	-0.6899477248837738	-0.17769424921850052	0.17769424921850052	0.6899477248837738	0.469556238526439	-0.4457327375429044	0.4457327375429044	0.6899477248837738
109275197	T	G	T	G	109275197:T>G	109275197:T>G	229	False	False	0.19	0.8061017305526642	2	0.00209	40	7026	4110	0.19	T	G	1	-0.0162200927734375	0.0162200927734375	0.0162200927734375	1	-0.0059394836425781	0.0059394836425781	0.0059394836425781	-0.007978796958923267	-0.013335621605316733	0.0011635124683379667	3.0	3.0	3.0	-0.7947050846504701	-1.3247096154412104	0.11641896115660195	0.11641896115660195	1.3247096154412104	0.7947050846504701	-0.6676652463116928	0.7452778870827608	1.3247096154412104
109275198	T	A	T	A	109275198:T>A	109275198:T>A	230	False	False	-0.26	0.014142135623730963	2	0.0	229	38533	24557	0.26	T	A	1	-0.0169486999511718	0.0169486999511718	0.0169486999511718	1	0.0027847290039062	0.0027847290039062	0.0027847290039062	-0.002302964528401667	-0.0077649628122647	0.0006168683369953666	3.0	3.0	3.0	-0.23003147401052632	-0.7734893368234095	0.06170586393964573	0.06170586393964573	0.7734893368234095	0.23003147401052632	-0.31393831563143	0.35507555825786047	0.7734893368234095
109275198	T	C	T	C	109275198:T>C	109275198:T>C	230	False	False	0.08	0.0	2	0.00975	844	132831	102451	0.08	T	C	1	0.0539751052856445	0.0539751052856445	0.0539751052856445	1	0.0317230224609375	0.0317230224609375	0.0317230224609375	0.009236733118692967	0.0047637447714805005	0.0011964738368987666	3.0	3.0	3.0	0.9279523383994124	0.4775109442569026	0.11971898972739832	0.11971898972739832	0.4775109442569026	0.9279523383994124	0.5083940907945711	0.5083940907945711	0.9279523383994124
109275198	T	G	T	G	109275198:T>G	109275198:T>G	230	False	False	-0.325	0.2192031021678297	2	0.00639	33	17126	11393	0.325	T	G	1	0.0059585571289062	0.0059585571289062	0.0059585571289062	1	0.0024375915527343	0.0024375915527343	0.0024375915527343	-0.0036697387695312	-0.007219772785901967	-0.0006750424702961334	3.0	3.0	3.0	-0.36630135073798403	-0.7193772835235079	-0.06748146803866192	0.06748146803866192	0.7193772835235079	0.36630135073798403	-0.38438670076671794	0.38438670076671794	0.7193772835235079
109275199	T	A	T	A	109275199:T>A	109275199:T>A	231	False	False	0.185	0.03535533905932737	2	0.05134	84	21036	24627	0.185	T	A	1	0.0260324478149414	0.0260324478149414	0.0260324478149414	1	0.021453857421875	0.021453857421875	0.021453857421875	0.009933590888977	-0.0027358904480934	0.0022544463475544997	3.0	3.0	3.0	0.9983092777680549	-0.2732151310555604	0.22569895225128966	0.22569895225128966	0.2732151310555604	0.9983092777680549	0.3169310329879281	0.499074453691635	0.9983092777680549
109275199	T	C	T	C	109275199:T>C	109275199:T>C	231	False	False	0.12	0.042426406871192854	2	1e-05	622	118717	99246	0.12	T	C	1	0.0265102386474609	0.0265102386474609	0.0265102386474609	1	0.02008056640625	0.02008056640625	0.02008056640625	0.004523078600565567	-0.005433792869249933	0.00016111135482787232	3.0	3.0	3.0	0.45333231604052293	-0.541905652028155	0.016112433395921867	0.016112433395921867	0.541905652028155	0.45333231604052293	-0.024153634197236745	0.3371168004881999	0.541905652028155
109275199	T	G	T	G	109275199:T>G	109275199:T>G	231	False	False	-0.010000000000000002	0.16970562748477142	2	0.42631	21	4536	3995	0.010000000000000002	T	G	1	0.021071434020996	0.021071434020996	0.021071434020996	1	-0.001047134399414	0.001047134399414	0.001047134399414	0.0006302595138549667	-0.0027813663085301	-0.0036463936169941666	3.0	3.0	3.0	0.06304581691149662	-0.27775018928744216	-0.36397535969498596	0.36397535969498596	0.27775018928744216	0.06304581691149662	-0.19289324402364383	0.23492378863130822	0.36397535969498596
109275200	A	C	A	C	109275200:A>C	109275200:A>C	232	False	False	0.62	0.22627416997969524	2	0.00643	15	2710	2787	0.62	A	C	1	0.0798501968383789	0.0798501968383789	0.0798501968383789	1	0.0500221252441406	0.0500221252441406	0.0500221252441406	0.024708588918050067	0.0170949349800745	0.0017010569572448002	3.0	3.0	3.0	2.5016375866683287	1.7241889579881238	0.17025045753412713	0.17025045753412713	1.7241889579881238	2.5016375866683287	1.465359000730193	1.465359000730193	2.5016375866683287
109275200	A	G	A	G	109275200:A>G	109275200:A>G	232	False	False	-0.060000000000000005	0.014142135623730954	2	0.04582	496	87007	69573	0.060000000000000005	A	G	1	-0.0029792785644531	0.0029792785644531	0.0029792785644531	1	-0.0048885345458984	0.0048885345458984	0.0048885345458984	-0.0012166500091552667	-0.0027763719360033336	-0.0020787914594013663	3.0	3.0	3.0	-0.12159101905967137	-0.27725213797895437	-0.20766322688636255	0.20766322688636255	0.27725213797895437	0.12159101905967137	-0.2021687946416628	0.2021687946416628	0.27725213797895437
109275200	A	T	A	T	109275200:A>T	109275200:A>T	232	False	False	0.27	0.04242640687119287	2	0.0	211	37434	35974	0.27	A	T	1	0.0389022827148437	0.0389022827148437	0.0389022827148437	1	0.0442867279052734	0.0442867279052734	0.0442867279052734	0.011383573214213	0.011693251629670401	0.0010807613531748	3.0	3.0	3.0	1.1448612643181482	1.1761884951193797	0.10813455861792516	0.10813455861792516	1.1761884951193797	1.1448612643181482	0.8097281060184844	0.8097281060184844	1.1761884951193797
109275201	T	A	T	A	109275201:T>A	109275201:T>A	233	False	False	0.08	0.1414213562373095	2	0.04411	109	18554	13006	0.08	T	A	1	0.0257272720336914	0.0257272720336914	0.0257272720336914	1	0.0228271484375	0.0228271484375	0.0228271484375	0.015365282694498633	0.0007242833574612334	0.0008235375086466	3.0	3.0	3.0	1.5483935583431954	0.07245457139885134	0.08238767087689579	0.08238767087689579	0.07245457139885134	1.5483935583431954	0.5677452668729809	0.5677452668729809	1.5483935583431954
109275201	T	C	T	C	109275201:T>C	109275201:T>C	233	False	False	0.515	0.007071067811865481	2	0.0	1005	168313	202483	0.515	T	C	1	0.1476659774780273	0.1476659774780273	0.1476659774780273	1	0.1003246307373046	0.1003246307373046	0.1003246307373046	0.05531247456868483	0.018804105619589433	-3.800789515176666e-05	3.0	3.0	3.0	5.687080833423687	1.8982016213897681	-0.0038007172860870676	0.0038007172860870676	1.8982016213897681	5.687080833423687	2.5271605791757894	2.5296943906998473	5.687080833423687
109275201	T	G	T	G	109275201:T>G	109275201:T>G	233	False	False	0.72	0.09899494936611662	2	0.0	35	6900	14986	0.72	T	G	1	0.1514673233032226	0.1514673233032226	0.1514673233032226	1	0.1168155670166015	0.1168155670166015	0.1168155670166015	0.06172140439351396	0.0216175665458043	0.0021079281965891	3.0	3.0	3.0	6.366597077948276	2.1852918993694166	0.21101514391008344	0.21101514391008344	2.1852918993694166	6.366597077948276	2.920968040409259	2.920968040409259	6.366597077948276
109275202	T	A	T	A	109275202:T>A	109275202:T>A	234	False	False	0.275	0.04949747468305835	2	0.0	167	43007	31711	0.275	T	A	1	0.0421295166015625	0.0421295166015625	0.0421295166015625	1	0.0324058532714843	0.0324058532714843	0.0324058532714843	0.015868663787841734	-0.0012905796368916538	0.0007379452387491666	3.0	3.0	3.0	1.5995239676808355	-0.12897471971405156	0.07382175873255213	0.07382175873255213	0.12897471971405156	1.5995239676808355	0.5147903355664454	0.6007734820424797	1.5995239676808355
109275202	T	C	T	C	109275202:T>C	109275202:T>C	234	False	False	0.47	0.0	2	0.0	941	154664	153900	0.47	T	C	1	0.1400661468505859	0.1400661468505859	0.1400661468505859	1	0.0869274139404296	0.0869274139404296	0.0869274139404296	0.0404105186462402	0.0230811163783073	0.0036968191464741666	3.0	3.0	3.0	4.123813413601289	2.33495465895184	0.37036608105754154	0.37036608105754154	2.33495465895184	4.123813413601289	2.2763780512035567	2.2763780512035567	4.123813413601289
109275202	T	G	T	G	109275202:T>G	109275202:T>G	234	False	False	0.135	0.1767766952966369	2	0.01027	45	11027	11040	0.135	T	G	1	0.0740995407104492	0.0740995407104492	0.0740995407104492	1	0.0439491271972656	0.0439491271972656	0.0439491271972656	0.021479686101277633	0.0028781568010647664	0.0007069706916808333	3.0	3.0	3.0	2.1712035171767634	0.28823026708841604	0.07072206543622406	0.07072206543622406	0.28823026708841604	2.1712035171767634	0.8433852832338012	0.8433852832338012	2.1712035171767634
109275203	T	A	T	A	109275203:T>A	109275203:T>A	235	False	False	-0.265	0.049497474683058325	2	0.0	161	39319	23109	0.265	T	A	1	-0.036172866821289	0.036172866821289	0.036172866821289	1	-0.0101470947265625	0.0101470947265625	0.0101470947265625	-0.006613373756408633	-0.011875273038943535	0.0007426838080087667	3.0	3.0	3.0	-0.6591553528459837	-1.180504027007446	0.07429596659156126	0.07429596659156126	1.180504027007446	0.6591553528459837	-0.5884544710872895	0.6379851154816637	1.180504027007446
109275203	T	C	T	C	109275203:T>C	109275203:T>C	235	False	False	0.05	0.02828427124746191	2	0.0898	534	64652	46526	0.05	T	C	1	0.0051002502441406	0.0051002502441406	0.0051002502441406	1	0.007303237915039	0.007303237915039	0.007303237915039	-0.0022001266479491667	-0.014804239074389101	0.0006411770979562999	3.0	3.0	3.0	-0.21977081433129692	-1.4695195094681173	0.06413826959309947	0.06413826959309947	1.4695195094681173	0.21977081433129692	-0.5417173514021049	0.5844761977975045	1.4695195094681173
109275203	T	G	T	G	109275203:T>G	109275203:T>G	235	False	False	-0.08	0.0	1	0.82856	6	605	51	0.08	T	G	1	0.1802186965942382	0.1802186965942382	0.1802186965942382	1	0.1103706359863281	0.1103706359863281	0.1103706359863281	0.06115059057871497	0.05436874677737549	0.0035297622283299	3.0	3.0	3.0	6.305898880236019	5.587388046884505	0.35359991751782577	0.35359991751782577	5.587388046884505	6.305898880236019	4.08229561487945	4.08229561487945	6.305898880236019
109275204	A	C	A	C	109275204:A>C	109275204:A>C	236	False	False	-0.35	0.02828427124746191	2	0.00706	26	4625	4019	0.35	A	C	1	-0.0235958099365234	0.0235958099365234	0.0235958099365234	1	0.015604019165039	0.015604019165039	0.015604019165039	-0.0088810523351033	-0.012927144765853833	-0.0017288923263549334	3.0	3.0	3.0	-0.8841732277074296	-1.284394811420532	-0.17273986529410418	0.17273986529410418	1.284394811420532	0.8841732277074296	-0.7804359681406886	0.7804359681406886	1.284394811420532
109275204	A	G	A	G	109275204:A>G	109275204:A>G	236	False	False	0.275	0.06363961030678926	2	0.0	498	76672	71343	0.275	A	G	1	0.0698957443237304	0.0698957443237304	0.0698957443237304	1	0.0317230224609375	0.0317230224609375	0.0317230224609375	0.021937251091003366	0.005178657670815766	-0.0009944438934325667	3.0	3.0	3.0	2.2179641800696444	0.5192090095751611	-0.09939495979672537	0.09939495979672537	0.5192090095751611	2.2179641800696444	0.87925940994936	0.9455227164805103	2.2179641800696444
109275204	A	T	A	T	109275204:A>T	109275204:A>T	236	False	False	-0.30000000000000004	0.1414213562373095	2	0.0	235	43004	25929	0.30000000000000004	A	T	1	-0.0392284393310546	0.0392284393310546	0.0392284393310546	1	0.0149135589599609	0.0149135589599609	0.0149135589599609	-0.006368001302083333	-0.003485920528570767	-0.00031918287277219994	3.0	3.0	3.0	-0.6347768551965771	-0.34798517613997093	-0.03191319393382351	0.03191319393382351	0.34798517613997093	0.6347768551965771	-0.3382250750901239	0.3382250750901239	0.6347768551965771
109275205	T	A	T	A	109275205:T>A	109275205:T>A	237	False	False	-0.48	0.09899494936611672	2	0.0	286	65973	34651	0.48	T	A	1	-0.0368223190307617	0.0368223190307617	0.0368223190307617	1	-0.0175390243530273	0.0175390243530273	0.0175390243530273	-0.008990764617919866	-0.010697577148675834	-0.00041104356447853335	3.0	3.0	3.0	-0.8950468548297351	-1.0640561560913413	-0.04109590976461628	0.04109590976461628	1.0640561560913413	0.8950468548297351	-0.6667329735618975	0.6667329735618975	1.0640561560913413
109275205	T	C	T	C	109275205:T>C	109275205:T>C	237	False	False	-0.43	0.014142135623730963	2	0.0	894	175748	123699	0.43	T	C	1	-0.0363235473632812	0.0363235473632812	0.0363235473632812	1	0.0062618255615234	0.0062618255615234	0.0062618255615234	-0.0014838377634684666	-0.0172613362471262	-0.0018844902515411002	3.0	3.0	3.0	-0.14827374205250804	-1.7113212876240842	-0.1882715714661205	0.1882715714661205	1.7113212876240842	0.14827374205250804	-0.6826222003809043	0.6826222003809043	1.7113212876240842
109275205	T	G	T	G	109275205:T>G	109275205:T>G	237	False	False	-0.245	0.21920310216782976	2	0.00927	37	3841	1963	0.245	T	G	1	-0.0311183929443359	0.0311183929443359	0.0311183929443359	1	0.0013923645019531	0.0013923645019531	0.0013923645019531	-0.0085372924804687	-0.0168807059526443	0.00033974647521966666	3.0	3.0	3.0	-0.8500953285329493	-1.6739025179946718	0.03398041955899578	0.03398041955899578	1.6739025179946718	0.8500953285329493	-0.8300058089895418	0.8526594220288723	1.6739025179946718
109275206	T	A	T	A	109275206:T>A	109275206:T>A	238	False	False	-0.615	0.26162950903902266	2	0.0	211	31084	11979	0.615	T	A	1	-0.0506906509399414	0.0506906509399414	0.0506906509399414	1	-0.0119037628173828	0.0119037628173828	0.0119037628173828	-0.015448530515034966	-0.018948428332805568	-0.0010808706283568666	3.0	3.0	3.0	-1.5329814085163957	-1.8770035396853533	-0.10802866981025465	0.10802866981025465	1.8770035396853533	1.5329814085163957	-1.1726712060040012	1.1726712060040012	1.8770035396853533
109275206	T	C	T	C	109275206:T>C	109275206:T>C	238	False	False	-0.345	0.1202081528017131	2	0.0	928	115775	50414	0.345	T	C	1	-0.0113372802734375	0.0113372802734375	0.0113372802734375	1	0.0076484680175781	0.0076484680175781	0.0076484680175781	-0.005535880724588966	-0.0125570508340994	0.0011569559574126666	3.0	3.0	3.0	-0.5520585973212238	-1.24785400362224	0.11576254891377058	0.11576254891377058	1.24785400362224	0.5520585973212238	-0.5613833506765644	0.6385583832857448	1.24785400362224
109275206	T	G	T	G	109275206:T>G	109275206:T>G	238	False	False	-0.47	0.16970562748477142	2	9e-05	41	7351	5068	0.47	T	G	1	-0.0315485000610351	0.0315485000610351	0.0315485000610351	1	-0.0048885345458984	0.0048885345458984	0.0048885345458984	-0.013410409291585268	-0.012202626715103734	0.0010683337847391334	3.0	3.0	3.0	-1.3320890361526072	-1.2128476580984042	0.10689046565527224	0.10689046565527224	1.2128476580984042	1.3320890361526072	-0.8126820761985797	0.8839423866354279	1.3320890361526072
109275207	T	A	T	A	109275207:T>A	109275207:T>A	239	False	False	-0.44999999999999996	0.21213203435596428	2	0.0	401	88277	58164	0.44999999999999996	T	A	1	-0.039764404296875	0.039764404296875	0.039764404296875	1	-0.0094451904296875	0.0094451904296875	0.0094451904296875	-0.014900326728820733	-0.009429963926474166	0.000367303689320857	3.0	3.0	3.0	-1.478986617385093	-0.9385641246484673	0.03673711535806557	0.03673711535806557	0.9385641246484673	1.478986617385093	-0.7936045422251649	0.8180959524638753	1.478986617385093
109275207	T	C	T	C	109275207:T>C	109275207:T>C	239	False	False	-0.5700000000000001	0.11313708498984758	2	0.0	1223	206040	109207	0.5700000000000001	T	C	1	-0.0367326736450195	0.0367326736450195	0.0367326736450195	1	-0.0069904327392578	0.0069904327392578	0.0069904327392578	-0.013301213582356733	-0.011393935730059868	2.3374954859366685e-05	3.0	3.0	3.0	-1.3213143353719716	-1.1329270673862857	0.002337522805575267	0.002337522805575267	1.1329270673862857	1.3213143353719716	-0.8173012933175606	0.8188596418546109	1.3213143353719716
109275207	T	G	T	G	109275207:T>G	109275207:T>G	239	False	False	-0.5249999999999999	0.07778174593052026	2	0.0001	38	9171	6107	0.5249999999999999	T	G	1	-0.0280694961547851	0.0280694961547851	0.0280694961547851	1	-0.0150699615478515	0.0150699615478515	0.0150699615478515	-0.010640939076741468	-0.007961861789226468	0.0017496148745218335	3.0	3.0	3.0	-1.0584524562971376	-0.7930250119201393	0.1751146343656561	0.1751146343656561	0.7930250119201393	1.0584524562971376	-0.5587876112838736	0.6755307008609778	1.0584524562971376
109275208	G	A	G	A	109275208:G>A	109275208:G>A	240	False	False	-0.025	0.021213203435596427	2	0.11378	753	140010	122031	0.025	G	A	1	-0.0378131866455078	0.0378131866455078	0.0378131866455078	1	-0.029606819152832	0.029606819152832	0.029606819152832	-0.0104921658833821	-0.006489870448907167	-0.0007697641849517333	3.0	3.0	3.0	-1.043731511299297	-0.6468856723046024	-0.07694679925058366	0.07694679925058366	0.6468856723046024	1.043731511299297	-0.5891879942848277	0.5891879942848277	1.043731511299297
109275208	G	C	G	C	109275208:G>C	109275208:G>C	240	False	False	-0.245	0.03535533905932738	2	0.00945	95	14371	7607	0.245	G	C	1	-0.0416574478149414	0.0416574478149414	0.0416574478149414	1	-0.0138349533081054	0.0138349533081054	0.0138349533081054	-0.010174751281738233	-0.013740897178649866	0.0024469643831252666	3.0	3.0	3.0	-1.0123163612068782	-1.3646921977963764	0.24499606438874352	0.24499606438874352	1.3646921977963764	1.0123163612068782	-0.7106708315381703	0.874001541130666	1.3646921977963764
109275208	G	T	G	T	109275208:G>T	109275208:G>T	240	False	False	-0.28500000000000003	0.021213203435596385	2	0.12293	21	2927	1688	0.28500000000000003	G	T	1	-0.0578584671020507	0.0578584671020507	0.0578584671020507	1	-0.0260076522827148	0.0260076522827148	0.0260076522827148	-0.017938574155171666	-0.0088047583897908	0.0005788207054138	3.0	3.0	3.0	-1.777863571757847	-0.876611001767703	0.05789882544436978	0.05789882544436978	0.876611001767703	1.777863571757847	-0.8655252493603934	0.9041244663233066	1.777863571757847
109275209	C	A	C	A	109275209:C>A	109275209:C>A	241	False	False	-0.245	0.03535533905932738	2	0.00221	62	19712	14980	0.245	C	A	1	-0.0543956756591796	0.0543956756591796	0.0543956756591796	1	-0.0181198120117187	0.0181198120117187	0.0181198120117187	-0.0121072928110758	-0.0030431946118672335	0.0005215009053547667	3.0	3.0	3.0	-1.2034294442674351	-0.30385687887607915	0.05216369105931671	0.05216369105931671	0.30385687887607915	1.2034294442674351	-0.4850408773613992	0.5198166714009437	1.2034294442674351
109275209	C	G	C	G	109275209:C>G	109275209:C>G	241	False	False	-0.385	0.021213203435596444	2	0.0	86	27698	19702	0.385	C	G	1	-0.0525751113891601	0.0525751113891601	0.0525751113891601	1	-0.0138349533081054	0.0138349533081054	0.0138349533081054	-0.010262688000996834	-0.0062666398783523996	0.0002995729446410854	3.0	3.0	3.0	-1.0210206306350242	-0.6247045442460125	0.02996178210968113	0.02996178210968113	0.6247045442460125	1.0210206306350242	-0.5385877975904519	0.558562318996906	1.0210206306350242
109275209	C	T	C	T	109275209:C>T	109275209:C>T	241	False	False	-0.31	0.014142135623730963	2	0.0	647	149544	110588	0.31	C	T	1	-0.0737466812133789	0.0737466812133789	0.0737466812133789	1	-0.0339384078979492	0.0339384078979492	0.0339384078979492	-0.019532839457193935	-0.003884586195150967	-0.0011244316895802334	3.0	3.0	3.0	-1.9343309573531566	-0.38770509504574	-0.11237997531466101	0.11237997531466101	0.38770509504574	1.9343309573531566	-0.8114720092378526	0.8114720092378526	1.9343309573531566
109275210	T	A	T	A	109275210:T>A	109275210:T>A	242	False	False	-0.155	0.04949747468305833	2	0.00047	314	45433	26749	0.155	T	A	1	-0.0166711807250976	0.0166711807250976	0.0166711807250976	1	-0.0145492553710937	0.0145492553710937	0.0145492553710937	-0.008929093678792266	-0.007577498753865534	-0.0010187923908233	3.0	3.0	3.0	-0.8889347708300327	-0.7548861887773669	-0.10182735980511665	0.10182735980511665	0.7548861887773669	0.8889347708300327	-0.5818827731375054	0.5818827731375054	0.8889347708300327
109275210	T	C	T	C	109275210:T>C	109275210:T>C	242	False	False	-0.14	0.08485281374238571	2	0.0	1209	194471	127046	0.14	T	C	1	0.0003652572631835	0.0003652572631835	0.0003652572631835	1	-0.0003528594970703	0.0003528594970703	0.0003528594970703	-0.0038069486618041333	-0.007090482860803567	0.0001525779565175	3.0	3.0	3.0	-0.3799711419596664	-0.7065404694312875	0.015258959712593343	0.015258959712593343	0.7065404694312875	0.3799711419596664	-0.35708421722612016	0.36725685703451577	0.7065404694312875
109275210	T	G	T	G	109275210:T>G	109275210:T>G	242	False	False	-0.235	0.021213203435596416	2	0.00298	158	23970	12351	0.235	T	G	1	-0.033247947692871	0.033247947692871	0.033247947692871	1	-0.0260076522827148	0.0260076522827148	0.0260076522827148	-0.0113426049550374	-0.009500153362750932	-0.0006216168403625168	3.0	3.0	3.0	-1.1278520136563455	-0.9455169469791308	-0.06214236766410863	0.06214236766410863	0.9455169469791308	1.1278520136563455	-0.711837109433195	0.711837109433195	1.1278520136563455
109275211	T	A	T	A	109275211:T>A	109275211:T>A	243	False	False	-0.38	0.04242640687119287	2	0.0	541	102767	53745	0.38	T	A	1	-0.0445013046264648	0.0445013046264648	0.0445013046264648	1	-0.0350236892700195	0.0350236892700195	0.0350236892700195	-0.015474836031595801	-0.0129197351634502	-0.0005008975664774	3.0	3.0	3.0	-1.5355716002363353	-1.2836633653251914	-0.05007721382344565	0.05007721382344565	1.2836633653251914	1.5355716002363353	-0.9564373931283242	0.9564373931283242	1.5355716002363353
109275211	T	C	T	C	109275211:T>C	109275211:T>C	243	False	False	0.14	0.028284271247461915	2	0.0	1185	190034	172883	0.14	T	C	1	0.0264654159545898	0.0264654159545898	0.0264654159545898	1	0.0123052597045898	0.0123052597045898	0.0123052597045898	0.0009882052739461002	-0.0006200472513834	0.0014025568962096665	3.0	3.0	3.0	0.09886937096561588	-0.06198550618106837	0.14035409391381742	0.14035409391381742	0.06198550618106837	0.09886937096561588	0.05907931956612164	0.10040299035350057	0.14035409391381742
109275211	T	G	T	G	109275211:T>G	109275211:T>G	243	False	False	-0.315	0.06363961030678926	2	0.0	231	50303	32804	0.315	T	G	1	-0.0127620697021484	0.0127620697021484	0.0127620697021484	1	-0.0188350677490234	0.0188350677490234	0.0188350677490234	-0.0037930806477864	-0.004233652104934034	-0.0007354815800983999	3.0	3.0	3.0	-0.3785896004234196	-0.4224702833682688	-0.07352111798166062	0.07352111798166062	0.4224702833682688	0.3785896004234196	-0.29152700059111636	0.29152700059111636	0.4224702833682688
109275212	T	A	T	A	109275212:T>A	109275212:T>A	244	False	False	-0.43	0.09899494936611666	2	0.0	401	65718	36975	0.43	T	A	1	-0.0225095748901367	0.0225095748901367	0.0225095748901367	1	-0.0408229827880859	0.0408229827880859	0.0408229827880859	-0.0149128437042236	-0.014588054269552167	-0.0015038847923278	3.0	3.0	3.0	-1.480219794768427	-1.4482164141529987	-0.1502754524262155	0.1502754524262155	1.4482164141529987	1.480219794768427	-1.0262372204492138	1.0262372204492138	1.480219794768427
109275212	T	C	T	C	109275212:T>C	109275212:T>C	244	False	False	-0.41000000000000003	0.05656854249492383	2	0.0	1097	165017	90002	0.41000000000000003	T	C	1	-0.0511274337768554	0.0511274337768554	0.0511274337768554	1	-0.0292463302612304	0.0292463302612304	0.0292463302612304	-0.016485253969828233	-0.01602508500218387	0.0001493493715922	3.0	3.0	3.0	-1.6350115785401076	-1.58973664710556	0.014936052476483035	0.014936052476483035	1.58973664710556	1.6350115785401076	-1.069937391056395	1.0798947593740502	1.6350115785401076
109275212	T	G	T	G	109275212:T>G	109275212:T>G	244	False	False	-0.625	0.049497474683058366	2	0.0	165	20007	8935	0.625	T	G	1	-0.0577211380004882	0.0577211380004882	0.0577211380004882	1	-0.0397329330444335	0.0397329330444335	0.0397329330444335	-0.019647439320882098	-0.018568365524212465	-0.0012293855349222334	3.0	3.0	3.0	-1.9455686257280016	-1.839703550342712	-0.12286301501102598	0.12286301501102598	1.839703550342712	1.9455686257280016	-1.3027117303605797	1.3027117303605797	1.9455686257280016
109275213	T	A	T	A	109275213:T>A	109275213:T>A	245	False	False	-0.11	0.0	2	0.00289	541	102328	85285	0.11	T	A	1	-0.0075578689575195	0.0075578689575195	0.0075578689575195	1	-0.0339384078979492	0.0339384078979492	0.0339384078979492	-0.009774247805277468	-0.007914808889230067	-0.0021670162677764667	3.0	3.0	3.0	-0.9726635097603517	-0.7883569262244563	-0.21646699831423993	0.21646699831423993	0.7883569262244563	0.9726635097603517	-0.6591624780996826	0.6591624780996826	0.9726635097603517
109275213	T	C	T	C	109275213:T>C	109275213:T>C	245	False	False	0.075	0.021213203435596427	2	0.00226	1158	195378	170208	0.075	T	C	1	0.0218629837036132	0.0218629837036132	0.0218629837036132	1	-0.0010595321655273	0.0010595321655273	0.0010595321655273	-0.0011174678802490224	-0.0057692093153794005	-5.070368448893334e-05	3.0	3.0	3.0	-0.11168437455224792	-0.5752599384723418	-0.005070239907884806	0.005070239907884806	0.5752599384723418	0.11168437455224792	-0.23067151764415816	0.23067151764415816	0.5752599384723418
109275213	T	G	T	G	109275213:T>G	109275213:T>G	245	False	False	-0.015	0.16263455967290594	2	0.18788	98	19510	18234	0.015	T	G	1	0.0380687713623046	0.0380687713623046	0.0380687713623046	1	0.0010585784912109	0.0010585784912109	0.0010585784912109	0.005267620086669866	-0.004386272281408233	-0.002330084641774433	3.0	3.0	3.0	0.5281518390303547	-0.4376666638598524	-0.2327372101780468	0.2327372101780468	0.4376666638598524	0.5281518390303547	-0.047417345002514856	0.39951857102275135	0.5281518390303547
109275214	T	A	T	A	109275214:T>A	109275214:T>A	246	False	False	0.095	0.07778174593052022	2	0.00213	432	82941	77797	0.095	T	A	1	0.0206708908081054	0.0206708908081054	0.0206708908081054	1	-0.0024738311767578	0.0024738311767578	0.0024738311767578	-0.0009028514226277	-0.0037288429836431665	0.0008341272672017	3.0	3.0	3.0	-0.09024439749128377	-0.3721899481735411	0.08344752480973701	0.08344752480973701	0.3721899481735411	0.09024439749128377	-0.1263289402850293	0.18196062349152062	0.3721899481735411
109275214	T	C	T	C	109275214:T>C	109275214:T>C	246	False	False	0.17	0.0	2	0.0	1570	286312	287396	0.17	T	C	1	0.0340728759765625	0.0340728759765625	0.0340728759765625	1	0.0042314529418945	0.0042314529418945	0.0042314529418945	0.009189367294311466	0.0031542579332986998	5.3991874059033334e-05	3.0	3.0	3.0	0.9231719159489862	0.3159237839446491	0.005399333164649805	0.005399333164649805	0.3159237839446491	0.9231719159489862	0.414831677686095	0.414831677686095	0.9231719159489862
109275214	T	G	T	G	109275214:T>G	109275214:T>G	246	False	False	0.17	0.042426406871192854	2	0.0098	141	21776	19306	0.17	T	G	1	0.0298480987548828	0.0298480987548828	0.0298480987548828	1	0.0052862167358398	0.0052862167358398	0.0052862167358398	0.006369193394978767	0.002230316400527867	-0.0005166828632354326	3.0	3.0	3.0	0.6389519838665791	0.2232805406230542	-0.05165494056309274	0.05165494056309274	0.2232805406230542	0.6389519838665791	0.2701925279755135	0.3046291550175753	0.6389519838665791
109275215	G	A	G	A	109275215:G>A	109275215:G>A	247	False	False	-0.245	0.04949747468305836	2	0.0	988	217134	167300	0.245	G	A	1	-0.0350933074951171	0.0350933074951171	0.0350933074951171	1	-0.0124111175537109	0.0124111175537109	0.0124111175537109	-0.006773511568705234	-0.0032394677400588664	0.0006060699621836	3.0	3.0	3.0	-0.6750623046932477	-0.3234226325764496	0.0606253659692437	0.0606253659692437	0.3234226325764496	0.6750623046932477	-0.3126198571001512	0.3530367677463137	0.6750623046932477
109275215	G	C	G	C	109275215:G>C	109275215:G>C	247	False	False	0.04	0.0282842712474619	2	0.45468	155	36586	37781	0.04	G	C	1	0.0030384063720703	0.0030384063720703	0.0030384063720703	1	0.0080976486206054	0.0080976486206054	0.0080976486206054	0.0005822976430256667	-0.0013672535618145668	0.0023852884769439333	3.0	3.0	3.0	0.05824672112096575	-0.13663192965044532	0.23881355407425106	0.23881355407425106	0.13663192965044532	0.05824672112096575	0.05347611518159049	0.14456406828188736	0.23881355407425106
109275215	G	T	G	T	109275215:G>T	109275215:G>T	247	False	False	-0.34	0.15556349186104046	2	0.0	104	23670	20254	0.34	G	T	1	-0.0371351242065429	0.0371351242065429	0.0371351242065429	1	-0.0113420486450195	0.0113420486450195	0.0113420486450195	-0.009805202484130799	-0.0006315981348355	-0.0010614693164824668	3.0	3.0	3.0	-0.9757288217159894	-0.06313987187193615	-0.1060906157203939	0.1060906157203939	0.06313987187193615	0.9757288217159894	-0.3816531031027732	0.3816531031027732	0.9757288217159894
109275216	T	A	T	A	109275216:T>A	109275216:T>A	248	False	False	0.125	0.007071067811865481	2	9e-05	548	130068	124417	0.125	T	A	1	0.0167160034179687	0.0167160034179687	0.0167160034179687	1	0.0063409805297851	0.0063409805297851	0.0063409805297851	0.0046852827072143	0.000447854399681067	0.0019643505414326332	3.0	3.0	3.0	0.4696275806124232	0.04479547014356924	0.19662811418758294	0.19662811418758294	0.04479547014356924	0.4696275806124232	0.23701705498119177	0.23701705498119177	0.4696275806124232
109275216	T	C	T	C	109275216:T>C	109275216:T>C	248	False	False	0.09	0.042426406871192854	2	0.0001	1081	204929	159899	0.09	T	C	1	0.0164518356323242	0.0164518356323242	0.0164518356323242	1	-0.0017662048339843	0.0017662048339843	0.0017662048339843	0.0017792383829752332	0.0006355047225951333	-0.0005203286806742	3.0	3.0	3.0	0.17808221667573032	0.06357066985046358	-0.05201933331823124	0.05201933331823124	0.06357066985046358	0.17808221667573032	0.06321118440265422	0.09789073994814172	0.17808221667573032
109275216	T	G	T	G	109275216:T>G	109275216:T>G	248	False	False	0.225	0.04949747468305833	2	0.0001	129	29422	24186	0.225	T	G	1	0.0311927795410156	0.0311927795410156	0.0311927795410156	1	0.0035257339477539	0.0035257339477539	0.0035257339477539	0.011116464932759534	0.0012076422572135667	0.0015322069327035998	3.0	3.0	3.0	1.1178482421095643	0.12083717507504561	0.15333813614919606	0.15333813614919606	0.12083717507504561	1.1178482421095643	0.46400785111126863	0.46400785111126863	1.1178482421095643
109275217	G	A	G	A	109275217:G>A	109275217:G>A	249	False	False	-0.24	0.0	2	0.0	770	161940	114784	0.24	G	A	1	-0.0183782577514648	0.0183782577514648	0.0183782577514648	1	-0.0206251144409179	0.0206251144409179	0.0206251144409179	-0.010227322578430134	-0.007072786490122467	0.0004501442114512001	3.0	3.0	3.0	-1.0175201353065226	-0.7047833200176878	0.04502455415605686	0.04502455415605686	0.7047833200176878	1.0175201353065226	-0.5590929670560513	0.5891093364934225	1.0175201353065226
109275217	G	C	G	C	109275217:G>C	109275217:G>C	249	False	False	0.21999999999999997	0.09899494936611665	2	3e-05	234	43890	44394	0.21999999999999997	G	C	1	-0.0189676284790039	0.0189676284790039	0.0189676284790039	1	-0.0174055099487304	0.0174055099487304	0.0174055099487304	-0.006421089172363233	-0.004735819995403266	-0.0015799105167388333	3.0	3.0	3.0	-0.6400518032541037	-0.47246236814377846	-0.15786631151325026	0.15786631151325026	0.47246236814377846	0.6400518032541037	-0.4234601609703774	0.4234601609703774	0.6400518032541037
109275217	G	T	G	T	109275217:G>T	109275217:G>T	249	False	False	-0.355	0.12020815280171304	2	0.0	120	23878	19352	0.355	G	T	1	-0.0582094192504882	0.0582094192504882	0.0582094192504882	1	-0.0310487747192382	0.0310487747192382	0.0310487747192382	-0.0162592728932698	-0.012604758143424932	-0.0008159875869750668	3.0	3.0	3.0	-1.6127804407473498	-1.2525650904203183	-0.0815654759637832	0.0815654759637832	1.2525650904203183	1.6127804407473498	-0.982303669043817	0.982303669043817	1.6127804407473498
109275218	T	A	T	A	109275218:T>A	109275218:T>A	250	False	False	0.1	0.0282842712474619	2	0.0	781	184282	181996	0.1	T	A	1	0.0043869018554687	0.0043869018554687	0.0043869018554687	1	-0.0124111175537109	0.0124111175537109	0.0124111175537109	-0.002608140309651667	-0.0018507416049638667	-0.001535952091217	3.0	3.0	3.0	-0.26047420667210464	-0.18490300387714434	-0.15347731204951773	0.15347731204951773	0.18490300387714434	0.26047420667210464	-0.1996181741995889	0.1996181741995889	0.26047420667210464
109275218	T	C	T	C	109275218:T>C	109275218:T>C	250	False	False	0.15500000000000003	0.021213203435596416	2	0.0	1171	224751	186288	0.15500000000000003	T	C	1	0.0353202819824218	0.0353202819824218	0.0353202819824218	1	0.0227689743041992	0.0227689743041992	0.0227689743041992	0.005547523498535133	0.0033520509799321	0.0030352969964344664	3.0	3.0	3.0	0.5562939500713225	0.3357675385493653	0.30399081746141887	0.30399081746141887	0.3357675385493653	0.5562939500713225	0.39868410202736887	0.39868410202736887	0.5562939500713225
109275218	T	G	T	G	109275218:T>G	109275218:T>G	250	False	False	-0.035	0.14849242404917498	2	0.06082	203	54535	51481	0.035	T	G	1	0.0451793670654296	0.0451793670654296	0.0451793670654296	1	0.0297040939331054	0.0297040939331054	0.0297040939331054	0.019979198773701936	0.013258270919322933	0.0012690226236978666	3.0	3.0	3.0	2.018011880852677	1.3346551511102878	0.1269828173625251	0.1269828173625251	1.3346551511102878	2.018011880852677	1.1598832831084966	1.1598832831084966	2.018011880852677
109275219	T	A	T	A	109275219:T>A	109275219:T>A	251	False	False	0.03	0.0	2	0.26115	769	139088	133576	0.03	T	A	1	0.0132703781127929	0.0132703781127929	0.0132703781127929	1	0.0003538131713867	0.0003538131713867	0.0003538131713867	-0.0021323760350544997	-0.0032477726538975332	-0.0016621152559916	3.0	3.0	3.0	-0.21301041364113837	-0.32425043452580254	-0.16607347074123827	0.16607347074123827	0.32425043452580254	0.21301041364113837	-0.23444477296939306	0.23444477296939306	0.32425043452580254
109275219	T	C	T	C	109275219:T>C	109275219:T>C	251	False	False	0.015	0.021213203435596427	2	0.39622	965	148447	104767	0.015	T	C	1	0.0254688262939453	0.0254688262939453	0.0254688262939453	1	0.0077466964721679	0.0077466964721679	0.0077466964721679	0.0016712745030720668	0.003310737510522133	0.0004356503486633334	3.0	3.0	3.0	0.1672671860651978	0.33162240551193894	0.04357452580584153	0.04357452580584153	0.33162240551193894	0.1672671860651978	0.18082137246099275	0.18082137246099275	0.33162240551193894
109275219	T	G	T	G	109275219:T>G	109275219:T>G	251	False	False	-0.02	0.01414213562373095	2	0.55424	229	56742	55739	0.02	T	G	1	0.025400161743164	0.025400161743164	0.025400161743164	1	0.0220746994018554	0.0220746994018554	0.0220746994018554	0.014409979184468534	0.008637947340806267	-9.16918118794433e-05	3.0	3.0	3.0	1.4514303435627949	0.8675362059135513	-0.009168760831373893	0.009168760831373893	0.8675362059135513	1.4514303435627949	0.7699325962149907	0.7760451034359067	1.4514303435627949
109275220	G	A	G	A	109275220:G>A	109275220:G>A	252	False	False	0.025	0.06363961030678929	2	0.01329	525	227219	242446	0.025	G	A	1	0.0026664733886718	0.0026664733886718	0.0026664733886718	1	0.0056390762329101	0.0056390762329101	0.0056390762329101	-0.003963510195414167	-0.0018122245868046668	0.00042916337649023334	3.0	3.0	3.0	-0.3955665856008144	-0.18105834993175476	0.042925548026747834	0.042925548026747834	0.18105834993175476	0.3955665856008144	-0.1778997958352738	0.20651682785310568	0.3955665856008144
109275220	G	C	G	C	109275220:G>C	109275220:G>C	252	False	False	-0.1	0.09899494936611666	2	0.12427	57	12384	14608	0.1	G	C	1	0.0294351577758789	0.0294351577758789	0.0294351577758789	1	0.0286664962768554	0.0286664962768554	0.0286664962768554	0.005388418833414666	0.005605476597944833	0.00013693173726396667	3.0	3.0	3.0	0.540296247284961	0.5621216678364045	0.013694111284223492	0.013694111284223492	0.5621216678364045	0.540296247284961	0.37203734213519635	0.37203734213519635	0.5621216678364045
109275220	G	T	G	T	109275220:G>T	109275220:G>T	252	False	False	0.085	0.06363961030678929	2	0.05646	228	45977	31408	0.085	G	T	1	0.0095367431640625	0.0095367431640625	0.0095367431640625	1	0.013005256652832	0.013005256652832	0.013005256652832	-0.0008003711700439333	0.0054885844389597335	0.0009718437989552001	3.0	3.0	3.0	-0.08000509584740817	0.5503674313249542	0.09723161921583914	0.09723161921583914	0.5503674313249542	0.08000509584740817	0.18919798489779507	0.24253471546273384	0.5503674313249542
109275221	G	A	G	A	109275221:G>A	109275221:G>A	253	False	False	-0.135	0.16263455967290594	2	0.0	794	172637	146703	0.135	G	A	1	-0.0196800231933593	0.0196800231933593	0.0196800231933593	1	0.0063409805297851	0.0063409805297851	0.0063409805297851	-0.004158814748128199	-0.0012012595931688334	0.0005510548750559038	3.0	3.0	3.0	-0.4150178853916167	-0.12005383696848601	0.05512067336864304	0.05512067336864304	0.12005383696848601	0.4150178853916167	-0.15998368299715324	0.19673079857624862	0.4150178853916167
109275221	G	C	G	C	109275221:G>C	109275221:G>C	253	False	False	-0.0049999999999999975	0.12020815280171307	2	0.1356	147	26877	19854	0.0049999999999999975	G	C	1	0.0002470016479492	0.0002470016479492	0.0002470016479492	1	0.0042314529418945	0.0042314529418945	0.0042314529418945	-0.0022410154342651003	-0.0007629518707593332	-0.0017627477645873666	3.0	3.0	3.0	-0.22385062339123574	-0.0762660896985152	-0.17611950372361487	0.17611950372361487	0.0762660896985152	0.22385062339123574	-0.15874540560445527	0.15874540560445527	0.22385062339123574
109275221	G	T	G	T	109275221:G>T	109275221:G>T	253	False	False	-0.305	0.007071067811865481	2	0.0	509	82555	52310	0.305	G	T	1	-0.0344724655151367	0.0344724655151367	0.0344724655151367	1	-0.0092096328735351	0.0092096328735351	0.0092096328735351	-0.010841409365336034	-0.005345718314250267	-0.0020548204580942	3.0	3.0	3.0	-1.0782853088719564	-0.5331455388614709	-0.20527107598011735	0.20527107598011735	0.5331455388614709	1.0782853088719564	-0.6055673079045149	0.6055673079045149	1.0782853088719564
109275222	G	A	G	A	109275222:G>A	109275222:G>A	254	False	False	0.12000000000000001	0.11313708498984762	2	0.0	621	197007	214274	0.12000000000000001	G	A	1	0.0264482498168945	0.0264482498168945	0.0264482498168945	1	0.0227689743041992	0.0227689743041992	0.0227689743041992	0.0033591588338215666	0.0036377087235450333	0.0017183621724446002	3.0	3.0	3.0	0.3364807130594839	0.3644333216146256	0.17198394027401528	0.17198394027401528	0.3644333216146256	0.3364807130594839	0.2909659916493749	0.2909659916493749	0.3644333216146256
109275222	G	C	G	C	109275222:G>C	109275222:G>C	254	False	False	-0.35	0.04242640687119283	2	0.0	104	16405	11203	0.35	G	C	1	0.0078363418579101	0.0078363418579101	0.0078363418579101	1	-0.0038890838623046	0.0038890838623046	0.0038890838623046	-0.004205107688903767	-0.005731684466203001	-0.0005459288756052334	3.0	3.0	3.0	-0.41962786036531174	-0.5715289700955551	-0.054577988355087856	0.054577988355087856	0.5715289700955551	0.41962786036531174	-0.34857827293865157	0.34857827293865157	0.5715289700955551
109275222	G	T	G	T	109275222:G>T	109275222:G>T	254	False	False	-0.10500000000000001	0.007071067811865477	2	0.08095	184	25893	15094	0.10500000000000001	G	T	1	0.0103025436401367	0.0103025436401367	0.0103025436401367	1	0.0164995193481445	0.0164995193481445	0.0164995193481445	0.0002684990564982001	-0.0005020375053087438	-0.0001606245835622	3.0	3.0	3.0	0.02685351055961811	-0.05019115055667897	-0.016061168412444256	0.016061168412444256	0.05019115055667897	0.02685351055961811	-0.013132936136501705	0.031035276509580448	0.05019115055667897
109275223	A	C	A	C	109275223:A>C	109275223:A>C	255	False	False	0.39	0.014142135623730963	2	0.00122	60	10959	8193	0.39	A	C	1	0.0587711334228515	0.0587711334228515	0.0587711334228515	1	0.0359163284301757	0.0359163284301757	0.0359163284301757	0.011182030042012467	0.0030475631356238664	0.001571238040924	3.0	3.0	3.0	1.1244782622236011	0.3052211677198465	0.1572473082177852	0.1572473082177852	0.3052211677198465	1.1244782622236011	0.5289822460537442	0.5289822460537442	1.1244782622236011
109275223	A	G	A	G	109275223:A>G	109275223:A>G	255	False	False	-0.10500000000000001	0.007071067811865477	2	0.0	1402	251824	185151	0.10500000000000001	A	G	1	-0.0089693069458007	0.0089693069458007	0.0089693069458007	1	0.013005256652832	0.013005256652832	0.013005256652832	0.008536855379740334	0.0006747270623842667	0.0013951361179351332	3.0	3.0	3.0	0.8573398242653985	0.06749547418929194	0.13961097730700844	0.13961097730700844	0.06749547418929194	0.8573398242653985	0.3548154252538996	0.3548154252538996	0.8573398242653985
109275223	A	T	A	T	109275223:A>T	109275223:A>T	255	False	False	0.165	0.1202081528017131	2	0.0	555	65279	45887	0.165	A	T	1	0.0226974487304687	0.0226974487304687	0.0226974487304687	1	0.0144033432006835	0.0144033432006835	0.0144033432006835	0.004677613576253199	0.0003000199794769333	0.0011096100012460666	3.0	3.0	3.0	0.4688570688354762	0.03000649899722127	0.1110225846185003	0.1110225846185003	0.03000649899722127	0.4688570688354762	0.20329538415039927	0.20329538415039927	0.4688570688354762
109275224	T	A	T	A	109275224:T>A	109275224:T>A	256	False	False	0.14500000000000002	0.021213203435596434	2	1e-05	598	105790	85547	0.14500000000000002	T	A	1	0.0294408798217773	0.0294408798217773	0.0294408798217773	1	0.0286664962768554	0.0286664962768554	0.0286664962768554	0.007761677106221466	0.004948946336905133	0.0006777445475259666	3.0	3.0	3.0	0.779187700536367	0.4961212598503463	0.06779742682562101	0.06779742682562101	0.4961212598503463	0.779187700536367	0.4477021290707781	0.4477021290707781	0.779187700536367
109275224	T	C	T	C	109275224:T>C	109275224:T>C	256	False	False	0.16	0.0	2	0.0	919	146671	113033	0.16	T	C	1	0.0475873947143554	0.0475873947143554	0.0475873947143554	1	0.0410718917846679	0.0410718917846679	0.0410718917846679	0.013095617294311466	0.012635764976342466	4.305442174274134e-05	3.0	3.0	3.0	1.3181740425030382	1.2715933562563235	0.004305534859765883	0.004305534859765883	1.2715933562563235	1.3181740425030382	0.8646909778730425	0.8646909778730425	1.3181740425030382
109275224	T	G	T	G	109275224:T>G	109275224:T>G	256	False	False	0.55	0.11313708498984766	2	0.0	108	19645	27275	0.55	T	G	1	0.046553611755371	0.046553611755371	0.046553611755371	1	0.0220746994018554	0.0220746994018554	0.0220746994018554	0.015208959579467734	0.0006953552365303	0.0016383131345112667	3.0	3.0	3.0	1.532520437835917	0.06955970520287615	0.16396559026660665	0.16396559026660665	0.06955970520287615	1.532520437835917	0.5886819111017999	0.5886819111017999	1.532520437835917
109275225	G	A	G	A	109275225:G>A	109275225:G>A	257	False	False	0.21500000000000002	0.021213203435596434	2	0.0	667	123147	115338	0.21500000000000002	G	A	1	0.0354156494140625	0.0354156494140625	0.0354156494140625	1	0.0175466537475585	0.0175466537475585	0.0175466537475585	0.0057480732599894	0.0029653112093607	-1.0828177134333658e-06	3.0	3.0	3.0	0.5764625131683948	0.29697120935668325	-0.0001082817127186477	0.0001082817127186477	0.29697120935668325	0.5764625131683948	0.29110848027078645	0.29118066807926557	0.5764625131683948
109275225	G	C	G	C	109275225:G>C	109275225:G>C	257	False	False	-0.039999999999999994	0.1979898987322333	2	0.13962	27	2314	1935	0.039999999999999994	G	C	1	0.0312433242797851	0.0312433242797851	0.0312433242797851	1	0.0161523818969726	0.0161523818969726	0.0161523818969726	0.0033259789148966	0.003274783492088267	0.00046847263971960617	3.0	3.0	3.0	0.3331516119941653	0.32801514535860915	0.04685823901643802	0.04685823901643802	0.32801514535860915	0.3331516119941653	0.23600833212307082	0.23600833212307082	0.3331516119941653
109275225	G	T	G	T	109275225:G>T	109275225:G>T	257	False	False	0.37	0.028284271247461926	2	8e-05	105	13697	12942	0.37	G	T	1	0.0624370574951171	0.0624370574951171	0.0624370574951171	1	0.004582405090332	0.004582405090332	0.004582405090332	0.0002824465433756333	-0.0018863355120022666	-0.0006255507469176666	3.0	3.0	3.0	0.028248643515624245	-0.1884557499322217	-0.06253551308405693	0.06253551308405693	0.1884557499322217	0.028248643515624245	-0.07424753983355145	0.09307996884396762	0.1884557499322217
109275226	G	A	G	A	109275226:G>A	109275226:G>A	258	False	False	0.055	0.03535533905932738	2	0.00297	886	189639	186017	0.055	G	A	1	0.006317138671875	0.006317138671875	0.006317138671875	1	0.0073957443237304	0.0073957443237304	0.0073957443237304	-0.0041298468907673665	0.0014322847127914002	0.0025097429752349333	3.0	3.0	3.0	-0.41213308005132654	0.14333109224236207	0.25128950165220343	0.25128950165220343	0.14333109224236207	0.41213308005132654	-0.005837495385587014	0.26891789131529736	0.41213308005132654
109275226	G	C	G	C	109275226:G>C	109275226:G>C	258	False	False	-0.355	0.09192388155425119	2	0.0	136	23837	14114	0.355	G	C	1	-0.006108283996582	0.006108283996582	0.006108283996582	1	-0.0191926956176757	0.0191926956176757	0.0191926956176757	-0.010285139083862267	-0.0050856048862139005	0.00015493233998613334	3.0	3.0	3.0	-1.0232427909577357	-0.5072695091660913	0.015494434262097755	0.015494434262097755	0.5072695091660913	1.0232427909577357	-0.5050059552872431	0.5153355781286416	1.0232427909577357
109275226	G	T	G	T	109275226:G>T	109275226:G>T	258	False	False	-0.045000000000000005	0.03535533905932738	2	0.04304	435	82426	80409	0.045000000000000005	G	T	1	0.0064678192138671	0.0064678192138671	0.0064678192138671	1	0.0017642974853515	0.0017642974853515	0.0017642974853515	-0.0036123593648274333	-0.00048143913348509994	0.0014348924160003333	3.0	3.0	3.0	-0.3605842644011181	-0.048132326026152195	0.143592236668698	0.143592236668698	0.048132326026152195	0.3605842644011181	-0.08837478458619079	0.18410294236532276	0.3605842644011181
109275227	G	A	G	A	109275227:G>A	109275227:G>A	259	False	False	-0.04	0.0282842712474619	2	0.0087	913	197607	198380	0.04	G	A	1	-0.0149517059326171	0.0149517059326171	0.0149517059326171	1	-0.0120553970336914	0.0120553970336914	0.0120553970336914	-0.008583744366963632	-0.0068240625162918666	-0.0008662045001983001	3.0	3.0	3.0	-0.8547009216806585	-0.6800831475074784	-0.08658294533771159	0.08658294533771159	0.6800831475074784	0.8547009216806585	-0.5404556715086162	0.5404556715086162	0.8547009216806585
109275227	G	C	G	C	109275227:G>C	109275227:G>C	259	False	False	-0.04	0.07071067811865475	2	0.14811	350	78970	65136	0.04	G	C	1	0.0010623931884765	0.0010623931884765	0.0010623931884765	1	0.0070447921752929	0.0070447921752929	0.0070447921752929	-0.0039292971293131	0.00010583053032552345	-0.00017040967941284784	3.0	3.0	3.0	-0.392158754240601	0.010583613057365528	-0.01703951605081614	0.01703951605081614	0.010583613057365528	0.392158754240601	-0.13287155241135054	0.1399272944495942	0.392158754240601
109275227	G	T	G	T	109275227:G>T	109275227:G>T	259	False	False	0.095	0.03535533905932737	2	0.1904	136	32744	31245	0.095	G	T	1	-0.0125818252563476	0.0125818252563476	0.0125818252563476	1	0.0024700164794921	0.0024700164794921	0.0024700164794921	-0.0056638320287068335	-0.0032410869995752336	-0.0011034111181894666	3.0	3.0	3.0	-0.5647822770924649	-0.3235840346922347	-0.11028025839833099	0.11028025839833099	0.3235840346922347	0.5647822770924649	-0.33288219006101016	0.33288219006101016	0.5647822770924649
109275228	T	A	T	A	109275228:T>A	109275228:T>A	260	False	False	0.07500000000000001	0.007071067811865467	2	0.02877	564	118417	106012	0.07500000000000001	T	A	1	0.0174922943115234	0.0174922943115234	0.0174922943115234	1	-0.0156202316284179	0.0156202316284179	0.0156202316284179	-0.007306416829427034	-0.0035695781310398998	-2.4348497390733338e-05	3.0	3.0	3.0	-0.7279789854708498	-0.3563214760790585	-0.002434820096847656	0.002434820096847656	0.3563214760790585	0.7279789854708498	-0.36224509388225196	0.36224509388225196	0.7279789854708498
109275228	T	C	T	C	109275228:T>C	109275228:T>C	260	False	False	0.095	0.06363961030678929	2	0.0	1287	256203	223871	0.095	T	C	1	0.0404224395751953	0.0404224395751953	0.0404224395751953	1	-0.0174055099487304	0.0174055099487304	0.0174055099487304	7.637341817219995e-05	0.0005386074384053333	-0.0013124048709868667	3.0	3.0	3.0	0.007637633469594942	0.053875251343668065	-0.13115440443397158	0.13115440443397158	0.053875251343668065	0.007637633469594942	-0.023213839873569526	0.0642224297490782	0.13115440443397158
109275228	T	G	T	G	109275228:T>G	109275228:T>G	260	False	False	-0.41500000000000004	0.03535533905932735	2	0.0	148	39928	23732	0.41500000000000004	T	G	1	-0.0145463943481445	0.0145463943481445	0.0145463943481445	1	0.0007057189941406	0.0007057189941406	0.0007057189941406	-0.00091282526652015	-0.004732622454563734	0.0008046925067901334	3.0	3.0	3.0	-0.0912408768276231	-0.47214412426874375	0.08050163586666095	0.08050163586666095	0.47214412426874375	0.0912408768276231	-0.16096112174323532	0.2146288789876759	0.47214412426874375
109275229	T	A	T	A	109275229:T>A	109275229:T>A	261	False	False	0.265	0.049497474683058304	2	0.0	528	97758	90571	0.265	T	A	1	0.0405550003051757	0.0405550003051757	0.0405550003051757	1	0.0042314529418945	0.0042314529418945	0.0042314529418945	0.0086451371510823	0.0056579013665516665	0.0012293159961699668	3.0	3.0	3.0	0.8682614269689806	0.5673937519881415	0.12300719148017403	0.12300719148017403	0.5673937519881415	0.8682614269689806	0.5195541234790987	0.5195541234790987	0.8682614269689806
109275229	T	C	T	C	109275229:T>C	109275229:T>C	261	False	False	-0.009999999999999998	0.0282842712474619	2	0.32656	1071	183351	155546	0.009999999999999998	T	C	1	0.0174455642700195	0.0174455642700195	0.0174455642700195	1	0.0014114379882812	0.0014114379882812	0.0014114379882812	0.0007099310557047668	0.0004605129361152334	0.0008661846319834001	3.0	3.0	3.0	0.07101831164017369	0.04606189884762681	0.0866559878228098	0.0866559878228098	0.04606189884762681	0.07101831164017369	0.06791206610353677	0.06791206610353677	0.0866559878228098
109275229	T	G	T	G	109275229:T>G	109275229:T>G	261	False	False	0.125	0.06363961030678929	2	0.09854	100	24063	19289	0.125	T	G	1	0.0297889709472656	0.0297889709472656	0.0297889709472656	1	-0.0088529586791992	0.0088529586791992	0.0088529586791992	-0.0012380282084147	-0.0011314253012339	-0.0011055469512939	3.0	3.0	3.0	-0.12372621676515877	-0.11307854809534645	-0.11049360594071023	0.11049360594071023	0.11307854809534645	0.12372621676515877	-0.11576612360040515	0.11576612360040515	0.12372621676515877
109275230	C	A	C	A	109275230:C>A	109275230:C>A	262	False	False	0.29000000000000004	0.1555634918610405	2	0.0	316	163366	198599	0.29000000000000004	C	A	1	0.0305995941162109	0.0305995941162109	0.0305995941162109	1	-0.0070781707763671	0.0070781707763671	0.0070781707763671	0.0036381085713704	-0.0022506987055141998	0.0011055370171864666	3.0	3.0	3.0	0.3644734521230565	-0.22481677823206286	0.11061483484970261	0.11061483484970261	0.22481677823206286	0.3644734521230565	0.08342383624689875	0.23330168840160734	0.3644734521230565
109275230	C	G	C	G	109275230:C>G	109275230:C>G	262	False	False	0.11	0.16970562748477142	2	0.02462	108	28885	30015	0.11	C	G	1	-0.0033473968505859	0.0033473968505859	0.0033473968505859	1	-0.0213422775268554	0.0213422775268554	0.0213422775268554	-0.0023728211720784663	-0.0050294076402981665	-0.0007810393969217333	3.0	3.0	3.0	-0.2370008257208981	-0.5016781346154162	-0.07807344650450646	0.07807344650450646	0.5016781346154162	0.2370008257208981	-0.2722508022802736	0.2722508022802736	0.5016781346154162
109275230	C	T	C	T	109275230:C>T	109275230:C>T	262	False	False	0.04	0.014142135623730954	2	0.045	1028	245463	238561	0.04	C	T	1	-0.0104799270629882	0.0104799270629882	0.0104799270629882	1	-0.0063695907592773	0.0063695907592773	0.0063695907592773	-0.0029099384943643667	-0.004924407849709166	-7.331371307376667e-05	3.0	3.0	3.0	-0.29057087271260895	-0.4912302831540851	-0.007331102568917879	0.007331102568917879	0.4912302831540851	0.29057087271260895	-0.26304408614520397	0.26304408614520397	0.4912302831540851
109275231	G	A	G	A	109275231:G>A	109275231:G>A	263	False	False	0.06	0.042426406871192854	2	0.0	1472	300338	269173	0.06	G	A	1	0.0287399291992187	0.0287399291992187	0.0287399291992187	1	0.0151033401489257	0.0151033401489257	0.0151033401489257	0.007392764091491667	0.003573993841807	0.0016669531663258	3.0	3.0	3.0	0.7420158035996044	0.3580388173295397	0.1668343305079915	0.1668343305079915	0.3580388173295397	0.7420158035996044	0.42229631714571186	0.42229631714571186	0.7420158035996044
109275231	G	C	G	C	109275231:G>C	109275231:G>C	263	False	False	0.385	0.19091883092036785	2	0.0	254	45761	50235	0.385	G	C	1	0.0457019805908203	0.0457019805908203	0.0457019805908203	1	0.0206823348999023	0.0206823348999023	0.0206823348999023	0.007361054420471133	-8.602937062580657e-06	0.00025672713915503336	3.0	3.0	3.0	0.7388213580682029	-0.0008602900057423723	0.025676009638730107	0.025676009638730107	0.0008602900057423723	0.7388213580682029	0.25454569256706355	0.2551192192375585	0.7388213580682029
109275231	G	T	G	T	109275231:G>T	109275231:G>T	263	False	False	-0.04	0.07071067811865475	2	0.17535	119	18951	10843	0.04	G	T	1	-0.0282659530639648	0.0282659530639648	0.0282659530639648	1	-0.0156202316284179	0.0156202316284179	0.0156202316284179	-0.007493336995442699	-0.006716216603914867	0.0005984703699747333	3.0	3.0	3.0	-0.7465331939877058	-0.6693713228544443	0.05986494890973158	0.05986494890973158	0.6693713228544443	0.7465331939877058	-0.45201318931080614	0.4919231552506272	0.7465331939877058
109275232	T	A	T	A	109275232:T>A	109275232:T>A	264	False	False	-0.125	0.03535533905932737	2	0.0	1194	270785	218431	0.125	T	A	1	-0.0367975234985351	0.0367975234985351	0.0367975234985351	1	0.0059900283813476	0.0059900283813476	0.0059900283813476	0.0025298992792764665	0.0042620847622553	-3.2772620519000004e-05	3.0	3.0	3.0	0.2533102174889675	0.4271180362998517	-0.0032772083502538656	0.0032772083502538656	0.4271180362998517	0.2533102174889675	0.22571701514618844	0.22790182071302434	0.4271180362998517
109275232	T	C	T	C	109275232:T>C	109275232:T>C	264	False	False	-0.01	0.042426406871192854	2	0.07459	1447	292709	235523	0.01	T	C	1	0.0015726089477539	0.0015726089477539	0.0015726089477539	1	-0.0077886581420898	0.0077886581420898	0.0077886581420898	-0.0059229135513305005	-0.0021032914519309837	-0.0025728046894073	3.0	3.0	3.0	-0.5905407677839545	-0.21010810844190467	-0.25694978639689686	0.25694978639689686	0.21010810844190467	0.5905407677839545	-0.35253288754091866	0.35253288754091866	0.5905407677839545
109275232	T	G	T	G	109275232:T>G	109275232:T>G	264	False	False	0.13	0.042426406871192854	2	0.00379	163	43356	42822	0.13	T	G	1	-0.0088424682617187	0.0088424682617187	0.0088424682617187	1	0.0014114379882812	0.0014114379882812	0.0014114379882812	0.0013021628061930333	-0.001470074057579	-0.001061201095581	3.0	3.0	3.0	0.13030109882970592	-0.1468994028017592	-0.10606382208237451	0.10606382208237451	0.1468994028017592	0.13030109882970592	-0.04088737535147593	0.12775477457127987	0.1468994028017592
109275233	G	A	G	A	109275233:G>A	109275233:G>A	265	False	False	-0.04	0.0282842712474619	2	0.01052	1136	249503	241036	0.04	G	A	1	-0.0288105010986328	0.0288105010986328	0.0288105010986328	1	-0.0267276763916015	0.0267276763916015	0.0267276763916015	-0.011206110318501735	-0.008097525686025567	0.0008525153001148999	3.0	3.0	3.0	-1.1143555746786369	-0.8064829038410019	0.0852878794570888	0.0852878794570888	0.8064829038410019	1.1143555746786369	-0.6118501996875166	0.6687087859922425	1.1143555746786369
109275233	G	C	G	C	109275233:G>C	109275233:G>C	265	False	False	0.07	0.08485281374238571	2	0.00914	273	55970	52584	0.07	G	C	1	-0.0181875228881835	0.0181875228881835	0.0181875228881835	1	-0.0145492553710937	0.0145492553710937	0.0145492553710937	-0.0062411228815714	-0.0052227824926376	-0.00012560685475665101	3.0	3.0	3.0	-0.6221687527990036	-0.5209167477222215	-0.012559896654594466	0.012559896654594466	0.5209167477222215	0.6221687527990036	-0.3852151323919399	0.3852151323919399	0.6221687527990036
109275233	G	T	G	T	109275233:G>T	109275233:G>T	265	False	False	-0.020000000000000004	0.07071067811865477	2	0.53986	56	7187	3206	0.020000000000000004	G	T	1	-0.0328884124755859	0.0328884124755859	0.0328884124755859	1	-0.0077886581420898	0.0077886581420898	0.0077886581420898	-0.0065768162409464	-0.006747289250294334	-0.0003509720166524008	3.0	3.0	3.0	-0.6555236319988231	-0.6724577404021506	-0.035091043317906696	0.035091043317906696	0.6724577404021506	0.6555236319988231	-0.4543574719062935	0.4543574719062935	0.6724577404021506
109275234	T	A	T	A	109275234:T>A	109275234:T>A	266	False	False	0.23	0.05656854249492382	2	0.0	478	102536	109418	0.23	T	A	1	0.0290765762329101	0.0290765762329101	0.0290765762329101	1	0.0070447921752929	0.0070447921752929	0.0070447921752929	0.002752661705017067	9.97285048167e-05	-0.0026609897613524996	3.0	3.0	3.0	0.2756453756861883	0.009973347786935347	-0.2657452466361703	0.2657452466361703	0.009973347786935347	0.2756453756861883	0.006624492278984466	0.18378799003643131	0.2756453756861883
109275234	T	C	T	C	109275234:T>C	109275234:T>C	266	False	False	0.015	0.1202081528017131	2	0.1325	207	28298	20702	0.015	T	C	1	0.0028362274169921	0.0028362274169921	0.0028362274169921	1	-0.0191926956176757	0.0191926956176757	0.0191926956176757	-0.004262924194335933	-0.0097873633106549	-0.0008766253789265333	3.0	3.0	3.0	-0.4253850830592077	-0.9739622948074724	-0.087624125515146	0.087624125515146	0.9739622948074724	0.4253850830592077	-0.49565716779394203	0.49565716779394203	0.9739622948074724
109275234	T	G	T	G	109275234:T>G	109275234:T>G	266	False	False	0.125	0.007071067811865481	2	0.0	977	221191	198024	0.125	T	G	1	0.0191736221313476	0.0191736221313476	0.0191736221313476	1	0.0077466964721679	0.0077466964721679	0.0077466964721679	0.001689354578654	0.0018167942762374334	0.0006550351778665638	3.0	3.0	3.0	0.16907823419865178	0.18184456468739968	0.06552497602591328	0.06552497602591328	0.18184456468739968	0.16907823419865178	0.1388159249706549	0.1388159249706549	0.18184456468739968
109275235	C	A	C	A	109275235:C>A	109275235:C>A	267	False	False	0.185	0.06363961030678926	2	0.00027	206	41895	39983	0.185	C	A	1	0.0458889007568359	0.0458889007568359	0.0458889007568359	1	-0.0007057189941406	0.0007057189941406	0.0007057189941406	0.0025647083918253002	-0.0040424577891826335	0.0002811650435129666	3.0	3.0	3.0	0.2568000069856065	-0.4034298055523214	0.028120457410860052	0.028120457410860052	0.4034298055523214	0.2568000069856065	-0.039503113718618275	0.22945008998292934	0.4034298055523214
109275235	C	G	C	G	109275235:C>G	109275235:C>G	267	False	False	0.305	0.007071067811865481	2	0.0	156	54172	60631	0.305	C	G	1	0.0171213150024414	0.0171213150024414	0.0171213150024414	1	-0.005660057067871	0.005660057067871	0.005660057067871	-0.0006078084309895666	-0.0035725645720958332	-0.00026028354962666665	3.0	3.0	3.0	-0.0607623752863378	-0.35661905560721446	-0.026024967880230006	0.026024967880230006	0.35661905560721446	0.0607623752863378	-0.1478021329245941	0.1478021329245941	0.35661905560721446
109275235	C	T	C	T	109275235:C>T	109275235:C>T	267	False	False	-0.01	0.042426406871192854	2	0.4324	516	154738	146939	0.01	C	T	1	-0.0167055130004882	0.0167055130004882	0.0167055130004882	1	-0.0038890838623046	0.0038890838623046	0.0038890838623046	-0.0003859996795654	-0.0039522573351859665	-0.0007753074169158667	3.0	3.0	3.0	-0.03859251912735482	-0.394445744527171	-0.07750069437785384	0.07750069437785384	0.394445744527171	0.03859251912735482	-0.1701796526774599	0.1701796526774599	0.394445744527171
109275236	C	A	C	A	109275236:C>A	109275236:C>A	268	False	False	-0.065	0.007071067811865481	2	0.29828	192	42516	30660	0.065	C	A	1	-0.0190715789794921	0.0190715789794921	0.0190715789794921	1	-0.0206251144409179	0.0206251144409179	0.0206251144409179	-0.004835128784179633	-0.006675515323877266	-0.0014697313308715335	3.0	3.0	3.0	-0.48234583659012936	-0.6653283568439572	-0.14686518047149674	0.14686518047149674	0.6653283568439572	0.48234583659012936	-0.4315131246351944	0.4315131246351944	0.6653283568439572
109275236	C	G	C	G	109275236:C>G	109275236:C>G	268	False	False	-0.135	0.10606601717798211	2	0.00972	164	44041	35109	0.135	C	G	1	-0.0236082077026367	0.0236082077026367	0.0236082077026367	1	-0.0163335800170898	0.0163335800170898	0.0163335800170898	-0.009229779243469167	-0.006344842414061166	-0.0004385610421498226	3.0	3.0	3.0	-0.9187315574878856	-0.6324756404737847	-0.04384648883129328	0.04384648883129328	0.6324756404737847	0.9187315574878856	-0.5316845622643211	0.5316845622643211	0.9187315574878856
109275236	C	T	C	T	109275236:C>T	109275236:C>T	268	False	False	-0.19	0.09899494936611666	2	0.0	436	113057	96693	0.19	C	T	1	-0.0237045288085937	0.0237045288085937	0.0237045288085937	1	-0.0163335800170898	0.0163335800170898	0.0163335800170898	-0.0079277356465657	-0.011876054108142799	-0.0011906226476032999	3.0	3.0	3.0	-0.789639402770191	-1.180581211841894	-0.11899141376760258	0.11899141376760258	1.180581211841894	0.789639402770191	-0.6964040094598959	0.6964040094598959	1.180581211841894
109275237	A	C	A	C	109275237:A>C	109275237:A>C	269	False	False	-0.019999999999999997	0.0565685424949238	2	0.62149	83	10866	7143	0.019999999999999997	A	C	1	-0.0175466537475585	0.0175466537475585	0.0175466537475585	1	-0.0156202316284179	0.0156202316284179	0.0156202316284179	-0.006421208381652767	-0.0027020250757534667	-0.001427193482716833	3.0	3.0	3.0	-0.6400636478822305	-0.2698377891665617	-0.14261755264293954	0.14261755264293954	0.2698377891665617	0.6400636478822305	-0.35083966323057725	0.35083966323057725	0.6400636478822305
109275237	A	G	A	G	109275237:A>G	109275237:A>G	269	False	False	0.855	0.27577164466275356	2	0.0	461	93905	100269	0.855	A	G	1	0.0247278213500976	0.0247278213500976	0.0247278213500976	1	0.0112543106079101	0.0112543106079101	0.0112543106079101	0.004175146420796667	0.005807429552078166	2.4010737736993293e-05	3.0	3.0	3.0	0.41838744873720574	0.5824325362320448	0.002401102599706374	0.002401102599706374	0.5824325362320448	0.41838744873720574	0.3344070291896523	0.3344070291896523	0.5824325362320448
109275237	A	T	A	T	109275237:A>T	109275237:A>T	269	False	False	0.05499999999999999	0.1767766952966369	2	0.01433	209	45557	36680	0.05499999999999999	A	T	1	0.0029258728027343	0.0029258728027343	0.0029258728027343	1	-0.0045976638793945	0.0045976638793945	0.0045976638793945	0.0010933478673299	-0.0010046462217966335	-0.0015300412972767668	3.0	3.0	3.0	0.10939457900020341	-0.10041417337392983	-0.1528871380840638	0.1528871380840638	0.10041417337392983	0.10939457900020341	-0.047968910819263404	0.12089863015273235	0.1528871380840638
109275238	G	A	G	A	109275238:G>A	109275238:G>A	270	False	False	0.71	0.11313708498984766	2	0.0	742	140134	183814	0.71	G	A	1	-0.0096473693847656	0.0096473693847656	0.0096473693847656	1	-0.0199089050292968	0.0199089050292968	0.0199089050292968	-0.004979173342386833	-0.005629620204369167	-0.0009963313738504667	3.0	3.0	3.0	-0.4966797807298048	-0.5613803586981656	-0.09958352005452317	0.09958352005452317	0.5613803586981656	0.4966797807298048	-0.3858812198274979	0.3858812198274979	0.5613803586981656
109275238	G	C	G	C	109275238:G>C	109275238:G>C	270	False	False	0.035	0.06363961030678929	2	0.47773	93	20358	11766	0.035	G	C	1	-0.0123167037963867	0.0123167037963867	0.0123167037963867	1	-0.0038890838623046	0.0038890838623046	0.0038890838623046	-0.0034501155217488335	0.0013208612799643666	-0.0008359750111897334	3.0	3.0	3.0	-0.3444170711917534	0.132173400143052	-0.08356256814304973	0.08356256814304973	0.132173400143052	0.3444170711917534	-0.09860207973058371	0.1867176798259517	0.3444170711917534
109275238	G	T	G	T	109275238:G>T	109275238:G>T	270	False	False	-0.02	0.0282842712474619	2	0.42571	373	67072	49884	0.02	G	T	1	-0.0352907180786132	0.0352907180786132	0.0352907180786132	1	-0.0124111175537109	0.0124111175537109	0.0124111175537109	-0.005372325579325332	-0.0051240921020507665	-0.0007721781730651334	3.0	3.0	3.0	-0.5357920446160052	-0.5110986336720479	-0.07718801202212242	0.07718801202212242	0.5110986336720479	0.5357920446160052	-0.3746928967700585	0.3746928967700585	0.5357920446160052
109275239	T	A	T	A	109275239:T>A	109275239:T>A	271	False	False	-0.02	0.042426406871192854	2	0.21029	578	100724	70720	0.02	T	A	1	-0.0104341506958007	0.0104341506958007	0.0104341506958007	1	-0.002120018005371	0.002120018005371	0.002120018005371	-0.0023448467254638334	0.0018128802378971666	0.0002073943614959472	3.0	3.0	3.0	-0.23420997199026924	0.18145244987415154	0.020741586919337005	0.020741586919337005	0.18145244987415154	0.23420997199026924	-0.010671978398926899	0.14546800292791925	0.23420997199026924
109275239	T	C	T	C	109275239:T>C	109275239:T>C	271	False	False	-0.085	0.1202081528017131	2	0.01139	139	25248	20595	0.085	T	C	1	-0.0041303634643554	0.0041303634643554	0.0041303634643554	1	-0.005660057067871	0.005660057067871	0.005660057067871	-0.00019331773122156673	-0.0010816777745882	-0.0013186037540435333	3.0	3.0	3.0	-0.01932990465530097	-0.10810929720591522	-0.13177347781003906	0.13177347781003906	0.10810929720591522	0.01932990465530097	-0.08640422655708509	0.08640422655708509	0.13177347781003906
109275239	T	G	T	G	109275239:T>G	109275239:T>G	271	False	False	-0.1	0.0282842712474619	2	0.09669	81	42723	46028	0.1	T	G	1	0.0173711776733398	0.0173711776733398	0.0173711776733398	1	0.0262403488159179	0.0262403488159179	0.0262403488159179	0.009775598843892367	0.0092387050390243	-0.0013591051101684	3.0	3.0	3.0	0.9823536088027452	0.928151360476856	-0.1358181945091645	0.1358181945091645	0.928151360476856	0.9823536088027452	0.5915622582568122	0.682107721262922	0.9823536088027452
109275240	C	A	C	A	109275240:C>A	109275240:C>A	272	False	False	-0.04	0.014142135623730954	2	0.51884	180	46700	39883	0.04	C	A	1	-0.0096960067749023	0.0096960067749023	0.0096960067749023	1	-0.0113420486450195	0.0113420486450195	0.0113420486450195	0.0011835892995198667	-0.00047079970439276665	0.00011514623959859212	3.0	3.0	3.0	0.11842900177617705	-0.04706888956022027	0.011515286918129369	0.011515286918129369	0.04706888956022027	0.11842900177617705	0.027625133044695382	0.05900439275150889	0.11842900177617705
109275240	C	G	C	G	109275240:C>G	109275240:C>G	272	False	False	-0.035	0.021213203435596427	2	0.34886	158	53976	56230	0.035	C	G	1	0.0033388137817382	0.0033388137817382	0.0033388137817382	1	0.0010585784912109	0.0010585784912109	0.0010585784912109	0.004491368929545034	0.00031782686710356663	0.0005159179369608353	3.0	3.0	3.0	0.4501470244224066	0.0317877379413541	0.05160510455097194	0.05160510455097194	0.0317877379413541	0.4501470244224066	0.17784662230491088	0.17784662230491088	0.4501470244224066
109275240	C	T	C	T	109275240:C>T	109275240:C>T	272	False	False	0.635	0.14849242404917495	2	0.0	518	173168	244193	0.635	C	T	1	0.0066890716552734	0.0066890716552734	0.0066890716552734	1	0.0269346237182617	0.0269346237182617	0.0269346237182617	0.0146238009134928	0.012407794594764666	-0.00043427944183346666	3.0	3.0	3.0	1.4731251831422385	1.248509063843356	-0.04341851561659367	0.04341851561659367	1.248509063843356	1.4731251831422385	0.8927385771230002	0.9216842542007294	1.4731251831422385
109275241	C	A	C	A	109275241:C>A	109275241:C>A	273	False	False	1.105	0.07778174593052013	2	0.0	428	141247	309879	1.105	C	A	1	0.0300636291503906	0.0300636291503906	0.0300636291503906	1	0.0168485641479492	0.0168485641479492	0.0168485641479492	0.0110030571619669	0.010959771772225632	0.0012264847755431667	3.0	3.0	3.0	1.1063813425831253	1.102005008177736	0.1227237215582794	0.1227237215582794	1.102005008177736	1.1063813425831253	0.7770366907730469	0.7770366907730469	1.1063813425831253
109275241	C	G	C	G	109275241:C>G	109275241:C>G	273	False	False	0.19999999999999998	0.2262741699796952	2	0.00195	69	11329	15050	0.19999999999999998	C	G	1	-0.0072832107543945	0.0072832107543945	0.0072832107543945	1	-0.0124111175537109	0.0124111175537109	0.0124111175537109	-0.0005252758661905666	0.0003081361452738405	0.00033192833264666667	3.0	3.0	3.0	-0.05251379329748191	0.03081836240923741	0.033198342695129175	0.033198342695129175	0.03081836240923741	0.05251379329748191	0.0038343039356282227	0.03884349946728283	0.05251379329748191
109275241	C	T	C	T	109275241:C>T	109275241:C>T	273	False	False	-0.21	0.042426406871192854	2	0.0	460	134637	104940	0.21	C	T	1	-0.0463676452636718	0.0463676452636718	0.0463676452636718	1	-0.0113420486450195	0.0113420486450195	0.0113420486450195	-0.004068692525227833	-0.0030366629362105664	-0.0013405382633209	3.0	3.0	3.0	-0.4060426610084435	-0.303205693878329	-0.1339640143269446	0.1339640143269446	0.303205693878329	0.4060426610084435	-0.2810707897379057	0.2810707897379057	0.4060426610084435
109275242	C	A	C	A	109275242:C>A	109275242:C>A	274	False	False	0.02	0.01414213562373095	2	0.49339	353	118845	111871	0.02	C	A	1	0.0264530181884765	0.0264530181884765	0.0264530181884765	1	0.0137052536010742	0.0137052536010742	0.0137052536010742	0.0103540420532226	0.008873604238033234	0.0002739528814951667	3.0	3.0	3.0	1.040783062941236	0.8913091375444012	0.027399041001274337	0.027399041001274337	0.8913091375444012	1.040783062941236	0.6531637471623039	0.6531637471623039	1.040783062941236
109275242	C	G	C	G	109275242:C>G	109275242:C>G	274	False	False	0.395	0.007071067811865481	2	0.0	91	32213	29006	0.395	C	G	1	0.0123548507690429	0.0123548507690429	0.0123548507690429	1	0.0	0.0	0.0	0.006099541982014934	0.003985238571961667	0.0008620719114939001	3.0	3.0	3.0	0.6118182067600104	0.39931901947283616	0.08624436022845836	0.08624436022845836	0.39931901947283616	0.6118182067600104	0.36579386215376825	0.36579386215376825	0.6118182067600104
109275242	C	T	C	T	109275242:C>T	109275242:C>T	274	False	False	0.010000000000000002	0.0565685424949238	2	0.10481	489	175804	169483	0.010000000000000002	C	T	1	-0.0228805541992187	0.0228805541992187	0.0228805541992187	1	-0.0042428970336914	0.0042428970336914	0.0042428970336914	0.0028780301411946	0.0005275433262189	0.0013514161109923666	3.0	3.0	3.0	0.28821756459499565	0.05276825016720369	0.1352329685238192	0.1352329685238192	0.05276825016720369	0.28821756459499565	0.15873959442867283	0.15873959442867283	0.28821756459499565
109275243	G	A	G	A	109275243:G>A	109275243:G>A	275	False	False	0.085	0.021213203435596427	2	0.00046	693	128880	118788	0.085	G	A	1	0.0468168258666992	0.0468168258666992	0.0468168258666992	1	0.0112543106079101	0.0112543106079101	0.0112543106079101	0.0049104293187459	0.0020768294731775337	-0.0009456773598988333	3.0	3.0	3.0	0.4922505234679384	0.20789875772539787	-0.09452303479851067	0.09452303479851067	0.20789875772539787	0.4922505234679384	0.2018754154649419	0.26489077199728234	0.4922505234679384
109275243	G	C	G	C	109275243:G>C	109275243:G>C	275	False	False	0.28	0.29698484809834996	2	0.0	78	13151	15338	0.28	G	C	1	0.059758186340332	0.059758186340332	0.059758186340332	1	0.0126562118530273	0.0126562118530273	0.0126562118530273	0.0026053190231323	0.004324463506539634	-0.0007612605889637667	3.0	3.0	3.0	0.260871581600758	0.4333827492054815	-0.07609709036349496	0.07609709036349496	0.4333827492054815	0.260871581600758	0.20605241348091483	0.25678380705657816	0.4333827492054815
109275243	G	T	G	T	109275243:G>T	109275243:G>T	275	False	False	0.175	0.07778174593052024	2	3e-05	337	61738	46998	0.175	G	T	1	0.0486974716186523	0.0486974716186523	0.0486974716186523	1	0.0063409805297851	0.0063409805297851	0.0063409805297851	0.004720409711201966	0.0011894851922988666	0.00014328956604002462	3.0	3.0	3.0	0.47315683960687127	0.11901929103891283	0.014329983248024465	0.014329983248024465	0.11901929103891283	0.47315683960687127	0.20216870463126954	0.20216870463126954	0.47315683960687127
109275244	G	A	G	A	109275244:G>A	109275244:G>A	276	False	False	0.13	0.042426406871192854	2	0.00016	587	117375	124201	0.13	G	A	1	0.0289831161499023	0.0289831161499023	0.0289831161499023	1	0.0035257339477539	0.0035257339477539	0.0035257339477539	0.003860870997110933	0.0037371963262557337	-0.0009001791477203148	3.0	3.0	3.0	0.38683337607040763	0.3744188351923786	-0.08997741080165345	0.08997741080165345	0.3744188351923786	0.38683337607040763	0.2237582668203776	0.28374320735481323	0.38683337607040763
109275244	G	C	G	C	109275244:G>C	109275244:G>C	276	False	False	0.52	0.014142135623730963	2	1e-05	42	7404	8423	0.52	G	C	1	0.0897645950317382	0.0897645950317382	0.0897645950317382	1	-0.0063695907592773	0.0063695907592773	0.0063695907592773	0.0005127191543579331	0.0026450107494989665	0.0002866983413695667	3.0	3.0	3.0	0.051285061729045046	0.2648511876590533	0.028673944326689346	0.028673944326689346	0.2648511876590533	0.051285061729045046	0.11493673123826258	0.11493673123826258	0.2648511876590533
109275244	G	T	G	T	109275244:G>T	109275244:G>T	276	False	False	0.73	0.028284271247461926	2	0.0	111	17139	26386	0.73	G	T	1	0.0780029296875	0.0780029296875	0.0780029296875	1	0.0014114379882812	0.0014114379882812	0.0014114379882812	0.0024993817011515333	0.005188517272472333	-0.0004063546657562097	3.0	3.0	3.0	0.2502507759457327	0.5202000938206686	-0.040627211488104185	0.040627211488104185	0.5202000938206686	0.2502507759457327	0.24327455275943236	0.2703593604181685	0.5202000938206686
109275245	G	A	G	A	109275245:G>A	109275245:G>A	277	False	False	0.565	0.03535533905932737	2	0.0	416	74349	87428	0.565	G	A	1	0.0923118591308593	0.0923118591308593	0.0923118591308593	1	0.0123052597045898	0.0123052597045898	0.0123052597045898	0.009323716163635233	0.012350365519523567	0.0008065402507781566	3.0	3.0	3.0	0.9367317408376372	1.2426946225588704	0.08068655918272238	0.08068655918272238	1.2426946225588704	0.9367317408376372	0.7533709741930767	0.7533709741930767	1.2426946225588704
109275245	G	C	G	C	109275245:G>C	109275245:G>C	277	False	False	0.46499999999999997	0.3323401871576773	2	0.00427	15	2002	1223	0.46499999999999997	G	C	1	0.1364831924438476	0.1364831924438476	0.1364831924438476	1	0.0109033584594726	0.0109033584594726	0.0109033584594726	0.010145425796508734	0.0156857346494992	5.588928858436668e-05	3.0	3.0	3.0	1.0197065115352757	1.5809401541177395	0.00558908504197524	0.00558908504197524	1.5809401541177395	1.0197065115352757	0.8687452502316635	0.8687452502316635	1.5809401541177395
109275245	G	T	G	T	109275245:G>T	109275245:G>T	277	False	False	0.055	0.007071067811865472	2	0.50179	132	16164	13012	0.055	G	T	1	0.0302400588989257	0.0302400588989257	0.0302400588989257	1	0.002821922302246	0.002821922302246	0.002821922302246	0.006545742352803499	0.008444065848986234	0.0017211536566415669	3.0	3.0	3.0	0.6567212544828535	0.8479817532022238	0.172263569174453	0.172263569174453	0.8479817532022238	0.6567212544828535	0.5589888589531767	0.5589888589531767	0.8479817532022238
109275246	G	A	G	A	109275246:G>A	109275246:G>A	278	False	False	0.515	0.03535533905932741	2	0.0	559	108236	124663	0.515	G	A	1	0.0887022018432617	0.0887022018432617	0.0887022018432617	1	0.0010585784912109	0.0010585784912109	0.0010585784912109	0.0037308931350708003	0.004426134129365267	0.0003376106421152667	3.0	3.0	3.0	0.3737861580343285	0.44359439288536845	0.03376676390021728	0.03376676390021728	0.44359439288536845	0.3737861580343285	0.2837157716066381	0.2837157716066381	0.44359439288536845
109275246	G	C	G	C	109275246:G>C	109275246:G>C	278	False	False	0.6299999999999999	0.08485281374238574	2	0.0	77	13320	12349	0.6299999999999999	G	C	1	0.1073875427246093	0.1073875427246093	0.1073875427246093	1	0.0014114379882812	0.0014114379882812	0.0014114379882812	-0.002873222033182733	0.0034952635566393004	-0.00027840336163835466	3.0	3.0	3.0	-0.2869098281187245	0.35013791133895217	-0.02783646110186532	0.02783646110186532	0.35013791133895217	0.2869098281187245	0.011797207372787444	0.22162806685318068	0.35013791133895217
109275246	G	T	G	T	109275246:G>T	109275246:G>T	278	False	False	0.35	0.1979898987322333	2	0.0	124	22187	20935	0.35	G	T	1	0.0729494094848632	0.0729494094848632	0.0729494094848632	1	-0.0113420486450195	0.0113420486450195	0.0113420486450195	0.0048540035883585	0.0034852847456931665	0.0001703401406606	3.0	3.0	3.0	0.4865803348076508	0.34913654128056604	0.017035464936615344	0.017035464936615344	0.34913654128056604	0.4865803348076508	0.2842507803416107	0.2842507803416107	0.4865803348076508
109275247	G	A	G	A	109275247:G>A	109275247:G>A	279	False	False	0.41500000000000004	0.04949747468305831	2	0.0	836	219659	247803	0.41500000000000004	G	A	1	0.0826559066772461	0.0826559066772461	0.0826559066772461	1	-0.0081434249877929	0.0081434249877929	0.0081434249877929	0.009224653244018501	0.004059836268424933	0.0003463327884674	3.0	3.0	3.0	0.9267331487478581	0.40680885675700035	0.03463927685917452	0.03463927685917452	0.40680885675700035	0.9267331487478581	0.4560604274546776	0.4560604274546776	0.9267331487478581
109275247	G	C	G	C	109275247:G>C	109275247:G>C	279	False	False	0.655	0.1060660171779821	2	0.0	212	41158	40623	0.655	G	C	1	0.0964279174804687	0.0964279174804687	0.0964279174804687	1	0.0126562118530273	0.0126562118530273	0.0126562118530273	0.0028305451075235667	0.0063216984272003	0.0002655486265818	3.0	3.0	3.0	0.283455488271705	0.6341722535923129	0.026558388773945465	0.026558388773945465	0.6341722535923129	0.283455488271705	0.3147287102126544	0.3147287102126544	0.6341722535923129
109275247	G	T	G	T	109275247:G>T	109275247:G>T	279	False	False	0.06	0.042426406871192854	2	0.31479	111	21590	14654	0.06	G	T	1	0.0422439575195312	0.0422439575195312	0.0422439575195312	1	0.0021181106567382	0.0021181106567382	0.0021181106567382	-0.0005635420481363666	-0.0008042380213737001	-0.0010183056195576332	3.0	3.0	3.0	-0.056338328814040266	-0.08039147086554572	-0.10177873223334753	0.10177873223334753	0.08039147086554572	0.056338328814040266	-0.07950284397097784	0.07950284397097784	0.10177873223334753
109275248	T	A	T	A	109275248:T>A	109275248:T>A	280	False	False	0.485	0.007071067811865481	2	0.0	288	41367	44714	0.485	T	A	1	0.0963220596313476	0.0963220596313476	0.0963220596313476	1	-0.0081434249877929	0.0081434249877929	0.0081434249877929	0.0004513263702392335	0.0005946109692255334	0.0007425049940744333	3.0	3.0	3.0	0.04514282333093904	0.05947877853717651	0.07427807191457374	0.07427807191457374	0.05947877853717651	0.04514282333093904	0.05963322459422976	0.05963322459422976	0.07427807191457374
109275248	T	C	T	C	109275248:T>C	109275248:T>C	280	False	False	0.5650000000000001	0.16263455967290597	2	0.0	133	20415	21409	0.5650000000000001	T	C	1	0.0943889617919921	0.0943889617919921	0.0943889617919921	1	0.0410718917846679	0.0410718917846679	0.0410718917846679	0.017350117365519165	0.011538249750932	-0.0020168324311574	3.0	3.0	3.0	1.750150491505993	1.1605072111646786	-0.201479999122292	0.201479999122292	1.1605072111646786	1.750150491505993	0.9030592345161265	1.0373792339309877	1.750150491505993
109275248	T	G	T	G	109275248:T>G	109275248:T>G	280	False	False	0.36	0.16970562748477142	2	4e-05	71	13645	12343	0.36	T	G	1	0.0304498672485351	0.0304498672485351	0.0304498672485351	1	0.0105524063110351	0.0105524063110351	0.0105524063110351	0.004487276077270467	-0.000710221628348	0.0014716386795043668	3.0	3.0	3.0	0.44973589765101823	-0.07099694806644255	0.14727220710943478	0.14727220710943478	0.07099694806644255	0.44973589765101823	0.1753370522313368	0.22266835094229853	0.44973589765101823
109275249	C	A	C	A	109275249:C>A	109275249:C>A	281	False	False	0.25	0.04242640687119288	2	1e-05	244	41401	33594	0.25	C	A	1	0.0452136993408203	0.0452136993408203	0.0452136993408203	1	-0.0145492553710937	0.0145492553710937	0.0145492553710937	0.0009489456812540667	-0.0031180307269095997	-0.0008409221967060999	3.0	3.0	3.0	0.09493960726614457	-0.31131747174759666	-0.08405687207245194	0.08405687207245194	0.31131747174759666	0.09493960726614457	-0.10014491218463467	0.16343798369539772	0.31131747174759666
109275249	C	G	C	G	109275249:C>G	109275249:C>G	281	False	False	0.3	0.014142135623730963	2	1e-05	103	34522	41643	0.3	C	G	1	0.0775671005249023	0.0775671005249023	0.0775671005249023	1	-0.0195503234863281	0.0195503234863281	0.0195503234863281	-0.0021362304687500004	-0.0017108296354611332	-0.0011833608150481668	3.0	3.0	3.0	-0.21339503523492293	-0.17093670006655695	-0.11826609197423203	0.11826609197423203	0.17093670006655695	0.21339503523492293	-0.16753260909190396	0.16753260909190396	0.21339503523492293
109275249	C	T	C	T	109275249:C>T	109275249:C>T	281	False	False	0.47000000000000003	0.11313708498984763	2	0.0	330	72918	92792	0.47000000000000003	C	T	1	0.0147705078125	0.0147705078125	0.0147705078125	1	-0.0106306076049804	0.0106306076049804	0.0106306076049804	0.0002114375432332666	0.0007047355175017999	-0.0015776852766672333	3.0	3.0	3.0	0.021145989772610944	0.07049839019216282	-0.1576441385493386	0.1576441385493386	0.07049839019216282	0.021145989772610944	-0.021999919528188278	0.08309617283803745	0.1576441385493386
109275250	T	A	T	A	109275250:T>A	109275250:T>A	282	False	False	0.635	0.09192388155425114	2	0.0	499	75801	81512	0.635	T	A	1	0.0882368087768554	0.0882368087768554	0.0882368087768554	1	0.0335035324096679	0.0335035324096679	0.0335035324096679	0.021682341893513965	0.016169694562752964	0.0030198693275451	3.0	3.0	3.0	2.191911201564498	1.630113155023825	0.3024433726395689	0.3024433726395689	1.630113155023825	2.191911201564498	1.3748225764092972	1.3748225764092972	2.191911201564498
109275250	T	C	T	C	109275250:T>C	109275250:T>C	282	False	False	0.18000000000000002	0.14142135623730953	2	0.0	1815	273878	157985	0.18000000000000002	T	C	1	-0.0200986862182617	0.0200986862182617	0.0200986862182617	1	-0.0081434249877929	0.0081434249877929	0.0081434249877929	-0.0099486907323201	-0.006318035225073467	-0.0010081628958383668	3.0	3.0	3.0	-0.9899366215650512	-0.6298118407647076	-0.10076548703645805	0.10076548703645805	0.6298118407647076	0.9899366215650512	-0.5735046497887389	0.5735046497887389	0.9899366215650512
109275250	T	G	T	G	109275250:T>G	109275250:T>G	282	False	False	0.37	0.0	2	0.0	113	40488	48004	0.37	T	G	1	0.0420513153076171	0.0420513153076171	0.0420513153076171	1	0.0178956985473632	0.0178956985473632	0.0178956985473632	0.009037613868713332	0.007456039388974466	-0.0005828440189361433	3.0	3.0	3.0	0.9078576409147495	0.748390486296439	-0.05826741983555109	0.05826741983555109	0.748390486296439	0.9078576409147495	0.5326602357918792	0.5715051823489131	0.9078576409147495
109275251	G	C	G	C	109275251:G>C	109275251:G>C	283	False	False	-0.5700000000000001	0.09899494936611662	2	0.0	76	9027	3187	0.5700000000000001	G	C	1	-0.0639314651489257	0.0639314651489257	0.0639314651489257	1	-0.0220584869384765	0.0220584869384765	0.0220584869384765	-0.014564593633015899	-0.010021151353915467	0.0010772844155629256	3.0	3.0	3.0	-1.4459042994565552	-0.9971106923796951	0.10778648948473141	0.10778648948473141	0.9971106923796951	1.4459042994565552	-0.7784095007838396	0.8502671604403272	1.4459042994565552
109275251	G	T	G	T	109275251:G>T	109275251:G>T	283	False	False	-0.475	0.14849242404917495	2	0.0	93	11815	6759	0.475	G	T	1	-0.0789241790771484	0.0789241790771484	0.0789241790771484	1	-0.0285272598266601	0.0285272598266601	0.0285272598266601	-0.016900022824605263	-0.0161519572138786	-7.943312327069999e-05	3.0	3.0	3.0	-1.675801852285495	-1.6022213828708363	-0.007942996854369421	0.007942996854369421	1.6022213828708363	1.675801852285495	-1.0953220773369001	1.0953220773369001	1.675801852285495
