promoter_id	gene_name	primary_input_qc_pass	primary_interaction_rna	interaction_log2_T_over_G_rna	contact_edge_cluster	high_signed_distance_bp	primary_contact_oe_difference	geometry_group	minimum_endpoint_or_replacement_edge_margin_bp	sort1_region_overlap	absolute_high_distance_bp	distance_stratum	within_distance_contact_quintile
ENSG00000188976__NOC2L__tss959309	NOC2L	True	8.181965789091916e-05	0.000887439957865	955000__1865000	908192	1.5908788442611694	>500 kb	60771	False	908192		
ENSG00000187961__KLHL17__tss960584	KLHL17	True	-0.0001568498586025	-0.0015100960497661	960000__1935000	976917	3.993816614151001	>500 kb	26408	False	976917		
ENSG00000187583__PLEKHN1__tss966482	PLEKHN1	False	0.0004150758288775	0.0052757067914358	965000__710000	-253981	3.575878381729126	clean ≤500 kb	367876	False	253981	150–300	
ENSG00000188290__HES4__tss1000172	HES4	False	-0.0006705543294326	-0.0063212239443157	1000000__660000	-337671	14.23087215423584	clean ≤500 kb	353531	False	337671	300–500	
ENSG00000187608__ISG15__tss1001138	ISG15	False	-0.0003434552815043	-0.0051829570944775	1000000__660000	-338637	14.23087215423584	clean ≤500 kb	353048	False	338637	300–500	
ENSG00000131591__C1orf159__tss1116361	C1orf159	True	4.423171018675277e-06	0.0009114126439384	1115000__1870000	756140	2.2790844440460205	>500 kb	111797	False	756140		
ENSG00000162571__TTLL10__tss1173880	TTLL10	False	1.4123670172706392e-07	0.0001179295777836	1170000__645000	-526379	23.64219856262207	mixed	259177	False	526379		
ENSG00000186891__TNFRSF18__tss1206592	TNFRSF18	False	-1.0259147188141542e-05	-0.0053642980617153	1205000__645000	-559091	27.034326553344727	>500 kb	242821	False	559091		
ENSG00000186827__TNFRSF4__tss1214153	TNFRSF4	True	8.116326099543054e-06	0.0029722134611874	1210000__1865000	653348	1.970531225204468	>500 kb	188193	False	653348		
ENSG00000078808__SDF4__tss1232031	SDF4	True	8.466584299303415e-05	0.0008673554390946	1230000__1935000	705470	2.1689670085906982	>500 kb	152132	False	705470		
ENSG00000176022__B3GALT6__tss1232237	B3GALT6	True	0.0003426860582503	0.0015158749862125	1230000__1935000	705264	2.1689670085906982	>500 kb	152235	False	705264		
ENSG00000162572__SCNN1D__tss1280436	SCNN1D	False	8.401359844756318e-07	4.453012225217028e-05	1280000__710000	-567935	10.072724342346191	>500 kb	210899	False	567935		
ENSG00000107404__DVL1__tss1349418	DVL1	True	-5.868277480425982e-05	-0.001134230244852	1345000__2265000	918083	1.801929593086243	>500 kb	28325	False	918083		
ENSG00000162576__MXRA8__tss1361777	MXRA8	True	-1.6659756688977567e-05	-0.0034793102466743	1360000__2265000	905724	2.005838394165039	>500 kb	32005	False	905724		
ENSG00000242485__MRPL20__tss1407293	MRPL20	True	-0.0003254022249069	-0.0005696357157834	1405000__1945000	540208	1.4236873388290403	mixed	252263	False	540208		
ENSG00000235098__ANKRD65__tss1421769	ANKRD65	True	0.000332691863528	0.0095549999747714	1420000__1935000	515732	1.522392898797989	mixed	247001	False	515732		
ENSG00000205116__TMEM88B__tss1425871	TMEM88B	True	7.999050342112277e-05	0.0038336626983675	1425000__1935000	511630	2.079636812210083	mixed	259052	False	511630		
ENSG00000160072__ATAD3B__tss1471765	ATAD3B	True	2.228388396599036e-05	0.0010546674130525	1470000__2265000	795736	2.6247029304504395	>500 kb	89499	False	795736		
ENSG00000197785__ATAD3A__tss1512162	ATAD3A	True	-3.9261698196459485e-05	-0.0022758122499884	1510000__1980000	470339	1.9149659872055056	mixed	259697	False	470339	300–500	
ENSG00000160075__SSU72__tss1574863	SSU72	True	-0.0002727979890803	-0.0020693336900642	1570000__660000	-912362	30.520994186401367	>500 kb	66185	False	912362		
ENSG00000197530__MIB2__tss1615454	MIB2	True	-5.906521851921365e-05	-0.0009677634698545	1615000__1870000	257047	1.2192887961864471	clean ≤500 kb	361343	False	257047	150–300	1
ENSG00000189339__SLC35E2B__tss1692795	SLC35E2B	True	-4.5799090647493865e-05	-0.0026117865449052	1690000__1935000	244706	3.249385207891464	clean ≤500 kb	382514	False	244706	150–300	4
ENSG00000008128__CDK11A__tss1724357	CDK11A	True	-2.745641307772516e-05	-0.0014408790198156	1720000__2280000	558144	3.740878105163574	>500 kb	215795	False	558144		
ENSG00000169885__CALML6__tss1915108	CALML6	False	0.0001078016269527	0.0047123851668219	1915000__2675000	762393	25.943227767944336	>500 kb	133670	False	762393		
ENSG00000178821__TMEM52__tss1919279	TMEM52	False	0.0006502924993973	0.0053458324319657	1915000__2675000	758222	25.943227767944336	>500 kb	135756	False	758222		
ENSG00000142609__CFAP74__tss2003837	CFAP74	False	-2.1427028377689152e-08	-3.071678046137529e-05	2000000__2640000	638664	2.8198025226593018	>500 kb	180535	False	638664		
ENSG00000187730__GABRD__tss2019329	GABRD	False	3.018619058800848e-07	0.0004146655264258	2015000__2895000	878172	2.8157620429992676	>500 kb	73281	False	878172		
ENSG00000067606__PRKCZ__tss2050411	PRKCZ	False	1.8594186126990803e-06	0.0001627098871809	2050000__2980000	932090	4.066504001617432	>500 kb	41322	False	932090		
ENSG00000162585__FAAP20__tss2212720	FAAP20	False	-7.154906202254613e-06	-0.0021097431400482	2210000__2655000	444781	3.493279457092285	clean ≤500 kb	282476	False	444781	300–500	
ENSG00000157933__SKI__tss2227388	SKI	False	-7.664936091179853e-05	-0.0014508190722677	2225000__3160000	935113	2.9415194988250732	>500 kb	39810	False	935113		
ENSG00000116151__MORN1__tss2391707	MORN1	False	1.7854875374312407e-05	0.0002706029673231	2390000__3345000	955794	5.670032501220703	>500 kb	36970	False	955794		
ENSG00000157916__RER1__tss2391775	RER1	False	-0.0001136052900107	-0.0008179371886929	2390000__3345000	955726	5.670032501220703	>500 kb	37004	False	955726		
ENSG00000157911__PEX10__tss2413797	PEX10	False	3.3073124166106e-05	0.0020593454350926	2410000__2675000	263704	3.139974594116211	clean ≤500 kb	383015	False	263704	150–300	
ENSG00000149527__PLCH2__tss2425980	PLCH2	False	-2.7368950226062765e-07	-0.0003567137628674	2425000__2655000	231521	6.063857555389404	clean ≤500 kb	389106	False	231521	150–300	
ENSG00000157881__PANK4__tss2526597	PANK4	False	5.431374778347431e-05	0.0030053572652364	2525000__3350000	825904	3.299708843231201	>500 kb	81915	False	825904		
ENSG00000197921__HES5__tss2530263	HES5	False	-3.102750148658521e-06	-0.001321844341563	2530000__3360000	832238	3.0310906767845154	>500 kb	106248	False	832238		
ENSG00000157873__TNFRSF14__tss2555639	TNFRSF14	False	-0.0001477549634833	-0.0021011096330496	2555000__3335000	781862	3.351585865020752	>500 kb	108936	False	781862		
ENSG00000157870__PRXL2B__tss2586491	PRXL2B	False	0.0003649207598803	0.0050312667043216	2585000__3545000	961010	4.497529983520508	>500 kb	24362	False	961010		
ENSG00000142606__MMEL1__tss2633016	MMEL1	False	-1.826881698964401e-07	-0.0002281326401269	2630000__3590000	959485	3.8931708931922913	>500 kb	42624	False	959485		
ENSG00000215912__TTC34__tss2801693	TTC34	False	-5.3333308810612335e-08	-7.640659926288518e-05	2800000__3515000	715808	2.9718568325042725	>500 kb	136963	False	715808		
ENSG00000169717__ACTRT2__tss3021467	ACTRT2	False	1.2456615954590278e-07	0.0001775803784631	3020000__3345000	326034	1.8617713451385496	clean ≤500 kb	351850	False	326034	300–500	
ENSG00000142611__PRDM16__tss3069168	PRDM16	True	-3.097396490438003e-05	-0.0086446388991977	3065000__3505000	438333	2.6952035427093506	mixed	270700	False	438333	300–500	
ENSG00000130762__ARHGEF16__tss3454665	ARHGEF16	False	5.417816029939723e-05	0.0031932869193255	3450000__2870000	-582164	5.017976403236389	>500 kb	218784	False	582164		
ENSG00000162591__MEGF6__tss3611508	MEGF6	False	4.12358010798686e-05	0.0148365006423994	3610000__2675000	-934007	18.928041458129883	>500 kb	47863	False	934007		
ENSG00000158109__TPRG1L__tss3625015	TPRG1L	False	-0.0002365914246126	-0.0024800468786764	3625000__2885000	-737514	3.4404052793979645	>500 kb	126109	False	737514		
ENSG00000078900__TP73__tss3652516	TP73	False	5.198925507621916e-06	0.0041611026493304	3650000__2655000	-995015	14.149584770202637	>500 kb	24859	False	995015		
ENSG00000116213__WRAP73__tss3652761	WRAP73	False	1.5435221889838484e-06	0.0017968074521418	3650000__2655000	-995260	14.149584770202637	>500 kb	24736	False	995260		
ENSG00000162592__CCDC27__tss3746460	CCDC27	True	9.11334716590488e-05	0.0026775037602606	3745000__2935000	-808959	3.018349885940552	>500 kb	117887	False	808959		
ENSG00000235169__SMIM1__tss3772749	SMIM1	True	-2.6605541627828383e-05	-0.0013213516278962	3770000__4605000	834752	4.586808204650879	>500 kb	104991	False	834752		
ENSG00000130764__LRRC47__tss3796498	LRRC47	True	0.0003117219228765	0.0037831582936796	3795000__4690000	896003	3.836446523666382	>500 kb	46865	False	896003		
ENSG00000169598__DFFB__tss3857267	DFFB	True	-3.0423233685600293e-05	-0.0016115264887534	3855000__4625000	770234	3.813877522945404	>500 kb	117250	False	770234		
ENSG00000116198__CEP104__tss3857396	CEP104	True	-7.196026386730586e-06	-0.0004387198634345	3855000__4625000	770105	3.813877522945404	>500 kb	117314	False	770105		
ENSG00000198912__C1orf174__tss3900293	C1orf174	True	0.0001067530219789	0.0049139090891231	3900000__4825000	927208	7.595871925354004	>500 kb	36263	False	927208		
ENSG00000196581__AJAP1__tss4654609	AJAP1	True	-2.630212498867675e-07	-0.0003703178708075	4650000__5445000	792892	6.982604801654816	>500 kb	125921	False	792892		
ENSG00000069424__KCNAB2__tss5990927	KCNAB2	True	1.848683139525241e-05	0.0037242746790714	5990000__5505000	-483426	5.191703602671623	mixed	263153	False	483426	300–500	
ENSG00000131697__NPHP4__tss5992473	NPHP4	True	4.9732430110790114e-05	0.0065075862949805	5990000__5505000	-484972	5.191703602671623	mixed	262380	False	484972	300–500	
ENSG00000116254__CHD5__tss6180321	CHD5	True	2.919303370920809e-07	0.0003820865897816	6180000__6340000	162180	1.0414080619812012	clean ≤500 kb	441277	False	162180	150–300	1
ENSG00000285629__ENSG00000285629__tss6197757	ENSG00000285629	True	0.0019505357857519	0.0019913733909088	6195000__7165000	969744	2.750033140182495	>500 kb	27495	False	969744		
ENSG00000158286__RNF207__tss6205475	RNF207	True	-0.0001234364236742	-0.0047834301175965	6205000__6280000	77026	0.7005229294300079	clean ≤500 kb	456354	False	77026	50–150	1
ENSG00000116251__RPL22__tss6209389	RPL22	True	-6.482294688252635e-05	-0.002535343804736	6205000__7200000	993112	3.25014066696167	>500 kb	25811	False	993112		
ENSG00000116237__ICMT__tss6235972	ICMT	True	0.0002174002753799	0.0021531145695645	6235000__6340000	106529	1.8264843225479128	clean ≤500 kb	469102	False	106529	50–150	2
ENSG00000173673__HES3__tss6244179	HES3	True	-9.64639605824716e-06	-0.0116960764578554	6240000__6305000	63322	0.2684375047683716	clean ≤500 kb	455706	False	63322	50–150	1
ENSG00000158292__GPR153__tss6261098	GPR153	True	4.374602970490943e-06	0.0021653629709117	6260000__6980000	721403	2.303462028503418	>500 kb	151665	False	721403		
ENSG00000097021__ACOT7__tss6393767	ACOT7	True	-2.2727359012715553e-05	-0.0019013295555426	6390000__7310000	918734	1.8105822801589968	>500 kb	55500	False	918734		
ENSG00000069812__HES2__tss6424670	HES2	True	-3.0374148764982054e-06	-0.0039225268131012	6420000__6340000	-82169	1.0420535802841189	clean ≤500 kb	451282	False	82169	50–150	1
ENSG00000187017__ESPN__tss6424776	ESPN	True	-8.569434996671759e-06	-0.0094061486728667	6420000__6340000	-82275	1.0420535802841189	clean ≤500 kb	451229	False	82275	50–150	1
ENSG00000215788__TNFRSF25__tss6466175	TNFRSF25	True	-0.0001194188865553	-0.0016879493667079	6465000__7320000	856326	2.397728204727173	>500 kb	94204	False	856326		
ENSG00000171680__PLEKHG5__tss6520074	PLEKHG5	True	3.4630538991026194e-06	2.7007252237910145e-05	6520000__7200000	682427	3.0586235523223877	>500 kb	161153	False	682427		
ENSG00000162408__NOL9__tss6554513	NOL9	True	6.319754388041388e-05	0.0019058347428333	6550000__7460000	907988	2.3167221546173096	>500 kb	60873	False	907988		
ENSG00000173662__TAS1R1__tss6555307	TAS1R1	True	-1.2934378169910351e-05	-0.0018418575491416	6555000__7550000	997194	3.8797593116760254	>500 kb	23770	False	997194		
ENSG00000204859__ZBTB48__tss6579994	ZBTB48	True	9.620581965925912e-05	0.0006175203744258	6575000__7235000	657507	1.692887544631958	>500 kb	183613	False	657507		
ENSG00000116273__PHF13__tss6613731	PHF13	True	-2.1670810679027055e-05	-0.0013318428477217	6610000__7455000	843770	2.31919264793396	>500 kb	77982	False	843770		
ENSG00000162413__KLHL21__tss6614607	KLHL21	True	-1.1519496550649322e-05	-0.0009063035136826	6610000__7455000	842894	2.31919264793396	>500 kb	78420	False	842894		
ENSG00000041988__THAP3__tss6624868	THAP3	True	4.481911748627221e-05	0.000227263724683	6620000__7205000	582633	2.8310906887054443	>500 kb	213550	False	582633		
ENSG00000007923__DNAJC11__tss6701924	DNAJC11	True	1.1787943236578335e-05	0.0002386850388166	6700000__7645000	945577	5.463336944580078	>500 kb	49578	False	945577		
ENSG00000171735__CAMTA1__tss6785454	CAMTA1	True	-9.168821632104736e-06	-0.000793599097998	6785000__5795000	-987953	2.517660617828369	>500 kb	28390	False	987953		
ENSG00000049245__VAMP3__tss7771296	VAMP3	True	7.76737285317769e-05	0.0006919758987846	7770000__6945000	-823795	2.8356966972351074	>500 kb	97969	False	823795		
ENSG00000049246__PER3__tss7784291	PER3	True	-3.5992145320032365e-07	-2.3725310618134127e-05	7780000__6910000	-871790	3.1507906317710876	>500 kb	86471	False	871790		
ENSG00000049247__UTS2__tss7853512	UTS2	True	-7.770548055621504e-07	-0.0010499095315574	7850000__6935000	-916011	5.646590232849121	>500 kb	54361	False	916011		
ENSG00000049249__TNFRSF9__tss7943165	TNFRSF9	True	-1.3374499799727348e-07	-0.0001846782824995	7940000__8380000	439336	3.3567530810832977	mixed	265199	False	439336	300–500	
ENSG00000116288__PARK7__tss7954291	PARK7	True	-9.369654753978206e-06	-0.0047154323143665	7950000__8375000	423210	2.049009144306183	clean ≤500 kb	278262	False	423210	300–500	2
ENSG00000116285__ERRFI1__tss8026309	ERRFI1	True	-0.0092240723532298	-0.0324445774793349	8025000__8230000	206192	4.43673300743103	clean ≤500 kb	419271	False	206192	150–300	5
ENSG00000162426__SLC45A1__tss8318114	SLC45A1	True	-1.1728648979306486e-05	-0.0123502650708122	8315000__8035000	-280613	6.2871620655059814	clean ≤500 kb	382060	False	280613	150–300	5
ENSG00000142599__RERE__tss8848921	RERE	True	-2.4176926093629294e-06	-0.0024356966486876	8845000__9515000	668580	3.626512259244919	>500 kb	188077	False	668580		
ENSG00000074800__ENO1__tss8879190	ENO1	True	0.0015544610230376	0.0019284631368284	8875000__9455000	578311	2.1784039437770844	>500 kb	218211	False	578311		
ENSG00000131686__CA6__tss8945867	CA6	True	-4.03432210743318e-07	-0.0005681169806396	8945000__9510000	566634	2.120566189289093	>500 kb	221550	False	566634		
ENSG00000197241__SLC2A7__tss9026423	SLC2A7	True	1.2314411021307522e-07	0.0001727560609038	9025000__9455000	431078	1.9581910371780396	clean ≤500 kb	276828	False	431078	300–500	1
ENSG00000142583__SLC2A5__tss9088478	SLC2A5	True	-2.2768575177037363e-06	-0.003106553210595	9085000__8925000	-160977	2.791336640715599	clean ≤500 kb	406878	False	160977	150–300	3
ENSG00000180758__GPR157__tss9129102	GPR157	True	0.00081423656832	0.0487716350257024	9125000__9245000	118399	2.090327024459839	clean ≤500 kb	425667	False	118399	50–150	3
ENSG00000049239__H6PD__tss9234774	H6PD	True	-4.006020375925748e-05	-0.0016141212558879	9230000__9465000	232727	2.324751913547516	clean ≤500 kb	383503	False	232727	150–300	3
ENSG00000171621__SPSB1__tss9292894	SPSB1	True	0.0006742410127132	0.1284985405430859	9290000__9490000	199607	9.38413941860199	clean ≤500 kb	395063	False	199607	150–300	5
ENSG00000171612__SLC25A33__tss9539465	SLC25A33	True	0.000141397619356	0.0038957789184288	9535000__8990000	-546964	2.780358135700226	>500 kb	218884	False	546964		
ENSG00000188807__TMEM201__tss9588911	TMEM201	True	-3.848906746409253e-05	-0.0032565958843195	9585000__9315000	-271410	2.4108485877513885	clean ≤500 kb	386661	False	271410	150–300	3
ENSG00000171608__PIK3CD__tss9629889	PIK3CD	True	6.680088267468838e-07	0.0008551827891173	9625000__10185000	557612	1.89946411550045	>500 kb	213561	False	557612		
ENSG00000171603__CLSTN1__tss9823984	CLSTN1	True	-3.2501484685706385e-05	-0.0045178128264685	9820000__10570000	748517	3.390838384628296	>500 kb	140608	False	748517		
ENSG00000178585__CTNNBIP1__tss9910336	CTNNBIP1	True	-5.5825477877215895e-05	-0.0060341172312792	9910000__9805000	-102835	1.2890601754188538	clean ≤500 kb	438449	False	102835	50–150	2
ENSG00000162441__LZIC__tss9943407	LZIC	True	0.0007728093228399	0.0118129708855467	9940000__9865000	-75906	2.166870892047882	clean ≤500 kb	454413	False	75906	50–150	3
ENSG00000173614__NMNAT1__tss9943428	NMNAT1	True	0.0003968339146802	0.0125467445407932	9940000__9865000	-75927	2.166870892047882	clean ≤500 kb	454403	False	75927	50–150	3
ENSG00000162444__RBP7__tss9997206	RBP7	True	1.0518482389285684e-05	0.006999678636758	9995000__9790000	-204705	1.7660270929336548	clean ≤500 kb	407514	False	204705	150–300	2
ENSG00000130939__UBE4B__tss10032832	UBE4B	True	-8.841256544629694e-05	-0.0007909999937602	10030000__10875000	844669	3.4843454360961914	>500 kb	70032	False	844669		
ENSG00000054523__KIF1B__tss10210570	KIF1B	True	-6.52764596180324e-06	-0.0007516223904894	10210000__9795000	-413069	2.0347414016723633	clean ≤500 kb	300832	False	413069	300–500	2
ENSG00000142657__PGD__tss10398592	PGD	True	0.0020133463986603	0.0060729862931874	10395000__9795000	-601091	1.8505500108003616	>500 kb	221821	False	601091		
ENSG00000251503__CENPS-CORT__tss10430102	CENPS-CORT	True	0.0004237218230241	0.0065521718275463	10430000__10495000	67399	3.66064378619194	clean ≤500 kb	453667	False	67399	50–150	5
ENSG00000175279__CENPS__tss10430433	CENPS	True	0.0011860064551231	0.0188328372680093	10430000__10495000	67068	3.66064378619194	clean ≤500 kb	453833	False	67068	50–150	5
ENSG00000241563__CORT__tss10450031	CORT	True	-2.8452118029251298e-05	-0.0018353136928564	10450000__10875000	427470	2.469133675098419	clean ≤500 kb	288632	False	427470	300–500	2
ENSG00000142655__PEX14__tss10472288	PEX14	True	-7.621700464365e-05	-0.0040646985889296	10470000__10915000	445213	2.784438669681549	clean ≤500 kb	299760	False	445213	300–500	3
ENSG00000160049__DFFA__tss10472529	DFFA	True	0.0001288211679375	0.0021064628948635	10470000__10915000	444972	2.784438669681549	clean ≤500 kb	299881	False	444972	300–500	3
ENSG00000130940__CASZ1__tss10796650	CASZ1	True	1.251802110881884e-06	0.0016086502861748	10795000__10510000	-284149	3.0160170197486877	clean ≤500 kb	370292	False	284149	150–300	4
ENSG00000175262__C1orf127__tss10982076	C1orf127	True	9.378631701124072e-07	0.0009984179887021	10980000__10510000	-469575	4.6582189202308655	clean ≤500 kb	272579	False	469575	300–500	5
ENSG00000120948__TARDBP__tss11012344	TARDBP	True	-0.0009978223560669	-0.003754791801504	11010000__10500000	-509843	3.363975405693054	mixed	267445	False	509843		
ENSG00000009724__MASP2__tss11047239	MASP2	True	0.0014639973670236	0.0105435180330818	11045000__11595000	550262	2.219658240675926	>500 kb	247236	False	550262		
ENSG00000116649__SRM__tss11060020	SRM	True	-5.61229151546383e-05	-0.0002298561089009	11060000__10510000	-547519	2.338975042104721	>500 kb	238607	False	547519		
ENSG00000171824__EXOSC10__tss11099869	EXOSC10	True	-7.664105559079815e-06	-7.734657368699293e-05	11095000__10515000	-582368	3.426658570766449	>500 kb	213682	False	582368		
ENSG00000171819__ANGPTL7__tss11189355	ANGPTL7	True	6.1478222470717206e-06	0.0034735623115916	11185000__11585000	398146	2.163592249155045	clean ≤500 kb	323294	False	398146	300–500	2
ENSG00000198793__MTOR__tss11262556	MTOR	True	2.0338784560511997e-06	0.00019148732812	11260000__10485000	-775055	5.55763578414917	>500 kb	134839	False	775055		
ENSG00000120942__UBIAD1__tss11273198	UBIAD1	True	0.0001314338044481	0.0010313432703188	11270000__11565000	294303	1.5961998477578163	clean ≤500 kb	362715	False	294303	150–300	1
ENSG00000204624__DISP3__tss11479155	DISP3	True	0.0001251228786516	0.1142948640113597	11475000__11365000	-111654	1.2148672044277191	clean ≤500 kb	466539	False	111654	50–150	1
ENSG00000132879__FBXO44__tss11654375	FBXO44	True	-0.0009150066150185	-0.0087832529279441	11650000__11335000	-316874	4.397674769163132	clean ≤500 kb	363929	False	316874	300–500	4
ENSG00000116661__FBXO2__tss11655785	FBXO2	True	0.0002666433398985	0.0032247012664461	11655000__11350000	-303284	3.0193790197372437	clean ≤500 kb	370724	False	303284	300–500	3
ENSG00000116663__FBXO6__tss11664200	FBXO6	True	-0.0002620723717691	-0.004010497068936	11660000__11290000	-371699	1.1967456340789795	clean ≤500 kb	336517	False	371699	300–500	1
ENSG00000162490__DRAXIN__tss11691710	DRAXIN	True	-1.1271203822390093e-07	-0.0001586424542338	11690000__11335000	-354209	3.0501418709754944	clean ≤500 kb	345262	False	354209	300–500	3
ENSG00000116670__MAD2L2__tss11691811	MAD2L2	True	5.8975820911459696e-08	8.030040299780874e-05	11690000__11335000	-354310	3.0501418709754944	clean ≤500 kb	345211	False	354310	300–500	3
ENSG00000177674__AGTRAP__tss11736084	AGTRAP	True	-3.832369826283974e-05	-0.0030514529366498	11735000__11290000	-443583	1.8067327439785004	clean ≤500 kb	300575	False	443583	300–500	1
ENSG00000215910__C1orf167__tss11761787	C1orf167	True	5.1476884262651643e-08	7.392590511290454e-05	11760000__11305000	-454286	2.5282959938049316	clean ≤500 kb	287723	False	454286	300–500	2
ENSG00000011021__CLCN6__tss11806096	CLCN6	True	-1.6880099459395947e-06	-4.844372131623549e-05	11805000__11300000	-503595	1.3512127846479416	mixed	270569	False	503595		
ENSG00000177000__MTHFR__tss11806455	MTHFR	True	-0.0002015176815428	-0.0054847979019787	11805000__11300000	-503954	1.3512127846479416	mixed	270389	False	503954		
ENSG00000175206__NPPA__tss11848345	NPPA	True	-2.4609212466975526e-06	-0.0007851847034795	11845000__11290000	-555844	1.9306155741214752	mixed	244444	False	555844		
ENSG00000120937__NPPB__tss11858945	NPPB	True	-1.9438716564408164e-05	-0.0041105271262422	11855000__11295000	-561444	1.7533419877290726	>500 kb	241644	False	561444		
ENSG00000116685__KIAA2013__tss11926428	KIAA2013	True	-0.0003936477289464	-0.0016109995921256	11925000__11295000	-628927	2.912734031677246	>500 kb	207903	False	628927		
ENSG00000083444__PLOD1__tss11934205	PLOD1	True	-6.906925713017625e-05	-0.0012202539524337	11930000__12865000	933296	5.98336124420166	>500 kb	35719	False	933296		
ENSG00000116688__MFN2__tss11980181	MFN2	False	-6.26547261296656e-05	-0.0006883473631103	11980000__12875000	897320	4.003138542175293	>500 kb	58707	False	897320		
ENSG00000116691__MIIP__tss12019466	MIIP	False	9.979902338578228e-06	0.001044536083092	12015000__12865000	848035	4.271334648132324	>500 kb	78349	False	848035		
ENSG00000120949__TNFRSF8__tss12063303	TNFRSF8	True	-2.637898075377176e-07	-0.0003565209125979	12060000__12680000	619198	3.5585588216781616	>500 kb	200268	False	619198		
ENSG00000028137__TNFRSF1B__tss12166991	TNFRSF1B	True	-2.02914933925978e-06	-0.0018175575070963	12165000__12675000	510510	3.9101224690675735	mixed	267112	False	510510		
ENSG00000048707__VPS13D__tss12230030	VPS13D	False	2.831005845751848e-07	8.131916088298819e-05	12230000__12665000	437471	3.6800774335861206	mixed	271131	False	437471	300–500	
ENSG00000162496__DHRS3__tss12620133	DHRS3	False	0.000145889476648	0.0013914812513277	12620000__13010000	392368	15.919822692871094	clean ≤500 kb	311183	False	392368	300–500	
ENSG00000204518__AADACL4__tss12644085	AADACL4	False	-6.327686295512115e-09	-9.010163864936536e-06	12640000__13565000	923416	6.271723747253418	>500 kb	25659	False	923416		
ENSG00000188984__AADACL3__tss12716110	AADACL3	True	-1.1432828646007971e-08	-1.6347659074629776e-05	12715000__12115000	-598609	3.108899772167206	>500 kb	188062	False	598609		
ENSG00000157330__CFAP107__tss12746200	CFAP107	True	2.8021457959419608e-08	3.993033872144367e-05	12745000__12115000	-628699	3.3131462931632996	>500 kb	173017	False	628699		
ENSG00000116726__PRAMEF12__tss12773738	PRAMEF12	True	1.6699211988053326e-08	2.3974964757598528e-05	12770000__12115000	-656237	4.341260999441147	>500 kb	161748	False	656237		
ENSG00000116721__PRAMEF1__tss12791397	PRAMEF1	True	1.7486448415784555e-09	2.5171739513559e-06	12790000__12100000	-688896	6.685319423675537	>500 kb	150418	False	688896		
ENSG00000239810__PRAMEF11__tss12831410	PRAMEF11	False	6.609379756075904e-09	9.508876524988162e-06	12830000__13565000	736091	7.946867942810059	>500 kb	119321	False	736091		
ENSG00000179172__HNRNPCL1__tss12848720	HNRNPCL1	False	7.858970007364652e-06	0.0063965593069881	12845000__13440000	593781	6.510473728179932	>500 kb	200476	False	593781		
ENSG00000120952__PRAMEF2__tss12857086	PRAMEF2	False	7.308518018542188e-07	0.0010459937088418	12855000__13010000	155415	22.35847282409668	clean ≤500 kb	409659	False	155415	150–300	
ENSG00000243073__PRAMEF4__tss12886201	PRAMEF4	False	4.6355004118132656e-08	6.650887073609261e-05	12885000__12105000	-778700	7.583526134490967	>500 kb	105516	False	778700		
ENSG00000187545__PRAMEF10__tss12898270	PRAMEF10	False	-2.085136816539956e-07	-0.0002996213996667	12895000__13040000	144231	25.361799240112305	clean ≤500 kb	430251	False	144231	50–150	
ENSG00000204510__PRAMEF7__tss12916610	PRAMEF7	False	-1.4882129136360262e-06	-0.0020976240736907	12915000__13040000	125891	18.727840423583984	clean ≤500 kb	439421	False	125891	50–150	
ENSG00000232423__PRAMEF6__tss12947580	PRAMEF6	False	-2.9848702298466e-09	-4.2930236876017876e-06	12945000__13940000	994921	43.60179901123047	>500 kb	24906	False	994921		
ENSG00000274764__PRAMEF27__tss13056575	PRAMEF27	False	-1.7897349984101606e-08	-2.5765715932098217e-05	13055000__13930000	875926	8.717355728149414	>500 kb	76904	False	875926		
ENSG00000277058__HNRNPCL3__tss13060769	HNRNPCL3	False	2.1371230517815498e-07	0.0002962095581225	13060000__12105000	-953268	41.05323028564453	>500 kb	45732	False	953268		
ENSG00000229571__PRAMEF25__tss13068677	PRAMEF25	False	9.845653931359213e-09	1.418487828087242e-05	13065000__13915000	848824	22.915115356445312	>500 kb	87955	False	848824		
ENSG00000275774__HNRNPCL2__tss13116854	HNRNPCL2	True	1.131689841227029e-06	0.0007328615623712	13115000__14055000	940647	7.97373628616333	>500 kb	32043	False	940647		
ENSG00000280267__PRAMEF26__tss13158116	PRAMEF26	False	-8.470354762974558e-08	-0.0001219058742462	13155000__13040000	-115615	21.821916580200195	clean ≤500 kb	449559	False	115615	50–150	
ENSG00000179412__HNRNPCL4__tss13165631	HNRNPCL4	True	-1.1548091986677385e-07	-0.0001637174046634	13165000__14150000	986870	32.91953659057617	>500 kb	28932	False	986870		
ENSG00000204505__PRAMEF9__tss13171848	PRAMEF9	True	5.851045907621209e-09	8.423839116323786e-06	13170000__14020000	850653	11.04004192352295	>500 kb	84540	False	850653		
ENSG00000279804__PRAMEF18__tss13226154	PRAMEF18	False	8.164949936736814e-07	0.0010812243330515	13225000__13010000	-213653	25.893823623657227	clean ≤500 kb	415540	False	213653	150–300	
ENSG00000270601__PRAMEF5__tss13254198	PRAMEF5	True	6.060172556728476e-09	8.72507386331398e-06	13250000__14190000	938303	32.04417037963867	>500 kb	45715	False	938303		
ENSG00000182330__PRAMEF8__tss13285137	PRAMEF8	True	1.0935219097393857e-07	0.0001535217502112	13285000__14225000	942364	14.317133903503418	>500 kb	41185	False	942364		
ENSG00000237700__PRAMEF33__tss13303539	PRAMEF33	True	3.1487439747980385e-08	4.5144329183211885e-05	13300000__14235000	933962	10.909955024719238	>500 kb	37886	False	933962		
ENSG00000204501__PRAMEF15__tss13315581	PRAMEF15	True	-9.122538554671589e-08	-0.0001296478463496	13315000__14270000	956920	13.437071800231934	>500 kb	36407	False	956920		
ENSG00000204481__PRAMEF14__tss13347134	PRAMEF14	True	-3.03255172656961e-08	-4.328724921426124e-05	13345000__14265000	920367	12.39245891571045	>500 kb	52183	False	920367		
ENSG00000204480__PRAMEF19__tss13371947	PRAMEF19	True	1.5197325341751342e-08	2.153068104157748e-05	13370000__14235000	865554	4.625230312347412	>500 kb	89590	False	865554		
ENSG00000204479__PRAMEF17__tss13389632	PRAMEF17	True	-5.818279305666766e-08	-8.324209499973315e-05	13385000__14310000	922869	8.974672317504883	>500 kb	60932	False	922869		
ENSG00000204478__PRAMEF20__tss13410450	PRAMEF20	True	6.43457734457192e-08	9.233405162725572e-05	13410000__13965000	557051	3.148542106151581	mixed	228841	False	557051		
ENSG00000162494__LRRC38__tss13514003	LRRC38	False	6.894013908598096e-08	9.699795732187515e-05	13510000__12865000	-646502	6.423680007457733	>500 kb	171615	False	646502		
ENSG00000162493__PDPN__tss13583465	PDPN	True	-2.440139741788762e-07	-0.0002948995669979	13580000__14440000	859036	4.469278335571289	>500 kb	92849	False	859036		
ENSG00000116731__PRDM2__tss13700188	PRDM2	False	3.101374858703902e-06	0.0014359565127784	13700000__13015000	-682687	9.241360664367676	>500 kb	181023	False	682687		
ENSG00000189337__KAZN__tss13892792	KAZN	True	4.1573780393201934e-08	5.510212868810316e-05	13890000__13450000	-440291	4.107971176505089	clean ≤500 kb	302221	False	440291	300–500	4
ENSG00000171729__TMEM51__tss15152532	TMEM51	True	-1.1587564355586971e-05	-0.0003501044377261	15150000__14795000	-355031	1.271404355764389	clean ≤500 kb	344851	False	355031	300–500	1
ENSG00000142621__FHAD1__tss15236521	FHAD1	True	-5.307156045747421e-06	-0.0072526117837401	15235000__15125000	-109020	1.4687735438346865	clean ≤500 kb	467856	False	109020	50–150	2
ENSG00000142634__EFHD2__tss15409888	EFHD2	True	8.505896400494428e-06	0.0003660523123771	15405000__14425000	-982387	4.424570083618164	>500 kb	31173	False	982387		
ENSG00000162438__CTRC__tss15438442	CTRC	True	2.6919978723412676e-08	3.124147594560757e-05	15435000__14460000	-975941	3.0987300872802734	>500 kb	34396	False	975941		
ENSG00000142615__CELA2A__tss15456728	CELA2A	True	2.219270001394073e-07	0.0002901336339823	15455000__14805000	-649227	3.4578263759613037	>500 kb	175253	False	649227		
ENSG00000215704__CELA2B__tss15465909	CELA2B	True	3.928153661651539e-06	0.003518758293204	15465000__14645000	-818408	2.9336981773376465	>500 kb	93162	False	818408		
ENSG00000132906__CASP9__tss15526534	CASP9	True	9.630465422096316e-06	0.0022752201590134	15525000__14585000	-939033	1.918465256690979	>500 kb	45350	False	939033		
ENSG00000116138__DNAJC16__tss15526813	DNAJC16	True	-8.85258008442684e-06	-0.0006847803821431	15525000__14585000	-939312	1.918465256690979	>500 kb	45210	False	939312		
ENSG00000116771__AGMAT__tss15585051	AGMAT	True	-0.0007584676795787	-0.0028557199776313	15585000__15715000	132450	1.0582122206687927	clean ≤500 kb	456142	False	132450	50–150	1
ENSG00000197312__DDI2__tss15617458	DDI2	True	8.433735761445571e-05	0.0018386554918934	15615000__16330000	715043	3.6896562576293945	>500 kb	164845	False	715043		
ENSG00000215695__RSC1A1__tss15659713	RSC1A1	True	-0.0001430319198357	-0.0001915400446022	15655000__16260000	602788	2.384611129760742	>500 kb	198473	False	602788		
ENSG00000116786__PLEKHM2__tss15684320	PLEKHM2	True	2.590539421919256e-05	0.0025371599637117	15680000__16280000	598181	2.0745606422424316	>500 kb	200776	False	598181		
ENSG00000162461__SLC25A34__tss15736258	SLC25A34	True	-4.291097432346236e-05	-0.0004904733417842	15735000__16265000	531243	1.7888180911540985	>500 kb	219245	False	531243		
ENSG00000162460__TMEM82__tss15742499	TMEM82	True	-0.0005549796172045	-0.0101492277886852	15740000__15885000	145002	1.2737183272838593	clean ≤500 kb	449866	False	145002	50–150	2
ENSG00000162458__FBLIM1__tss15756607	FBLIM1	True	8.621401194077415e-07	0.0002319443566348	15755000__16285000	530894	1.4207471013069153	>500 kb	246920	False	530894		
ENSG00000233954__UQCRHL__tss15809348	UQCRHL	True	0.0001018178231575	0.0028316395889412	15805000__16110000	303153	1.280395895242691	clean ≤500 kb	370790	False	303153	300–500	1
ENSG00000065526__SPEN__tss15836095	SPEN	True	-3.3930849057707546e-06	-0.0001340538537389	15835000__16110000	276406	1.1911293864250183	clean ≤500 kb	354164	False	276406	150–300	1
ENSG00000183888__SRARP__tss16004236	SRARP	True	-0.001367748975902	-0.0060981134661382	16000000__15140000	-861735	3.8244802951812744	>500 kb	83999	False	861735		
ENSG00000184908__CLCNKB__tss16040252	CLCNKB	True	-1.817767396674791e-07	-0.0002477103647632	16040000__16340000	302249	2.2607831954956055	clean ≤500 kb	371242	False	302249	300–500	2
ENSG00000132881__CPLANE2__tss16237183	CPLANE2	True	2.030143238828004e-06	0.0001681341459697	16235000__16090000	-144682	1.8063949942588808	clean ≤500 kb	450025	False	144682	50–150	2
ENSG00000187144__SPATA21__tss16437424	SPATA21	True	-5.56489407872199e-07	-0.000756294001955	16435000__16090000	-344923	1.1889888942241669	clean ≤500 kb	349905	False	344923	300–500	1
ENSG00000157191__NECAP2__tss16440721	NECAP2	False	4.906939232159069e-05	0.0008158328657311	16440000__16335000	-103220	1.2772024273872375	clean ≤500 kb	443256	False	103220	50–150	
ENSG00000219481__NBPF1__tss16613562	NBPF1	True	5.1197842400364096e-05	0.0029250591397466	16610000__15890000	-721061	2.3561835289001465	>500 kb	144336	False	721061		
ENSG00000117122__MFAP2__tss16980632	MFAP2	True	-3.719408836953884e-06	-0.0023861548448861	16980000__17855000	876869	2.756727695465088	>500 kb	68932	False	876869		
ENSG00000288636__ENSG00000288636__tss17011757	ENSG00000288636	True	1.689441341326146e-06	0.0005429163483023	17010000__17805000	795744	4.913121223449707	>500 kb	109495	False	795744		
ENSG00000159363__ATP13A2__tss17011928	ATP13A2	True	4.298000066595619e-06	0.0013718930349033	17010000__17805000	795573	4.913121223449707	>500 kb	109580	False	795573		
ENSG00000117118__SDHB__tss17054151	SDHB	False	0.0001286937155444	0.0015897486206675	17050000__17335000	283350	3.757935509085655	clean ≤500 kb	380692	False	283350	150–300	
ENSG00000117115__PADI2__tss17119451	PADI2	True	-1.8057512948237305e-06	-0.0020492757549288	17115000__17855000	738050	4.2765437960624695	>500 kb	118342	False	738050		
ENSG00000142623__PADI1__tss17205128	PADI1	True	-2.2747268738731901e-07	-0.000309740073066	17205000__18155000	952373	3.965534567832947	>500 kb	46180	False	952373		
ENSG00000142619__PADI3__tss17249098	PADI3	False	4.705830280019843e-06	0.0057965759232745	17245000__17125000	-121597	2.9243960976600647	clean ≤500 kb	461568	False	121597	50–150	
ENSG00000159339__PADI4__tss17308195	PADI4	True	1.256994723542464e-06	0.0016448085237157	17305000__18245000	939306	5.1169494688510895	>500 kb	52714	False	939306		
ENSG00000276747__PADI6__tss17372196	PADI6	True	-2.594530615947193e-07	-0.000364613396512	17370000__18340000	970305	3.9135982990264897	>500 kb	37214	False	970305		
ENSG00000179051__RCC2__tss17439677	RCC2	True	3.576701773730373e-05	0.0006095814891442	17435000__18125000	687824	3.1094651222229004	>500 kb	145955	False	687824		
ENSG00000074964__ARHGEF10L__tss17539698	ARHGEF10L	True	-1.2053764433458958e-07	-3.8206688271773606e-05	17535000__18445000	907803	3.140305519104004	>500 kb	68465	False	907803		
ENSG00000117148__ACTL8__tss17755333	ACTL8	True	2.0875592018419049e-07	0.000298008311974	17755000__18555000	802168	4.990897536277771	>500 kb	96283	False	802168		
ENSG00000117154__IGSF21__tss18107798	IGSF21	True	8.003628158600926e-06	0.0111891393814178	18105000__17920000	-185297	2.7323590517044067	clean ≤500 kb	407218	False	185297	150–300	3
ENSG00000179023__KLHDC7A__tss18480930	KLHDC7A	True	-0.0002180589318752	-0.0134732112310608	18480000__17765000	-713429	2.84348201751709	>500 kb	135652	False	713429		
ENSG00000009709__PAX7__tss18630846	PAX7	True	5.4677492121670114e-08	7.786979887944626e-05	18630000__17860000	-768345	3.848219394683838	>500 kb	138194	False	768345		
ENSG00000179002__TAS1R2__tss18859660	TAS1R2	True	-2.8650021166697042e-08	-4.072784697465876e-05	18855000__17905000	-952159	4.012559413909912	>500 kb	46287	False	952159		
ENSG00000159423__ALDH4A1__tss18902724	ALDH4A1	True	-0.0073360330331705	-0.056323264228183	18900000__19050000	149777	2.037352919578552	clean ≤500 kb	447478	False	149777	50–150	3
ENSG00000169991__IFFO2__tss18956676	IFFO2	True	-9.221036217118075e-06	-0.0006189534962367	18955000__19535000	580825	2.281407281756401	>500 kb	214454	False	580825		
ENSG00000127481__UBR4__tss19210266	UBR4	True	-5.553605545965956e-06	-8.03337405353129e-05	19210000__18970000	-237765	0.987583339214325	clean ≤500 kb	403484	False	237765	150–300	1
ENSG00000127463__EMC1__tss19251552	EMC1	True	-9.139432496332171e-05	-0.0014111960615008	19250000__18920000	-329051	2.1937987357378006	clean ≤500 kb	320341	False	329051	300–500	2
ENSG00000053372__MRTO4__tss19251805	MRTO4	True	2.0503928281366542e-05	0.0002929513541732	19250000__18920000	-329304	2.1937987357378006	clean ≤500 kb	320214	False	329304	300–500	2
ENSG00000211454__AKR7L__tss19274194	AKR7L	True	-2.0193455766103624e-05	-0.0025468644677729	19270000__18300000	-971693	2.424584925174713	>500 kb	36520	False	971693		
ENSG00000162482__AKR7A3__tss19288770	AKR7A3	True	-7.519364049114394e-05	-0.0047027771978042	19285000__19860000	573731	2.658604145050049	>500 kb	200501	False	573731		
ENSG00000053371__AKR7A2__tss19312144	AKR7A2	True	0.0002281456884072	0.0027988684871378	19310000__19710000	400357	2.8527961373329163	clean ≤500 kb	299688	False	400357	300–500	3
ENSG00000040487__SLC66A1__tss19312326	SLC66A1	True	6.578070464843822e-05	0.0012673746042368	19310000__19710000	400175	2.8527961373329163	clean ≤500 kb	299779	False	400175	300–500	3
ENSG00000173436__MICOS10__tss19484403	MICOS10	True	0.0012331635807689	0.0516251285431824	19480000__19400000	-81902	0.866421639919281	clean ≤500 kb	446415	False	81902	50–150	1
ENSG00000077549__CAPZB__tss19485539	CAPZB	True	-0.0022563083621231	-0.0367530495200758	19485000__19585000	101962	2.0473179817199707	clean ≤500 kb	471386	False	101962	50–150	3
ENSG00000158747__NBL1__tss19596979	NBL1	True	-0.0003355307815858	-0.0023639166808282	19595000__19395000	-199478	1.6126545667648315	clean ≤500 kb	410127	False	199478	150–300	2
ENSG00000270136__MICOS10-NBL1__tss19597067	MICOS10-NBL1	True	8.214360759638273e-05	0.0006223202952377	19595000__19395000	-199566	1.6126545667648315	clean ≤500 kb	410083	False	199566	150–300	2
ENSG00000158748__HTR6__tss19664875	HTR6	True	3.434545093204997e-07	0.0004311370321903	19660000__19395000	-267374	2.1927937269210815	clean ≤500 kb	388679	False	267374	150–300	3
ENSG00000162542__TMCO4__tss19799945	TMCO4	True	-1.425106312089898e-05	-0.0029688282486514	19795000__20450000	652556	3.936051219701767	>500 kb	163589	False	652556		
ENSG00000178828__RNF186__tss19815283	RNF186	True	3.762846736722874e-06	0.0016713952698667	19815000__20385000	572218	2.4272210597991943	>500 kb	208758	False	572218		
ENSG00000169914__OTUD3__tss19882395	OTUD3	True	-1.7999284919733086e-05	-0.0010196248509336	19880000__20445000	565106	3.666950285434723	>500 kb	232314	False	565106		
ENSG00000188784__PLA2G2E__tss19923617	PLA2G2E	True	3.6404925982556555e-05	0.0067993204381027	19920000__20450000	528884	3.977804720401764	mixed	225425	False	528884		
ENSG00000188257__PLA2G2A__tss19980416	PLA2G2A	True	0.0032066428084319	0.0542509023366281	19980000__20195000	217085	2.669375479221344	clean ≤500 kb	386324	False	217085	150–300	3
ENSG00000127472__PLA2G5__tss20028179	PLA2G5	True	-1.0650565547167922e-07	-0.0001461264313804	20025000__20920000	894322	4.180023193359375	>500 kb	75206	False	894322		
ENSG00000117215__PLA2G2D__tss20119566	PLA2G2D	True	-7.130958999292244e-07	-0.001010253965135	20115000__19940000	-177065	0.9794741868972778	clean ≤500 kb	433834	False	177065	150–300	1
ENSG00000158786__PLA2G2F__tss20139323	PLA2G2F	True	-2.952949755749681e-07	-0.0004131691865303	20135000__19955000	-181822	2.1315531730651855	clean ≤500 kb	423955	False	181822	150–300	2
ENSG00000162543__UBXN10__tss20186096	UBXN10	True	3.829898858461627e-06	0.0031253055456198	20185000__19945000	-238595	3.1116366386413574	clean ≤500 kb	403069	False	238595	150–300	4
ENSG00000187980__PLA2G2C__tss20186518	PLA2G2C	True	-1.2122348508350153e-06	-0.0008472077243375	20185000__19945000	-239017	3.1116366386413574	clean ≤500 kb	402858	False	239017	150–300	4
ENSG00000158816__VWA5B1__tss20290875	VWA5B1	True	8.701010923986057e-08	0.0001236457523517	20290000__19755000	-533374	2.2192544043064117	mixed	233179	False	533374		
ENSG00000162545__CAMK2N1__tss20486210	CAMK2N1	True	0.0008171676377758	0.0032601346026662	20485000__19940000	-543709	4.981029808521271	mixed	215512	False	543709		
ENSG00000090432__MUL1__tss20508151	MUL1	True	9.53066523678714e-05	0.0024597765201936	20505000__20210000	-295650	2.6516347527503967	clean ≤500 kb	374541	False	295650	150–300	3
ENSG00000183114__FAM43B__tss20552573	FAM43B	True	5.979810040718236e-06	0.0004365252188118	20550000__21515000	964928	5.9715704917907715	>500 kb	32403	False	964928		
ENSG00000158825__CDA__tss20589086	CDA	True	-8.852171860774735e-05	-0.0069920030161653	20585000__21200000	613415	4.460468292236328	>500 kb	215659	False	613415		
ENSG00000158828__PINK1__tss20633458	PINK1	True	0.000127190338932	0.0039539528391047	20630000__19850000	-780957	3.3385744988918304	>500 kb	124388	False	780957		
ENSG00000244038__DDOST__tss20661544	DDOST	True	-0.0012250743110527	-0.0021528688841305	20660000__21515000	855957	4.695410251617432	>500 kb	86888	False	855957		
ENSG00000117245__KIF17__tss20718017	KIF17	True	3.069298054629403e-05	0.0046548242255173	20715000__21150000	434484	2.8286418318748474	clean ≤500 kb	305125	False	434484	300–500	3
ENSG00000189410__SH2D5__tss20732837	SH2D5	True	4.051061984768154e-05	0.010582935743216	20730000__21190000	459664	5.145520448684692	clean ≤500 kb	292535	False	459664	300–500	5
ENSG00000127483__HP1BP3__tss20787323	HP1BP3	True	2.160315055564632e-05	0.0003275612586032	20785000__21190000	405178	4.73242723941803	clean ≤500 kb	319778	False	405178	300–500	5
ENSG00000075151__EIF4G3__tss21177285	EIF4G3	True	-4.1421564232025504e-05	-0.0012296936318386	21175000__20560000	-614784	2.427136927843094	>500 kb	182474	False	614784		
ENSG00000117298__ECE1__tss21345572	ECE1	True	-1.1532180340882714e-05	-0.0005343561662339	21345000__21020000	-323071	1.9147701263427737	clean ≤500 kb	360831	False	323071	300–500	1
ENSG00000142794__NBPF3__tss21440128	NBPF3	True	-5.922724304312926e-08	-8.353939935219616e-06	21440000__20595000	-842627	4.396857738494873	>500 kb	86053	False	842627		
ENSG00000162551__ALPL__tss21509397	ALPL	True	0.0001222890734165	0.0927863852011259	21505000__21370000	-136896	2.472203850746155	clean ≤500 kb	428918	False	136896	50–150	4
ENSG00000289715__ENSG00000289715__tss21547404	ENSG00000289715	True	-6.649768879878125e-07	-0.0007261429379868	21545000__22485000	940097	2.9250149726867676	>500 kb	42318	False	940097		
ENSG00000076864__RAP1GAP__tss21669357	RAP1GAP	True	-0.0001704016496943	-0.0098152308452217	21665000__21325000	-341856	1.3982106447219849	clean ≤500 kb	351438	False	341856	300–500	1
ENSG00000090686__USP48__tss21783606	USP48	True	1.2748627591104011e-05	0.0002504175889303	21780000__22410000	628895	3.739129304885864	>500 kb	170419	False	628895		
ENSG00000187942__LDLRAD2__tss21812265	LDLRAD2	True	-4.3453619667439857e-07	-0.0005546665955828	21810000__20905000	-904764	3.5781471729278564	>500 kb	59984	False	904764		
ENSG00000142798__HSPG2__tss21937310	HSPG2	True	-2.1674047302357516e-05	-0.0035727598497539	21935000__21325000	-609809	4.866067081689835	>500 kb	217462	False	609809		
ENSG00000219073__CELA3B__tss21977022	CELA3B	True	1.3443074563658673e-07	0.0001843572103652	21975000__22945000	970479	9.76035499572754	>500 kb	37127	False	970479		
ENSG00000142789__CELA3A__tss22001657	CELA3A	True	7.575284557761479e-08	0.0001018340788166	22000000__22410000	410844	4.156756818294525	clean ≤500 kb	316945	False	410844	300–500	4
ENSG00000289694__ENSG00000289694__tss22025142	ENSG00000289694	True	-0.0001113521554197	-0.0026602231972694	22025000__22415000	392359	2.103713423013687	clean ≤500 kb	326187	False	392359	300–500	2
ENSG00000070831__CDC42__tss22052627	CDC42	True	-9.842560050881896e-05	-0.0025621936446046	22050000__22995000	944874	4.194634437561035	>500 kb	34930	False	944874		
ENSG00000162552__WNT4__tss22143969	WNT4	True	1.7764504845602885e-05	0.02217157025567	22140000__22410000	268532	6.387298345565796	clean ≤500 kb	350601	False	268532	150–300	5
ENSG00000184677__ZBTB40__tss22428838	ZBTB40	True	5.749528152684553e-05	0.0263158137028216	22425000__22620000	193663	2.4823301434516907	clean ≤500 kb	395535	False	193663	150–300	3
ENSG00000070886__EPHA8__tss22563489	EPHA8	True	-1.561439150046928e-07	-0.0002204918440127	22560000__22175000	-385988	3.541002571582794	clean ≤500 kb	321872	False	385988	300–500	4
ENSG00000173372__C1QA__tss22635077	C1QA	True	6.060418071045793e-07	0.0008183065489388	22635000__22105000	-527576	5.477626621723175	mixed	226078	False	527576		
ENSG00000289692__ENSG00000289692__tss22636506	ENSG00000289692	True	4.464413242596775e-07	0.0005332976973436	22635000__22105000	-529005	5.477626621723175	mixed	225364	False	529005		
ENSG00000159189__C1QC__tss22643014	C1QC	True	1.2247159234148362e-05	0.0129846347388403	22640000__22415000	-225513	11.864364564418793	clean ≤500 kb	379610	False	225513	150–300	5
ENSG00000173369__C1QB__tss22652762	C1QB	True	2.991235043347997e-06	0.0034208210689623	22650000__22165000	-485261	4.565840363502502	mixed	249736	False	485261	300–500	
ENSG00000133216__EPHB2__tss22710839	EPHB2	True	0.000162791344342	0.1411885696983144	22710000__22925000	216662	3.6024710536003113	clean ≤500 kb	376536	False	216662	150–300	4
ENSG00000215906__LACTBL1__tss22972866	LACTBL1	True	4.354443971856308e-07	0.0006065629291655	22970000__23275000	304635	6.454486310482025	clean ≤500 kb	345049	False	304635	300–500	5
ENSG00000227868__TEX46__tss23019100	TEX46	True	-1.1673966531074165e-05	-0.0005882691499315	23015000__23270000	253401	3.350597083568573	clean ≤500 kb	365666	False	253401	150–300	4
ENSG00000004487__KDM1A__tss23019443	KDM1A	True	0.000272415802821	0.0028947500140232	23015000__23270000	253058	3.350597083568573	clean ≤500 kb	365838	False	253058	150–300	4
ENSG00000293565__ENSG00000293565__tss23094376	ENSG00000293565	True	0.0286830642129405	0.0914209432973566	23090000__23195000	103125	1.5955228209495544	clean ≤500 kb	440804	False	103125	50–150	2
ENSG00000169641__LUZP1__tss23178152	LUZP1	True	4.5660097658817875e-05	0.0319721381362152	23175000__22985000	-190651	3.762568950653076	clean ≤500 kb	397041	False	190651	150–300	4
ENSG00000179546__HTR1D__tss23217502	HTR1D	True	1.8628324895910548e-05	0.0118614337325328	23215000__22980000	-235001	3.833592176437378	clean ≤500 kb	379866	False	235001	150–300	4
ENSG00000125944__HNRNPR__tss23344336	HNRNPR	True	0.0002607754584712	0.004811597662772	23340000__23640000	298165	1.471816286444664	clean ≤500 kb	373284	False	298165	150–300	1
ENSG00000125945__ZNF436__tss23369836	ZNF436	True	-1.0588700837116385e-06	-1.503649856412657e-05	23365000__23655000	287665	2.0327826738357544	clean ≤500 kb	351034	False	287665	150–300	2
ENSG00000204219__TCEA3__tss23424748	TCEA3	True	0.0003862318213578	0.0045637972747503	23420000__23655000	232753	1.7681071758270264	clean ≤500 kb	383490	False	232753	150–300	2
ENSG00000088280__ASAP3__tss23484637	ASAP3	True	-5.1391688262479585e-05	-0.0033562958637621	23480000__23660000	177864	3.445151776075363	clean ≤500 kb	405935	False	177864	150–300	4
ENSG00000007968__E2F2__tss23531233	E2F2	True	0.0001492621367411	0.0131597123186669	23530000__23655000	126268	1.9997360706329343	clean ≤500 kb	429233	False	126268	50–150	3
ENSG00000117318__ID3__tss23559501	ID3	True	0.0690224341310126	0.0952235078002708	23555000__23655000	98000	2.2511358559131622	clean ≤500 kb	438367	False	98000	50–150	4
ENSG00000142676__RPL11__tss23691742	RPL11	True	0.0027663673670224	0.0009527852685325	23690000__23495000	-194241	1.754508912563324	clean ≤500 kb	402746	False	194241	150–300	2
ENSG00000011007__ELOA__tss23743448	ELOA	True	0.0001158434222621	0.0045444953617623	23740000__23890000	149053	1.973918378353119	clean ≤500 kb	425340	False	149053	50–150	3
ENSG00000057757__PITHD1__tss23778418	PITHD1	True	3.4819830905530313e-06	2.1496390763055457e-05	23775000__24175000	399083	1.6187304258346558	clean ≤500 kb	290325	False	399083	300–500	1
ENSG00000011009__LYPLA2__tss23791110	LYPLA2	True	0.0001966187549334	0.0016028582928981	23790000__23890000	101391	0.7966395020484924	clean ≤500 kb	449171	False	101391	50–150	1
ENSG00000117308__GALE__tss23800781	GALE	True	-0.000368897163857	-0.0009211118998317	23800000__24760000	961720	3.216122329235077	>500 kb	41507	False	961720		
ENSG00000117305__HMGCL__tss23838620	HMGCL	True	-1.240520427934832e-07	-0.00017104772418	23835000__24765000	928881	3.3812875747680664	>500 kb	37926	False	928881		
ENSG00000179163__FUCA1__tss23868290	FUCA1	True	-0.0001909366794011	-0.0050981899944683	23865000__24225000	359211	1.884552925825119	clean ≤500 kb	317761	False	359211	300–500	1
ENSG00000188822__CNR2__tss23913362	CNR2	True	5.4305715722747944e-08	7.621087684170033e-05	23910000__23660000	-250861	2.668715864419937	clean ≤500 kb	369436	False	250861	150–300	3
ENSG00000189266__PNRC2__tss23956839	PNRC2	True	6.414820782839315e-09	8.281529291592066e-06	23955000__23610000	-344338	2.6927320510149	clean ≤500 kb	350197	False	344338	300–500	3
ENSG00000188529__SRSF10__tss23980927	SRSF10	True	2.9700370077503924e-05	0.0002568528263725	23980000__24795000	816574	2.9221255779266357	>500 kb	96580	False	816574		
ENSG00000142661__MYOM3__tss24112135	MYOM3	True	-9.20663613741921e-06	-0.0067019863015636	24110000__24870000	760366	2.765404224395752	>500 kb	104684	False	760366		
ENSG00000142677__IL22RA1__tss24143140	IL22RA1	True	-6.21820801170259e-05	-0.0078152750138454	24140000__24755000	614361	3.269665241241455	>500 kb	192686	False	614361		
ENSG00000185436__IFNLR1__tss24187959	IFNLR1	True	-1.1688291512565105e-06	-0.0001966973738974	24185000__25175000	989542	3.251570910215378	>500 kb	27596	False	989542		
ENSG00000158055__GRHL3__tss24199558	GRHL3	True	5.433886639924709e-07	0.0007578474171668	24195000__24440000	242943	2.348406434059143	clean ≤500 kb	375895	False	242943	150–300	3
ENSG00000001461__NIPAL3__tss24415802	NIPAL3	True	-2.461117892864264e-05	-0.0033393532861624	24415000__24210000	-203301	2.083397477865219	clean ≤500 kb	420716	False	203301	150–300	2
ENSG00000001460__STPG1__tss24416934	STPG1	True	5.417033293779157e-06	0.001713129996687	24415000__24210000	-204433	2.083397477865219	clean ≤500 kb	420150	False	204433	150–300	2
ENSG00000117602__RCAN3__tss24502351	RCAN3	True	-3.417109718945218e-06	-0.0009073475638864	24500000__25325000	825150	11.894659042358398	>500 kb	89792	False	825150		
ENSG00000184454__NCMAP__tss24556087	NCMAP	True	7.213192610088046e-05	0.0081811572212783	24555000__24825000	271414	3.5720013827085495	clean ≤500 kb	359160	False	271414	150–300	4
ENSG00000133226__SRRM1__tss24631716	SRRM1	True	2.5754013759619757e-07	0.0003315147926267	24630000__24215000	-414215	5.465165972709656	clean ≤500 kb	315259	False	414215	300–500	5
ENSG00000169504__CLIC4__tss24745382	CLIC4	True	0.0002075038014809	0.0017029723908821	24745000__25465000	722119	4.225989818572998	>500 kb	146307	False	722119		
ENSG00000020633__RUNX3__tss24965121	RUNX3	True	6.44957060606536e-07	0.000865837804348	24965000__24240000	-722620	3.1463730335235596	>500 kb	161056	False	722620		
ENSG00000117614__SYF2__tss25232502	SYF2	True	-0.0003716172471221	-0.0042836546430473	25230000__24895000	-335001	2.519479066133499	clean ≤500 kb	322366	False	335001	300–500	2
ENSG00000187010__RHD__tss25272393	RHD	True	2.2780198281401685e-07	0.0002771191211076	25270000__25755000	485108	2.614158868789673	clean ≤500 kb	279813	False	485108	300–500	3
ENSG00000117616__RSRP1__tss25338213	RSRP1	True	-0.0001338296038774	-0.0024265892381268	25335000__25920000	584288	4.708589553833008	>500 kb	222723	False	584288		
ENSG00000183726__TMEM50A__tss25338317	TMEM50A	True	0.0001494026479299	0.0017216478663692	25335000__25920000	584184	4.708589553833008	>500 kb	222775	False	584184		
ENSG00000188672__RHCE__tss25430192	RHCE	True	0.0001934056906544	0.0275572198772602	25430000__25520000	92309	1.056719183921814	clean ≤500 kb	438712	False	92309	50–150	1
ENSG00000204178__MACO1__tss25430858	MACO1	True	0.000445026422651	0.0230300767117472	25430000__25520000	91643	1.056719183921814	clean ≤500 kb	439045	False	91643	50–150	1
ENSG00000157978__LDLRAP1__tss25543606	LDLRAP1	True	-4.4149406137554414e-05	-0.0036040560203121	25540000__25325000	-216105	4.477929562330246	clean ≤500 kb	379314	False	216105	150–300	5
ENSG00000117643__MAN1C1__tss25616791	MAN1C1	True	0.0004419611501884	0.0412800064350438	25615000__25495000	-119290	1.9605908244848251	clean ≤500 kb	447721	False	119290	50–150	3
ENSG00000162430__SELENON__tss25800193	SELENON	True	0.0003778095064059	0.0120844290824709	25800000__25505000	-292692	3.5231462121009827	clean ≤500 kb	358520	False	292692	150–300	4
ENSG00000255054__ENSG00000255054__tss25811470	ENSG00000255054	True	-0.002861284826295	-0.0250678513823213	25810000__25590000	-218969	1.698928952217102	clean ≤500 kb	412882	False	218969	150–300	2
ENSG00000117640__MTFR1L__tss25818640	MTFR1L	True	-0.0048554932227941	-0.0138996540401618	25815000__25605000	-211139	3.043674111366272	clean ≤500 kb	416797	False	211139	150–300	4
ENSG00000127423__AUNIP__tss25859458	AUNIP	True	-3.0338049113705703e-05	-0.0031145822312162	25855000__25510000	-346957	0.9252877831459044	clean ≤500 kb	341388	False	346957	300–500	1
ENSG00000182749__PAQR7__tss25875708	PAQR7	True	-3.697130666775565e-05	-0.0019149385143453	25875000__25385000	-488207	2.8254330158233643	mixed	248263	False	488207	300–500	
ENSG00000117632__STMN1__tss25906991	STMN1	True	-5.404549996712235e-05	-0.0023909535565841	25905000__25325000	-579490	8.735139846801758	>500 kb	220121	False	579490		
ENSG00000158006__PAFAH2__tss25998117	PAFAH2	True	1.5026667133368097e-05	0.0017279142838387	25995000__25325000	-670616	10.788256645202637	>500 kb	174558	False	670616		
ENSG00000158008__EXTL1__tss26019884	EXTL1	True	8.445844211886152e-07	0.0008052438710815	26015000__25625000	-392383	1.8330911546945572	clean ≤500 kb	311175	False	392383	300–500	1
ENSG00000158014__SLC30A2__tss26046118	SLC30A2	True	-4.718442822479766e-06	-0.0035661421353484	26045000__25365000	-678617	3.2821950912475586	>500 kb	163058	False	678617		
ENSG00000158022__TRIM63__tss26068436	TRIM63	True	-1.0882913963894674e-06	-0.0012789231512004	26065000__25365000	-700935	3.764564037322998	>500 kb	139399	False	700935		
ENSG00000175087__PDIK1L__tss26111165	PDIK1L	True	1.6025779951162923e-05	0.0017172032115374	26110000__27080000	971336	4.254611492156982	>500 kb	36699	False	971336		
ENSG00000282872__C1orf232__tss26168963	C1orf232	True	-0.0002594946906197	-0.0034727027634023	26165000__25380000	-786462	4.953592777252197	>500 kb	94135	False	786462		
ENSG00000142684__ZNF593__tss26169908	ZNF593	True	-0.0003066188984391	-0.0014016205129813	26165000__25380000	-787407	4.953592777252197	>500 kb	93663	False	787407		
ENSG00000236782__ZNF593OS__tss26171832	ZNF593OS	True	0.0003450522054178	0.0043180699162408	26170000__25370000	-799331	3.3862478733062744	>500 kb	100201	False	799331		
ENSG00000142675__CNKSR1__tss26177484	CNKSR1	True	-1.7967659523513736e-05	-0.0021986166995867	26175000__25495000	-679983	1.6053560972213743	>500 kb	162375	False	679983		
ENSG00000188782__CATSPER4__tss26190561	CATSPER4	True	6.182813936399245e-05	0.0010711620711418	26190000__25315000	-873060	5.864249229431152	>500 kb	68336	False	873060		
ENSG00000130695__CEP85__tss26234200	CEP85	True	-1.8998408212291332e-05	-0.0010119667836186	26230000__25480000	-751699	5.339540004730225	>500 kb	136517	False	751699		
ENSG00000169442__CD52__tss26317958	CD52	True	2.054494205003558e-06	0.0006373989425455	26315000__25465000	-850457	2.804849863052368	>500 kb	97138	False	850457		
ENSG00000158062__UBXN11__tss26318363	UBXN11	True	1.1927881092270876e-06	0.0003636536209771	26315000__25465000	-850862	2.804849863052368	>500 kb	96935	False	850862		
ENSG00000176092__CRYBG2__tss26360080	CRYBG2	True	-2.1954267313309644e-06	-0.0021097560482724	26360000__26100000	-257579	1.1188711524009705	clean ≤500 kb	381077	False	257579	150–300	1
ENSG00000176083__ZNF683__tss26374522	ZNF683	True	-6.809323532008904e-08	-9.49193170111318e-05	26370000__25590000	-782021	2.895939588546753	>500 kb	131356	False	782021		
ENSG00000131914__LIN28A__tss26410817	LIN28A	True	1.7115117659717528e-05	0.0110151818224698	26410000__25460000	-948316	5.256781101226807	>500 kb	48208	False	948316		
ENSG00000117682__DHDDS__tss26432282	DHDDS	True	-2.1976208444501183e-05	-0.0004998124263415	26430000__25600000	-829781	5.964669704437256	>500 kb	69976	False	829781		
ENSG00000198830__HMGN2__tss26472440	HMGN2	True	-0.0018903482340675	-0.0025111614224589	26470000__25505000	-964939	9.659405708312988	>500 kb	32397	False	964939		
ENSG00000117676__RPS6KA1__tss26529761	RPS6KA1	True	-4.512880389098348e-05	-0.0071369720081146	26525000__26710000	182740	1.4116879254579544	clean ≤500 kb	415997	False	182740	150–300	1
ENSG00000060642__PIGV__tss26787054	PIGV	True	9.854725973809826e-05	0.0059877372838623	26785000__26675000	-109553	1.6128863096237185	clean ≤500 kb	457590	False	109553	50–150	2
ENSG00000204160__ZDHHC18__tss26826688	ZDHHC18	True	-3.535660824993507e-05	-0.0024914535123072	26825000__26655000	-169187	1.1451300978660583	clean ≤500 kb	437773	False	169187	150–300	1
ENSG00000175793__SFN__tss26863149	SFN	True	0.0001259807108998	0.0019160274961868	26860000__27505000	644352	2.1574881076812744	>500 kb	200191	False	644352		
ENSG00000142751__GPN2__tss26890283	GPN2	True	-0.0005254385561324	-0.0020833702691685	26890000__26680000	-207782	2.230158150196075	clean ≤500 kb	418475	False	207782	150–300	3
ENSG00000090273__NUDC__tss26900238	NUDC	True	-6.298045129252833e-06	-0.0002599706552395	26900000__26670000	-227737	1.8549424037337303	clean ≤500 kb	408498	False	227737	150–300	2
ENSG00000198746__GPATCH3__tss26900467	GPATCH3	True	0.000182689644665	0.0030230595741683	26900000__26670000	-227966	1.8549424037337303	clean ≤500 kb	408383	False	227966	150–300	2
ENSG00000131910__NR0B2__tss26913975	NR0B2	True	-0.0024961859886621	-0.003354078179021	26910000__26710000	-201474	1.5491663664579391	clean ≤500 kb	404129	False	201474	150–300	1
ENSG00000158246__TENT5B__tss27012850	TENT5B	True	-7.592521988146993e-07	-0.000494064307492	27010000__27705000	694651	3.5647122859954834	>500 kb	137541	False	694651		
ENSG00000090020__SLC9A1__tss27166981	SLC9A1	True	3.400995804493947e-09	4.901236920562368e-06	27165000__27790000	625520	3.2401770055294037	>500 kb	184607	False	625520		
ENSG00000142784__WDTC1__tss27234632	WDTC1	True	-2.3032313550352436e-05	-0.0025235742331493	27230000__27075000	-157131	1.6492599546909332	clean ≤500 kb	418801	False	157131	150–300	2
ENSG00000186501__TMEM222__tss27322145	TMEM222	True	-3.221087914392906e-05	-0.0006540403015283	27320000__28290000	970356	4.012809753417969	>500 kb	24689	False	970356		
ENSG00000142765__SYTL1__tss27342020	SYTL1	True	-4.979862050891875e-05	-0.0032148695091653	27340000__27060000	-279519	4.204501509666443	clean ≤500 kb	367607	False	279519	150–300	5
ENSG00000142733__MAP3K6__tss27366961	MAP3K6	True	3.752535863771073e-05	0.010297368848989	27365000__27050000	-314460	3.762473165988922	clean ≤500 kb	352636	False	314460	300–500	4
ENSG00000142748__FCN3__tss27374824	FCN3	True	9.946700452141212e-08	0.000125230565799	27370000__27075000	-297323	1.930799126625061	clean ≤500 kb	348705	False	297323	150–300	2
ENSG00000174950__CD164L2__tss27383333	CD164L2	True	1.724013767704776e-06	0.0020771140624655	27380000__27045000	-335832	3.4124093055725098	clean ≤500 kb	341950	False	335832	300–500	4
ENSG00000181773__GPR3__tss27392622	GPR3	True	1.3050060753162613e-05	0.0011653781128569	27390000__27040000	-350121	2.272422432899475	clean ≤500 kb	327306	False	350121	300–500	2
ENSG00000158195__WASF2__tss27490167	WASF2	True	5.417264431002711e-05	0.0024884837330401	27490000__28460000	972334	4.545665264129639	>500 kb	36200	False	972334		
ENSG00000126705__AHDC1__tss27604431	AHDC1	True	-5.06266603954135e-05	-0.0041754288322122	27600000__27420000	-181930	2.3433666229248047	clean ≤500 kb	431401	False	181930	150–300	3
ENSG00000000938__FGR__tss27635185	FGR	True	-1.1053238609369666e-08	-1.5024498390625304e-05	27635000__27075000	-557684	4.391933858394623	>500 kb	243524	False	557684		
ENSG00000126709__IFI6__tss27672212	IFI6	True	-0.0002835936234863	-0.004872895401296	27670000__27030000	-639711	2.5602807104587555	>500 kb	202511	False	639711		
ENSG00000009780__FAM76A__tss27725961	FAM76A	True	5.986299290253443e-05	0.0059024001144077	27725000__27425000	-298460	1.4899809956550598	clean ≤500 kb	373136	False	298460	150–300	1
ENSG00000117758__STX12__tss27773219	STX12	True	-3.075197117984041e-05	-0.0005776824426236	27770000__28310000	539282	2.498030588030815	>500 kb	252726	False	539282		
ENSG00000117751__PPP1R8__tss27830782	PPP1R8	True	-1.650872373942791e-05	-0.0003344554169238	27830000__28305000	476719	2.142395481467247	mixed	261507	False	476719	300–500	
ENSG00000130775__THEMIS2__tss27872543	THEMIS2	True	2.0823683855906256e-06	0.0015160241909413	27870000__28350000	479958	1.7261884212493896	clean ≤500 kb	282388	False	479958	300–500	1
ENSG00000117748__RPA2__tss27914746	RPA2	True	-0.0003140786637975	-0.0026121389859439	27910000__28390000	477755	2.907404601573944	mixed	248489	False	477755	300–500	
ENSG00000130768__SMPDL3B__tss27935000	SMPDL3B	True	9.683152050243188e-06	0.0029860348731982	27930000__28355000	422501	4.8852657079696655	clean ≤500 kb	291116	False	422501	300–500	5
ENSG00000158156__XKR8__tss27959588	XKR8	True	-3.050057518376101e-05	-0.0025394264008019	27955000__28390000	432913	1.666373372077942	mixed	270910	False	432913	300–500	
ENSG00000158161__EYA3__tss28088637	EYA3	True	9.280142762796775e-06	0.0005699169357187	28085000__28355000	268864	1.449584186077118	clean ≤500 kb	375435	False	268864	150–300	1
ENSG00000169403__PTAFR__tss28193936	PTAFR	True	5.134342015310775e-06	0.0031010715558435	28190000__27790000	-401435	3.3332584500312805	clean ≤500 kb	284149	False	401435	300–500	3
ENSG00000126698__DNAJC8__tss28233029	DNAJC8	True	-0.0001131183235265	-0.0018427741405375	28230000__28350000	119472	1.954174667596817	clean ≤500 kb	462631	False	119472	50–150	3
ENSG00000130770__ATP5IF1__tss28236109	ATP5IF1	True	-0.0005212625801951	-0.0004473091088606	28235000__28355000	121392	2.3267319202423096	clean ≤500 kb	461671	False	121392	50–150	4
ENSG00000130766__SESN2__tss28259518	SESN2	True	0.0083385091653911	0.128915707369518	28255000__28355000	97983	3.128356695175171	clean ≤500 kb	445875	False	97983	50–150	4
ENSG00000130772__MED18__tss28329002	MED18	True	-6.95937765416571e-06	-0.0001479860561225	28325000__27465000	-861501	2.5680549144744873	>500 kb	71616	False	861501		
ENSG00000204138__PHACTR4__tss28369582	PHACTR4	True	0.0002331854644419	0.0121443837781389	28365000__28290000	-77081	1.277313768863678	clean ≤500 kb	446326	False	77081	50–150	2
ENSG00000180198__RCC1__tss28505943	RCC1	True	-1.7838158588023845e-05	-3.610968558401956e-05	28505000__28375000	-128442	1.756905198097229	clean ≤500 kb	425645	False	128442	50–150	2
ENSG00000180098__TRNAU1AP__tss28553085	TRNAU1AP	True	-7.014596990115654e-05	-0.0020745367767936	28550000__28920000	369416	1.871603637933731	clean ≤500 kb	317659	False	369416	300–500	1
ENSG00000188060__RAB42__tss28592200	RAB42	True	-0.0005137859486365	-0.0042019343435765	28590000__28355000	-234699	1.8522817492485049	clean ≤500 kb	382517	False	234699	150–300	2
ENSG00000120656__TAF12__tss28648291	TAF12	True	-3.5828915966621896e-06	-0.0008696207529593	28645000__28845000	199210	2.552661418914795	clean ≤500 kb	395262	False	199210	150–300	3
ENSG00000162419__GMEB1__tss28668778	GMEB1	True	0.0001508290979375	0.0143860049704329	28665000__28750000	83723	1.908910095691681	clean ≤500 kb	445505	False	83723	50–150	3
ENSG00000198492__YTHDF2__tss28736621	YTHDF2	True	-0.0013128651758115	-0.011578151899771	28735000__28860000	125880	1.0848402678966522	clean ≤500 kb	459427	False	125880	50–150	1
ENSG00000116329__OPRD1__tss28812170	OPRD1	True	1.8164692538146637e-07	0.0002518908388788	28810000__29365000	555331	2.838395118713379	>500 kb	212201	False	555331		
ENSG00000159023__EPB41__tss28887091	EPB41	True	0.0002391562986217	0.0345398034844899	28885000__28785000	-99590	1.6903261542320251	clean ≤500 kb	455071	False	99590	50–150	2
ENSG00000253304__TMEM200B__tss29123903	TMEM200B	True	6.881788482241379e-05	0.0145626363201004	29120000__28795000	-326402	1.5498546361923218	clean ≤500 kb	336665	False	326402	300–500	1
ENSG00000116350__SRSF4__tss29181900	SRSF4	True	-8.719030801507266e-05	-0.0009614031322032	29180000__30115000	935601	3.9843380451202393	>500 kb	47066	False	935601		
ENSG00000116353__MECR__tss29230942	MECR	True	9.683444667039217e-06	0.0003089795799236	29230000__30075000	846559	8.518930673599243	>500 kb	99087	False	846559		
ENSG00000060656__PTPRU__tss29236516	PTPRU	True	-9.09284951487732e-06	-0.0018119009361612	29235000__30110000	875985	10.267474055290222	>500 kb	76874	False	875985		
ENSG00000289710__ENSG00000289710__tss30576825	ENSG00000289710	True	2.6650893770634123e-08	3.8128288543848115e-05	30575000__29785000	-789324	5.493779003620148	>500 kb	127704	False	789324		
ENSG00000162510__MATN1__tss30723585	MATN1	True	-8.233334137620636e-06	-0.0016696799042118	30720000__29950000	-771084	4.541119575500488	>500 kb	101824	False	771084		
ENSG00000162511__LAPTM5__tss30757774	LAPTM5	True	1.291385553463774e-06	0.0004972049258961	30755000__29800000	-955273	4.489331305027008	>500 kb	37230	False	955273		
ENSG00000162512__SDC3__tss30908758	SDC3	True	-4.184016923486876e-06	-0.0027584262745176	30905000__30195000	-711257	3.7025625705718994	>500 kb	149238	False	711257		
ENSG00000134644__PUM1__tss31065991	PUM1	True	0.0013450482680457	0.0341755979659939	31065000__31155000	91510	3.269464984536171	clean ≤500 kb	444112	False	91510	50–150	4
ENSG00000084628__NKAIN1__tss31239887	NKAIN1	True	-4.572579101017285e-05	-0.0352202046148475	31235000__31335000	97614	1.2763813138008118	clean ≤500 kb	443560	False	97614	50–150	2
ENSG00000060688__SNRNP40__tss31296788	SNRNP40	True	0.0001017169322984	0.0012001035521943	31295000__30380000	-914287	2.513986110687256	>500 kb	40223	False	914287		
ENSG00000121766__ZCCHC17__tss31296982	ZCCHC17	True	2.762337668298087e-05	0.0006955464251421	31295000__30380000	-914481	2.513986110687256	>500 kb	40126	False	914481		
ENSG00000121769__FABP3__tss31376850	FABP3	True	-7.99302556260637e-06	-0.0044050332525783	31375000__31215000	-159349	1.5741203725337982	clean ≤500 kb	435192	False	159349	150–300	1
ENSG00000168528__SERINC2__tss31409565	SERINC2	True	8.735875581628255e-07	0.0009551962313612	31405000__31165000	-242064	1.4942850768566132	clean ≤500 kb	378834	False	242064	150–300	1
ENSG00000121764__HCRTR1__tss31617686	HCRTR1	True	5.637255041741104e-06	0.00607109094587	31615000__31435000	-180185	1.715459227561951	clean ≤500 kb	409774	False	180185	150–300	2
ENSG00000162517__PEF1__tss31644896	PEF1	True	4.954009783880026e-05	0.0018329850551508	31640000__30775000	-867395	4.210473537445068	>500 kb	53669	False	867395		
ENSG00000084636__COL16A1__tss31704319	COL16A1	True	6.8052120334198204e-06	0.0031430106789485	31700000__31950000	248182	1.8375838696956637	clean ≤500 kb	360776	False	248182	150–300	2
ENSG00000121753__ADGRB2__tss31764893	ADGRB2	True	-1.0091345883331114e-05	-0.010650151273592	31760000__31955000	192608	2.094331532716751	clean ≤500 kb	426063	False	192608	150–300	2
ENSG00000134668__SPOCD1__tss31816022	SPOCD1	True	-0.0006201583966471	-0.1627187961448617	31815000__31955000	141479	3.885260045528412	clean ≤500 kb	451627	False	141479	50–150	5
ENSG00000288678__ENSG00000288678__tss31938010	ENSG00000288678	True	9.251665812788634e-06	0.0001650358632601	31935000__31320000	-615509	2.3122699558734894	>500 kb	214612	False	615509		
ENSG00000184007__PTP4A2__tss31944856	PTP4A2	True	5.389429730260232e-05	0.0175096220871202	31940000__31830000	-112355	1.1852673888206482	clean ≤500 kb	438689	False	112355	50–150	1
ENSG00000121774__KHDRBS1__tss32013868	KHDRBS1	True	7.435010978366907e-05	0.0004543039003655	32010000__32570000	558633	2.601268857717514	mixed	243050	False	558633		
ENSG00000121775__TMEM39B__tss32072031	TMEM39B	True	-2.4248101081012635e-05	-0.0023723944201389	32070000__32440000	370470	1.7961945831775663	clean ≤500 kb	307132	False	370470	300–500	1
ENSG00000025800__KPNA6__tss32108056	KPNA6	True	-6.311989176683609e-05	-0.0028692276420884	32105000__31465000	-640555	7.17926549911499	>500 kb	164589	False	640555		
ENSG00000084652__TXLNA__tss32179675	TXLNA	True	-0.0004290215504087	-0.0020340061736414	32175000__32555000	377826	2.6139057725667953	clean ≤500 kb	313454	False	377826	300–500	3
ENSG00000160050__CCDC28B__tss32200595	CCDC28B	True	-3.788954494775114e-05	-0.0017374106788752	32200000__32020000	-178094	1.5691181123256683	clean ≤500 kb	403319	False	178094	150–300	1
ENSG00000160051__IQCC__tss32205671	IQCC	True	-4.500670601090273e-05	-0.0005237443785187	32205000__32435000	231830	1.215573400259018	clean ≤500 kb	376452	False	231830	150–300	1
ENSG00000222046__DCDC2B__tss32209089	DCDC2B	True	7.503936760108743e-05	0.0014634369496424	32205000__32435000	228412	1.215573400259018	clean ≤500 kb	378161	False	228412	150–300	1
ENSG00000084623__EIF3I__tss32221077	EIF3I	True	0.0009626817601572	0.0038275198247822	32220000__31320000	-898576	2.5863516330718994	>500 kb	73078	False	898576		
ENSG00000160055__TMEM234__tss32222359	TMEM234	True	-0.0003105193130733	-0.0017911698023399	32220000__31320000	-899858	2.5863516330718994	>500 kb	72437	False	899858		
ENSG00000183615__FAM167B__tss32247222	FAM167B	True	9.841981713182985e-06	0.0014007695238273	32245000__32545000	300279	1.0978963971138	clean ≤500 kb	352227	False	300279	300–500	1
ENSG00000182866__LCK__tss32251244	LCK	True	3.498414749992379e-08	2.125428601272919e-06	32250000__32500000	251257	1.4799538403749466	clean ≤500 kb	371738	False	251257	150–300	1
ENSG00000116478__HDAC1__tss32292083	HDAC1	True	-0.0001190095508473	-0.0019969516663196	32290000__31895000	-394582	2.016263484954834	clean ≤500 kb	292575	False	394582	300–500	1
ENSG00000175130__MARCKSL1__tss32336233	MARCKSL1	True	0.0057430644388112	0.003351001890721	32335000__32615000	281268	1.649453490972519	clean ≤500 kb	381733	False	281268	150–300	2
ENSG00000162526__TSSK3__tss32351521	TSSK3	True	-2.7460091503164405e-05	-0.0014185365023295	32350000__31435000	-914020	2.6054491996765137	>500 kb	45356	False	914020		
ENSG00000225828__FAM229A__tss32364278	FAM229A	True	0.00238941983661	0.004836673905103	32360000__33045000	683223	2.197362184524536	>500 kb	173255	False	683223		
ENSG00000160058__BSDC1__tss32394731	BSDC1	True	-0.0001120747521357	-0.0033097173327337	32390000__32025000	-367230	1.958452433347702	clean ≤500 kb	326251	False	367230	300–500	1
ENSG00000254553__ENSG00000254553__tss32465057	ENSG00000254553	True	-4.008513074025316e-07	-0.0005552409476932	32465000__33005000	542444	2.599243402481079	mixed	223645	False	542444		
ENSG00000273274__ZBTB8B__tss32465072	ZBTB8B	True	1.0434413049750628e-09	1.3555112255823508e-06	32465000__33005000	542429	2.599243402481079	mixed	223652	False	542429		
ENSG00000160062__ZBTB8A__tss32539427	ZBTB8A	True	1.0120444356385202e-05	0.003001536397307	32535000__33065000	528074	3.038267731666565	>500 kb	225830	False	528074		
ENSG00000176261__ZBTB8OS__tss32650903	ZBTB8OS	True	-3.104003371770525e-05	-0.0001703067256126	32650000__32520000	-128402	1.9156187772750857	clean ≤500 kb	458165	False	128402	50–150	3
ENSG00000162521__RBBP4__tss32651142	RBBP4	True	-0.0003082043205226	-0.0010768509090971	32650000__32520000	-128641	1.9156187772750857	clean ≤500 kb	458046	False	128641	50–150	3
ENSG00000162520__SYNC__tss32703596	SYNC	True	-2.8752958866651334e-06	-0.0035404709501865	32700000__32515000	-186095	2.4747306406497955	clean ≤500 kb	429319	False	186095	150–300	3
ENSG00000162522__NHSL3__tss32741830	NHSL3	True	2.3948458866548256e-05	0.0034335816551119	32740000__32520000	-219329	2.048100709915161	clean ≤500 kb	392702	False	219329	150–300	2
ENSG00000116497__S100PBP__tss32816767	S100PBP	True	0.0001371608183847	0.0025875707165036	32815000__32520000	-294266	2.0178861543536186	clean ≤500 kb	367733	False	294266	150–300	2
ENSG00000134684__YARS1__tss32818031	YARS1	True	0.00026092497196	0.0021225805757313	32815000__32520000	-295530	2.0178861543536186	clean ≤500 kb	367101	False	295530	150–300	2
ENSG00000160097__FNDC5__tss32872482	FNDC5	True	1.421686838237041e-07	7.039098872155952e-05	32870000__32505000	-364981	3.9453602880239487	clean ≤500 kb	339876	False	364981	300–500	4
ENSG00000121905__HPCA__tss32885994	HPCA	True	2.6306996528112933e-06	0.0033149570186295	32885000__33065000	181507	3.1810719966888428	clean ≤500 kb	399113	False	181507	150–300	4
ENSG00000121900__TMEM54__tss32901438	TMEM54	True	0.0001048531526256	0.0173535234930647	32900000__33065000	166063	3.216322600841522	clean ≤500 kb	406835	False	166063	150–300	4
ENSG00000116514__RNF19B__tss32964809	RNF19B	True	-2.3025244357717523e-05	-0.0008257604914221	32960000__32520000	-442308	2.6074308305978775	clean ≤500 kb	278712	False	442308	300–500	3
ENSG00000004455__AK2__tss33080996	AK2	True	-1.2139437187440968e-05	-0.0050076034521446	33080000__32510000	-568495	2.7492984235286713	>500 kb	238119	False	568495		
ENSG00000142920__AZIN2__tss33081104	AZIN2	True	-1.3434295511889368e-05	-0.0022647275699234	33080000__32510000	-568603	2.7492984235286713	>500 kb	238065	False	568603		
ENSG00000116525__TRIM62__tss33182059	TRIM62	True	5.849720201441845e-05	0.0093768463992471	33180000__33455000	275442	2.8225042521953583	clean ≤500 kb	352146	False	275442	150–300	3
ENSG00000160094__ZNF362__tss33256492	ZNF362	True	0.0001681051502165	0.012608473539539	33255000__33455000	201009	1.7597782462835312	clean ≤500 kb	384362	False	201009	150–300	2
ENSG00000184389__A3GALT2__tss33321098	A3GALT2	True	-4.291923743510607e-05	-0.0064526284545698	33320000__32520000	-798597	3.7485580444335938	>500 kb	123068	False	798597		
ENSG00000134686__PHC2__tss33431095	PHC2	True	-2.2314423032574957e-06	-0.0009604315703967	33430000__34320000	891406	3.2476162910461426	>500 kb	59164	False	891406		
ENSG00000121903__ZSCAN20__tss33472645	ZSCAN20	True	-3.495699779427824e-06	-0.0013541567035408	33470000__33225000	-245144	1.3274739980697632	clean ≤500 kb	389794	False	245144	150–300	1
ENSG00000176256__HMGB4__tss33860475	HMGB4	True	-8.498114817471965e-09	-1.2250282300191368e-05	33860000__34710000	852026	4.073625057935715	>500 kb	81354	False	852026		
ENSG00000121904__CSMD2__tss34165842	CSMD2	True	2.191622938523403e-08	3.143084568647865e-05	34165000__34730000	566659	5.419565171003342	>500 kb	221537	False	566659		
ENSG00000142698__C1orf94__tss34166883	C1orf94	True	1.2523473051811954e-08	1.7984717770603176e-05	34165000__34730000	565618	5.419565171003342	>500 kb	222058	False	565618		
ENSG00000189280__GJB5__tss34755047	GJB5	True	-5.969302653509022e-07	-0.0007830519307147	34755000__33990000	-762546	5.035466432571411	>500 kb	141093	False	762546		
ENSG00000189433__GJB4__tss34759740	GJB4	True	-2.371200191909743e-07	-0.0001841952484355	34755000__33990000	-767239	5.035466432571411	>500 kb	138747	False	767239		
ENSG00000188910__GJB3__tss34781214	GJB3	True	-3.8376418012592984e-08	-4.030441958069626e-05	34780000__35665000	886287	6.461846351623535	>500 kb	61723	False	886287		
ENSG00000187513__GJA4__tss34792999	GJA4	True	-8.593832245769686e-06	-0.0043924068346957	34790000__35660000	869502	3.5086963176727295	>500 kb	77616	False	869502		
ENSG00000163866__SMIM12__tss34859755	SMIM12	True	-8.766496331953297e-05	-0.0024776115043169	34855000__35480000	622746	2.5806718468666077	>500 kb	193494	False	622746		
ENSG00000116544__DLGAP3__tss34929650	DLGAP3	True	5.7610715964056595e-08	7.811951877350975e-05	34925000__35660000	732851	3.046700358390808	>500 kb	155941	False	732851		
ENSG00000284773__ENSG00000284773__tss34985313	ENSG00000284773	True	-4.714836153019153e-05	-0.0005446475173195	34985000__35340000	357188	1.5259279906749723	clean ≤500 kb	343773	False	357188	300–500	1
ENSG00000243749__TMEM35B__tss34985347	TMEM35B	True	0.0001199768849494	0.0013828562028958	34985000__35340000	357154	1.5259279906749723	clean ≤500 kb	343790	False	357154	300–500	1
ENSG00000271741__ENSG00000271741__tss35031741	ENSG00000271741	True	1.6236916488540643e-05	0.0005391171696373	35030000__35425000	395760	4.269022464752197	clean ≤500 kb	289487	False	395760	300–500	4
ENSG00000163867__ZMYM6__tss35031945	ZMYM6	True	7.554972385640651e-05	0.0023487181248488	35030000__35425000	395556	4.269022464752197	clean ≤500 kb	289589	False	395556	300–500	4
ENSG00000197056__ZMYM1__tss35032172	ZMYM1	True	-1.1468098550786177e-05	-0.0011148415784525	35030000__35425000	395329	4.269022464752197	clean ≤500 kb	289702	False	395329	300–500	4
ENSG00000116560__SFPQ__tss35193446	SFPQ	True	-0.0006273101232034	-0.0008729796307275	35190000__35540000	349055	2.005700707435608	clean ≤500 kb	320339	False	349055	300–500	1
ENSG00000146463__ZMYM4__tss35268709	ZMYM4	True	-3.557345091784528e-06	-0.0002032198466079	35265000__36205000	938792	3.1414735317230225	>500 kb	22971	False	938792		
ENSG00000020129__NCDN__tss35557473	NCDN	True	-0.0017072517459892	-0.0262808580098656	35555000__35425000	-129972	2.305350661277771	clean ≤500 kb	449880	False	129972	50–150	4
ENSG00000142687__KIAA0319L__tss35557950	KIAA0319L	True	3.039884648451535e-05	0.0006469693753184	35555000__35205000	-350449	2.311992585659027	clean ≤500 kb	312142	False	350449	300–500	2
ENSG00000116819__TFAP2E__tss35573314	TFAP2E	True	-0.0003860995718452	-0.0806236187430361	35570000__35705000	134187	2.28920578956604	clean ≤500 kb	455273	False	134187	50–150	4
ENSG00000126067__PSMB2__tss35641526	PSMB2	True	0.0002683419591472	0.0013075968223497	35640000__34955000	-684025	3.006385236978531	>500 kb	142854	False	684025		
ENSG00000142686__C1orf216__tss35718894	C1orf216	True	1.7835608643393397e-06	0.0002018516049284	35715000__35220000	-496393	2.723013252019882	mixed	244170	False	496393	300–500	
ENSG00000092853__CLSPN__tss35769978	CLSPN	True	7.257291121374673e-05	0.0055083577845567	35765000__35205000	-562477	4.9438230991363525	>500 kb	241128	False	562477		
ENSG00000134698__AGO4__tss35808016	AGO4	True	-5.96019306486114e-06	-0.0016832286623719	35805000__35225000	-580515	4.038356781005859	>500 kb	232109	False	580515		
ENSG00000092847__AGO1__tss35869808	AGO1	True	-6.166421541778639e-08	-7.111565001870473e-05	35865000__35325000	-542307	2.9879361391067505	>500 kb	213713	False	542307		
ENSG00000126070__AGO3__tss35930718	AGO3	True	3.035168026842977e-05	0.0004212705394207	35930000__35235000	-693217	2.5240447521209717	>500 kb	140758	False	693217		
ENSG00000092850__TEKT2__tss36084094	TEKT2	True	4.297687026445394e-06	0.0033295105942163	36080000__35335000	-746593	3.7771947383880615	>500 kb	121570	False	746593		
ENSG00000116863__ADPRS__tss36088892	ADPRS	True	0.0001730649737251	0.0024289960929874	36085000__36265000	178609	2.318439483642578	clean ≤500 kb	433062	False	178609	150–300	3
ENSG00000171812__COL8A2__tss36125222	COL8A2	True	-1.500772490664832e-07	-0.0002103538620435	36125000__36275000	152279	0.6168473362922668	clean ≤500 kb	446227	False	152279	150–300	1
ENSG00000116871__MAP7D1__tss36155579	MAP7D1	True	-0.000176020207289	-0.0176776936039827	36155000__36250000	96922	0.5666443109512329	clean ≤500 kb	473906	False	96922	50–150	1
ENSG00000054116__TRAPPC3__tss36156053	TRAPPC3	True	-7.846490067610519e-05	-0.0157964752018015	36155000__36250000	96448	0.5666443109512329	clean ≤500 kb	474143	False	96448	50–150	1
ENSG00000054118__THRAP3__tss36224432	THRAP3	True	-3.368382280310306e-05	-0.0006711530119707	36220000__35525000	-696931	1.912108063697815	>500 kb	151401	False	696931		
ENSG00000214193__SH3D21__tss36306368	SH3D21	True	-0.0008963028967285	-0.0015725783699102	36305000__37210000	906133	6.2088751792907715	>500 kb	61800	False	906133		
ENSG00000196182__STK40__tss36385924	STK40	True	-7.292025190367563e-05	-0.00360826371997	36385000__36205000	-178423	1.5719676613807678	clean ≤500 kb	433155	False	178423	150–300	1
ENSG00000181817__LSM10__tss36397908	LSM10	True	-0.0001490936837801	-0.0048002251948709	36395000__36210000	-185407	0.7163839638233185	clean ≤500 kb	429663	False	185407	150–300	1
ENSG00000116885__OSCP1__tss36450451	OSCP1	True	3.034084486601809e-05	0.0066148446908606	36450000__37390000	942050	2.9156765937805176	>500 kb	51342	False	942050		
ENSG00000116898__MRPS15__tss36464384	MRPS15	True	0.0004129954043064	0.0018656170465543	36460000__37430000	968117	4.206708580255508	>500 kb	38308	False	968117		
ENSG00000119535__CSF3R__tss36483278	CSF3R	True	-4.800391853861021e-05	-0.0075654126971391	36480000__37420000	939223	5.503458499908447	>500 kb	52755	False	939223		
ENSG00000163873__GRIK3__tss37034515	GRIK3	True	-5.468932860078124e-07	-0.0007759357155259	37030000__36560000	-472014	2.728659570217133	mixed	271359	False	472014	300–500	
ENSG00000163874__ZC3H12A__tss37474580	ZC3H12A	True	7.464012149250437e-05	0.0019567730606276	37470000__36605000	-867079	4.984532564878464	>500 kb	51327	False	867079		
ENSG00000163875__MEAF6__tss37514766	MEAF6	True	-0.0001946229656495	-0.0018134651768892	37510000__36530000	-982265	3.4028366804122925	>500 kb	31234	False	982265		
ENSG00000163877__SNIP1__tss37554293	SNIP1	True	-3.848031521990619e-06	-8.546803180448266e-05	37550000__36650000	-901792	4.9997076988220215	>500 kb	51470	False	901792		
ENSG00000163879__DNALI1__tss37556919	DNALI1	True	-3.91180248327308e-06	-0.0005301542844679	37555000__36655000	-899418	3.1930267810821533	>500 kb	47657	False	899418		
ENSG00000134697__GNL2__tss37595937	GNL2	True	2.440966717504045e-05	0.0003027942792019	37595000__36615000	-978436	2.857172429561615	>500 kb	33148	False	978436		
ENSG00000169218__RSPO1__tss37634892	RSPO1	True	4.998444755651458e-08	7.109573589495426e-05	37630000__38630000	997609	3.879523277282715	>500 kb	23562	False	997609		
ENSG00000116922__AIRIM__tss37692249	AIRIM	True	2.107728083122068e-05	0.0003429648345726	37690000__38630000	940252	4.857227802276611	>500 kb	27241	False	940252		
ENSG00000134690__CDCA8__tss37692481	CDCA8	True	0.0002528097215795	0.0037059452667781	37690000__38630000	940020	4.857227802276611	>500 kb	27357	False	940020		
ENSG00000183317__EPHA10__tss37765133	EPHA10	True	8.126784565746581e-09	1.159124398598485e-05	37765000__38635000	872368	4.063795566558838	>500 kb	71183	False	872368		
ENSG00000185090__MANEAL__tss37793847	MANEAL	True	-6.128578807952645e-05	-0.0024867825802818	37790000__38580000	788654	3.1374704837799072	>500 kb	120540	False	788654		
ENSG00000197982__C1orf122__tss37806979	C1orf122	True	-3.5170981221147035e-05	-0.0002687163002385	37805000__38600000	795522	1.933471918106079	>500 kb	99606	False	795522		
ENSG00000196449__YRDC__tss37808208	YRDC	True	-9.396866163802198e-06	-3.3533239955700796e-05	37805000__38600000	794293	1.933471918106079	>500 kb	100220	False	794293		
ENSG00000188786__MTF1__tss37859592	MTF1	True	-0.0002547574521977	-0.0022191597344068	37855000__38600000	742909	2.2501368522644043	>500 kb	130912	False	742909		
ENSG00000204084__INPP5B__tss37947053	INPP5B	True	-5.826844005044074e-05	-0.0027685523925199	37945000__38560000	615448	2.242255821824074	>500 kb	214643	False	615448		
ENSG00000183431__SF3A3__tss37990075	SF3A3	True	0.000206187517655	0.0013851646351455	37990000__38905000	917426	5.035458087921143	>500 kb	33654	False	917426		
ENSG00000183386__FHL3__tss38005606	FHL3	True	-1.4600196734877117e-05	-0.0027178049817761	38005000__38825000	821895	4.941697955131531	>500 kb	73919	False	821895		
ENSG00000183520__UTP11__tss38009258	UTP11	True	3.24988344937657e-06	0.0035765573119838	38005000__38825000	818243	4.941697955131531	>500 kb	75745	False	818243		
ENSG00000185668__POU3F1__tss38046793	POU3F1	True	-4.917159111690736e-06	-0.0030162643358533	38045000__38830000	785708	10.999346375465391	>500 kb	97013	False	785708		
ENSG00000116954__RRAGC__tss38859772	RRAGC	True	3.7204699844840816e-05	0.0016588799962244	38855000__38060000	-797271	2.518339157104492	>500 kb	123731	False	797271		
ENSG00000214114__MYCBP__tss38873368	MYCBP	True	-9.292552324768194e-05	-0.0022613790329999	38870000__39065000	194133	1.7286036610603333	clean ≤500 kb	425300	False	194133	150–300	2
ENSG00000131233__GJA9__tss38881587	GJA9	True	-0.0003999488973388	-0.1027744252085628	38880000__39035000	155914	3.933398187160492	clean ≤500 kb	436910	False	155914	150–300	5
ENSG00000274944__ENSG00000274944__tss38881617	ENSG00000274944	True	-0.0005597295718303	-0.1261406348435117	38880000__39035000	155884	3.933398187160492	clean ≤500 kb	436925	False	155884	150–300	5
ENSG00000158315__RHBDL2__tss38941830	RHBDL2	True	-4.0572871270402075e-06	-0.0031008740026713	38940000__38115000	-824329	2.2527662813663483	>500 kb	85202	False	824329		
ENSG00000174574__AKIRIN1__tss38991276	AKIRIN1	True	-0.0003365935904558	-0.0032461951342817	38990000__38055000	-933775	3.241587400436402	>500 kb	45479	False	933775		
ENSG00000168653__NDUFS5__tss39026318	NDUFS5	True	0.0003962080472431	0.0034619663244734	39025000__38030000	-993817	2.32617449760437	>500 kb	25458	False	993817		
ENSG00000127603__MACF1__tss39081316	MACF1	True	-3.0713714985096873e-06	-0.0014489113868546	39080000__38895000	-183815	1.3164187967777252	clean ≤500 kb	395459	False	183815	150–300	1
ENSG00000183682__BMP8A__tss39491636	BMP8A	True	1.949739289325617e-06	0.0014243964686977	39490000__40015000	525865	2.799243211746216	>500 kb	251934	False	525865		
ENSG00000090621__PABPC4__tss39576790	PABPC4	True	7.823177140875437e-06	1.7937059946858663e-05	39575000__38905000	-669289	4.100858896970749	>500 kb	150222	False	669289		
ENSG00000163909__HEYL__tss39639643	HEYL	True	8.887302110753038e-08	0.0001026479947236	39635000__39040000	-597142	3.2938138246536255	>500 kb	203795	False	597142		
ENSG00000116981__NT5C1A__tss39672107	NT5C1A	True	3.06185777809213e-08	4.1025585364495273e-05	39670000__39985000	315394	1.6271708011627195	clean ≤500 kb	342170	False	315394	300–500	1
ENSG00000116983__HPCAL4__tss39691485	HPCAL4	True	4.850448942379917e-07	0.0006647143306793	39690000__39985000	296016	2.649490475654602	clean ≤500 kb	341859	False	296016	150–300	3
ENSG00000084072__PPIE__tss39692182	PPIE	True	5.5698800646127794e-08	7.874166324678034e-05	39690000__39985000	295319	2.649490475654602	clean ≤500 kb	342207	False	295319	150–300	3
ENSG00000198754__OXCT2__tss39771348	OXCT2	True	2.9716215202788693e-06	0.0009860115879313	39770000__39035000	-733847	4.533553123474121	>500 kb	125443	False	733847		
ENSG00000116985__BMP8B__tss39788865	BMP8B	True	-4.1746156151855826e-07	-0.0001802805942684	39785000__40005000	218636	1.6538490653038025	clean ≤500 kb	405549	False	218636	150–300	2
ENSG00000043514__TRIT1__tss39883511	TRIT1	True	4.3760261679293144e-06	0.0001196659789995	39880000__39590000	-291010	1.4219191074371338	clean ≤500 kb	376861	False	291010	150–300	1
ENSG00000116990__MYCL__tss39902256	MYCL	True	0.0015287021969844	0.0572098018122423	39900000__39980000	80245	2.1649215817451477	clean ≤500 kb	447244	False	80245	50–150	3
ENSG00000168389__MFSD2A__tss39955112	MFSD2A	True	5.165068537436347e-05	0.0030124714445834	39955000__38980000	-972611	3.2769525051116943	>500 kb	28561	False	972611		
ENSG00000131236__CAP1__tss40040233	CAP1	True	-6.092021212765475e-05	-0.0015689376302426	40040000__40630000	592268	2.399288386106491	>500 kb	218733	False	592268		
ENSG00000131238__PPT1__tss40097260	PPT1	True	0.0001427998642416	0.0047881980605515	40095000__40960000	865241	2.318437337875366	>500 kb	89746	False	865241		
ENSG00000117000__RLF__tss40161387	RLF	True	2.693035660229076e-05	0.000859095192245	40160000__40875000	716114	2.536910727620125	>500 kb	156810	False	716114		
ENSG00000188800__TMCO2__tss40245947	TMCO2	True	-3.457327619211148e-05	-0.0212460034182268	40245000__40115000	-128446	0.982294738292694	clean ≤500 kb	425643	False	128446	50–150	1
ENSG00000084073__ZMPSTE24__tss40258041	ZMPSTE24	True	0.0001204078478562	0.0012073923321042	40255000__40115000	-140540	0.1743794679641723	clean ≤500 kb	419596	False	140540	50–150	1
ENSG00000049089__COL9A2__tss40317813	COL9A2	True	-0.0007263780674813	-0.1158846392581229	40315000__40140000	-175312	3.89559018611908	clean ≤500 kb	434710	False	175312	150–300	5
ENSG00000084070__SMAP2__tss40344850	SMAP2	True	-2.650702257455933e-07	-0.000354185775265	40340000__40150000	-192349	6.7512378096580505	clean ≤500 kb	426192	False	192349	150–300	5
ENSG00000187801__ZFP69B__tss40450102	ZFP69B	True	0.0001039442286673	0.004710107834788	40450000__40145000	-302601	2.9521615505218506	clean ≤500 kb	371066	False	302601	300–500	3
ENSG00000187815__ZFP69__tss40477290	ZFP69	True	5.008493124382396e-06	0.0003979077500721	40475000__40150000	-324789	2.1618759483098984	clean ≤500 kb	359972	False	324789	300–500	2
ENSG00000164002__EXO5__tss40508741	EXO5	True	1.7252771256359711e-06	5.629978710805766e-05	40505000__40110000	-396240	1.7983664870262146	clean ≤500 kb	294246	False	396240	300–500	1
ENSG00000117010__ZNF684__tss40531573	ZNF684	True	8.838402969701259e-05	0.0037546754478845	40530000__40140000	-389072	3.811688393354416	clean ≤500 kb	327830	False	389072	300–500	4
ENSG00000117016__RIMS3__tss40665682	RIMS3	True	5.484484542680329e-06	0.003395943369828	40665000__40950000	286819	4.198639497160912	clean ≤500 kb	378957	False	286819	150–300	5
ENSG00000066136__NFYC__tss40691648	NFYC	True	8.682847619841116e-05	0.0015134919065875	40690000__40110000	-579147	2.689314305782318	>500 kb	202793	False	579147		
ENSG00000117013__KCNQ4__tss40783787	KCNQ4	True	-4.422052109389496e-06	-0.0047343215290631	40780000__40950000	168714	3.6247838139534	clean ≤500 kb	438010	False	168714	150–300	4
ENSG00000179862__CITED4__tss40862363	CITED4	True	0.0166254316791885	0.1563350205549825	40860000__40925000	65138	0.7318791151046753	clean ≤500 kb	469798	False	65138	50–150	1
ENSG00000171793__CTPS1__tss40979300	CTPS1	True	0.0001745266132	0.0045526770758602	40975000__40850000	-126799	3.615129202604294	clean ≤500 kb	458967	False	126799	50–150	5
ENSG00000171790__SLFNL1__tss41023237	SLFNL1	True	5.6744694441626664e-05	0.0042245250300013	41020000__41430000	409264	2.293000668287277	clean ≤500 kb	307735	False	409264	300–500	2
ENSG00000010803__SCMH1__tss41242306	SCMH1	True	3.494943942063469e-05	0.0028159560502785	41240000__42060000	820195	4.702311038970947	>500 kb	99769	False	820195		
ENSG00000204060__FOXO6__tss41361922	FOXO6	True	0.0019018127490091	0.5754120432452611	41360000__41415000	55579	1.6347060203552246	clean ≤500 kb	457077	False	55579	50–150	2
ENSG00000127129__EDN2__tss41484683	EDN2	True	-2.957672553589608e-06	-0.0028667107086243	41480000__42070000	587818	2.7607975602149963	>500 kb	215958	False	587818		
ENSG00000284895__ENSG00000284895__tss41628816	ENSG00000284895	True	2.470626926795547e-06	0.0025981455293435	41625000__42060000	433685	4.137401774525642	clean ≤500 kb	283024	False	433685	300–500	4
ENSG00000127124__HIVEP3__tss42035925	HIVEP3	True	1.9216993647515465e-06	0.0016217477425263	42035000__41275000	-758424	4.037363529205322	>500 kb	113154	False	758424		
ENSG00000044012__GUCA2B__tss42153410	GUCA2B	True	-1.1374831130124444e-05	-0.0073107917752889	42150000__42360000	209091	2.3375452160835266	clean ≤500 kb	400321	False	209091	150–300	3
ENSG00000197273__GUCA2A__tss42164745	GUCA2A	True	2.884243087426363e-07	7.261710322301398e-05	42160000__41560000	-602244	3.7259994447231297	>500 kb	186244	False	602244		
ENSG00000198815__FOXJ3__tss42335877	FOXJ3	True	-3.7848493159582663e-05	-0.0015059263821148	42335000__43115000	781624	7.071394473314285	>500 kb	131555	False	781624		
ENSG00000177181__RIMKLA__tss42380792	RIMKLA	True	7.622422516262743e-06	0.003374113852297	42380000__42065000	-313291	3.0033452808856964	clean ≤500 kb	345721	False	313291	300–500	3
ENSG00000127125__PPCS__tss42456117	PPCS	True	-0.0017347079674758	-0.0108734737625538	42455000__42295000	-158616	1.767219364643097	clean ≤500 kb	415558	False	158616	150–300	2
ENSG00000066185__ZMYND12__tss42456253	ZMYND12	True	-0.0007578971027821	-0.0162118336117926	42455000__42295000	-158752	1.767219364643097	clean ≤500 kb	415490	False	158752	150–300	2
ENSG00000186409__CCDC30__tss42463221	CCDC30	True	3.991273604938769e-05	0.0062354425634141	42460000__42290000	-170720	2.098537176847458	clean ≤500 kb	414506	False	170720	150–300	2
ENSG00000171960__PPIH__tss42658335	PPIH	True	-0.0003970632461332	-0.0036127981729617	42655000__42350000	-305834	2.966024324297905	clean ≤500 kb	369449	False	305834	300–500	3
ENSG00000065978__YBX1__tss42682418	YBX1	True	-0.0034371156508967	-0.0058782884079313	42680000__42235000	-444917	2.737088590860367	clean ≤500 kb	299908	False	444917	300–500	3
ENSG00000164007__CLDN19__tss42740254	CLDN19	True	9.195545604784132e-05	0.0038311741478698	42740000__42345000	-392753	2.241722345352173	clean ≤500 kb	325990	False	392753	300–500	2
ENSG00000117385__P3H1__tss42767084	P3H1	True	0.0009466208190836	0.006285000126255	42765000__43070000	305417	4.3067057728767395	clean ≤500 kb	369658	False	305417	300–500	4
ENSG00000164008__C1orf50__tss42767245	C1orf50	True	0.000349350188104	0.0047171877894502	42765000__43070000	305256	4.3067057728767395	clean ≤500 kb	369739	False	305256	300–500	4
ENSG00000283580__ENSG00000283580__tss42767292	ENSG00000283580	True	0.0004914568804342	0.0068181199709276	42765000__43070000	305209	4.3067057728767395	clean ≤500 kb	369762	False	305209	300–500	4
ENSG00000274386__TMEM269__tss42784991	TMEM269	True	1.279240914665511e-05	0.0026370132459925	42780000__43075000	292510	5.979382693767548	clean ≤500 kb	376112	False	292510	150–300	5
ENSG00000164010__ERMAP__tss42817122	ERMAP	True	-4.2417385618290226e-05	-0.0009417116087874	42815000__43085000	270379	4.784586012363434	clean ≤500 kb	387177	False	270379	150–300	5
ENSG00000177868__SVBP__tss42817397	SVBP	True	-0.0002367486136759	-0.0027913259496003	42815000__43085000	270104	4.784586012363434	clean ≤500 kb	387315	False	270104	150–300	5
ENSG00000164011__ZNF691__tss42846573	ZNF691	True	1.3812545894567596e-05	0.0002469811918212	42845000__43125000	280928	1.492345094680786	clean ≤500 kb	381903	False	280928	150–300	1
ENSG00000117394__SLC2A1__tss42958893	SLC2A1	True	0.0290514855650795	0.1226366326089489	42955000__43070000	113608	7.0229122042655945	clean ≤500 kb	433063	False	113608	50–150	5
ENSG00000186973__CFAP144__tss43145153	CFAP144	True	-3.855337473309848e-05	-0.0103954281195981	43145000__42225000	-917652	4.055683612823486	>500 kb	63540	False	917652		
ENSG00000243710__CFAP57__tss43172330	CFAP57	True	0.0010930697175971	0.0068928204848731	43170000__43500000	330171	2.015708953142166	clean ≤500 kb	322281	False	330171	300–500	1
ENSG00000117395__EBNA1BP2__tss43270936	EBNA1BP2	True	-1.6374886408354475e-05	-0.0077541292441754	43270000__43460000	191565	1.2036760449409485	clean ≤500 kb	399084	False	191565	150–300	1
ENSG00000117400__MPL__tss43337818	MPL	True	-5.295647930975524e-07	-0.0005117118699206	43335000__42345000	-990317	2.955883502960205	>500 kb	27208	False	990317		
ENSG00000117399__CDC20__tss43358981	CDC20	True	-0.0012190288269032	-0.0014125768624183	43355000__42370000	-986480	3.582897901535034	>500 kb	29126	False	986480		
ENSG00000066322__ELOVL1__tss43368074	ELOVL1	True	7.00398026969376e-06	0.0001520964950736	43365000__43120000	-245573	1.3138226866722107	clean ≤500 kb	369580	False	245573	150–300	1
ENSG00000159479__MED8__tss43389808	MED8	True	0.0003539990898465	0.0049400619493509	43385000__43125000	-262307	2.138680949807167	clean ≤500 kb	353713	False	262307	150–300	2
ENSG00000198198__SZT2__tss43389882	SZT2	True	3.303514563381127e-05	0.0011176565551593	43385000__43125000	-262381	2.138680949807167	clean ≤500 kb	353676	False	262381	150–300	2
ENSG00000178922__HYI__tss43453989	HYI	True	0.0003421931349639	0.0034588517041795	43450000__44345000	893512	2.990647077560425	>500 kb	58111	False	893512		
ENSG00000142949__PTPRF__tss43525187	PTPRF	True	3.079885567938671e-07	0.0004183876075312	43525000__43085000	-437686	2.35221266746521	clean ≤500 kb	286023	False	437686	300–500	2
ENSG00000066135__KDM4A__tss43650149	KDM4A	True	-8.923203339033375e-05	-0.0052187614548806	43650000__43480000	-167648	0.7192183136940002	clean ≤500 kb	428542	False	167648	150–300	1
ENSG00000284989__ENSG00000284989__tss43650149	ENSG00000284989	True	-8.923203339033375e-05	-0.0052187614548806	43650000__43480000	-167648	0.7192183136940002	clean ≤500 kb	428542	False	167648	150–300	1
ENSG00000126091__ST3GAL3__tss43705824	ST3GAL3	True	0.0020439184815408	0.0067751146443665	43705000__43515000	-188323	1.8798385858535769	clean ≤500 kb	405705	False	188323	150–300	2
ENSG00000117407__ARTN__tss43933320	ARTN	True	3.287796774357945e-05	0.0070583070780281	43930000__43515000	-415819	1.9398081302642824	clean ≤500 kb	291957	False	415819	300–500	1
ENSG00000117408__IPO13__tss43946950	IPO13	True	2.6775411513510483e-05	0.0002587018565443	43945000__43505000	-439449	1.3312959671020508	clean ≤500 kb	282642	False	439449	300–500	1
ENSG00000132768__DPH2__tss43970000	DPH2	True	-0.0003859259571163	-0.0013453820424007	43965000__43625000	-342499	1.7517008781433103	clean ≤500 kb	323617	False	342499	300–500	1
ENSG00000117410__ATP6V0B__tss43974487	ATP6V0B	True	-0.0008343549844555	-0.0012695616478854	43970000__43510000	-461986	1.9562011063098907	mixed	266373	False	461986	300–500	
ENSG00000159214__CCDC24__tss43991359	CCDC24	True	0.0025936896767426	0.0068122018378558	43990000__43480000	-508858	2.4938337206840515	mixed	267937	False	508858		
ENSG00000196517__SLC6A9__tss44031467	SLC6A9	True	-5.576001980061272e-06	-0.0007412789737147	44030000__43755000	-273966	3.0258122086524963	clean ≤500 kb	385383	False	273966	150–300	4
ENSG00000171872__KLF17__tss44118821	KLF17	True	-6.099887901275355e-08	-8.301407043063568e-05	44115000__44575000	458680	2.3091849088668823	clean ≤500 kb	293027	False	458680	300–500	2
ENSG00000283039__KLF18__tss44141631	KLF18	True	-8.444794965818924e-07	-0.0011222029710929	44140000__44470000	330870	1.7251294255256653	clean ≤500 kb	324432	False	330870	300–500	1
ENSG00000178028__DMAP1__tss44213455	DMAP1	True	0.0001611483593626	0.0012081350598679	44210000__44585000	374046	3.100797116756439	clean ≤500 kb	335344	False	374046	300–500	3
ENSG00000117419__ERI3__tss44355260	ERI3	True	-0.000380994539999	-0.0090878620718597	44355000__44595000	242241	3.4202146530151367	clean ≤500 kb	401246	False	242241	150–300	4
ENSG00000187147__RNF220__tss44405194	RNF220	True	1.403305030590169e-06	0.0012918640258445	44405000__45230000	827307	2.0659639835357666	>500 kb	98713	False	827307		
ENSG00000126106__TMEM53__tss44674481	TMEM53	True	-7.289299518080904e-05	-0.0041712661157997	44670000__44370000	-301980	1.9136536121368408	clean ≤500 kb	371376	False	301980	300–500	1
ENSG00000198520__ARMH1__tss44674692	ARMH1	True	-3.626658202166271e-05	-0.0036374977321086	44670000__44370000	-302191	1.9136536121368408	clean ≤500 kb	371271	False	302191	300–500	1
ENSG00000142945__KIF2C__tss44739818	KIF2C	True	5.5945334603936525e-05	0.0006917862986356	44735000__45180000	442683	3.90621280670166	clean ≤500 kb	301025	False	442683	300–500	4
ENSG00000142937__RPS8__tss44775251	RPS8	True	0.0006960952313805	0.0001741961132192	44775000__45280000	507250	1.704543113708496	mixed	231242	False	507250		
ENSG00000142959__BEST4__tss44788170	BEST4	True	-2.1308062126821313e-05	-0.003980476741345	44785000__45360000	574331	3.0706561505794525	>500 kb	212701	False	574331		
ENSG00000173846__PLK3__tss44800377	PLK3	True	-1.0001836176234956e-05	-0.0002030505188178	44800000__45435000	637124	3.763983130455017	>500 kb	188805	False	637124		
ENSG00000188396__DYNLT4__tss44807351	DYNLT4	True	0.0001044013167901	0.0030671814151687	44805000__45355000	550150	2.826695889234543	>500 kb	209792	False	550150		
ENSG00000222009__BTBD19__tss44808523	BTBD19	True	1.3365900875028648e-05	0.0003166485837461	44805000__45355000	548978	2.826695889234543	>500 kb	210378	False	548978		
ENSG00000117425__PTCH2__tss44843253	PTCH2	True	-5.6151418917120555e-05	-0.0083567611961879	44840000__45285000	444248	2.3139846324920654	clean ≤500 kb	300243	False	444248	300–500	2
ENSG00000070785__EIF2B3__tss44986722	EIF2B3	True	-0.0001161751361169	-0.0049814183433929	44985000__45280000	295779	1.6600695252418518	clean ≤500 kb	374477	False	295779	150–300	2
ENSG00000126088__UROD__tss45010950	UROD	True	0.0005493786117389	0.0032069935637711	45010000__45290000	281551	3.4829137325286865	clean ≤500 kb	381591	False	281551	150–300	4
ENSG00000126107__HECTD3__tss45011324	HECTD3	True	0.0024312709079607	0.0088735836965538	45010000__45290000	281177	3.4829137325286865	clean ≤500 kb	381778	False	281177	150–300	4
ENSG00000162415__ZSWIM5__tss45306209	ZSWIM5	True	3.158922958878532e-05	0.0070169817736179	45305000__44915000	-388708	3.940975129604339	clean ≤500 kb	320512	False	388708	300–500	4
ENSG00000186603__HPDL__tss45326895	HPDL	True	0.0005476540472073	0.0092470178505198	45325000__45020000	-304394	3.008050799369812	clean ≤500 kb	342669	False	304394	300–500	3
ENSG00000132773__TOE1__tss45340052	TOE1	True	3.7388469659727086e-06	2.1940750232755067e-05	45340000__44915000	-422551	3.0950958728790283	clean ≤500 kb	296091	False	422551	300–500	3
ENSG00000132781__MUTYH__tss45340893	MUTYH	True	7.905358623826186e-05	0.0009191186244554	45340000__44915000	-423392	3.0950958728790283	clean ≤500 kb	295670	False	423392	300–500	3
ENSG00000288208__ENSG00000288208__tss45491155	ENSG00000288208	True	3.940530948754774e-05	0.0032632938316588	45490000__44915000	-573654	1.178744614124298	>500 kb	235539	False	573654		
ENSG00000070759__TESK2__tss45491163	TESK2	True	-4.087828858876166e-05	-0.0034453784897266	45490000__44915000	-573662	1.178744614124298	>500 kb	235535	False	573662		
ENSG00000280670__CCDC163__tss45500079	CCDC163	True	0.0010322057375518	0.0220426673340333	45500000__45355000	-142578	3.942772775888443	clean ≤500 kb	418577	False	142578	50–150	5
ENSG00000132763__MMACHC__tss45500300	MMACHC	True	0.0006228783962816	0.0170821951601868	45500000__45355000	-142799	3.942772775888443	clean ≤500 kb	418467	False	142799	50–150	5
ENSG00000117450__PRDX1__tss45542732	PRDX1	True	-1.4318736359551602e-05	-0.0038219781027241	45540000__44855000	-685231	3.286671817302704	>500 kb	179751	False	685231		
ENSG00000117448__AKR1A1__tss45550543	AKR1A1	True	0.0005410157916602	0.0020453513495426	45550000__44865000	-683042	5.955344051122665	>500 kb	173345	False	683042		
ENSG00000132780__NASP__tss45583846	NASP	True	-0.0010739289739971	-0.0076773454828187	45580000__45350000	-231345	3.154607370495796	clean ≤500 kb	371694	False	231345	150–300	4
ENSG00000159588__CCDC17__tss45624057	CCDC17	True	0.00039639163492	0.0151363901048406	45620000__45875000	253444	3.0584923028945923	clean ≤500 kb	383145	False	253444	150–300	4
ENSG00000159592__GPBP1L1__tss45688113	GPBP1L1	True	0.0006763449829935	0.0087253363967734	45685000__45875000	189388	2.6529387831687927	clean ≤500 kb	397673	False	189388	150–300	3
ENSG00000159596__TMEM69__tss45688181	TMEM69	True	0.0004298296668356	0.0060982596213452	45685000__45875000	189320	2.6529387831687927	clean ≤500 kb	397707	False	189320	150–300	3
ENSG00000197429__IPP__tss45750653	IPP	True	-4.419982161702699e-05	-0.0056847243282638	45750000__45870000	121848	2.0918686389923096	clean ≤500 kb	433943	False	121848	50–150	3
ENSG00000086015__MAST2__tss45786987	MAST2	True	7.975918921238392e-09	1.1461168240360083e-05	45785000__46145000	360514	1.843466192483902	clean ≤500 kb	342110	False	360514	300–500	1
ENSG00000117461__PIK3R3__tss46133036	PIK3R3	True	-7.421623579932646e-05	-0.0019548080721148	46130000__45180000	-950535	6.427170753479004	>500 kb	37099	False	950535		
ENSG00000117472__TSPAN1__tss46175073	TSPAN1	True	1.7353224013372214e-07	0.0002479559978713	46175000__45975000	-197572	1.3627519607543943	clean ≤500 kb	386080	False	197572	150–300	1
ENSG00000250719__P3R3URF__tss46176488	P3R3URF	True	8.836662949080292e-08	0.0001253246037282	46175000__45975000	-198987	1.3627519607543943	clean ≤500 kb	385373	False	198987	150–300	1
ENSG00000278139__P3R3URF-PIK3R3__tss46176488	P3R3URF-PIK3R3	True	8.836662949080292e-08	0.0001253246037282	46175000__45975000	-198987	1.3627519607543943	clean ≤500 kb	385373	False	198987	150–300	1
ENSG00000171357__LURAP1__tss46203334	LURAP1	True	-6.368316571573078e-06	-0.0027480791516233	46200000__45365000	-835833	3.6529877185821538	>500 kb	66950	False	835833		
ENSG00000085998__POMGNT1__tss46220305	POMGNT1	True	-2.775595774112921e-05	-0.0131777370809835	46220000__46080000	-137804	1.8019060492515564	clean ≤500 kb	453464	False	137804	50–150	2
ENSG00000085999__RAD54L__tss46246461	RAD54L	True	-0.0001071475667823	-0.003085502635067	46245000__45360000	-883960	1.959078073501587	>500 kb	42886	False	883960		
ENSG00000132128__LRRC41__tss46303616	LRRC41	True	-0.0005024944872873	-0.0021094318816091	46300000__47200000	898885	3.2044789791107178	>500 kb	42924	False	898885		
ENSG00000173660__UQCRH__tss46303698	UQCRH	True	0.0011145973428035	0.0016275152314407	46300000__47200000	898803	3.2044789791107178	>500 kb	42965	False	898803		
ENSG00000117481__NSUN4__tss46340789	NSUN4	True	3.9388546224344845e-05	0.0013116747883605	46340000__47085000	746712	7.264798641204834	>500 kb	141511	False	746712		
ENSG00000117480__FAAH__tss46394317	FAAH	True	-1.1297739377413851e-05	-0.0012439960837002	46390000__47245000	853184	2.442474603652954	>500 kb	58275	False	853184		
ENSG00000197587__DMBX1__tss46489836	DMBX1	True	3.167072865507809e-09	4.453302098281052e-06	46485000__47445000	957665	3.6898961067199703	>500 kb	31034	False	957665		
ENSG00000282881__TMEM275__tss46543969	TMEM275	True	-3.0779927884561074e-08	-4.4197239080703975e-05	46540000__47200000	658532	2.4371304512023926	>500 kb	168101	False	658532		
ENSG00000162456__KNCN__tss46551647	KNCN	True	1.2270682170523856e-08	1.75888884266736e-05	46550000__47380000	830854	2.079594850540161	>500 kb	106940	False	830854		
ENSG00000142961__MOB3C__tss46616811	MOB3C	True	-5.667561006119162e-06	-0.0003435742810401	46615000__47095000	480690	2.9723046720027924	mixed	252022	False	480690	300–500	
ENSG00000079277__MKNK1__tss46616843	MKNK1	True	6.901212784583485e-06	0.000550359736511	46615000__47095000	480658	2.9723046720027924	mixed	252038	False	480658	300–500	
ENSG00000186118__TEX38__tss46668855	TEX38	True	-1.3906105211910526e-05	-0.0021452662565009	46665000__47090000	423646	2.1471285820007324	clean ≤500 kb	293044	False	423646	300–500	2
ENSG00000123472__ATPAF1__tss46673867	ATPAF1	True	-6.202498167981463e-05	-0.0002503270632346	46670000__47360000	688634	3.671112060546875	>500 kb	168050	False	688634		
ENSG00000159658__EFCAB14__tss46719146	EFCAB14	True	-4.471514798143339e-05	-0.0001571814420275	46715000__47635000	918355	3.964622020721435	>500 kb	43189	False	918355		
ENSG00000142973__CYP4B1__tss46757838	CYP4B1	True	1.4343614533505116e-06	0.0020481105630058	46755000__46870000	114663	2.780195713043213	clean ≤500 kb	445035	False	114663	50–150	4
ENSG00000187048__CYP4A11__tss46941484	CYP4A11	True	1.574636727266136e-06	0.0014215122229978	46940000__47620000	681017	2.303305149078369	>500 kb	164358	False	681017		
ENSG00000186377__CYP4X1__tss47023669	CYP4X1	True	1.0982043603544736e-06	0.0014105830637598	47020000__46855000	-166168	1.7685826420783997	clean ≤500 kb	404282	False	166168	150–300	2
ENSG00000186160__CYP4Z1__tss47067231	CYP4Z1	True	2.4473002563910822e-06	0.0033983280189135	47065000__46875000	-189730	2.0545831620693207	clean ≤500 kb	412501	False	189730	150–300	2
ENSG00000162365__CYP4A22__tss47137435	CYP4A22	True	5.402980883012455e-05	0.0418824700908161	47135000__46875000	-259934	5.9308909475803375	clean ≤500 kb	367399	False	259934	150–300	5
ENSG00000162366__PDZK1IP1__tss47191044	PDZK1IP1	True	3.987700206423096e-05	0.0084232900810022	47190000__47710000	521457	2.8484113961458206	mixed	239138	False	521457		
ENSG00000162367__TAL1__tss47232225	TAL1	True	3.370018242190463e-07	0.0002741446814199	47230000__48020000	790276	2.418030261993408	>500 kb	127229	False	790276		
ENSG00000123473__STIL__tss47314892	STIL	True	-3.3928177450674724e-05	-0.0017119544535649	47310000__46330000	-982391	2.427349328994751	>500 kb	31171	False	982391		
ENSG00000162368__CMPK1__tss47333790	CMPK1	True	-0.0002812886928982	-0.0024704989688105	47330000__47910000	578711	3.3485982418060303	>500 kb	218011	False	578711		
ENSG00000186790__FOXE3__tss47416285	FOXE3	True	5.690239026995416e-06	0.0072422349715543	47415000__47710000	296216	3.702597320079803	clean ≤500 kb	354259	False	296216	150–300	4
ENSG00000186564__FOXD2__tss47438044	FOXD2	True	0.0007004372072271	0.0792812324836543	47435000__47710000	274457	10.274953126907349	clean ≤500 kb	352638	False	274457	150–300	5
ENSG00000269113__TRABD2B__tss47997385	TRABD2B	True	6.556176074363769e-05	0.0428282897647707	47995000__47740000	-254884	3.3703899160027504	clean ≤500 kb	357424	False	254884	150–300	4
ENSG00000117834__SLC5A9__tss48222685	SLC5A9	True	0.0005260306299303	0.0145970556184521	48220000__47255000	-965184	2.863133430480957	>500 kb	32274	False	965184		
ENSG00000132122__SPATA6__tss48472208	SPATA6	True	-1.0089181342008702e-06	-0.000388518029135	48470000__48070000	-399707	2.078062891960144	clean ≤500 kb	300013	False	399707	300–500	2
ENSG00000162373__BEND5__tss48776969	BEND5	True	2.4575339419974753e-06	0.0023207338369992	48775000__49665000	890532	8.790732383728027	>500 kb	69601	False	890532		
ENSG00000186094__AGBL4__tss50023954	AGBL4	True	-1.1392853614699245e-07	-0.0001599517471272	50020000__50900000	878547	2.2407472133636475	>500 kb	83093	False	878547		
ENSG00000162374__ELAVL4__tss50024029	ELAVL4	True	4.5133748908091984e-08	6.450981937791841e-05	50020000__49205000	-816528	5.108713865280151	>500 kb	101602	False	816528		
ENSG00000142700__DMRTA2__tss50423443	DMRTA2	True	-3.882687925885393e-07	-0.0004918421889536	50420000__51120000	699058	4.871806800365448	>500 kb	162838	False	699058		
ENSG00000185104__FAF1__tss50960267	FAF1	True	0.0007977823990913	0.0247527195128818	50960000__51040000	82234	1.85869799554348	clean ≤500 kb	456250	False	82234	50–150	3
ENSG00000123080__CDKN2C__tss50960745	CDKN2C	True	2.2692006580404128e-05	0.0019207927775998	50960000__50770000	-188244	3.8698154389858246	clean ≤500 kb	413244	False	188244	150–300	4
ENSG00000204006__C1orf185__tss51102221	C1orf185	True	6.924586630206068e-08	9.895236150970834e-05	51100000__50350000	-749720	3.390192449092865	>500 kb	127506	False	749720		
ENSG00000123091__RNF11__tss51236273	RNF11	True	0.0003072292732144	0.002551641483174	51235000__50720000	-513772	2.2427180856466293	mixed	250480	False	513772		
ENSG00000085831__TTC39A__tss51345116	TTC39A	True	-2.9342984751959578e-06	-0.002593994089039	51345000__52070000	727385	3.941617488861084	>500 kb	146174	False	727385		
ENSG00000085832__EPS15__tss51519328	EPS15	True	-1.378399053422047e-05	-0.000927345926696	51515000__50760000	-756827	4.330624580383301	>500 kb	136453	False	756827		
ENSG00000117859__OSBPL9__tss51577179	OSBPL9	True	3.1007525027616214e-06	0.002416730818224	51575000__51950000	375322	2.0310266613960266	clean ≤500 kb	307206	False	375322	300–500	2
ENSG00000078618__NRDC__tss51878805	NRDC	True	-0.0003498063677935	-0.0015898697292691	51875000__52650000	773696	4.57157176733017	>500 kb	135519	False	773696		
ENSG00000169213__RAB3B__tss51990700	RAB3B	True	-7.46134649703533e-07	-0.0003415455807796	51990000__51560000	-428199	1.517920732498169	clean ≤500 kb	300767	False	428199	300–500	1
ENSG00000285839__ENSG00000285839__tss52033350	ENSG00000285839	True	-0.0010151944537465	-0.0040279385011837	52030000__51905000	-125849	2.1374634504318237	clean ≤500 kb	459442	False	125849	50–150	3
ENSG00000198841__KTI12__tss52033810	KTI12	True	-0.0006039521003538	-0.0022756989841362	52030000__51905000	-126309	2.1374634504318237	clean ≤500 kb	459212	False	126309	50–150	3
ENSG00000117862__TXNDC12__tss52055772	TXNDC12	True	0.0009800984874823	0.0048088656080009	52055000__52335000	281729	2.1396045088768005	clean ≤500 kb	354002	False	281729	150–300	2
ENSG00000134717__BTF3L4__tss52056199	BTF3L4	True	-1.781044303184043e-05	-0.000160333607247	52055000__52335000	281302	2.1396045088768005	clean ≤500 kb	354216	False	281302	150–300	2
ENSG00000157077__ZFYVE9__tss52142089	ZFYVE9	True	3.559152158629994e-05	0.0027136030312164	52140000__52680000	540412	2.1441904306411743	mixed	252161	False	540412		
ENSG00000154222__CC2D1B__tss52366205	CC2D1B	True	-8.83790440214978e-05	-0.003395326084541	52365000__52125000	-238704	5.562003791332245	clean ≤500 kb	378014	False	238704	150–300	5
ENSG00000085840__ORC1__tss52404423	ORC1	True	0.0006683983525107	0.0087985443962046	52400000__52680000	278078	5.083907902240753	clean ≤500 kb	355828	False	278078	150–300	5
ENSG00000134748__PRPF38A__tss52404602	PRPF38A	True	0.001873988978019	0.0096917560168156	52400000__52680000	277899	5.083907902240753	clean ≤500 kb	355917	False	277899	150–300	5
ENSG00000134744__TUT4__tss52553487	TUT4	True	-6.761133489555093e-05	-0.0041511714680689	52550000__51885000	-665986	6.281777381896973	>500 kb	189373	False	665986		
ENSG00000116157__GPX7__tss52602371	GPX7	True	5.146016950340147e-06	0.0020908188983665	52600000__52100000	-499870	2.107943892478943	mixed	254931	False	499870	300–500	
ENSG00000182183__SHISAL2A__tss52633168	SHISAL2A	True	1.9800183296921525e-07	0.0002499322895305	52630000__52120000	-510667	2.5658575296401978	>500 kb	244533	False	510667		
ENSG00000162377__COA7__tss52698347	COA7	True	8.130189250780268e-06	0.0002969321111132	52695000__52385000	-310846	2.8413957953453064	clean ≤500 kb	331943	False	310846	300–500	3
ENSG00000162378__ZYG11B__tss52726453	ZYG11B	True	1.4347445619490584e-05	0.0015726920541156	52725000__52390000	-333952	1.915825977921486	clean ≤500 kb	317890	False	333952	300–500	1
ENSG00000203995__ZYG11A__tss52842511	ZYG11A	True	-7.037785642944792e-07	-0.0005152909795938	52840000__51890000	-950010	6.743954658508301	>500 kb	34861	False	950010		
ENSG00000121310__ECHDC2__tss52927212	ECHDC2	True	2.9764440688735336e-05	0.0024871671001902	52925000__51960000	-964711	1.2479277551174164	>500 kb	32511	False	964711		
ENSG00000116171__SCP2__tss52927276	SCP2	True	9.885945709722094e-05	0.0034716602854783	52925000__51960000	-964775	1.2479277551174164	>500 kb	32479	False	964775		
ENSG00000174348__PODN__tss53062052	PODN	True	8.688166540164982e-07	0.0008644031638719	53060000__52385000	-674551	2.3543195724487305	>500 kb	152591	False	674551		
ENSG00000162383__SLC1A7__tss53142638	SLC1A7	True	-5.635458271195402e-07	-0.0007431641966579	53140000__52790000	-350137	2.57092347741127	clean ≤500 kb	347298	False	350137	300–500	2
ENSG00000157184__CPT2__tss53196792	CPT2	True	2.422454450901404e-05	0.0010026250884227	53195000__53030000	-164291	1.1368605494499209	clean ≤500 kb	412721	False	164291	150–300	1
ENSG00000162384__CZIB__tss53220634	CZIB	True	-0.0001264759017002	-0.0008365205788924	53220000__52260000	-958133	5.104668140411377	>500 kb	43300	False	958133		
ENSG00000162385__MAGOH__tss53238518	MAGOH	True	-0.0006215217798181	-0.0048829129243492	53235000__53825000	588983	2.2091195583343506	>500 kb	207875	False	588983		
ENSG00000157193__LRP8__tss53328469	LRP8	True	-5.7660042914680666e-05	-0.0069414498474559	53325000__53640000	314032	2.5864614620804787	clean ≤500 kb	357851	False	314032	300–500	2
ENSG00000293253__ENSG00000293253__tss53440018	ENSG00000293253	True	-3.115579234964562e-08	-4.478208444325322e-05	53440000__53650000	212483	2.562596917152405	clean ≤500 kb	393625	False	212483	150–300	3
ENSG00000143006__DMRTB1__tss53459399	DMRTB1	True	1.1449162179751829e-07	0.0001639566128474	53455000__53700000	243102	2.509755551815033	clean ≤500 kb	400816	False	243102	150–300	3
ENSG00000174332__GLIS1__tss53739164	GLIS1	True	5.606955970820381e-06	0.0072632928885036	53735000__53470000	-266663	2.736582189798355	clean ≤500 kb	351535	False	266663	150–300	3
ENSG00000058804__NDC1__tss53838463	NDC1	True	-7.541326967804018e-05	-0.0021559723868463	53835000__54435000	599038	1.9107266664505005	>500 kb	215348	False	599038		
ENSG00000058799__YIPF1__tss53889798	YIPF1	True	-0.0001857990047826	-0.0042899992660965	53885000__54500000	612703	2.139669567346573	>500 kb	216015	False	612703		
ENSG00000211452__DIO1__tss53891239	DIO1	True	5.6359858887499066e-05	0.0067034268035756	53890000__54835000	946262	2.074583023786545	>500 kb	36736	False	946262		
ENSG00000081870__IFT25__tss53945699	IFT25	True	0.0049000564002982	0.1509644925927519	53945000__53860000	-83198	5.138497740030289	clean ≤500 kb	443267	False	83198	50–150	5
ENSG00000116212__LRRC42__tss53946077	LRRC42	True	0.00622692636076	0.139362612141772	53945000__53860000	-83576	5.138497740030289	clean ≤500 kb	443078	False	83576	50–150	5
ENSG00000203985__LDLRAD1__tss54018186	LDLRAD1	True	-1.2554412260307505e-05	-0.0062301753488834	54015000__54495000	479315	2.923952728509903	clean ≤500 kb	282709	False	479315	300–500	3
ENSG00000116209__TMEM59__tss54053504	TMEM59	True	0.0002969491676432	0.0007925149924035	54050000__54480000	428997	2.677014499902725	clean ≤500 kb	307868	False	428997	300–500	3
ENSG00000116205__TCEANC2__tss54053584	TCEANC2	True	-3.4457164948722974e-05	-0.0002515855936021	54050000__54480000	428917	2.677014499902725	clean ≤500 kb	307908	False	428917	300–500	3
ENSG00000157211__CDCP2__tss54153770	CDCP2	True	1.6703228088733575e-06	0.0019778089665732	54150000__54495000	343731	3.1639413237571716	clean ≤500 kb	320501	False	343731	300–500	3
ENSG00000116221__MRPL37__tss54184041	MRPL37	True	-7.0422813470126e-06	-0.0013561032766368	54180000__54495000	313460	4.543349176645279	clean ≤500 kb	335637	False	313460	300–500	4
ENSG00000215883__CYB5RL__tss54200036	CYB5RL	True	-7.292077744567443e-05	-0.0009384511501586	54200000__54490000	292465	3.704021126031875	clean ≤500 kb	376134	False	292465	150–300	4
ENSG00000256407__ENSG00000256407__tss54200073	ENSG00000256407	True	-6.323223359017138e-05	-0.0007997112837148	54200000__54490000	292428	3.704021126031875	clean ≤500 kb	376153	False	292428	150–300	4
ENSG00000157216__SSBP3__tss54413479	SSBP3	True	-6.261481543083105e-07	-0.0006634153261021	54410000__54970000	559022	2.843425065279007	>500 kb	242856	False	559022		
ENSG00000162390__ACOT11__tss54542257	ACOT11	True	-1.1039257908023294e-06	-0.0007344736812031	54540000__53790000	-749756	2.82283154129982	>500 kb	112488	False	749756		
ENSG00000162391__FAM151A__tss54623556	FAM151A	True	-3.921970313673423e-06	-0.0017937439557622	54620000__53870000	-751055	3.618577480316162	>500 kb	116839	False	751055		
ENSG00000184313__MROH7__tss54641754	MROH7	True	-1.1196039541953903e-05	-0.0041061047549589	54640000__53640000	-999253	2.4952898025512695	>500 kb	22740	False	999253		
ENSG00000271723__MROH7-TTC4__tss54641786	MROH7-TTC4	True	-8.455944053334732e-06	-0.002918454493389	54640000__53640000	-999285	2.4952898025512695	>500 kb	22724	False	999285		
ENSG00000243725__TTC4__tss54715861	TTC4	True	-9.885842250126342e-05	-0.0012650297084509	54715000__53760000	-953360	3.497201919555664	>500 kb	23186	False	953360		
ENSG00000162396__PARS2__tss54764523	PARS2	True	4.373132035306957e-06	0.0008073518357619	54760000__53820000	-942022	4.367703974246979	>500 kb	33855	False	942022		
ENSG00000006555__TTC22__tss54801323	TTC22	True	5.8076051781980834e-05	0.0188417640918759	54800000__54500000	-298822	3.6343547701835632	clean ≤500 kb	337955	False	298822	150–300	4
ENSG00000162398__CIMAP2__tss54806063	CIMAP2	True	4.258095342263963e-06	0.0048461415794529	54805000__54495000	-308562	4.008275255560875	clean ≤500 kb	335585	False	308562	300–500	4
ENSG00000143001__TMEM61__tss54886800	TMEM61	True	0.0006038509268944	0.0020740018102736	54885000__54480000	-404299	2.321735143661499	clean ≤500 kb	300217	False	404299	300–500	2
ENSG00000116133__DHCR24__tss54887195	DHCR24	True	-0.0003461077986278	-0.0005639285143899	54885000__54480000	-404694	2.321735143661499	clean ≤500 kb	300019	False	404694	300–500	2
ENSG00000162399__BSND__tss54998933	BSND	True	2.260703342408629e-06	0.0030599479686487	54995000__54815000	-181432	1.36527281999588	clean ≤500 kb	399150	False	181432	150–300	1
ENSG00000169174__PCSK9__tss55039445	PCSK9	True	-0.0008924511346401	-0.0039936817925113	55035000__56005000	968056	3.151804208755493	>500 kb	28339	False	968056		
ENSG00000162402__USP24__tss55215378	USP24	True	7.028228734509007e-05	0.0023892488953016	55215000__55710000	497123	4.744243189692497	clean ≤500 kb	273805	False	497123	300–500	5
ENSG00000284686__ENSG00000284686__tss56524495	ENSG00000284686	True	-0.0012767073175147	-0.0049625932234095	56520000__55645000	-876994	4.80525866150856	>500 kb	68869	False	876994		
ENSG00000162407__PLPP3__tss56645301	PLPP3	True	-5.487006244228425e-06	-0.0032945670632496	56645000__55670000	-972800	3.377982556819916	>500 kb	28466	False	972800		
ENSG00000162409__PRKAA2__tss56645314	PRKAA2	True	-8.23404863265799e-06	-0.002280760646362	56645000__55670000	-972813	3.377982556819916	>500 kb	28460	False	972813		
ENSG00000187889__FYB2__tss56819696	FYB2	True	-5.967976758353491e-05	-0.0052271112665698	56815000__56010000	-807195	3.993045210838318	>500 kb	118769	False	807195		
ENSG00000157131__C8A__tss56854768	C8A	True	0.0001335593551399	0.0036860754201575	56850000__57275000	422733	2.9678246676921844	clean ≤500 kb	311000	False	422733	300–500	3
ENSG00000021852__C8B__tss56974383	C8B	True	9.83115996677257e-07	0.0012458813273477	56970000__55975000	-996882	4.150885581970215	>500 kb	23925	False	996882		
ENSG00000173406__DAB1__tss58546734	DAB1	True	9.129089547337509e-05	0.0053879557564476	58545000__59340000	795767	3.715731486678123	>500 kb	116983	False	795767		
ENSG00000162600__OMA1__tss58546802	OMA1	True	9.113987813882256e-05	0.0052566761293872	58545000__57615000	-929301	3.147465467453003	>500 kb	40216	False	929301		
ENSG00000184292__TACSTD2__tss58577252	TACSTD2	True	-5.444076703003996e-05	-0.0097486699800871	58575000__58270000	-304751	11.47174009680748	clean ≤500 kb	362491	False	304751	300–500	5
ENSG00000162601__MYSM1__tss58700090	MYSM1	True	1.101304101636634e-05	0.0007532262445904	58700000__59530000	832411	7.485515832901001	>500 kb	78661	False	832411		
ENSG00000177606__JUN__tss58784048	JUN	True	-0.0014111543237036	-0.003100349104845	58780000__59710000	928453	6.035950183868408	>500 kb	58140	False	928453		
ENSG00000172456__FGGY__tss59296638	FGGY	True	1.749574534745755e-05	0.0017183705078906	59295000__58735000	-559137	3.7080143690109257	mixed	242798	False	559137		
ENSG00000134709__HOOK1__tss59814786	HOOK1	True	-2.876464763225048e-05	-0.0012272420896253	59810000__58950000	-862285	5.213818430900574	>500 kb	91224	False	862285		
ENSG00000134716__CYP2J2__tss59926773	CYP2J2	True	0.0001194124806575	0.0082154940127009	59925000__58980000	-944272	3.952942132949829	>500 kb	32730	False	944272		
ENSG00000162598__C1orf87__tss60073770	C1orf87	True	-8.94542199705454e-08	-0.0001281517745684	60070000__60775000	703731	7.757902055978775	>500 kb	155501	False	703731		
ENSG00000162599__NFIA__tss60865259	NFIA	True	2.195028690440443e-08	3.1206740035839614e-05	60865000__61620000	757242	7.606642663478851	>500 kb	121246	False	757242		
ENSG00000162604__TM2D1__tss61725423	TM2D1	True	0.0003448796265554	0.0033403398520623	61725000__61020000	-702922	4.134530574083328	>500 kb	140905	False	702922		
ENSG00000132849__PATJ__tss61742477	PATJ	True	3.3314638594557876e-05	0.0037488822666617	61740000__60980000	-759976	3.5925935804843903	>500 kb	142378	False	759976		
ENSG00000240563__L1TD1__tss62194849	L1TD1	True	-0.0001539292967861	-0.1085086578918736	62190000__62410000	217652	2.5674548149108887	clean ≤500 kb	413541	False	217652	150–300	3
ENSG00000132854__KANK4__tss62319434	KANK4	True	0.004944831857587	0.4556110143438716	62315000__62175000	-141933	2.3881226778030396	clean ≤500 kb	413900	False	141933	50–150	4
ENSG00000162607__USP1__tss62436297	USP1	True	0.0004036388624005	0.0039773969406264	62435000__62740000	306204	5.774674236774445	clean ≤500 kb	369265	False	306204	300–500	5
ENSG00000132855__ANGPTL3__tss62597520	ANGPTL3	True	-0.0093406198261842	-0.1518642940012043	62595000__62755000	159981	3.138426274061203	clean ≤500 kb	442376	False	159981	150–300	4
ENSG00000116641__DOCK7__tss62688386	DOCK7	True	2.7985498495357308e-05	0.0011717014463093	62685000__62385000	-300885	1.3613778799772265	clean ≤500 kb	361924	False	300885	300–500	1
ENSG00000125703__ATG4C__tss62784132	ATG4C	True	-2.716830906387014e-05	-0.0024019221279299	62780000__62420000	-361631	2.853251129388809	clean ≤500 kb	316551	False	361631	300–500	3
ENSG00000187140__FOXD3__tss63322567	FOXD3	True	-3.000411282507039e-06	-0.0028726853870769	63320000__64275000	954934	5.013797163963318	>500 kb	27400	False	954934		
ENSG00000088035__ALG6__tss63367575	ALG6	True	7.227163513635199e-07	0.0001908222079841	63365000__64245000	879926	3.858328104019165	>500 kb	54904	False	879926		
ENSG00000203965__EFCAB7__tss63523372	EFCAB7	True	9.99680161363481e-06	0.0008021918147339	63520000__62865000	-655871	5.140999257564545	>500 kb	161931	False	655871		
ENSG00000079739__PGM1__tss63593411	PGM1	True	0.0001955214693259	0.0009227973387893	63590000__64240000	649090	7.871457576751709	>500 kb	172822	False	649090		
ENSG00000142856__ITGB3BP__tss63593721	ITGB3BP	True	0.0004513681879651	0.005377298413295	63590000__64240000	648780	7.871457576751709	>500 kb	172977	False	648780		
ENSG00000185483__ROR1__tss63774017	ROR1	True	0.0003002149698551	0.1153370025219689	63770000__64240000	468484	5.309872061014175	mixed	250625	False	468484	300–500	
ENSG00000177414__UBE2U__tss64203623	UBE2U	True	2.558237201003737e-06	0.003267773178	64200000__63700000	-501122	4.382147014141083	mixed	264305	False	501122		
ENSG00000158966__CACHD1__tss64470129	CACHD1	True	-5.592865547585438e-06	-0.004403610684693	64470000__63680000	-787628	5.8005146980285645	>500 kb	121052	False	787628		
ENSG00000162437__RAVER2__tss64745075	RAVER2	True	-5.097434952175753e-06	-0.0007416476771723	64745000__65720000	977426	3.9998390674591064	>500 kb	33654	False	977426		
ENSG00000162434__JAK1__tss65067754	JAK1	True	3.3044542352122716e-05	0.0085082783079633	65065000__65685000	619747	17.754706352949142	>500 kb	192493	False	619747		
ENSG00000162433__AK4__tss65147549	AK4	True	5.2318386732939925e-05	0.0010026217888644	65145000__65690000	544952	5.635487794876099	>500 kb	239891	False	544952		
ENSG00000116675__DNAJC6__tss65248219	DNAJC6	True	6.688570495566696e-06	0.0081841559438106	65245000__65685000	439282	6.482165575027466	clean ≤500 kb	275226	False	439282	300–500	5
ENSG00000213625__LEPROT__tss65420587	LEPROT	True	0.0008078396946035	0.0263237683671289	65420000__65690000	271914	3.3219266682863235	clean ≤500 kb	358910	False	271914	150–300	4
ENSG00000116678__LEPR__tss65420652	LEPR	True	0.000973311472086	0.0316262209179581	65420000__65690000	271849	3.3219266682863235	clean ≤500 kb	358942	False	271849	150–300	4
ENSG00000184588__PDE4B__tss65792514	PDE4B	True	2.0637838237439108e-08	2.906174830987454e-05	65790000__65040000	-750013	5.399853229522705	>500 kb	132360	False	750013		
ENSG00000118473__SGIP1__tss66533267	SGIP1	True	-5.438646375843337e-07	-0.0005099193469747	66530000__65955000	-575766	3.814541339874267	>500 kb	234483	False	575766		
ENSG00000152760__DYNLT5__tss66752459	DYNLT5	True	-1.3246096308743764e-06	-0.0014958085688785	66750000__65830000	-919958	6.426539421081543	>500 kb	47387	False	919958		
ENSG00000172410__INSL5__tss66801276	INSL5	True	1.47264887469613e-06	0.0019410110529478	66800000__65835000	-963775	5.020350933074951	>500 kb	27979	False	963775		
ENSG00000152763__DNAI4__tss66924856	DNAI4	True	5.825979418325189e-06	0.000201398478061	66920000__65955000	-967355	6.124249458312988	>500 kb	31189	False	967355		
ENSG00000198160__MIER1__tss66924895	MIER1	True	0.0001860361828786	0.0060175395189733	66920000__65955000	-967394	6.124249458312988	>500 kb	31169	False	967394		
ENSG00000116704__SLC35D1__tss67054148	SLC35D1	True	-2.995662802105642e-05	-0.0003561187635682	67050000__67485000	433353	3.094939172267914	clean ≤500 kb	298190	False	433353	300–500	3
ENSG00000162594__IL23R__tss67138907	IL23R	True	-6.479086889906677e-06	-0.0072104934402955	67135000__67010000	-126406	2.3970693349838257	clean ≤500 kb	459163	False	126406	50–150	4
ENSG00000203963__C1orf141__tss67231853	C1orf141	True	2.572839375683694e-07	0.0003689281735555	67230000__67500000	270648	7.056176841259003	clean ≤500 kb	362043	False	270648	150–300	5
ENSG00000081985__IL12RB2__tss67307364	IL12RB2	True	7.017619959376537e-08	9.718114541783804e-05	67305000__68260000	955137	6.09740686416626	>500 kb	24798	False	955137		
ENSG00000142864__SERBP1__tss67430415	SERBP1	True	0.0001711789717227	0.0002501880911883	67430000__68360000	932086	4.5110063552856445	>500 kb	56324	False	932086		
ENSG00000116717__GADD45A__tss67685201	GADD45A	True	0.0303581665776465	0.0727780359938562	67685000__67760000	77300	3.4918084740638733	clean ≤500 kb	463717	False	77300	50–150	5
ENSG00000172380__GNG12__tss67833467	GNG12	True	-5.231800746418897e-06	-0.0020385431444391	67830000__68810000	979034	13.634880065917969	>500 kb	32850	False	979034		
ENSG00000162595__DIRAS3__tss68051717	DIRAS3	True	-3.45680819524681e-05	-0.0243987358368407	68050000__68390000	340784	4.953473314642906	clean ≤500 kb	351975	False	340784	300–500	5
ENSG00000116729__WLS__tss68233120	WLS	True	-5.2069080306616465e-05	-0.0062594004783811	68230000__68990000	759381	4.3787994384765625	>500 kb	135176	False	759381		
ENSG00000116745__RPE65__tss68451103	RPE65	True	1.0181128042101337e-07	0.0001455087021315	68450000__69405000	956398	11.064156532287598	>500 kb	26668	False	956398		
ENSG00000024526__DEPDC1__tss68497221	DEPDC1	True	-6.796104587006649e-05	-0.0037468939408035	68495000__69460000	965280	4.676902949810028	>500 kb	32227	False	965280		
ENSG00000033122__LRRC7__tss69567922	LRRC7	True	1.2116085377612102e-07	0.0001637549967346	69565000__68605000	-960421	5.703675150871277	>500 kb	29656	False	960421		
ENSG00000066557__LRRC40__tss70205579	LRRC40	True	-8.619978138739784e-05	-0.0020360959343069	70205000__70595000	391922	5.038489818572998	clean ≤500 kb	308906	False	391922	300–500	5
ENSG00000116754__SRSF11__tss70205682	SRSF11	True	4.684729327897319e-05	0.0013370271961519	70205000__70595000	391819	5.038489818572998	clean ≤500 kb	308957	False	391819	300–500	5
ENSG00000118454__ANKRD13C__tss70354734	ANKRD13C	True	0.0032299275543454	0.0260033317256317	70350000__70495000	142767	1.8011578097939491	clean ≤500 kb	415983	False	142767	50–150	2
ENSG00000116761__CTH__tss70411218	CTH	True	0.0005974848042808	0.0057100346672434	70410000__70090000	-318717	1.93492928147316	clean ≤500 kb	343008	False	318717	300–500	1
ENSG00000050628__PTGER3__tss71047816	PTGER3	True	9.827888893115797e-06	0.0118865983666989	71045000__70520000	-525315	5.70910918712616	>500 kb	232209	False	525315		
ENSG00000132485__ZRANB2__tss71081289	ZRANB2	True	8.041928458234898e-05	0.0014379815611643	71080000__72035000	956212	11.5449840426445	>500 kb	44261	False	956212		
ENSG00000172260__NEGR1__tss72282539	NEGR1	True	-1.0398026060126175e-06	-0.0010046121340503	72280000__73155000	874962	5.7539262771606445	>500 kb	77386	False	874962		
ENSG00000162620__LRRIQ3__tss74198187	LRRIQ3	True	3.870658012869888e-06	0.0008210391724807	74195000__74780000	584314	4.4580159187316895	>500 kb	212710	False	584314		
ENSG00000259030__FPGT-TNNI3K__tss74198235	FPGT-TNNI3K	True	3.46993112379599e-05	0.0022814144601577	74195000__74780000	584266	4.4580159187316895	>500 kb	212734	False	584266		
ENSG00000254685__FPGT__tss74198238	FPGT	True	3.5114602497037656e-05	0.0020838799175941	74195000__74780000	584263	4.4580159187316895	>500 kb	212735	False	584263		
ENSG00000116783__TNNI3K__tss74235387	TNNI3K	True	4.524020719436799e-06	0.0041759147429834	74235000__73520000	-712886	6.0815229415893555	>500 kb	153423	False	712886		
ENSG00000162621__LRRC53__tss74512611	LRRC53	True	1.0250813779230195e-09	1.475630936255019e-06	74510000__75380000	869890	12.058408737182615	>500 kb	69922	False	869890		
ENSG00000178965__ERICH3__tss74673792	ERICH3	True	-2.804225229833638e-08	-4.025333137242732e-05	74670000__73845000	-826291	4.7250752449035645	>500 kb	89221	False	826291		
ENSG00000162623__TYW3__tss74733152	TYW3	True	7.660251693032694e-05	0.0007235812400783	74730000__73830000	-900651	4.43485689163208	>500 kb	57041	False	900651		
ENSG00000116791__CRYZ__tss74733408	CRYZ	True	0.0001064728118996	0.0013206938183068	74730000__73830000	-900907	4.43485689163208	>500 kb	56913	False	900907		
ENSG00000162624__LHX8__tss75128434	LHX8	True	-1.267165696371194e-08	-1.8252998691197392e-05	75125000__74280000	-845933	6.9879069328308105	>500 kb	91900	False	845933		
ENSG00000137968__SLC44A5__tss75611114	SLC44A5	True	1.018512927322831e-06	0.0009703243871288	75610000__74800000	-808613	4.505986124277115	>500 kb	118060	False	808613		
ENSG00000117054__ACADM__tss75724431	ACADM	True	-1.4154790054926591e-06	-1.7267370342397004e-06	75720000__75235000	-486930	4.724006354808807	mixed	268901	False	486930	300–500	
ENSG00000137955__RABGGTB__tss75786197	RABGGTB	True	-8.763719759494193e-05	-0.0003539198594137	75785000__75280000	-503696	3.231097161769867	mixed	270518	False	503696		
ENSG00000057468__MSH4__tss75796882	MSH4	True	-0.0001020254338372	-0.0021366661529996	75795000__75375000	-419381	3.99740032851696	clean ≤500 kb	287676	False	419381	300–500	4
ENSG00000154007__ASB17__tss75932404	ASB17	True	2.469027469697093e-07	0.0003466653355474	75930000__76895000	965097	8.296391785144806	>500 kb	39818	False	965097		
ENSG00000184005__ST6GALNAC3__tss76074746	ST6GALNAC3	True	1.0175650779041404e-06	0.0008243191915404	76070000__77030000	957755	6.183967113494873	>500 kb	43489	False	957755		
ENSG00000117069__ST6GALNAC5__tss76867480	ST6GALNAC5	True	-5.588874708777823e-07	-0.000723122462309	76865000__76100000	-764979	5.951344698667526	>500 kb	132377	False	764979		
ENSG00000142892__PIGK__tss77219430	PIGK	True	0.0001451981712755	0.005487324669656	77215000__76330000	-886929	3.942681312561035	>500 kb	53902	False	886929		
ENSG00000154027__AK5__tss77282019	AK5	True	-1.6359030569750653e-07	-0.0002286725343179	77280000__76325000	-954518	5.178109645843506	>500 kb	45107	False	954518		
ENSG00000036549__ZZZ3__tss77683419	ZZZ3	True	-3.684318871098255e-05	-0.0009414719949502	77680000__77155000	-525918	2.9966887533664703	>500 kb	229407	False	525918		
ENSG00000077254__USP33__tss77759852	USP33	True	-0.0008935926641687	-0.0247940858623912	77755000__77895000	137649	2.505023092031479	clean ≤500 kb	453542	False	137649	50–150	4
ENSG00000180488__MIGA1__tss77779624	MIGA1	True	4.155979483034221e-06	0.0003981839469229	77775000__78115000	337877	3.230113387107849	clean ≤500 kb	335928	False	337877	300–500	3
ENSG00000162614__NEXN__tss77888513	NEXN	True	-4.680496567955987e-06	-0.0008736052213963	77885000__77140000	-746012	4.740154266357422	>500 kb	126860	False	746012		
ENSG00000162613__FUBP1__tss77979110	FUBP1	True	0.0004192646741635	0.0037007580495088	77975000__78115000	138391	4.335534110665321	clean ≤500 kb	420671	False	138391	50–150	5
ENSG00000162616__DNAJB4__tss77979175	DNAJB4	True	0.0005351626305299	0.0098047352425196	77975000__78115000	138326	4.335534110665321	clean ≤500 kb	420704	False	138326	50–150	5
ENSG00000137960__GIPC2__tss77979542	GIPC2	True	-0.0001297539222178	-0.0022008957938946	77975000__77155000	-822041	2.2993953227996826	>500 kb	101346	False	822041		
ENSG00000122420__PTGFR__tss78303884	PTGFR	True	8.647316526911209e-07	0.0009130977903088	78300000__77445000	-856383	6.854523658752441	>500 kb	74175	False	856383		
ENSG00000137959__IFI44L__tss78619902	IFI44L	True	1.9667332716151193e-05	0.0124168001455642	78615000__78160000	-457401	6.265146940946579	mixed	263666	False	457401	300–500	
ENSG00000137965__IFI44__tss78649796	IFI44	True	5.111926338687966e-06	0.0010741727820669	78645000__78195000	-452295	4.372932434082031	clean ≤500 kb	296219	False	452295	300–500	4
ENSG00000162618__ADGRL4__tss79282124	ADGRL4	True	9.65840401306241e-08	0.0001387194742107	79280000__80075000	795377	7.843796730041504	>500 kb	89678	False	795377		
ENSG00000117114__ADGRL2__tss81306147	ADGRL2	True	-3.561998872590915e-07	-0.0004999859294168	81305000__82250000	946354	68.5336685180664	>500 kb	49190	False	946354		
ENSG00000137941__TTLL7__tss83999150	TTLL7	True	1.894181665170597e-06	0.0015147890218075	83995000__84765000	768351	5.8195561170578	>500 kb	113191	False	768351		
ENSG00000142875__PRKACB__tss84078062	PRKACB	True	-5.157050461489579e-06	-0.0002450918437068	84075000__84760000	684439	3.432878255844116	>500 kb	160147	False	684439		
ENSG00000203943__SAMD13__tss84298366	SAMD13	True	1.8822083662936978e-05	0.0114819648229112	84295000__83935000	-360865	2.936138778924942	clean ≤500 kb	309434	False	360865	300–500	3
ENSG00000137976__DNASE2B__tss84398484	DNASE2B	True	8.059217706527534e-07	0.0011142928361591	84395000__83930000	-465983	5.553454339504242	mixed	259375	False	465983	300–500	
ENSG00000117133__RPF1__tss84479259	RPF1	True	-0.0001998926134584	-0.0017213308425438	84475000__84770000	293242	3.2804743200540543	clean ≤500 kb	358246	False	293242	150–300	4
ENSG00000122432__SPATA1__tss84506300	SPATA1	True	0.0004908432913235	0.0049773101137772	84505000__84755000	251201	3.2068421840667725	clean ≤500 kb	366766	False	251201	150–300	4
ENSG00000174021__GNG5__tss84506581	GNG5	True	0.0014366477884313	0.0065690373010093	84505000__84755000	250920	3.2068421840667725	clean ≤500 kb	366907	False	250920	150–300	4
ENSG00000117151__CTBS__tss84574480	CTBS	True	7.486726868642483e-05	0.0036638661533135	84570000__83935000	-636979	3.122135877609253	>500 kb	171377	False	636979		
ENSG00000117155__SSX2IP__tss84690803	SSX2IP	True	2.1811827871479755e-05	0.0020685800710998	84690000__84110000	-578302	5.6387216448783875	>500 kb	233215	False	578302		
ENSG00000171517__LPAR3__tss84893206	LPAR3	True	8.751316154181703e-07	0.0010470710475067	84890000__84210000	-680705	3.305440902709961	>500 kb	172014	False	680705		
ENSG00000153898__MCOLN2__tss84997113	MCOLN2	True	7.770727755953253e-06	0.0058742570044582	84995000__85825000	830388	8.458456039428711	>500 kb	107173	False	830388		
ENSG00000162643__DNAI3__tss84999147	DNAI3	True	6.895713147485952e-08	9.23778874930214e-05	84995000__85825000	828354	8.458456039428711	>500 kb	108190	False	828354		
ENSG00000055732__MCOLN3__tss85048500	MCOLN3	True	7.2839098970025424e-06	0.0045040299874198	85045000__85775000	729001	3.999522209167481	>500 kb	157866	False	729001		
ENSG00000097096__SYDE2__tss85201724	SYDE2	True	-0.000119161141481	-0.0058174494313625	85200000__85750000	550777	3.5006322860717773	>500 kb	219478	False	550777		
ENSG00000162642__C1orf52__tss85259672	C1orf52	True	0.0011436979959162	0.0071571976731766	85255000__85105000	-152171	6.108638346195221	clean ≤500 kb	436281	False	152171	150–300	5
ENSG00000142867__BCL10__tss85276632	BCL10	True	-8.504121475037471e-05	-0.0022748419497969	85275000__85695000	420869	3.6034147441387177	clean ≤500 kb	279432	False	420869	300–500	4
ENSG00000153904__DDAH1__tss85578363	DDAH1	True	0.0003478790555091	0.0715687569006278	85575000__85685000	109138	3.4039243161678314	clean ≤500 kb	435298	False	109138	50–150	4
ENSG00000142871__CCN1__tss85580761	CCN1	True	0.0192987559626899	0.0656450069596857	85580000__85305000	-273260	5.602727711200714	clean ≤500 kb	350736	False	273260	150–300	5
ENSG00000117174__ZNHIT6__tss85708433	ZNHIT6	True	0.0002851596093273	0.0022453612075755	85705000__85310000	-395932	4.828794777393341	clean ≤500 kb	291900	False	395932	300–500	5
ENSG00000171502__COL24A1__tss86156943	COL24A1	True	-1.0754164805821713e-07	-0.000145965562642	86155000__85355000	-799442	3.166137456893921	>500 kb	112645	False	799442		
ENSG00000122417__ODF2L__tss86396342	ODF2L	True	-3.394831241312901e-05	-0.0026766644748106	86395000__87185000	791159	6.930975496768951	>500 kb	96787	False	791159		
ENSG00000137975__CLCA2__tss86424171	CLCA2	True	-1.3071029700508407e-06	-0.0016640340618733	86420000__87140000	718330	3.1172232031822205	>500 kb	140702	False	718330		
ENSG00000016490__CLCA1__tss86468368	CLCA1	True	5.537751259172477e-07	0.0007047315111653	86465000__87195000	729133	4.401128500699997	>500 kb	130300	False	729133		
ENSG00000016602__CLCA4__tss86547078	CLCA4	True	1.087135215627642e-07	0.0001556214590354	86545000__85825000	-719577	9.709087371826172	>500 kb	135078	False	719577		
ENSG00000097033__SH3GLB1__tss86704570	SH3GLB1	True	0.0001229634447193	0.0026303844051561	86700000__87080000	377931	3.187426447868347	clean ≤500 kb	333401	False	377931	300–500	3
ENSG00000183291__SELENOF__tss86914424	SELENOF	True	0.0022050569897406	0.0126315594125098	86910000__86755000	-156923	2.488210141658783	clean ≤500 kb	406405	False	156923	150–300	3
ENSG00000153936__HS2ST1__tss86914635	HS2ST1	True	0.0019897150320665	0.0145058144736743	86910000__86755000	-157134	2.488210141658783	clean ≤500 kb	406299	False	157134	150–300	3
ENSG00000267561__ENSG00000267561__tss86993009	ENSG00000267561	True	-0.0004283180735781	-0.029218279323555	86990000__86800000	-190508	2.922837972640991	clean ≤500 kb	412112	False	190508	150–300	3
ENSG00000143013__LMO4__tss87328880	LMO4	True	0.0018529758469954	0.0344815572381957	87325000__87950000	623621	12.321712136268616	>500 kb	200556	False	623621		
ENSG00000065243__PKN2__tss88684222	PKN2	True	7.888096940485839e-05	0.0026692548645086	88680000__88175000	-506721	3.764863669872284	mixed	239006	False	506721		
ENSG00000137947__GTF2B__tss88891944	GTF2B	True	-4.959123949800637e-06	-0.0001691999793261	88890000__89605000	715557	2.9183977395296097	>500 kb	147088	False	715557		
ENSG00000137944__KYAT3__tss88992953	KYAT3	True	-1.757317493059421e-05	-0.0006479925727742	88990000__89370000	379548	4.617226302623749	clean ≤500 kb	307593	False	379548	300–500	4
ENSG00000213516__RBMXL1__tss88992960	RBMXL1	True	-0.000104939503145	-0.0039542707949172	88990000__89370000	379541	4.617226302623749	clean ≤500 kb	307596	False	379541	300–500	4
ENSG00000117226__GBP3__tss89022894	GBP3	True	-1.9082338326243883e-06	-0.0003535267290547	89020000__89460000	439607	5.219402968883514	clean ≤500 kb	280063	False	439607	300–500	5
ENSG00000117228__GBP1__tss89065360	GBP1	True	4.67346118296348e-05	0.012419190286562	89065000__89445000	382141	4.507996916770935	clean ≤500 kb	298796	False	382141	300–500	4
ENSG00000162645__GBP2__tss89150456	GBP2	True	-6.051155727902768e-06	-0.0014814206114866	89150000__89700000	552045	3.6544682383537297	>500 kb	231344	False	552045		
ENSG00000213512__GBP7__tss89176009	GBP7	True	-2.8158359196666087e-06	-0.0030426642466814	89175000__88340000	-833508	7.405118942260742	>500 kb	78112	False	833508		
ENSG00000162654__GBP4__tss89198942	GBP4	True	2.5280754323677877e-05	0.0213161697361846	89195000__89345000	148559	1.889935702085495	clean ≤500 kb	435587	False	148559	50–150	3
ENSG00000154451__GBP5__tss89272860	GBP5	True	-7.135305830831707e-08	-8.972733827354931e-05	89270000__90265000	994641	4.162541389465332	>500 kb	25046	False	994641		
ENSG00000183347__GBP6__tss89364059	GBP6	True	9.64318263456733e-07	0.0013620265964932	89360000__89080000	-281558	3.1119951605796814	clean ≤500 kb	361587	False	281558	150–300	4
ENSG00000197147__LRRC8B__tss89524829	LRRC8B	True	-6.7448048389415205e-06	-0.0013012605964975	89520000__90470000	947672	5.928764820098877	>500 kb	41031	False	947672		
ENSG00000288629__ENSG00000288629__tss89579592	ENSG00000288629	True	3.567240908180884e-07	6.019619225311923e-05	89575000__90215000	637909	12.927774429321287	>500 kb	203412	False	637909		
ENSG00000171488__LRRC8C__tss89633072	LRRC8C	True	2.689260468328276e-06	0.0011846758135849	89630000__88970000	-660571	3.7321908473968506	>500 kb	159581	False	660571		
ENSG00000271949__ENSG00000271949__tss89633140	ENSG00000271949	True	1.941252716142379e-06	0.000815606674836	89630000__88970000	-660639	3.7321908473968506	>500 kb	159547	False	660639		
ENSG00000171492__LRRC8D__tss89821014	LRRC8D	True	0.0045774361730245	0.0838798989622667	89820000__89975000	156487	2.6074153780937195	clean ≤500 kb	414123	False	156487	150–300	3
ENSG00000162664__ZNF326__tss89995110	ZNF326	True	0.001014267237278	0.0272266321556143	89995000__89805000	-187609	5.113059103488922	clean ≤500 kb	393562	False	187609	150–300	5
ENSG00000143032__BARHL2__tss90717302	BARHL2	True	1.0614932740438804e-06	0.0014739706310706	90715000__91170000	455199	4.720951974391937	clean ≤500 kb	274767	False	455199	300–500	5
ENSG00000122482__ZNF644__tss91022272	ZNF644	True	-0.0001010328341296	-0.0022493006975692	91020000__90100000	-919771	3.5369555950164795	>500 kb	54981	False	919771		
ENSG00000162669__HFM1__tss91404856	HFM1	True	9.743530450041411e-07	0.0010454247648441	91400000__90560000	-842355	5.012879848480225	>500 kb	93689	False	842355		
ENSG00000097046__CDC7__tss91500851	CDC7	True	-6.881930304676945e-05	-0.0018815199754345	91500000__91925000	426650	4.951760232448578	clean ≤500 kb	309042	False	426650	300–500	5
ENSG00000069702__TGFBR3__tss91906335	TGFBR3	True	4.4184201656931085e-06	0.0057490794926874	91905000__91560000	-343834	3.287983238697052	clean ≤500 kb	312949	False	343834	300–500	3
ENSG00000137948__BRDT__tss91949343	BRDT	True	-1.539236149852067e-07	-0.0002179920893037	91945000__91565000	-381842	2.873905897140503	clean ≤500 kb	323945	False	381842	300–500	3
ENSG00000172031__EPHX4__tss92029985	EPHX4	True	1.831162163195882e-05	0.0081201038008982	92025000__92560000	532516	4.946728706359863	mixed	256109	False	532516		
ENSG00000230667__SETSIP__tss92075411	SETSIP	True	6.435710946403692e-07	0.0003368668608517	92075000__91620000	-452910	3.362429589033127	clean ≤500 kb	273411	False	452910	300–500	4
ENSG00000189195__BTBD8__tss92080305	BTBD8	True	1.9498265450479044e-06	0.0004367165788171	92080000__91545000	-532804	3.8968471586704254	mixed	255964	False	532804		
ENSG00000203910__C1orf146__tss92217915	C1orf146	True	3.456095021194169e-11	5.014743903952128e-08	92215000__91580000	-635414	3.433419108390808	>500 kb	189659	False	635414		
ENSG00000174842__GLMN__tss92298987	GLMN	True	1.3348612089236768e-05	0.0004185456040477	92295000__91555000	-741486	3.4318242371082306	>500 kb	114123	False	741486		
ENSG00000122484__RPAP2__tss92299059	RPAP2	True	5.078177035458542e-05	0.0021736797615086	92295000__91555000	-741558	3.4318242371082306	>500 kb	114087	False	741558		
ENSG00000162676__GFI1__tss92486925	GFI1	True	3.526987661414075e-05	0.0111007533544187	92485000__91695000	-789424	3.945287585258484	>500 kb	117654	False	789424		
ENSG00000067208__EVI5__tss92792404	EVI5	True	2.4311870102524012e-09	3.482973090005592e-06	92790000__91845000	-944903	3.069025754928589	>500 kb	37415	False	944903		
ENSG00000122406__RPL5__tss92832013	RPL5	True	-0.0016557824219911	-0.0005764298267682	92830000__92305000	-524512	4.87544059753418	mixed	235110	False	524512		
ENSG00000154511__DIPK1A__tss92961522	DIPK1A	True	1.5440148227787928e-05	0.0019963397442243	92960000__93760000	800979	3.033480167388916	>500 kb	91877	False	800979		
ENSG00000143033__MTF2__tss93079235	MTF2	True	-0.0001328358092761	-0.0024204695350902	93075000__93760000	683266	3.8080236315727234	>500 kb	180734	False	683266		
ENSG00000122483__CCDC18__tss93179919	CCDC18	True	6.849752071943355e-05	0.0008838011767207	93175000__93800000	622582	3.04849624633789	>500 kb	211076	False	622582		
ENSG00000117500__TMED5__tss93180516	TMED5	True	-0.000135576835247	-0.0006794146660378	93180000__93965000	786985	3.1236639320850372	>500 kb	118874	False	786985		
ENSG00000117505__DR1__tss93345907	DR1	True	0.0008098517493305	0.0024885521735547	93345000__93790000	446594	2.2447449564933777	clean ≤500 kb	299070	False	446594	300–500	2
ENSG00000137942__FNBP1L__tss93448118	FNBP1L	True	0.0002696402457831	0.0076497004298321	93445000__93810000	364383	3.3733235597610474	clean ≤500 kb	340175	False	364383	300–500	4
ENSG00000137936__BCAR3__tss93847150	BCAR3	True	-2.8060616953561913e-05	-0.0040319799538848	93845000__93455000	-389649	5.795680046081543	clean ≤500 kb	327542	False	389649	300–500	5
ENSG00000067334__DNTTIP2__tss93879918	DNTTIP2	True	0.0002669960739592	0.0050355061305679	93875000__93420000	-457417	3.6383861154317856	clean ≤500 kb	286158	False	457417	300–500	4
ENSG00000023909__GCLM__tss93909456	GCLM	True	-0.0002398715648981	-0.0042920248382321	93905000__94365000	458045	4.926720678806305	clean ≤500 kb	285844	False	458045	300–500	5
ENSG00000198691__ABCA4__tss94121148	ABCA4	True	3.713933621565552e-06	0.0028165092858485	94120000__94795000	676353	3.66253075003624	>500 kb	164190	False	676353		
ENSG00000137962__ARHGAP29__tss94275068	ARHGAP29	True	1.3695461972697658e-07	0.0001872408242656	94275000__93510000	-762567	9.257956504821776	>500 kb	121083	False	762567		
ENSG00000117528__ABCD3__tss94418389	ABCD3	True	0.0001133840847991	0.0011414747695301	94415000__94040000	-375888	2.5923992395401	clean ≤500 kb	309422	False	375888	300–500	2
ENSG00000117525__F3__tss94541759	F3	True	0.0011594206169849	0.0321985377617996	94540000__94805000	265742	8.351968705654144	clean ≤500 kb	374496	False	265742	150–300	5
ENSG00000143036__SLC44A3__tss94820342	SLC44A3	True	-0.0001286837809817	-0.0093621244374826	94820000__95045000	227159	5.31668746471405	clean ≤500 kb	383787	False	227159	150–300	5
ENSG00000117519__CNN3__tss94927223	CNN3	True	0.0853259623420642	0.3090170918664039	94925000__95035000	110278	4.1476616859436035	clean ≤500 kb	432228	False	110278	50–150	5
ENSG00000172339__ALG14__tss95072951	ALG14	True	0.0002835802211711	0.0087490541444766	95070000__94840000	-230450	3.5123242288827896	clean ≤500 kb	377141	False	230450	150–300	4
ENSG00000152078__TLCD4__tss95117355	TLCD4	True	0.0003774746176124	0.0100556397657928	95115000__94560000	-554854	2.0942573100328445	>500 kb	224939	False	554854		
ENSG00000271092__TLCD4-RWDD3__tss95117923	TLCD4-RWDD3	True	0.0001223569342188	0.0028131057941575	95115000__94560000	-555422	2.0942573100328445	>500 kb	224655	False	555422		
ENSG00000122481__RWDD3__tss95234210	RWDD3	True	0.0022517541324279	0.0661325395916227	95230000__95080000	-151709	5.045807421207428	clean ≤500 kb	411512	False	151709	150–300	5
ENSG00000117569__PTBP2__tss96721665	PTBP2	True	-0.0001127290284679	-0.0048268914904849	96720000__95910000	-809164	6.676255702972412	>500 kb	110284	False	809164		
ENSG00000188641__DPYD__tss97995000	DPYD	True	-1.0267288637371804e-06	-0.0014051962587289	97990000__97020000	-972499	6.326841354370117	>500 kb	36117	False	972499		
ENSG00000162627__SNX7__tss98661701	SNX7	True	0.0001002978781409	0.0070089582281734	98660000__99565000	905800	6.36343190073967	>500 kb	46967	False	905800		
ENSG00000117598__PLPPR5__tss99227929	PLPPR5	True	8.11450290932445e-08	0.0001164073463357	99225000__98330000	-895428	6.561356067657471	>500 kb	74652	False	895428		
ENSG00000117600__PLPPR4__tss99264292	PLPPR4	True	2.4728158607273173e-06	0.0033150049740348	99260000__98800000	-461791	3.3071937561035156	clean ≤500 kb	291471	False	461791	300–500	3
ENSG00000099260__PALMD__tss99646113	PALMD	True	0.0003235676387697	0.0253499403265849	99645000__99165000	-478612	3.9238789677619934	mixed	250560	False	478612	300–500	
ENSG00000156869__FRRS1__tss99766635	FRRS1	True	1.3931817062820626e-05	0.0033198618349567	99765000__100450000	685866	5.131250083446503	>500 kb	154434	False	685866		
ENSG00000162688__AGL__tss99850361	AGL	True	1.1725551103333733e-07	7.474805570357318e-06	99850000__100800000	952140	3.903745174407959	>500 kb	36297	False	952140		
ENSG00000117620__SLC35A3__tss99969351	SLC35A3	True	3.0784162987136654e-05	0.0015982120391478	99965000__100470000	503150	3.1312786042690277	mixed	250792	False	503150		
ENSG00000283761__ENSG00000283761__tss99970011	ENSG00000283761	True	1.284500739462055e-05	0.0006641518679507	99970000__100855000	887490	6.739112854003906	>500 kb	78622	False	887490		
ENSG00000156875__MFSD14A__tss100038095	MFSD14A	True	0.0013589391030639	0.0184893989020852	100035000__99805000	-230594	5.691175431013107	clean ≤500 kb	374569	False	230594	150–300	5
ENSG00000156876__SASS6__tss100132955	SASS6	True	-4.7789067389975015e-05	-0.0017787355762944	100130000__100855000	724546	4.702284812927246	>500 kb	160094	False	724546		
ENSG00000122435__TRMT13__tss100133150	TRMT13	True	2.019315760398363e-05	0.0006377982942722	100130000__100855000	724351	4.702284812927246	>500 kb	160191	False	724351		
ENSG00000122477__LRRC39__tss100178267	LRRC39	True	2.940376629424692e-06	0.0018899083339382	100175000__100865000	689234	4.413039922714233	>500 kb	147750	False	689234		
ENSG00000137992__DBT__tss100249834	DBT	True	-2.471137164007306e-05	-0.0016362725309124	100245000__99510000	-737333	10.230348587036133	>500 kb	118700	False	737333		
ENSG00000137996__RTCA__tss100266216	RTCA	True	-8.092178665720928e-05	-0.0006226267493161	100265000__99815000	-448715	3.335523545742035	mixed	265509	False	448715	300–500	
ENSG00000079335__CDC14A__tss100345001	CDC14A	True	3.5971613698576446e-08	5.161639812265034e-05	100345000__99830000	-512500	2.422411561012268	>500 kb	251116	False	512500		
ENSG00000181656__GPR88__tss100538139	GPR88	True	1.6811959204014704e-06	0.0016337580899372	100535000__101290000	754362	4.423029243946075	>500 kb	125186	False	754362		
ENSG00000162692__VCAM1__tss100719742	VCAM1	True	2.774774704209513e-05	0.0062163650243395	100715000__101385000	667759	2.0760829746723175	>500 kb	160987	False	667759		
ENSG00000162694__EXTL2__tss100895179	EXTL2	True	0.0004671048427297	0.0083261033268098	100895000__101285000	392322	4.469036221504211	clean ≤500 kb	288706	False	392322	300–500	4
ENSG00000162695__SLC30A7__tss100896076	SLC30A7	True	0.0009229392693196	0.0107554920258667	100895000__101285000	391425	4.469036221504211	clean ≤500 kb	289154	False	391425	300–500	4
ENSG00000117543__DPH5__tss101026088	DPH5	True	0.0014921341386704	0.0188284872066077	101025000__101285000	261413	3.4541347920894623	clean ≤500 kb	354160	False	261413	150–300	4
ENSG00000170989__S1PR1__tss101236865	S1PR1	True	5.239506552308869e-05	0.0284542670409476	101235000__100915000	-319364	6.777248442173004	clean ≤500 kb	325184	False	319364	300–500	5
ENSG00000118733__OLFM3__tss101996926	OLFM3	True	1.2944871687764142e-07	0.0001849100697979	101995000__102905000	910575	7.860324382781982	>500 kb	49579	False	910575		
ENSG00000060718__COL11A1__tss103108872	COL11A1	True	0.0003651834778859	0.1416592202174646	103105000__103460000	353629	5.437514662742615	clean ≤500 kb	335552	False	353629	300–500	5
ENSG00000185946__RNPC3__tss103525691	RNPC3	True	-0.000268527134121	-0.0049938191363471	103525000__102540000	-983190	6.985234260559082	>500 kb	30771	False	983190		
ENSG00000240038__AMY2B__tss103553815	AMY2B	True	0.0002868758393637	0.002165728615385	103550000__104505000	953686	5.43676233291626	>500 kb	45524	False	953686		
ENSG00000243480__AMY2A__tss103617427	AMY2A	True	-2.498421237638624e-06	-0.0032977274678442	103615000__104370000	755074	8.123636245727539	>500 kb	144830	False	755074		
ENSG00000198890__PRMT6__tss107056674	PRMT6	True	0.0009981477280759	0.0069031736192703	107055000__106140000	-914173	5.5410027503967285	>500 kb	45280	False	914173		
ENSG00000162631__NTNG1__tss107140007	NTNG1	True	-2.5495884882073756e-07	-0.0003451107646687	107140000__106330000	-807506	6.152028560638428	>500 kb	108613	False	807506		
ENSG00000134215__VAV3__tss107965180	VAV3	True	5.66814820372383e-07	0.0006065581836326	107965000__107370000	-592679	3.9093661308288574	>500 kb	208527	False	592679		
ENSG00000085491__SLC25A24__tss108200849	SLC25A24	True	8.026017925074486e-05	0.002863978549304	108200000__107800000	-398348	3.658513307571411	clean ≤500 kb	303192	False	398348	300–500	4
ENSG00000196427__NBPF4__tss108244081	NBPF4	True	3.805359365999017e-07	0.0005248832478799	108240000__107310000	-931580	12.575823783874512	>500 kb	46576	False	931580		
ENSG00000162636__EEIG2__tss108560089	EEIG2	True	-2.3958151261644408e-05	-0.0046996633345148	108560000__107595000	-962588	5.40812349319458	>500 kb	33572	True	962588		
ENSG00000162639__HENMT1__tss108661526	HENMT1	True	9.37477947224926e-06	0.0030806368298475	108660000__107775000	-884025	4.357106685638428	>500 kb	60354	True	884025		
ENSG00000134186__PRPF38B__tss108692310	PRPF38B	True	-0.0017888738849721	-0.0130505934886893	108690000__108575000	-114809	3.566415011882782	clean ≤500 kb	464962	True	114809	50–150	5
ENSG00000143107__FNDC7__tss108712908	FNDC7	True	-4.015147864773941e-07	-0.0005392017288683	108710000__107715000	-995407	6.617863178253174	>500 kb	24663	True	995407		
ENSG00000116266__STXBP3__tss108746674	STXBP3	True	3.51333427694063e-05	0.0020220282400098	108745000__107995000	-749173	4.215487003326416	>500 kb	137780	True	749173		
ENSG00000121957__GPSM2__tss108875350	GPSM2	True	7.327848607787454e-06	0.0014532554128882	108875000__108520000	-352849	6.385883331298828	clean ≤500 kb	345942	True	352849	300–500	5
ENSG00000085433__WDR47__tss109042113	WDR47	True	3.031226284956612e-05	0.0055994157761178	109040000__109145000	105388	1.319416105747223	clean ≤500 kb	454673	True	105388	50–150	2
ENSG00000197780__TAF13__tss109076012	TAF13	True	9.722460570617264e-05	0.0019375433508526	109075000__108520000	-553511	1.9700902700424192	mixed	225611	True	553511		
ENSG00000215717__TMEM167B__tss109090764	TMEM167B	True	3.6636434168322435e-05	0.0011226453135042	109090000__108165000	-923263	3.3423664569854736	>500 kb	40735	True	923263		
ENSG00000116299__ELAPOR1__tss109113679	ELAPOR1	True	-4.660278263265158e-06	-0.0032574611169132	109110000__108535000	-576178	2.6776695251464844	>500 kb	196777	True	576178		
ENSG00000179902__CFAP276__tss109113857	CFAP276	True	-1.0493685644469568e-06	-0.0010568799394195	109110000__108535000	-576356	2.6776695251464844	>500 kb	196688	True	576356		
ENSG00000031698__SARS1__tss109213918	SARS1	True	-0.0007362749913294	-0.0022648961554318	109210000__109515000	303583	2.019418269395828	clean ≤500 kb	345575	True	303583	300–500	2
ENSG00000143126__CELSR2__tss109249539	CELSR2	True	0.0002290087408394	0.0060577537683728	109245000__109450000	202962	0.7569898962974548	clean ≤500 kb	385886	True	202962	150–300	1
ENSG00000134222__PSRC1__tss109283186	PSRC1	True	-0.0010739748714482	-0.0070433707959329	109280000__109940000	659315	2.752171277999878	>500 kb	180209	True	659315		
ENSG00000134243__SORT1__tss109397918	SORT1	True	-0.0001382498823383	-0.0045746570113272	109395000__109120000	-275417	1.9843957424163816	clean ≤500 kb	352158	True	275417	150–300	2
ENSG00000143028__SYPL2__tss109466546	SYPL2	True	3.061675059478058e-05	0.0088573305914699	109465000__109145000	-319045	1.953886941075325	clean ≤500 kb	352844	True	319045	300–500	1
ENSG00000162650__ATXN7L2__tss109483479	ATXN7L2	True	1.2817595746537208e-05	0.0004160619161295	109480000__109150000	-330978	2.309074640274048	clean ≤500 kb	341877	True	330978	300–500	2
ENSG00000174151__CYB561D1__tss109494052	CYB561D1	True	5.521887909777298e-05	0.0015169236677131	109490000__109130000	-361551	1.3000489473342896	clean ≤500 kb	304091	True	361551	300–500	1
ENSG00000181754__AMIGO1__tss109509738	AMIGO1	True	0.0001896714575099	0.0069015808157039	109505000__109145000	-362237	2.6818816661834717	clean ≤500 kb	333748	True	362237	300–500	3
ENSG00000213366__GSTM2__tss109668022	GSTM2	True	0.0005007368976211	0.0074804511955441	109665000__109950000	284479	2.1026344895362854	clean ≤500 kb	380127	True	284479	150–300	2
ENSG00000134201__GSTM5__tss109711780	GSTM5	True	-1.1147547143604275e-06	-0.0009031911067047	109710000__109130000	-579279	3.2835362255573273	>500 kb	195227	True	579279		
ENSG00000134202__GSTM3__tss109741038	GSTM3	True	-0.0009066034414108	-0.0130008500862062	109740000__109940000	201463	1.7890684008598328	clean ≤500 kb	411635	True	201463	150–300	2
ENSG00000168710__AHCYL1__tss109984765	AHCYL1	True	0.0016157886127476	0.015798856443941	109980000__109875000	-107264	1.5357618927955627	clean ≤500 kb	451234	True	107264	50–150	2
ENSG00000143093__STRIP1__tss110031577	STRIP1	True	5.707829398611509e-06	0.0062494387716818	110030000__110100000	70924	2.1347760260105133	clean ≤500 kb	466905	True	70924	50–150	3
ENSG00000156150__ALX3__tss110070672	ALX3	True	-1.2490115789763316e-07	-0.000164233374517	110070000__110725000	656829	3.1750552654266357	>500 kb	186452	True	656829		
ENSG00000186150__UBL4B__tss110112443	UBL4B	True	-6.374141469375565e-07	-0.0007442980236391	110110000__110525000	415058	1.849042385816574	clean ≤500 kb	287338	True	415058	300–500	1
ENSG00000197106__SLC6A17__tss110150494	SLC6A17	True	3.6955962928545414e-08	5.240333454293165e-05	110150000__111110000	962007	3.594627618789673	>500 kb	41363	True	962007		
ENSG00000116396__KCNC4__tss110210314	KCNC4	True	-2.5640379370257815e-05	-0.0062470168243065	110210000__110820000	612187	4.08708381652832	>500 kb	196273	True	612187		
ENSG00000162775__RBM15__tss110338506	RBM15	True	0.0003164627991283	0.0018953619690088	110335000__111110000	773995	2.618730068206787	>500 kb	135369	False	773995		
ENSG00000168679__SLC16A4__tss110391082	SLC16A4	True	6.33859717825095e-05	0.0048357667499016	110390000__111090000	701419	3.44512939453125	>500 kb	141657	False	701419		
ENSG00000134248__LAMTOR5__tss110407942	LAMTOR5	True	0.0003499652514887	0.0011968346325846	110405000__109870000	-535441	2.014463186264038	>500 kb	237146	True	535441		
ENSG00000143125__PROK1__tss110451149	PROK1	True	1.1974241605333556e-07	0.0001684080230358	110450000__110090000	-358648	1.924841791391373	clean ≤500 kb	343042	True	358648	300–500	1
ENSG00000143105__KCNA10__tss110519175	KCNA10	True	4.8715748171562705e-06	0.0064272700737858	110515000__110780000	263326	3.086231917142868	clean ≤500 kb	390704	False	263326	150–300	4
ENSG00000177301__KCNA2__tss110631474	KCNA2	True	5.240512866407983e-07	0.0007516411806657	110630000__110775000	146027	3.6520244479179382	clean ≤500 kb	449353	False	146027	50–150	5
ENSG00000177272__KCNA3__tss110674940	KCNA3	True	9.036430235001474e-06	0.0109346846708937	110670000__110805000	132561	1.9991930425167084	clean ≤500 kb	441086	False	132561	50–150	3
ENSG00000143119__CD53__tss110871188	CD53	True	2.443921098726592e-06	0.0030189712276093	110870000__111790000	921313	4.5851218700408936	>500 kb	44210	False	921313		
ENSG00000121931__LRIF1__tss110963965	LRIF1	True	7.628783969111999e-05	0.0025213434707701	110960000__110315000	-646464	2.4320759773254395	>500 kb	189134	False	646464		
ENSG00000134255__CEPT1__tss111139479	CEPT1	True	-0.0003527165637677	-0.0070991820170069	111135000__112125000	988022	2.8137102127075195	>500 kb	28356	False	988022		
ENSG00000156171__DRAM2__tss111140203	DRAM2	True	0.0002095479517729	0.0029578020072757	111140000__111675000	537298	1.9894649982452393	>500 kb	233718	False	537298		
ENSG00000064886__CHI3L2__tss111200771	CHI3L2	True	-3.415759301211418e-05	-0.0065479057495027	111200000__110550000	-648270	2.6263946890830994	>500 kb	188231	False	648270		
ENSG00000162777__DENND2D__tss111204535	DENND2D	True	8.587429083006543e-06	0.0024594518690064	111200000__110550000	-652034	2.6263946890830994	>500 kb	186349	False	652034		
ENSG00000134216__CHIA__tss111290851	CHIA	True	-3.1323724336789096e-08	-4.501365561221626e-05	111290000__111055000	-233350	3.945882916450501	clean ≤500 kb	405691	False	233350	150–300	5
ENSG00000173947__CIMAP3__tss111346600	CIMAP3	True	1.7890492841108423e-06	0.0013502118398052	111345000__111070000	-274099	3.247040256857872	clean ≤500 kb	377817	False	274099	150–300	4
ENSG00000085465__OVGP1__tss111427735	OVGP1	True	-6.0240467379492346e-05	-0.0031653866604708	111425000__110970000	-455234	4.042015165090561	mixed	262249	False	455234	300–500	
ENSG00000116459__ATP5PB__tss111448864	ATP5PB	True	-0.0008964089117773	-0.0028367271119213	111445000__111665000	218637	2.3183227479457855	clean ≤500 kb	405548	False	218637	150–300	3
ENSG00000116455__WDR77__tss111449256	WDR77	True	0.0006147587010337	0.0021341554383136	111445000__111665000	218245	2.3183227479457855	clean ≤500 kb	405744	False	218245	150–300	3
ENSG00000143110__C1orf162__tss111473792	C1orf162	True	-2.88425897803082e-05	-0.0060122763249109	111470000__111665000	193709	2.9175211787223816	clean ≤500 kb	425512	False	193709	150–300	3
ENSG00000282608__ADORA3__tss111503633	ADORA3	True	-2.606340301553956e-05	-0.0139389139423338	111500000__111665000	163868	2.481988549232483	clean ≤500 kb	432933	False	163868	150–300	3
ENSG00000116473__RAP1A__tss111542218	RAP1A	True	-4.342508952408857e-07	-0.0005637968947739	111540000__112330000	790283	2.168353319168091	>500 kb	127225	False	790283		
ENSG00000121933__TMIGD3__tss111563962	TMIGD3	True	3.073837800214772e-09	4.295846486922629e-06	111560000__112335000	773539	1.781335711479187	>500 kb	128097	False	773539		
ENSG00000064703__DDX20__tss111754832	DDX20	True	7.396178137090287e-05	0.001269942202991	111750000__110795000	-957331	2.3220746517181396	>500 kb	31201	False	957331		
ENSG00000197852__INKA2__tss111755824	INKA2	True	-1.3661595132956686e-05	-0.0009959429138569	111755000__111150000	-603323	3.648724973201752	>500 kb	185705	False	603323		
ENSG00000171385__KCND3__tss111989668	KCND3	True	-1.269490278448459e-06	-0.0036695293493825	111985000__112320000	332833	1.978781580924988	clean ≤500 kb	340950	False	332833	300–500	1
ENSG00000143079__CTTNBP2NL__tss112396214	CTTNBP2NL	True	1.7214167031665614e-05	0.0028255983660332	112395000__112800000	406287	4.560792177915573	clean ≤500 kb	281723	False	406287	300–500	4
ENSG00000134245__WNT2B__tss112466541	WNT2B	True	-1.2596478057395888e-06	-0.0001797234680946	112465000__111525000	-939040	4.157954216003418	>500 kb	52846	False	939040		
ENSG00000116489__CAPZA1__tss112619805	CAPZA1	True	-0.000479829371783	-0.0060685433140251	112615000__112420000	-197304	1.3573371767997742	clean ≤500 kb	386214	False	197304	150–300	1
ENSG00000007341__ST7L__tss112620825	ST7L	True	-4.3990089694100065e-05	-0.0007018375253249	112620000__113605000	986676	4.429361343383789	>500 kb	29029	False	986676		
ENSG00000155363__MOV10__tss112673141	MOV10	True	0.0015905015241956	0.0033930451465341	112670000__113510000	839360	3.5097901821136475	>500 kb	95187	False	839360		
ENSG00000155366__RHOC__tss112707434	RHOC	True	0.0003026311500642	0.0062981497889989	112705000__112495000	-209933	1.7403450012207031	clean ≤500 kb	384900	False	209933	150–300	2
ENSG00000271810__ENSG00000271810__tss112711433	ENSG00000271810	True	0.0105440673019293	0.4439044515642694	112710000__112800000	91068	2.7147547602653503	clean ≤500 kb	441833	False	91068	50–150	4
ENSG00000155367__PPM1J__tss112715332	PPM1J	True	0.0027418406873427	0.4818639808555404	112715000__112800000	87169	6.742055177688599	clean ≤500 kb	461282	False	87169	50–150	5
ENSG00000184599__TAFA3__tss112718905	TAFA3	True	0.0002845916305816	0.2754877535437794	112715000__112800000	83596	6.742055177688599	clean ≤500 kb	463069	False	83596	50–150	5
ENSG00000155380__SLC16A1__tss112957593	SLC16A1	True	0.0440648506072508	0.3036708896871092	112955000__113040000	84908	2.2374000549316406	clean ≤500 kb	442413	False	84908	50–150	3
ENSG00000198799__LRIG2__tss113073198	LRIG2	True	0.0003752128676475	0.0091344687886786	113070000__112880000	-190697	5.236097157001495	clean ≤500 kb	392018	False	190697	150–300	5
ENSG00000081026__MAGI3__tss113390515	MAGI3	True	0.0062070423959078	0.0780714085153428	113390000__113140000	-248014	4.159711122512817	clean ≤500 kb	398359	False	248014	150–300	5
ENSG00000116793__PHTF1__tss113759489	PHTF1	True	0.0002308792842683	0.0039072588594897	113755000__113135000	-621988	5.504866182804108	>500 kb	211372	False	621988		
ENSG00000081019__RSBN1__tss113812476	RSBN1	True	9.345546976821316e-05	0.0022180050719709	113810000__113150000	-659975	2.8136627078056335	>500 kb	159879	False	659975		
ENSG00000134242__PTPN22__tss113871753	PTPN22	True	1.2192149207183238e-06	0.0011747893221304	113870000__113240000	-629252	3.7996323704719543	>500 kb	200240	False	629252		
ENSG00000188761__BCL2L15__tss113887581	BCL2L15	True	-1.0675503235701943e-05	-0.003512724618738	113885000__113265000	-620080	4.739396572113037	>500 kb	192326	False	620080		
ENSG00000118655__DCLRE1B__tss113904619	DCLRE1B	True	0.0001343945262432	0.0020700906816234	113900000__113150000	-752118	3.2532200515270233	>500 kb	111307	False	752118		
ENSG00000134262__AP4B1__tss113905712	AP4B1	True	0.0001345415470688	0.0017355917828123	113905000__113135000	-768211	4.377975255250931	>500 kb	138261	False	768211		
ENSG00000163349__HIPK1__tss113929324	HIPK1	True	3.096881122533618e-05	0.0027123584824423	113925000__113135000	-791823	3.2311098277568817	>500 kb	101455	False	791823		
ENSG00000116774__OLFML3__tss113979391	OLFML3	True	0.0015976388265934	0.0203455914753318	113975000__114285000	308110	5.659103751182556	clean ≤500 kb	350812	False	308110	300–500	5
ENSG00000134207__SYT6__tss114153880	SYT6	True	4.1511242194820395e-08	5.78839627572167e-05	114150000__114895000	743621	4.357123255729675	>500 kb	130556	False	743621		
ENSG00000197323__TRIM33__tss114511203	TRIM33	True	-6.436767686775896e-05	-0.0017686886747994	114510000__114955000	446298	2.3733701705932617	clean ≤500 kb	284218	False	446298	300–500	2
ENSG00000116752__BCAS2__tss114581629	BCAS2	True	0.0001140411104906	0.0009811182224355	114580000__114055000	-524128	3.0054798126220703	mixed	260302	False	524128		
ENSG00000175984__DENND2C__tss114670422	DENND2C	True	-1.2076621436404042e-06	-0.000803200969071	114670000__114315000	-352921	3.769949197769165	clean ≤500 kb	333406	False	352921	300–500	4
ENSG00000116748__AMPD1__tss114695618	AMPD1	True	5.670050097096811e-07	0.0007930228634786	114695000__114375000	-318117	2.8273885548114777	clean ≤500 kb	338308	False	318117	300–500	3
ENSG00000213281__NRAS__tss114716771	NRAS	True	-0.0028256399874029	-0.0010859815429154	114715000__114065000	-649270	3.024641990661621	>500 kb	190231	False	649270		
ENSG00000009307__CSDE1__tss114758676	CSDE1	True	0.0006195670742428	0.0060829495543976	114755000__114335000	-421175	3.8546072840690617	clean ≤500 kb	286779	False	421175	300–500	4
ENSG00000052723__SIKE1__tss114780685	SIKE1	True	-9.472822295519824e-05	-0.00074030381777	114780000__115745000	966816	3.9087305068969727	>500 kb	23959	False	966816		
ENSG00000198765__SYCP1__tss114854863	SYCP1	True	3.663785512774738e-08	5.2259863402284295e-05	114850000__114315000	-537362	3.979849547147751	mixed	246185	False	537362		
ENSG00000134200__TSHB__tss115029826	TSHB	True	-2.2061532738056202e-08	-3.087214745996751e-05	115025000__115995000	967675	5.236715793609619	>500 kb	38529	False	967675		
ENSG00000134198__TSPAN2__tss115089503	TSPAN2	True	-4.545859244044193e-07	-0.000483604901199	115085000__114165000	-922002	4.671331763267517	>500 kb	41365	False	922002		
ENSG00000134259__NGF__tss115338770	NGF	True	5.5167419936948464e-08	7.765121315778491e-05	115335000__115865000	528731	2.036573499441147	mixed	223001	False	528731		
ENSG00000173218__VANGL1__tss115641970	VANGL1	True	1.6717550621260253e-05	0.0034234986323008	115640000__115145000	-494469	1.880054533481598	mixed	260132	False	494469	300–500	
ENSG00000118729__CASQ2__tss115793195	CASQ2	True	-2.6935279632542285e-07	-0.0003876043837987	115790000__115985000	194306	2.077249765396118	clean ≤500 kb	425214	False	194306	150–300	2
ENSG00000177551__NHLH2__tss115843917	NHLH2	True	-3.3535766086796864e-08	-4.8029140765317246e-05	115840000__115015000	-826416	4.438345313072205	>500 kb	81658	False	826416		
ENSG00000163393__SLC22A15__tss115976513	SLC22A15	True	-0.0003436031983389	0.0382141046212716	115975000__115805000	-169012	6.600718289613724	clean ≤500 kb	400360	False	169012	150–300	5
ENSG00000173212__MAB21L3__tss116111399	MAB21L3	True	-4.090682214612056e-06	-0.0011281640008545	116110000__116630000	521102	3.27290803194046	mixed	249316	False	521102		
ENSG00000163399__ATP1A1__tss116372668	ATP1A1	True	0.0006124751249102	0.0057619112013267	116370000__116170000	-200167	1.9988030791282656	clean ≤500 kb	422283	False	200167	150–300	2
ENSG00000116815__CD58__tss116571039	CD58	True	7.581099027356968e-05	0.0068249225781488	116570000__116100000	-468538	3.965155780315399	mixed	258097	False	468538	300–500	
ENSG00000143061__IGSF3__tss116667755	IGSF3	True	-7.540964335486788e-06	-0.0005293364073912	116665000__115865000	-800254	4.594372272491455	>500 kb	99739	False	800254		
ENSG00000116824__CD2__tss116754430	CD2	True	-1.195240318498992e-07	-0.0001676019629914	116750000__117515000	763071	4.7229838371276855	>500 kb	140831	False	763071		
ENSG00000134247__PTGFRN__tss116909916	PTGFRN	True	1.251624389479733e-05	0.0024790362909861	116905000__117430000	522585	3.87926721572876	mixed	238574	False	522585		
ENSG00000134256__CD101__tss117001750	CD101	True	2.5381135571096063e-06	0.0030226859345468	117000000__116725000	-274249	2.109052300453186	clean ≤500 kb	350242	False	274249	150–300	2
ENSG00000116830__TTF2__tss117060326	TTF2	True	3.154427471095678e-05	0.0016651938228822	117060000__116725000	-332825	4.921254515647888	clean ≤500 kb	320954	False	332825	300–500	5
ENSG00000134253__TRIM45__tss117122587	TRIM45	True	3.832630381096075e-05	0.0016682257025642	117120000__117785000	664914	4.489523410797119	>500 kb	159910	False	664914		
ENSG00000134258__VTCN1__tss117210960	VTCN1	True	-4.1145013539291514e-08	-5.730232099063502e-05	117210000__117765000	556541	4.336092472076416	>500 kb	234096	False	556541		
ENSG00000198162__MAN1A2__tss117367449	MAN1A2	True	-0.0006608193674917	-0.0037927281903516	117365000__117845000	480052	3.2895238995552063	clean ≤500 kb	282341	False	480052	300–500	3
ENSG00000183508__TENT5C__tss117606048	TENT5C	True	-1.4781427196398e-05	-0.0067798340971992	117605000__118570000	966453	3.7708308696746826	>500 kb	29140	False	966453		
ENSG00000196505__GDAP2__tss117929621	GDAP2	True	-3.969028958842637e-05	-0.0019788874008785	117925000__118875000	947880	5.387170314788818	>500 kb	38427	False	947880		
ENSG00000065183__WDR3__tss117929720	WDR3	True	-1.0572853499524889e-05	-0.0005563372963898	117925000__118875000	947781	5.387170314788818	>500 kb	38476	False	947781		
ENSG00000155761__SPAG17__tss118185228	SPAG17	True	-7.582414765874596e-07	-0.0009657483813263	118185000__119015000	832273	5.900771260261536	>500 kb	106230	False	832273		
ENSG00000092607__TBX15__tss118989556	TBX15	True	-2.902386924043553e-07	-0.0003791073412541	118985000__118155000	-832055	5.881237745285034	>500 kb	86339	False	832055		
ENSG00000116874__WARS2__tss119140654	WARS2	True	-7.87761531342527e-05	-0.0041263591814941	119140000__120050000	911847	25.74960708618164	>500 kb	33943	False	911847		
ENSG00000116882__HAO2__tss119368779	HAO2	True	0.0003788464071154	0.2526411328133177	119365000__119285000	-81278	7.525527596473694	clean ≤500 kb	454227	False	81278	50–150	5
ENSG00000203859__HSD3B2__tss119414931	HSD3B2	True	1.841695628675686e-08	1.983548801235552e-05	119410000__120330000	917570	9.483325958251951	>500 kb	38582	False	917570		
ENSG00000203857__HSD3B1__tss119507198	HSD3B1	True	1.308634981331768e-05	0.0044490768092427	119505000__120400000	895303	9.338221549987791	>500 kb	54715	False	895303		
ENSG00000143067__ZNF697__tss119648266	ZNF697	True	1.090589475989407e-05	0.0010018229926925	119645000__120450000	804235	10.764516830444336	>500 kb	95249	False	804235		
ENSG00000092621__PHGDH__tss119648411	PHGDH	True	2.2771303270154204e-06	0.0007823767640047	119645000__120450000	804090	10.764516830444336	>500 kb	95322	False	804090		
ENSG00000134240__HMGCS2__tss119768905	HMGCS2	True	-0.000603598370027	-0.0093356248578138	119765000__120630000	863596	32.41651916503906	>500 kb	83069	False	863596		
ENSG00000134193__REG4__tss119811580	REG4	True	1.2706763050028785e-07	0.000165392662782	119810000__120650000	840921	97.18853759765624	>500 kb	81906	False	840921		
ENSG00000134249__ADAM30__tss119896515	ADAM30	True	-1.6804370579657642e-08	-2.3929521565163245e-05	119895000__120860000	965986	14.68738079071045	>500 kb	31874	False	965986		
ENSG00000134250__NOTCH2__tss120100779	NOTCH2	True	2.1088342037436692e-08	3.032381825201347e-05	120100000__120820000	721722	23.326784133911133	>500 kb	154006	False	721722		
ENSG00000265808__SEC22B__tss120176520	SEC22B	True	-5.2874169496987256e-05	-0.0008506425720707	120175000__120650000	475981	43.11688232421875	mixed	264376	False	475981	300–500	
ENSG00000270231__NBPF8__tss120415035	NBPF8	True	-3.9535970560938306e-05	-0.0056505708837357	120415000__121260000	847466	46.13501739501953	>500 kb	91134	False	847466		
ENSG00000286106__NOTCH2NLR__tss120723912	NOTCH2NLR	True	2.383720198711331e-05	0.0037841675056858	120720000__120375000	-346411	19.388994216918945	clean ≤500 kb	321661	False	346411	300–500	5
ENSG00000273136__NBPF26__tss120723945	NBPF26	True	-1.0516018080391695e-05	-0.0017739095901296	120720000__120375000	-346444	19.388994216918945	clean ≤500 kb	321644	False	346444	300–500	5
ENSG00000263353__PPIAL4A__tss120889771	PPIAL4A	True	1.129105291117888e-06	0.0013720319548923	120885000__120320000	-567270	47.538917541503906	>500 kb	231231	False	567270		
ENSG00000171943__SRGAP2C__tss121184811	SRGAP2C	False	3.015877615210631e-05	0.0069787064544827	121180000__121735000	552690	94.0002212524414	>500 kb	228522	False	552690		
ENSG00000188610__FAM72B__tss121185539	FAM72B	False	7.424688851705163e-05	0.0093214773047228	121185000__121740000	556962	218.910888671875	>500 kb	233886	False	556962		
ENSG00000273213__H3-7__tss143905977	H3-7	False	0.0003067185531018	0.0123869996620872	143905000__143290000	-613476	40.429473876953125	>500 kb	215628	False	613476		
ENSG00000263513__FAM72C__tss143971986	FAM72C	True	-0.000350313107987	-0.0773679320597889	143970000__144055000	85515	66.00371551513672	clean ≤500 kb	479609	False	85515	50–150	5
ENSG00000266338__NBPF15__tss144461676	NBPF15	True	-1.5085845649376664e-05	-0.0015495447439671	144460000__143510000	-949175	124.82760620117188	>500 kb	30279	False	949175		
ENSG00000196369__SRGAP2B__tss145095528	SRGAP2B	True	0.0002180560808782	0.0520047231877144	145095000__145145000	51973	17.812028884887695	clean ≤500 kb	473880	False	51973	50–150	5
ENSG00000215784__FAM72D__tss145095974	FAM72D	True	-0.0001395279036495	-0.0307456972585003	145095000__144940000	-153473	34.22547149658203	clean ≤500 kb	438130	False	153473	150–300	5
ENSG00000289549__PPIAL4D__tss145242174	PPIAL4D	True	2.595445799632085e-07	0.0003284180007415	145240000__145810000	570327	40.34385681152344	>500 kb	237203	False	570327		
ENSG00000162825__NBPF20__tss145425603	NBPF20	True	-1.5470237073674127e-06	-0.0002348611773485	145425000__144900000	-523102	29.058326721191406	>500 kb	248315	False	523102		
ENSG00000117262__GPR89A__tss145607988	GPR89A	True	-7.246850699488966e-06	-0.0005320575593314	145605000__145150000	-455487	7.396005153656006	clean ≤500 kb	279623	False	455487	300–500	5
ENSG00000174827__PDZK1__tss145708148	PDZK1	True	-7.256310820172307e-05	-0.0036028036628661	145705000__144910000	-795647	14.81569480895996	>500 kb	107043	False	795647		
ENSG00000117281__CD160__tss145719471	CD160	True	3.5588443403411832e-06	0.0037490927507097	145715000__144915000	-801970	19.28504943847656	>500 kb	113881	False	801970		
ENSG00000186141__POLR3C__tss145824053	POLR3C	True	-7.645442733009156e-05	-0.0008121399316671	145820000__146585000	763448	9.850080490112305	>500 kb	125643	False	763448		
ENSG00000265491__RNF115__tss145824095	RNF115	True	-4.535086772168573e-05	-0.0009804898856384	145820000__146585000	763406	9.850080490112305	>500 kb	125664	False	763406		
ENSG00000186364__NUDT17__tss145845630	NUDT17	True	-9.67597659504299e-05	-0.0022627888674489	145845000__145145000	-698129	5.031264305114746	>500 kb	160802	False	698129		
ENSG00000131788__PIAS3__tss145859836	PIAS3	True	-2.8927012934124897e-05	-0.0030664429981581	145855000__145520000	-337335	3.2949464321136475	clean ≤500 kb	341199	False	337335	300–500	3
ENSG00000198483__ANKRD35__tss145885866	ANKRD35	True	1.647301305576917e-07	0.0001840003713702	145885000__146160000	276635	7.748288154602051	clean ≤500 kb	384049	False	276635	150–300	5
ENSG00000143127__ITGA10__tss145910111	ITGA10	True	-7.622732398468446e-05	-0.0004250422645416	145910000__146200000	292390	10.793581008911133	clean ≤500 kb	368672	False	292390	150–300	5
ENSG00000131779__PEX11B__tss145918717	PEX11B	True	0.0002298908889924	0.002028759870891	145915000__145560000	-356216	3.803545236587525	clean ≤500 kb	321758	False	356216	300–500	4
ENSG00000289565__ENSG00000289565__tss145926741	ENSG00000289565	True	0.0014665108526351	0.0011627566643185	145925000__145145000	-779240	10.99471664428711	>500 kb	120246	False	779240		
ENSG00000280778__ENSG00000280778__tss145927258	ENSG00000280778	True	0.0019994564655472	0.0052185662925435	145925000__145145000	-779757	10.99471664428711	>500 kb	119988	False	779757		
ENSG00000265241__RBM8A__tss145927678	RBM8A	True	-0.0012492053381437	-0.0012403465056695	145925000__145145000	-780177	10.99471664428711	>500 kb	119778	False	780177		
ENSG00000271601__LIX1L__tss145958017	LIX1L	True	7.35358139936828e-05	0.006129310616376	145955000__145195000	-760516	8.712987899780273	>500 kb	119608	False	760516		
ENSG00000272031__ANKRD34A__tss145964575	ANKRD34A	True	-6.044680183819179e-06	-0.0008123218461858	145960000__145015000	-947074	14.021258354187012	>500 kb	38829	False	947074		
ENSG00000121851__POLR3GL__tss145964690	POLR3GL	True	0.0001203801883594	0.0100446154546093	145960000__145015000	-947189	14.021258354187012	>500 kb	38772	False	947189		
ENSG00000265972__TXNIP__tss145996579	TXNIP	True	-0.0007178108745001	-0.0007437607370095	145995000__146305000	310922	17.302383422851562	clean ≤500 kb	366906	False	310922	300–500	5
ENSG00000168509__HJV__tss146036746	HJV	True	6.870921329687422e-06	0.0019604595042685	146035000__145565000	-469245	3.6991281509399414	clean ≤500 kb	275244	False	469245	300–500	4
ENSG00000271425__NBPF10__tss146229000	NBPF10	True	5.108836090429291e-06	0.0010997513284508	146225000__145565000	-661499	21.021638870239254	>500 kb	179117	False	661499		
ENSG00000264343__NOTCH2NLA__tss146229041	NOTCH2NLA	True	-1.1025468487451968e-05	-0.0023230384237295	146225000__145565000	-661540	21.021638870239254	>500 kb	179096	False	661540		
ENSG00000270339__PPIAL4H__tss146344765	PPIAL4H	True	-1.7884993646518604e-07	-0.0002205727428387	146340000__146770000	427736	35.35512161254883	clean ≤500 kb	288499	False	427736	300–500	5
ENSG00000268043__NBPF12__tss146938324	NBPF12	True	-0.0001040371234969	-0.0073423423447793	146935000__146425000	-510823	27.69402313232422	mixed	266955	False	510823		
ENSG00000131791__PRKAB2__tss147172550	PRKAB2	True	2.786479154782973e-05	0.0003642069752468	147170000__146665000	-505049	5.316267967224121	>500 kb	252342	False	505049		
ENSG00000131778__CHD1L__tss147242654	CHD1L	True	2.678410665080469e-05	0.0007138304891761	147240000__146980000	-260153	7.443297483026981	clean ≤500 kb	354790	False	260153	150–300	5
ENSG00000131781__FMO5__tss147243050	FMO5	True	7.860682514277892e-06	0.0005238349926975	147240000__146980000	-260549	7.443297483026981	clean ≤500 kb	354592	False	260549	150–300	5
ENSG00000116128__BCL9__tss147541501	BCL9	True	2.832722164318826e-06	0.0020420516723326	147540000__146665000	-874000	10.063495635986328	>500 kb	67866	False	874000		
ENSG00000288626__ENSG00000288626__tss147611590	ENSG00000288626	True	0.0117192966366155	0.2215485368859183	147610000__147500000	-109089	1.9220190346240995	clean ≤500 kb	432822	False	109089	50–150	3
ENSG00000162836__ACP6__tss147670524	ACP6	True	0.0004920405101788	0.0086051898040339	147670000__147890000	221977	1.406361103057861	clean ≤500 kb	411378	False	221977	150–300	1
ENSG00000265107__GJA5__tss147773362	GJA5	True	1.199479541271587e-07	0.0001622997929901	147770000__146795000	-975861	6.052955150604248	>500 kb	26936	False	975861		
ENSG00000121634__GJA8__tss147902795	GJA8	True	2.888715810068792e-09	4.159818353313878e-06	147900000__148645000	744706	30.547142028808594	>500 kb	140014	False	744706		
ENSG00000188092__GPR89B__tss147928393	GPR89B	True	-1.7455409703125147e-05	-0.0012068314195056	147925000__148685000	759108	38.2258186340332	>500 kb	132813	False	759108		
ENSG00000263956__NBPF11__tss148152322	NBPF11	True	-2.1018576375703493e-05	-0.0014199850129417	148150000__147585000	-564821	6.4586381912231445	>500 kb	232456	False	564821		
ENSG00000236334__PPIAL4G__tss148483302	PPIAL4G	True	2.418724412045286e-06	0.0027013156699717	148480000__148760000	279199	108.33447265625	clean ≤500 kb	355267	False	279199	150–300	5
ENSG00000270629__NBPF14__tss148679742	NBPF14	True	2.945454507089374e-06	0.0006918020242596	148675000__148065000	-612241	206.7389678955078	>500 kb	208746	False	612241		
ENSG00000286019__NOTCH2NLB__tss148679746	NOTCH2NLB	True	-6.502306446188114e-06	-0.0015953347743703	148675000__148065000	-612245	206.7389678955078	>500 kb	208744	False	612245		
ENSG00000269713__NBPF9__tss149103561	NBPF9	True	-9.939278362890504e-05	-0.0068811685997501	149100000__149300000	198940	23.540624618530273	clean ≤500 kb	422897	False	198940	150–300	5
ENSG00000286219__NOTCH2NLC__tss149390621	NOTCH2NLC	True	-7.687839678256324e-06	-0.0023486131245338	149390000__148645000	-743120	186.3138427734375	>500 kb	138306	False	743120		
ENSG00000286185__ENSG00000286185__tss149390623	ENSG00000286185	True	-2.8496855778866424e-06	-0.0008293566896176	149390000__148645000	-743122	186.3138427734375	>500 kb	138305	False	743122		
ENSG00000271383__NBPF19__tss149475045	NBPF19	True	9.833897370790197e-06	0.0034029605161074	149475000__149770000	297456	12.693276405334473	clean ≤500 kb	348639	False	297456	150–300	5
ENSG00000288867__PPIAL4C__tss149583848	PPIAL4C	True	2.7392534730752405e-06	0.0029198446660834	149580000__149765000	183653	22.12780380249023	clean ≤500 kb	413040	False	183653	150–300	5
ENSG00000150337__FCGR1A__tss149782671	FCGR1A	True	-1.547809547160011e-07	-0.0001962495570422	149780000__149450000	-330170	122.10995483398438	clean ≤500 kb	339781	False	330170	300–500	5
ENSG00000203814__H2BC18__tss149812373	H2BC18	True	-0.0007087761530188	-0.0023510859986985	149810000__149550000	-259872	38.055564880371094	clean ≤500 kb	377430	False	259872	150–300	5
ENSG00000183598__H3C13__tss149813693	H3C13	True	-0.0012065899822135	-0.0047411675979013	149810000__149550000	-261192	38.055564880371094	clean ≤500 kb	376770	False	261192	150–300	5
ENSG00000203811__H3C14__tss149841208	H3C14	True	1.4349693463643586e-05	0.0014707849773746	149840000__150675000	836293	8.392925262451172	>500 kb	104220	False	836293		
ENSG00000288825__H2AC18__tss149842750	H2AC18	True	-3.911231570050133e-06	-0.0001747885411859	149840000__150675000	834751	8.392925262451172	>500 kb	104991	False	834751		
ENSG00000288859__H2AC19__tss149851061	H2AC19	True	-8.762056616448341e-05	-0.0029759222371656	149850000__150450000	601440	10.914719581604004	>500 kb	221647	False	601440		
ENSG00000203852__H3C15__tss149852608	H3C15	True	0.0001385602338119	0.0110029972382613	149850000__150450000	599893	10.914719581604004	>500 kb	222420	False	599893		
ENSG00000184678__H2BC21__tss149886682	H2BC21	True	-0.0019543024912347	-0.0023596213877062	149885000__149270000	-614181	24.656108856201172	>500 kb	205276	False	614181		
ENSG00000184260__H2AC20__tss149886918	H2AC20	True	-4.273887913308627e-05	-5.612304173668436e-05	149885000__149270000	-614417	24.656108856201172	>500 kb	205158	False	614417		
ENSG00000178096__BOLA1__tss149887890	BOLA1	True	0.0004142195266912	0.0006265451145428	149885000__149270000	-615389	24.656108856201172	>500 kb	204672	False	615389		
ENSG00000184270__H2AC21__tss149887965	H2AC21	True	-0.0014088864786977	-0.0020175279147197	149885000__149270000	-615464	24.656108856201172	>500 kb	204634	False	615464		
ENSG00000159164__SV2A__tss149917844	SV2A	True	-3.2328803529543663e-06	-0.0031476435660435	149915000__150190000	274657	3.469549596309662	clean ≤500 kb	357538	False	274657	150–300	4
ENSG00000143368__SF3B4__tss149927803	SF3B4	True	-0.0006716180858757	-0.0012922902326914	149925000__150185000	259698	2.7356788218021393	clean ≤500 kb	362518	False	259698	150–300	3
ENSG00000014914__MTMR11__tss149936879	MTMR11	True	0.0002209536981395	0.0032092346442114	149935000__150185000	250622	3.245164275169373	clean ≤500 kb	367056	False	250622	150–300	4
ENSG00000264522__OTUD7B__tss150010726	OTUD7B	True	-3.776907434187987e-05	-0.0013539923292022	150010000__149455000	-553225	6.881298065185547	>500 kb	245754	False	553225		
ENSG00000136631__VPS45__tss150067279	VPS45	True	0.0003220655458385	0.0043460606970641	150065000__149945000	-119778	4.313436269760132	clean ≤500 kb	424977	False	119778	50–150	5
ENSG00000023902__PLEKHO1__tss150149183	PLEKHO1	True	2.3771502281798307e-05	0.0044085995188826	150145000__149550000	-596682	33.08095932006836	>500 kb	209025	False	596682		
ENSG00000143401__ANP32E__tss150236156	ANP32E	True	0.0002099985992468	0.0014554942096052	150235000__150430000	196345	2.3005608320236206	clean ≤500 kb	424194	False	196345	150–300	3
ENSG00000118298__CA14__tss150257251	CA14	True	0.0002779710348208	0.0060902055031661	150255000__150430000	175250	2.9763582944869995	clean ≤500 kb	434742	False	175250	150–300	3
ENSG00000118292__C1orf54__tss150268200	C1orf54	True	-0.000600333048643	-0.0015598199131804	150265000__150450000	184301	2.964881896972656	clean ≤500 kb	430216	False	184301	150–300	3
ENSG00000117362__APH1A__tss150269580	APH1A	True	0.0007035755695506	0.0018565210148159	150265000__150450000	182921	2.964881896972656	clean ≤500 kb	430906	False	182921	150–300	3
ENSG00000159208__CIART__tss150282543	CIART	True	-6.62839403750698e-05	-0.0043947351254724	150280000__149420000	-860042	7.511356830596924	>500 kb	92345	False	860042		
ENSG00000266472__MRPS21__tss150293861	MRPS21	True	0.0003592920996511	0.000840483842442	150290000__150435000	143640	1.4834626615047457	clean ≤500 kb	438047	False	143640	50–150	2
ENSG00000117360__PRPF3__tss150321479	PRPF3	True	-9.946562460751672e-05	-0.0087138233787736	150320000__150430000	111022	1.7205235362052915	clean ≤500 kb	466856	False	111022	50–150	2
ENSG00000143374__TARS2__tss150487414	TARS2	True	-2.470694213552171e-05	-0.000276657347499	150485000__150865000	380087	1.4383665323257446	clean ≤500 kb	332323	False	380087	300–500	1
ENSG00000143369__ECM1__tss150508062	ECM1	True	0.000154511447669	0.0012569354553275	150505000__149980000	-525561	2.2012722492218018	>500 kb	247086	False	525561		
ENSG00000143382__ADAMTSL4__tss150549369	ADAMTSL4	True	0.0002630139915762	0.0162039939747531	150545000__150435000	-111868	1.8172315657138824	clean ≤500 kb	436432	False	111868	50–150	2
ENSG00000143384__MCL1__tss150579738	MCL1	True	0.0012411479700468	0.0014064083781139	150575000__151475000	897763	2.831173896789551	>500 kb	63485	False	897763		
ENSG00000143420__ENSA__tss150629612	ENSA	True	0.0005696251576248	0.0039575722226801	150625000__150375000	-252111	2.1814834773540497	clean ≤500 kb	396311	False	252111	150–300	2
ENSG00000143457__GOLPH3L__tss150697154	GOLPH3L	True	-5.281287849344396e-06	-0.0002767126547968	150695000__149950000	-744653	3.852970123291016	>500 kb	112540	False	744653		
ENSG00000143452__HORMAD1__tss150720895	HORMAD1	True	-2.784635682327265e-07	-0.0003861630950229	150720000__150385000	-333394	2.1821672320365906	clean ≤500 kb	355669	False	333394	300–500	2
ENSG00000163131__CTSS__tss150765957	CTSS	True	6.574530196879792e-05	0.008392820863901	150765000__150195000	-568456	3.5005578994750977	>500 kb	230638	False	568456		
ENSG00000143387__CTSK__tss150809577	CTSK	True	0.0007058642342181	0.0023319618490315	150805000__150650000	-157076	1.961912989616394	clean ≤500 kb	426328	False	157076	150–300	2
ENSG00000143437__ARNT__tss150876708	ARNT	True	-1.281951999878954e-05	-0.0016070401789334	150875000__150190000	-684207	2.5729931592941284	>500 kb	142763	False	684207		
ENSG00000283324__CTXND2__tss150887136	CTXND2	True	-4.2189075570795666e-08	-6.008019920080766e-05	150885000__150660000	-224635	3.1944665908813477	clean ≤500 kb	387549	False	224635	150–300	4
ENSG00000143379__SETDB1__tss150926263	SETDB1	True	0.0003214949914172	0.0039370817788142	150925000__150665000	-258762	2.199160873889923	clean ≤500 kb	355485	False	258762	150–300	3
ENSG00000143418__CERS2__tss150975003	CERS2	True	0.0005257477276048	0.0058527262710998	150975000__150530000	-442502	2.369929164648056	mixed	266115	False	442502	300–500	
ENSG00000143412__ANXA9__tss150982249	ANXA9	True	-0.0016829296716857	-0.0060581932652059	150980000__150370000	-609748	3.250251531600952	>500 kb	217492	False	609748		
ENSG00000143409__MINDY1__tss151008376	MINDY1	True	-0.00030147089432	-0.0040904676137887	151005000__150660000	-345875	2.8459505140781403	clean ≤500 kb	314429	False	345875	300–500	3
ENSG00000143363__PRUNE1__tss151008420	PRUNE1	True	-6.79523341210464e-05	-0.0011294459158462	151005000__150660000	-345919	2.8459505140781403	clean ≤500 kb	314407	False	345919	300–500	3
ENSG00000163141__BNIPL__tss151036321	BNIPL	True	0.0008225216722922	0.0028620630433638	151035000__150190000	-843820	4.241992473602295	>500 kb	72956	False	843820		
ENSG00000143443__C1orf56__tss151047751	C1orf56	True	-0.0001484764364176	-0.0035673867117481	151045000__150525000	-520250	0.673579752445221	mixed	229741	False	520250		
ENSG00000213190__MLLT11__tss151060397	MLLT11	True	-2.881180174418851e-05	-0.0007916562632181	151060000__150675000	-382896	2.0991301238536835	clean ≤500 kb	300918	False	382896	300–500	2
ENSG00000197622__CDC42SE1__tss151070325	CDC42SE1	True	-3.621403552253252e-05	-0.0025244632317536	151070000__150685000	-382824	1.2344017624855042	clean ≤500 kb	305954	False	382824	300–500	1
ENSG00000143458__GABPB2__tss151070578	GABPB2	True	-2.9992393818458266e-05	-0.002133685508567	151070000__150685000	-383077	1.2344017624855042	clean ≤500 kb	305828	False	383077	300–500	1
ENSG00000143434__SEMA6C__tss151146631	SEMA6C	True	1.4687800103500154e-05	0.0005000843015189	151145000__150425000	-719130	1.1739942133426666	>500 kb	155301	False	719130		
ENSG00000163154__TNFAIP8L2__tss151156649	TNFAIP8L2	True	7.714002894345382e-06	0.0024675795890651	151155000__150655000	-499148	2.8576334714889526	mixed	252792	False	499148	300–500	
ENSG00000163156__SCNM1__tss151156664	SCNM1	True	-5.7603072298709375e-06	-0.0019739530941975	151155000__150655000	-499163	2.8576334714889526	mixed	252785	False	499163	300–500	
ENSG00000163155__LYSMD1__tss151165948	LYSMD1	True	0.000105344185499	0.0009878723797516	151165000__150685000	-478447	1.6922730207443235	mixed	260643	False	478447	300–500	
ENSG00000163157__TMOD4__tss151176284	TMOD4	True	-0.0004229969474996	-0.0014553957690698	151175000__150380000	-793783	4.51609468460083	>500 kb	125475	False	793783		
ENSG00000163159__VPS72__tss151195321	VPS72	True	-1.1879600982392336e-06	-0.00083354541649	151195000__150390000	-802820	2.1150126457214355	>500 kb	120956	False	802820		
ENSG00000143398__PIP5K1A__tss151197949	PIP5K1A	True	0.0001692929625819	0.0013076671488597	151195000__150390000	-805448	2.1150126457214355	>500 kb	119642	False	805448		
ENSG00000159352__PSMD4__tss151254709	PSMD4	True	0.0002229932509719	0.003413806401974	151250000__150395000	-857208	3.249867677688598	>500 kb	86262	False	857208		
ENSG00000143373__ZNF687__tss151281618	ZNF687	True	6.7256270937839785e-06	0.0003040463520068	151280000__150410000	-869117	2.257449150085449	>500 kb	70308	False	869117		
ENSG00000143393__PI4KB__tss151327715	PI4KB	True	9.116818870017612e-05	0.0017234633954754	151325000__150440000	-885214	1.9579527378082275	>500 kb	69759	False	885214		
ENSG00000143390__RFX5__tss151347326	RFX5	True	3.935969490997948e-05	0.0007945566166103	151345000__151495000	150175	0.454164445400238	clean ≤500 kb	447279	False	150175	150–300	1
ENSG00000143416__SELENBP1__tss151372707	SELENBP1	True	0.0001904710849432	0.0046388103617442	151370000__150395000	-975206	3.456217050552368	>500 kb	27263	False	975206		
ENSG00000159377__PSMB4__tss151399560	PSMB4	True	-0.0068676451586779	-0.002651435097541	151395000__152265000	867941	4.307388782501221	>500 kb	73396	False	867941		
ENSG00000143442__POGZ__tss151459494	POGZ	True	6.50791596255168e-05	0.0027270871155354	151455000__151960000	503007	2.9096158742904663	>500 kb	238363	False	503007		
ENSG00000143375__CGN__tss151510510	CGN	True	7.144287346286249e-06	0.0006242365525961	151510000__150675000	-833009	2.856268882751465	>500 kb	88362	False	833009		
ENSG00000143367__TUFT1__tss151540305	TUFT1	True	0.0002781107536328	0.0029980340766258	151540000__151970000	432196	1.7491474896669388	clean ≤500 kb	278769	False	432196	300–500	1
ENSG00000143376__SNX27__tss151612006	SNX27	True	4.083813107839951e-05	0.0022623758379517	151610000__150670000	-939505	3.345724105834961	>500 kb	37614	False	939505		
ENSG00000178796__RIIAD1__tss151710433	RIIAD1	True	-3.4888974604066138e-06	-0.0035511832086157	151710000__151470000	-237932	1.082397162914276	clean ≤500 kb	390900	False	237932	150–300	1
ENSG00000143450__OAZ3__tss151762899	OAZ3	True	-0.0001995879531373	-0.0022556054406949	151760000__152430000	669602	5.721015453338623	>500 kb	160066	False	669602		
ENSG00000143436__MRPL9__tss151763496	MRPL9	True	0.0004468098249294	0.0016418134897052	151760000__152430000	669005	5.721015453338623	>500 kb	160364	False	669005		
ENSG00000159445__THEM4__tss151909637	THEM4	True	0.000697169425904	0.0650664863347143	151905000__151960000	52864	0.2754204273223877	clean ≤500 kb	463435	False	52864	50–150	1
ENSG00000163191__S100A11__tss152047907	S100A11	True	6.1806032809178955e-06	0.0048643835011941	152045000__152455000	409594	3.788809895515442	clean ≤500 kb	300070	False	409594	300–500	4
ENSG00000182898__TCHHL1__tss152089064	TCHHL1	True	2.515722811385229e-08	3.609126278980145e-05	152085000__152430000	343437	4.102384597063065	clean ≤500 kb	315648	False	343437	300–500	4
ENSG00000159450__TCHH__tss152115444	TCHH	True	-2.637528045983884e-07	-0.0003741966271	152115000__152460000	347057	4.1209893226623535	clean ≤500 kb	338838	False	347057	300–500	4
ENSG00000215853__RPTN__tss152159228	RPTN	True	4.628061974179197e-07	0.0006613511854364	152155000__152450000	293273	3.461002394556999	clean ≤500 kb	340730	False	293273	150–300	4
ENSG00000197915__HRNR__tss152224193	HRNR	True	1.4783959857648383e-05	0.0184754486820598	152220000__152425000	203308	1.854415625333786	clean ≤500 kb	383213	False	203308	150–300	2
ENSG00000143631__FLG__tss152325239	FLG	True	1.6792495547600853e-08	2.344356341416629e-05	152325000__153280000	957262	3.0362915992736816	>500 kb	43736	False	957262		
ENSG00000143520__FLG2__tss152360006	FLG2	True	-3.945128359834809e-08	-5.571455212902875e-05	152360000__153235000	877495	4.49070930480957	>500 kb	61119	False	877495		
ENSG00000143536__CRNN__tss152414263	CRNN	True	-2.4737673957096962e-08	-3.544301564509483e-05	152410000__152925000	513238	2.1969719231128693	mixed	250748	False	513238		
ENSG00000186207__LCE5A__tss152510803	LCE5A	True	4.385065575679052e-07	0.0006157320755587	152510000__152270000	-238302	3.4828455597162247	clean ≤500 kb	395715	False	238302	150–300	4
ENSG00000169509__CRCT1__tss152514482	CRCT1	True	1.163513326802786e-06	0.0015498569402016	152510000__152270000	-241981	3.4828455597162247	clean ≤500 kb	393876	False	241981	150–300	4
ENSG00000185966__LCE3E__tss152566780	LCE3E	True	-1.1932845207246554e-07	-0.0001667231981438	152565000__153235000	670721	5.454554557800293	>500 kb	167006	False	670721		
ENSG00000163202__LCE3D__tss152580516	LCE3D	True	8.829841018979936e-08	0.0001237224533305	152580000__153190000	611985	3.1986143589019775	>500 kb	216374	False	611985		
ENSG00000244057__LCE3C__tss152600234	LCE3C	True	1.3630310903561608e-08	1.953467278147244e-05	152600000__152270000	-327733	7.527318000793457	clean ≤500 kb	341000	False	327733	300–500	5
ENSG00000187238__LCE3B__tss152613811	LCE3B	True	-9.033891531366692e-09	-1.2971619294512666e-05	152610000__152265000	-346310	7.012637615203857	clean ≤500 kb	334211	False	346310	300–500	5
ENSG00000187223__LCE2D__tss152663380	LCE2D	True	1.859088386186757e-07	0.000261882282936	152660000__153190000	529121	3.5275668799877167	mixed	257806	False	529121		
ENSG00000187180__LCE2C__tss152675279	LCE2C	True	-1.3785219029626289e-07	-0.0001929914285029	152675000__153470000	797222	3.299917221069336	>500 kb	103756	False	797222		
ENSG00000159455__LCE2B__tss152686123	LCE2B	True	-7.41453190341647e-08	-0.0001056494622816	152685000__153245000	561378	3.7849507331848145	>500 kb	219178	False	561378		
ENSG00000187173__LCE2A__tss152698345	LCE2A	True	4.8752967710496344e-08	6.979921955352129e-05	152695000__152055000	-640844	5.033203601837158	>500 kb	176944	False	640844		
ENSG00000187170__LCE4A__tss152708160	LCE4A	True	-8.698396113459345e-09	-1.2396641382341033e-05	152705000__153285000	579341	3.6523343920707703	>500 kb	232696	False	579341		
ENSG00000198854__KPLCE__tss152719522	KPLCE	True	6.788092744749576e-08	9.610709371065376e-05	152715000__153270000	552979	3.4734061658382416	>500 kb	220877	False	552979		
ENSG00000203786__KPRP__tss152758025	KPRP	True	9.200272914527904e-09	1.3162129198141572e-05	152755000__152290000	-465524	3.7692171335220337	mixed	262104	False	465524	300–500	
ENSG00000186226__LCE1E__tss152786214	LCE1E	True	-2.05288386579293e-07	-0.0002884836243239	152785000__153240000	456287	5.375319957733154	mixed	269223	False	456287	300–500	
ENSG00000172155__LCE1D__tss152796721	LCE1D	True	-1.5023987456917043e-08	-2.1596306191765452e-05	152795000__152285000	-509220	5.924106121063232	>500 kb	242756	False	509220		
ENSG00000197084__LCE1C__tss152806651	LCE1C	True	6.915300464257306e-08	9.734728632120289e-05	152805000__151975000	-829150	3.6165661811828618	>500 kb	80291	False	829150		
ENSG00000196734__LCE1B__tss152811971	LCE1B	True	2.0813711159743377e-08	2.979841696519478e-05	152810000__153125000	315530	1.556810885667801	clean ≤500 kb	337102	False	315530	300–500	1
ENSG00000186844__LCE1A__tss152827473	LCE1A	True	-4.325794726597438e-09	-6.211846280649764e-06	152825000__152280000	-544972	2.4885683357715607	>500 kb	212380	False	544972		
ENSG00000235942__LCE6A__tss152842856	LCE6A	True	2.070914739873995e-06	0.0028341035153989	152840000__152555000	-285355	2.1792533546686172	clean ≤500 kb	347189	False	285355	150–300	2
ENSG00000285946__LCE7A__tss152859996	LCE7A	True	4.540513733829048e-08	6.498424985664929e-05	152855000__153240000	382505	2.322967439889908	clean ≤500 kb	306114	False	382505	300–500	2
ENSG00000163206__SMCP__tss152878322	SMCP	True	1.60549402774312e-09	2.3114196981895784e-06	152875000__152135000	-740821	4.440516948699951	>500 kb	131956	False	740821		
ENSG00000163207__IVL__tss152908546	IVL	True	-6.55931040196531e-08	-9.156625854630422e-05	152905000__152285000	-621045	3.363588571548462	>500 kb	184344	False	621045		
ENSG00000283227__SPRR5__tss152947206	SPRR5	True	6.922012554856242e-09	9.844815043296318e-06	152945000__152135000	-809705	3.6743900775909424	>500 kb	97514	False	809705		
ENSG00000184148__SPRR4__tss152970648	SPRR4	True	9.437197249680384e-07	0.0013419930199153	152970000__153185000	216853	2.6261084377765656	clean ≤500 kb	388940	False	216853	150–300	3
ENSG00000169474__SPRR1A__tss152984081	SPRR1A	True	3.220529252751528e-07	0.000440414663877	152980000__152260000	-721580	4.912622928619385	>500 kb	134076	False	721580		
ENSG00000163209__SPRR3__tss153001747	SPRR3	True	5.439134106868066e-07	0.0004407088014019	153000000__152425000	-574246	3.682074546813965	>500 kb	212743	False	574246		
ENSG00000169469__SPRR1B__tss153031203	SPRR1B	True	6.768137356541683e-08	8.77976151001064e-05	153030000__152540000	-488702	3.103797912597656	mixed	253015	False	488702	300–500	
ENSG00000163216__SPRR2D__tss153041931	SPRR2D	True	9.54175285152256e-07	0.0012370710390476	153040000__152430000	-609430	4.735398203134537	>500 kb	217651	False	609430		
ENSG00000241794__SPRR2A__tss153057512	SPRR2A	True	7.98436177199761e-08	0.000108151765703	153055000__152135000	-920011	3.0626237988471985	>500 kb	44861	False	920011		
ENSG00000196805__SPRR2B__tss153071611	SPRR2B	True	-1.3199356958514776e-07	-0.0001868326774093	153070000__152525000	-544110	3.604865789413452	>500 kb	227811	False	544110		
ENSG00000203785__SPRR2E__tss153106184	SPRR2E	True	2.952243291362334e-09	4.256637731577949e-06	153105000__152285000	-818683	4.293665409088135	>500 kb	103025	False	818683		
ENSG00000244094__SPRR2F__tss153113516	SPRR2F	True	1.1513728468723436e-07	0.000161122040011	153110000__152460000	-651015	3.99806809425354	>500 kb	181859	False	651015		
ENSG00000159516__SPRR2G__tss153150890	SPRR2G	True	1.2687634852671028e-07	0.0001771046077164	153150000__152265000	-883389	9.9076327085495	>500 kb	65672	False	883389		
ENSG00000203784__LELP1__tss153203430	LELP1	True	5.155405439178413e-09	7.388600490150325e-06	153200000__152280000	-920929	5.87584114074707	>500 kb	54402	False	920929		
ENSG00000203783__PRR9__tss153217584	PRR9	True	-1.2218553750110636e-06	-0.0015539125726508	153215000__152270000	-945083	7.888008415699005	>500 kb	49825	False	945083		
ENSG00000203782__LORICRIN__tss153259687	LORICRIN	True	-5.2438863696421784e-08	-7.410121443320061e-05	153255000__152460000	-797186	3.90824294090271	>500 kb	108773	False	797186		
ENSG00000159527__PGLYRP3__tss153312952	PGLYRP3	True	2.5648614393942076e-10	3.667159374341094e-07	153310000__152550000	-760451	3.237928003072738	>500 kb	109641	False	760451		
ENSG00000163218__PGLYRP4__tss153348841	PGLYRP4	True	-1.9463986167059455e-08	-2.765850285326273e-05	153345000__152470000	-876340	3.242204427719116	>500 kb	76696	False	876340		
ENSG00000163220__S100A9__tss153357854	S100A9	True	0.0144767866267485	0.1847396315416576	153355000__153490000	134647	5.622349917888641	clean ≤500 kb	442543	False	134647	50–150	5
ENSG00000163221__S100A12__tss153375621	S100A12	True	8.2652168249892e-06	0.005922570154526	153375000__152500000	-873120	3.820033311843872	>500 kb	63306	False	873120		
ENSG00000143546__S100A8__tss153391073	S100A8	True	-0.0002617615662728	-0.0098868701413512	153390000__152530000	-858572	3.0987024307250977	>500 kb	63080	False	858572		
ENSG00000184330__S100A7A__tss153416520	S100A7A	True	-3.314683575247983e-08	-4.700143808996092e-05	153415000__152450000	-964019	4.448690414428711	>500 kb	30357	False	964019		
ENSG00000143556__S100A7__tss153460651	S100A7	True	-3.642479171457345e-07	-0.0004890394610212	153460000__152460000	-998150	5.318098068237305	>500 kb	23291	False	998150		
ENSG00000196420__S100A5__tss153541765	S100A5	True	-9.162222098620976e-05	-0.0088246375350211	153540000__154130000	590736	1.9842132031917572	>500 kb	219499	False	590736		
ENSG00000196154__S100A4__tss153550136	S100A4	True	-2.4998941829102155e-06	-0.0016358236757678	153550000__152885000	-662635	2.2221872806549072	>500 kb	181049	False	662635		
ENSG00000188643__S100A16__tss153613145	S100A16	True	0.0061797910465136	0.0812850770903611	153610000__153510000	-100644	2.06503663957119	clean ≤500 kb	439544	False	100644	50–150	3
ENSG00000189334__S100A14__tss153616986	S100A14	True	0.0107364072150552	0.064088394963933	153615000__153510000	-104485	2.2769606858491898	clean ≤500 kb	437624	False	104485	50–150	4
ENSG00000160678__S100A1__tss153627926	S100A1	True	0.0071419869820906	0.0441500401614952	153625000__153510000	-115425	4.392515450716019	clean ≤500 kb	432154	False	115425	50–150	5
ENSG00000189171__S100A13__tss153631360	S100A13	True	0.0042766713106879	0.0341765476793694	153630000__153510000	-118859	2.8282380402088165	clean ≤500 kb	442937	False	118859	50–150	4
ENSG00000160679__CHTOP__tss153633982	CHTOP	True	0.0006574406632679	0.0040232028246031	153630000__153510000	-121481	2.8282380402088165	clean ≤500 kb	441626	False	121481	50–150	4
ENSG00000143553__SNAPIN__tss153658703	SNAPIN	True	-0.0002050262540061	-0.0013862305927518	153655000__153510000	-146202	3.4162623584270477	clean ≤500 kb	416765	False	146202	50–150	5
ENSG00000143621__ILF2__tss153671028	ILF2	True	0.0009636036666206	0.0035286897702287	153670000__153510000	-158527	3.0363035202026367	clean ≤500 kb	410603	False	158527	150–300	4
ENSG00000169418__NPR1__tss153678688	NPR1	True	1.620979821160759e-08	1.93272238126381e-06	153675000__154140000	463813	2.0371158123016357	clean ≤500 kb	290460	False	463813	300–500	2
ENSG00000143624__INTS3__tss153728050	INTS3	True	0.0004731162860451	0.0029776285963813	153725000__154685000	959451	4.883987903594971	>500 kb	42641	False	959451		
ENSG00000143554__SLC27A3__tss153774354	SLC27A3	True	0.0014212857104734	0.0030781146678506	153770000__153510000	-261853	3.2518075704574585	clean ≤500 kb	358940	False	261853	150–300	4
ENSG00000143614__GATAD2B__tss153923360	GATAD2B	True	-7.567094905235571e-06	-0.0008093074489294	153920000__154385000	464141	1.6149415969848633	mixed	252796	False	464141	300–500	
ENSG00000198837__DENND4B__tss153946718	DENND4B	True	0.0003846627239941	0.0023358401838127	153945000__154795000	850783	2.222362756729126	>500 kb	84475	False	850783		
ENSG00000160741__CRTC2__tss153958615	CRTC2	True	-0.002484823816629	-0.0019174753940408	153955000__154920000	963886	2.647432327270508	>500 kb	40424	False	963886		
ENSG00000143578__CREB3L4__tss153967534	CREB3L4	True	-4.128568382807951e-05	-0.0003442446126928	153965000__154140000	174967	1.2786514684557917	clean ≤500 kb	434883	False	174967	150–300	1
ENSG00000143570__SLC39A1__tss153968184	SLC39A1	True	-7.847014798786217e-05	-0.0017879198125755	153965000__154140000	174317	1.2786514684557917	clean ≤500 kb	435208	False	174317	150–300	1
ENSG00000285779__ENSG00000285779__tss153975887	ENSG00000285779	True	0.0023605062555769	0.0015130560114311	153975000__154755000	781614	1.4989488124847412	>500 kb	111560	False	781614		
ENSG00000143543__JTB__tss153977674	JTB	True	-0.0005597995140549	-0.0005662521066792	153975000__154755000	779827	1.4989488124847412	>500 kb	112453	False	779827		
ENSG00000285641__ENSG00000285641__tss153986246	ENSG00000285641	True	0.0001910318540802	0.0016806224988792	153985000__153510000	-473745	3.2810283452272415	mixed	252994	False	473745	300–500	
ENSG00000143545__RAB13__tss153986358	RAB13	True	0.0007457088586286	0.005983458616379	153985000__153510000	-473857	3.2810283452272415	mixed	252938	False	473857	300–500	
ENSG00000177954__RPS27__tss153990762	RPS27	True	-0.0079871086017475	-0.0030503438238613	153990000__153520000	-468261	2.7604099959135056	mixed	268236	False	468261	300–500	
ENSG00000143552__NUP210L__tss154155116	NUP210L	True	0.0022094174542942	0.0024364860689782	154155000__154830000	677385	3.1421429216861725	>500 kb	158674	False	677385		
ENSG00000143549__TPM3__tss154194648	TPM3	True	-6.394558813909412e-07	-0.0008735591205554	154190000__154790000	597853	1.8574375808238983	>500 kb	213440	False	597853		
ENSG00000163263__CFAP141__tss154206333	CFAP141	True	0.0031043146189515	0.0021664260349492	154205000__155095000	891168	3.019754409790039	>500 kb	44283	False	891168		
ENSG00000143569__UBAP2L__tss154220179	UBAP2L	True	0.0003934300160199	0.0024099225864058	154220000__154920000	702322	4.65330696105957	>500 kb	171206	False	702322		
ENSG00000143612__C1orf43__tss154220637	C1orf43	True	-0.0007975901558743	-0.0018855429106771	154220000__154920000	701864	4.65330696105957	>500 kb	171435	False	701864		
ENSG00000143575__HAX1__tss154272355	HAX1	True	0.0011309323624293	0.0015154056292664	154270000__154395000	125146	1.2472975850105286	clean ≤500 kb	427294	False	125146	50–150	1
ENSG00000143595__AQP10__tss154321090	AQP10	True	-3.413891211308468e-05	-0.0086991921845966	154320000__154840000	521411	3.6880076825618744	mixed	261661	False	521411		
ENSG00000143515__ATP8B2__tss154325525	ATP8B2	True	-1.0388082021029789e-06	-0.0002135555761643	154325000__154735000	411976	1.7725708186626434	clean ≤500 kb	316379	False	411976	300–500	1
ENSG00000160712__IL6R__tss154405193	IL6R	True	2.367470866887489e-05	0.0019873096880734	154405000__154900000	497308	2.2122224271297455	mixed	266213	False	497308	300–500	
ENSG00000163239__TDRD10__tss154502219	TDRD10	True	2.9402774295649936e-07	0.000323818229518	154500000__154900000	400282	4.594067692756653	clean ≤500 kb	322226	False	400282	300–500	4
ENSG00000169291__SHE__tss154502412	SHE	True	3.642211001226789e-07	0.0003079746532465	154500000__154900000	400089	4.594067692756653	clean ≤500 kb	322322	False	400089	300–500	4
ENSG00000160714__UBE2Q1__tss154559028	UBE2Q1	True	-8.226015659361374e-05	-0.0019815825322746	154555000__154755000	198473	3.0910346508026123	clean ≤500 kb	405630	False	198473	150–300	4
ENSG00000160716__CHRNB2__tss154567778	CHRNB2	True	1.4508849609338602e-06	0.0013528100113942	154565000__154895000	329723	2.761068642139435	clean ≤500 kb	342505	False	329723	300–500	3
ENSG00000160710__ADAR__tss154628013	ADAR	True	-3.477000652678773e-05	-0.0018265415947415	154625000__154895000	269488	2.5682733058929443	clean ≤500 kb	387623	False	269488	150–300	3
ENSG00000163344__PMVK__tss154936719	PMVK	True	0.0005519395469278	0.0078795306649146	154935000__154760000	-174218	1.3987941443920135	clean ≤500 kb	415257	False	174218	150–300	1
ENSG00000163346__PBXIP1__tss154956123	PBXIP1	True	-0.0012518641134901	-0.0043509477729167	154955000__154640000	-313622	1.668630987405777	clean ≤500 kb	365555	False	313622	300–500	1
ENSG00000163348__PYGO2__tss154963853	PYGO2	True	0.00363545766187	0.0019246304917595	154960000__154690000	-271352	1.084266945719719	clean ≤500 kb	364190	False	271352	150–300	1
ENSG00000160688__FLAD1__tss154983338	FLAD1	True	8.67082170274841e-05	0.0007851863668405	154980000__154905000	-75837	2.422721490263939	clean ≤500 kb	446948	False	75837	50–150	4
ENSG00000163352__LENEP__tss154993586	LENEP	True	0.000171479672916	0.0014955320372619	154990000__154905000	-86085	3.0121929347515106	clean ≤500 kb	441824	False	86085	50–150	4
ENSG00000160685__ZBTB7B__tss155002630	ZBTB7B	True	0.0003849742740906	0.0138812203298521	155000000__154905000	-95129	2.9685750901699066	clean ≤500 kb	437302	False	95129	50–150	4
ENSG00000163354__DCST2__tss155033781	DCST2	True	-1.1829995000639916e-05	-0.0045388323738239	155030000__154885000	-146280	1.6551226675510406	clean ≤500 kb	414226	False	146280	50–150	2
ENSG00000163357__DCST1__tss155033824	DCST1	True	2.2212651583223327e-06	0.001567848448457	155030000__154885000	-146323	1.6551226675510406	clean ≤500 kb	414205	False	146323	50–150	2
ENSG00000143537__ADAM15__tss155050566	ADAM15	True	0.0001228612934605	0.0124462661875959	155050000__154900000	-148065	1.819042444229126	clean ≤500 kb	413334	False	148065	50–150	2
ENSG00000243364__EFNA4__tss155063737	EFNA4	True	0.0010131901724581	0.0146512414100972	155060000__154905000	-156236	1.881076693534851	clean ≤500 kb	409248	False	156236	150–300	2
ENSG00000251246__EFNA4-EFNA3__tss155063748	EFNA4-EFNA3	True	0.0004372465246013	0.0060069407247241	155060000__154905000	-156247	1.881076693534851	clean ≤500 kb	409243	False	156247	150–300	2
ENSG00000143590__EFNA3__tss155078837	EFNA3	True	1.0282490850935114e-05	0.0091894743940366	155075000__154910000	-166336	2.600271850824356	clean ≤500 kb	404198	False	166336	150–300	3
ENSG00000169242__EFNA1__tss155127876	EFNA1	True	-0.0002767672034629	-0.0010536689850567	155125000__155865000	739625	2.2012016475200653	>500 kb	152554	False	739625		
ENSG00000169241__SLC50A1__tss155135344	SLC50A1	True	0.0015077267568686	0.0009375599603111	155135000__154680000	-452843	2.1606159657239914	clean ≤500 kb	280945	False	452843	300–500	2
ENSG00000179085__DPM3__tss155140595	DPM3	True	1.1571743165628146e-05	5.001842893148341e-05	155140000__154755000	-383094	1.5191660374403	clean ≤500 kb	323319	False	383094	300–500	1
ENSG00000163463__KRTCAP2__tss155173475	KRTCAP2	True	-0.0015472883311576	-0.0045835424668613	155170000__155485000	314026	1.6194835975766182	clean ≤500 kb	357854	False	314026	300–500	1
ENSG00000163462__TRIM46__tss155173787	TRIM46	True	-0.0004535380685408	-0.0041743867405751	155170000__155485000	313714	1.6194835975766182	clean ≤500 kb	358010	False	313714	300–500	1
ENSG00000273088__ENSG00000273088__tss155187272	ENSG00000273088	True	-8.185014735755548e-05	-0.0091697845785073	155185000__155530000	345229	2.2169467210769653	clean ≤500 kb	349752	False	345229	300–500	2
ENSG00000185499__MUC1__tss155192916	MUC1	True	-8.7622949444012e-06	-0.0022323387260295	155190000__154395000	-795415	7.068835258483887	>500 kb	107159	False	795415		
ENSG00000173171__MTX1__tss155208695	MTX1	True	0.0001242093957285	0.0017252316802787	155205000__155500000	293806	1.6036155074834824	clean ≤500 kb	375464	False	293806	150–300	1
ENSG00000169231__THBS3__tss155209051	THBS3	True	-9.120163158368028e-05	-0.0022902602010847	155205000__155500000	293450	1.6036155074834824	clean ≤500 kb	375642	False	293450	150–300	1
ENSG00000177628__GBA1__tss155244699	GBA1	True	4.122646061974731e-05	0.0028464009671693	155240000__155510000	267802	2.247109830379486	clean ≤500 kb	370966	False	267802	150–300	3
ENSG00000160767__ENTREP3__tss155255483	ENTREP3	True	-0.0003851874911725	-0.000869420342807	155255000__155540000	287018	2.6552740931510925	clean ≤500 kb	378858	False	287018	150–300	3
ENSG00000116521__SCAMP3__tss155262433	SCAMP3	True	-0.0005248601383183	-0.0010648277317255	155260000__155540000	280068	1.3909640908241272	clean ≤500 kb	382333	False	280068	150–300	1
ENSG00000143630__HCN3__tss155277463	HCN3	True	-0.0001140526116222	-0.0072994986746472	155275000__155545000	270038	1.125171184539795	clean ≤500 kb	387348	False	270038	150–300	1
ENSG00000176444__CLK2__tss155278491	CLK2	True	-9.691880516817832e-05	-0.0161015805260727	155275000__155545000	269010	1.125171184539795	clean ≤500 kb	387862	False	269010	150–300	1
ENSG00000143627__PKLR__tss155301438	PKLR	True	-0.001072678041192	-0.0058115572691558	155300000__155500000	201063	1.91792843490839	clean ≤500 kb	421835	False	201063	150–300	2
ENSG00000160752__FDPS__tss155308748	FDPS	True	0.0001959028685379	0.0003738044550034	155305000__155490000	183753	1.3230157271027565	clean ≤500 kb	430490	False	183753	150–300	1
ENSG00000160753__RUSC1__tss155320894	RUSC1	True	0.0003391254110097	0.0004115683219929	155320000__155540000	221607	2.906518429517746	clean ≤500 kb	411563	False	221607	150–300	3
ENSG00000116539__ASH1L__tss155563162	ASH1L	True	5.883825987099134e-05	0.0012499118314882	155560000__154680000	-880661	3.2868804931640625	>500 kb	82036	False	880661		
ENSG00000125459__MSTO1__tss155563235	MSTO1	True	-0.0019506784013973	-0.028157499629405	155560000__155440000	-120734	1.297525942325592	clean ≤500 kb	461999	False	120734	50–150	2
ENSG00000287839__ENSG00000287839__tss155648640	ENSG00000287839	True	-3.5558791296849863e-06	-0.0014321180725998	155645000__154845000	-801139	4.73436164855957	>500 kb	104297	False	801139		
ENSG00000132676__DAP3__tss155687960	DAP3	True	-0.0001377186828813	-0.0013709902261194	155685000__155440000	-245459	1.7689895629882812	clean ≤500 kb	399637	False	245459	150–300	2
ENSG00000163374__YY1AP1__tss155689334	YY1AP1	True	-8.432498176277892e-05	-0.0012295046265622	155685000__155440000	-246833	1.7689895629882812	clean ≤500 kb	398950	False	246833	150–300	2
ENSG00000116580__GON4L__tss155859400	GON4L	True	3.3269841747014806e-08	1.2625805270715176e-05	155855000__155495000	-361899	1.518340453505516	clean ≤500 kb	326417	False	361899	300–500	1
ENSG00000132718__SYT11__tss155859567	SYT11	True	-4.278660555497374e-06	-0.001553336964435	155855000__155495000	-362066	1.518340453505516	clean ≤500 kb	326333	False	362066	300–500	1
ENSG00000143622__RIT1__tss155911404	RIT1	True	3.257763541694714e-05	0.0001657919247209	155910000__155470000	-438903	2.431045234203338	clean ≤500 kb	292915	False	438903	300–500	2
ENSG00000173080__RXFP4__tss155941638	RXFP4	True	5.2648444309997405e-05	0.0056844066749099	155940000__155485000	-454137	3.006000280380249	clean ≤500 kb	285298	False	454137	300–500	3
ENSG00000160803__UBQLN4__tss156053798	UBQLN4	True	1.6055464258091234e-07	2.84308661099744e-06	156050000__155490000	-561297	1.7168012261390686	>500 kb	234218	False	561297		
ENSG00000116586__LAMTOR2__tss156054782	LAMTOR2	True	5.073064070257316e-05	0.0002046689703201	156050000__155490000	-562281	1.7168012261390686	>500 kb	233726	False	562281		
ENSG00000160785__SLC25A44__tss156193932	SLC25A44	True	-5.570858764140235e-05	-0.0018018572324011	156190000__157010000	818569	1.778394341468811	>500 kb	75582	False	818569		
ENSG00000260238__PMF1-BGLAP__tss156212982	PMF1-BGLAP	True	0.0001702289983331	0.0003758122363244	156210000__155455000	-755481	1.6817325353622437	>500 kb	137126	False	755481		
ENSG00000160783__PMF1__tss156212993	PMF1	True	-0.0007218724239431	-0.0016624229974332	156210000__155455000	-755492	1.6817325353622437	>500 kb	137120	False	755492		
ENSG00000242252__BGLAP__tss156242184	BGLAP	True	4.118430180460181e-05	0.0008123659366276	156240000__155545000	-694683	2.8926584720611572	>500 kb	152525	False	694683		
ENSG00000198952__SMG5__tss156282825	SMG5	True	9.28652978763808e-05	0.0020802409929005	156280000__155450000	-830324	2.224421739578247	>500 kb	107204	False	830324		
ENSG00000163472__TMEM79__tss156282935	TMEM79	True	4.976331319566166e-05	0.0021994441326928	156280000__155450000	-830434	2.224421739578247	>500 kb	107149	False	830434		
ENSG00000163468__CCT3__tss156367873	CCT3	True	-0.0001443330818321	-0.0047851059553132	156365000__155545000	-820372	2.190835475921631	>500 kb	77180	False	820372		
ENSG00000132677__RHBG__tss156369211	RHBG	True	6.776069349363756e-05	0.0005372815975097	156365000__155545000	-821710	2.190835475921631	>500 kb	76511	False	821710		
ENSG00000187862__TTC24__tss156579723	TTC24	True	-1.781334242943424e-08	-2.5459940064165103e-05	156575000__157295000	717778	1.662771701812744	>500 kb	143478	False	717778		
ENSG00000132702__HAPLN2__tss156619331	HAPLN2	True	3.820497334364962e-07	0.0002240477359468	156615000__157465000	848170	1.9344029426574707	>500 kb	80782	False	848170		
ENSG00000132692__BCAN__tss156641390	BCAN	True	-0.0014168008669092	-0.0131252240578205	156640000__157345000	706111	1.548992395401001	>500 kb	161811	False	706111		
ENSG00000132688__NES__tss156677407	NES	True	-3.5107760420255776e-05	-0.0021615607768023	156675000__157015000	340094	1.4152278900146484	clean ≤500 kb	317320	False	340094	300–500	1
ENSG00000143294__PRCC__tss156750610	PRCC	True	-0.0002927998647107	-0.0053792751824277	156750000__157255000	506891	2.9900810718536377	mixed	231421	False	506891		
ENSG00000198400__NTRK1__tss156815636	NTRK1	True	-4.8489899925517e-06	-0.0026325121913503	156815000__157000000	186865	1.1907682567834854	clean ≤500 kb	413934	False	186865	150–300	1
ENSG00000027869__SH2D2A__tss156816848	SH2D2A	True	7.330769144895939e-06	0.0042446014180427	156815000__157000000	185653	1.1907682567834854	clean ≤500 kb	414540	False	185653	150–300	1
ENSG00000027644__INSRR__tss156859117	INSRR	True	1.8937879693659615e-06	0.0021384565079874	156855000__156995000	138384	0.8097815662622452	clean ≤500 kb	433175	False	138384	50–150	1
ENSG00000187800__PEAR1__tss156893698	PEAR1	True	-5.97225665229271e-06	-0.006114227631093	156890000__157035000	143803	0.6677312701940536	clean ≤500 kb	450465	False	143803	50–150	1
ENSG00000160838__LRRC71__tss156920632	LRRC71	True	9.804487347573e-07	0.0012716966461835	156920000__157150000	231869	1.8839008286595345	clean ≤500 kb	368932	False	231869	150–300	2
ENSG00000132694__ARHGEF11__tss157046903	ARHGEF11	True	-0.0001180214955247	-0.0046637526513588	157045000__158005000	960598	2.129423141479492	>500 kb	27068	False	960598		
ENSG00000253831__ETV3L__tss157112412	ETV3L	True	4.766791833000432e-09	6.841459211613787e-06	157110000__158045000	935089	3.5296106338500977	>500 kb	47322	False	935089		
ENSG00000117036__ETV3__tss157138474	ETV3	True	-3.4415858701438394e-05	-0.0041138890056721	157135000__158110000	974027	3.484848737716675	>500 kb	35353	False	974027		
ENSG00000143297__FCRL5__tss157552515	FCRL5	True	-3.8772041464103825e-08	-5.542057046118231e-05	157550000__158070000	519986	2.67824387550354	mixed	262374	False	519986		
ENSG00000163518__FCRL4__tss157598085	FCRL4	True	1.3829236906201866e-07	0.0001988036941715	157595000__157950000	354416	2.389124259352684	clean ≤500 kb	312659	False	354416	300–500	2
ENSG00000160856__FCRL3__tss157700769	FCRL3	True	4.758677530857428e-09	6.830765945025654e-06	157700000__158310000	611732	2.6582086086273193	>500 kb	179001	False	611732		
ENSG00000132704__FCRL2__tss157777132	FCRL2	True	1.6986356203500154e-08	2.442115401239866e-05	157775000__158385000	610369	5.001657962799072	>500 kb	204682	False	610369		
ENSG00000163534__FCRL1__tss157820120	FCRL1	True	-9.708380258193513e-08	-0.0001384575062442	157820000__158370000	552381	3.95162296295166	mixed	246176	False	552381		
ENSG00000073754__CD5L__tss157898256	CD5L	True	4.12070619456511e-08	5.9219978516357355e-05	157895000__158885000	989245	7.9308929443359375	>500 kb	27744	False	989245		
ENSG00000183853__KIRREL1__tss157993273	KIRREL1	True	1.2209132770117062e-06	0.0010726331153804	157990000__158865000	874228	6.779290199279785	>500 kb	72753	False	874228		
ENSG00000288460__SMIM42__tss158128301	SMIM42	True	4.376339324462289e-08	6.291617596685685e-05	158125000__157965000	-160800	5.855074793100357	clean ≤500 kb	441966	False	160800	150–300	5
ENSG00000158473__CD1D__tss158178030	CD1D	True	-1.1027910794197155e-05	-0.0066613234944412	158175000__158955000	779471	15.35687255859375	>500 kb	132631	False	779471		
ENSG00000158477__CD1A__tss158254424	CD1A	True	1.1046604594517993e-07	0.0001493992360544	158250000__158970000	718077	5.491199731826782	>500 kb	125828	False	718077		
ENSG00000158481__CD1C__tss158289923	CD1C	True	4.785155639577651e-07	0.0006573208534276	158285000__158970000	682578	4.116354525089264	>500 kb	143578	False	682578		
ENSG00000158485__CD1B__tss158331531	CD1B	True	-2.3736262627738148e-08	-3.4005007087215916e-05	158330000__158955000	625970	13.787471771240234	>500 kb	209382	False	625970		
ENSG00000158488__CD1E__tss158353696	CD1E	True	-9.379147874033357e-08	-0.0001341738822425	158350000__158955000	603805	10.586927354335783	>500 kb	205464	False	603805		
ENSG00000186306__OR10T2__tss158399466	OR10T2	True	2.690995011038258e-09	3.875017441017122e-06	158395000__159390000	993035	7.4844255447387695	>500 kb	25849	False	993035		
ENSG00000180708__OR10K2__tss158426237	OR10K2	True	-1.1718303446537492e-08	-1.6895395392766644e-05	158425000__158965000	541264	4.501219213008881	mixed	244235	False	541264		
ENSG00000173285__OR10K1__tss158461574	OR10K1	True	-1.457286474891632e-09	-2.1014395474683985e-06	158460000__159105000	645927	3.251673400402069	>500 kb	171903	False	645927		
ENSG00000198965__OR10R2__tss158472220	OR10R2	True	-1.3955270943368964e-08	-2.0116786752865013e-05	158470000__158955000	485281	7.514549672603607	mixed	269726	False	485281	300–500	
ENSG00000197532__OR6Y1__tss158554405	OR6Y1	True	1.940910036299354e-09	2.799409158486231e-06	158550000__159455000	903096	6.167047500610352	>500 kb	58319	False	903096		
ENSG00000186440__OR6P1__tss158570580	OR6P1	True	8.655158630770516e-10	1.248408214858242e-06	158570000__159450000	881921	9.115279197692873	>500 kb	63906	False	881921		
ENSG00000279111__OR10X1__tss158579899	OR10X1	True	3.146585010319194e-08	4.519699241080461e-05	158575000__159495000	917602	7.333414077758789	>500 kb	48566	False	917602		
ENSG00000198967__OR10Z1__tss158605268	OR10Z1	True	5.086963064580964e-09	7.315759959244006e-06	158605000__157740000	-862767	6.168356418609619	>500 kb	53483	False	862767		
ENSG00000163554__SPTA1__tss158686715	SPTA1	True	-4.560347789396536e-07	-0.0004595377779633	158685000__159605000	920786	14.59896183013916	>500 kb	54474	False	920786		
ENSG00000196171__OR6K2__tss158700652	OR6K2	True	6.755902254610141e-08	9.619884074986148e-05	158700000__157750000	-948151	6.975760459899902	>500 kb	30791	False	948151		
ENSG00000203757__OR6K3__tss158720720	OR6K3	True	6.289123659539326e-09	9.087572716525967e-06	158720000__158375000	-343219	2.4236622601747513	clean ≤500 kb	320757	False	343219	300–500	2
ENSG00000180433__OR6K6__tss158754720	OR6K6	True	1.0686195250126884e-10	1.6402794267392521e-07	158750000__159605000	852781	11.57537841796875	>500 kb	88476	False	852781		
ENSG00000197403__OR6N1__tss158772195	OR6N1	True	-2.0903819557590002e-08	-2.988509699520511e-05	158770000__158235000	-534694	10.892440795898438	mixed	247519	False	534694		
ENSG00000188340__OR6N2__tss158781204	OR6N2	True	-7.995733676087986e-10	-1.1370485530864775e-06	158780000__158220000	-558703	6.506095856428146	>500 kb	210515	False	558703		
ENSG00000163563__MNDA__tss158831351	MNDA	True	2.093305189783407e-07	0.0002814438649639	158830000__158220000	-608850	9.09042739868164	>500 kb	190441	False	608850		
ENSG00000163564__PYHIN1__tss158930796	PYHIN1	True	-1.683161683746206e-07	-0.000237606003243	158930000__158215000	-713295	10.097900748252869	>500 kb	140719	False	713295		
ENSG00000163565__IFI16__tss158999968	IFI16	True	-1.0743087940807972e-06	-0.0009181747593107	158995000__158235000	-762467	12.236767947673798	>500 kb	103633	False	762467		
ENSG00000289721__PYDC5__tss159002751	PYDC5	True	-2.4691880826877092e-08	-3.44158717940574e-05	159000000__158230000	-770250	10.306883811950684	>500 kb	129741	False	770250		
ENSG00000162706__CADM3__tss159171609	CADM3	True	-3.781283131402868e-07	-0.0005282602115261	159170000__158240000	-929108	5.490170478820801	>500 kb	50312	False	929108		
ENSG00000163568__AIM2__tss159187843	AIM2	True	-3.919096640782522e-08	-5.4222124670486645e-05	159185000__159690000	504658	4.583752632141113	mixed	255038	False	504658		
ENSG00000213088__ACKR1__tss159204875	ACKR1	True	2.65118013687216e-06	0.0023634439630395	159200000__159625000	422626	5.966049075126648	clean ≤500 kb	296054	False	422626	300–500	5
ENSG00000179639__FCER1A__tss159289714	FCER1A	True	-1.0401400302897657e-06	-0.0014892034532389	159285000__159630000	342787	5.055131614208221	clean ≤500 kb	350973	False	342787	300–500	5
ENSG00000196266__OR10J3__tss159314659	OR10J3	True	-3.813844309775391e-07	-0.0005443874694525	159310000__159615000	302842	2.292432442307472	clean ≤500 kb	363446	False	302842	300–500	2
ENSG00000249730__OR10J4__tss159432204	OR10J4	True	4.9297752233284305e-08	7.078875198694235e-05	159430000__158890000	-539703	4.322547912597656	>500 kb	240015	False	539703		
ENSG00000196184__OR10J1__tss159437845	OR10J1	True	2.413229585577798e-09	3.474755692908858e-06	159435000__158950000	-485344	4.216867446899414	mixed	247194	False	485344	300–500	
ENSG00000184155__OR10J5__tss159536007	OR10J5	True	-5.4316122979012675e-06	-0.0069838190745007	159535000__159730000	196494	4.085039138793945	clean ≤500 kb	406620	False	196494	150–300	5
ENSG00000132703__APCS__tss159587826	APCS	True	6.0105763591770944e-05	0.0051243219697069	159585000__160475000	889675	5.90889310836792	>500 kb	65029	False	889675		
ENSG00000132693__CRP__tss159714589	CRP	True	-6.323508278316403e-05	-0.0021858063556875	159710000__160500000	787912	2.92268443107605	>500 kb	128411	False	787912		
ENSG00000158716__DUSP23__tss159780932	DUSP23	True	-0.0018693054809754	-0.015414523752442	159780000__159325000	-453431	3.548977017402649	clean ≤500 kb	295651	False	453431	300–500	4
ENSG00000181036__FCRL6__tss159800511	FCRL6	True	3.1706338960468916e-07	0.0004448747139595	159800000__159100000	-698010	2.6163447499275208	>500 kb	143361	False	698010		
ENSG00000158714__SLAMF8__tss159826811	SLAMF8	True	-4.3680759024698937e-08	-5.868974284333828e-05	159825000__160600000	775690	3.39888858795166	>500 kb	119522	False	775690		
ENSG00000243284__VSIG8__tss159862657	VSIG8	True	1.6442052743777635e-06	0.0011033837262288	159860000__160695000	834844	4.074972629547119	>500 kb	69945	False	834844		
ENSG00000256029__ENSG00000256029__tss159873053	ENSG00000256029	True	-1.0068052974631096e-06	-0.0011249820704178	159870000__160445000	574448	2.64530411362648	>500 kb	212643	False	574448		
ENSG00000213085__CFAP45__tss159900165	CFAP45	True	7.856535750668154e-08	0.0001058267593637	159900000__160695000	797336	5.070579528808594	>500 kb	111199	False	797336		
ENSG00000158710__TAGLN2__tss159925507	TAGLN2	True	0.0001085243612033	0.0022499891842415	159925000__159215000	-708006	2.0209531784057617	>500 kb	140863	False	708006		
ENSG00000085552__IGSF9__tss159945613	IGSF9	True	-3.833306278581343e-06	-0.00330351121902	159945000__160600000	656888	2.8472229838371277	>500 kb	166423	False	656888		
ENSG00000162723__SLAMF9__tss159954237	SLAMF9	True	3.57228256547842e-07	0.0004120039461565	159950000__159110000	-841736	4.837246894836426	>500 kb	93998	False	841736		
ENSG00000143315__PIGM__tss160031990	PIGM	True	-2.228308963000969e-05	-0.0001566847532325	160030000__160985000	955511	2.3369381427764893	>500 kb	44611	False	955511		
ENSG00000177807__KCNJ10__tss160070483	KCNJ10	True	-1.0617242269897811e-05	-0.0045281627015637	160070000__160600000	532018	1.885275959968567	>500 kb	226358	False	532018		
ENSG00000162728__KCNJ9__tss160081538	KCNJ9	True	4.756279208407201e-06	0.0047173292168172	160080000__160970000	890963	2.414599269628525	>500 kb	56885	False	890963		
ENSG00000162729__IGSF8__tss160098943	IGSF8	True	-1.105521925073849e-05	-0.0004278692866122	160095000__160445000	348558	2.1992761194705963	clean ≤500 kb	333088	False	348558	300–500	2
ENSG00000018625__ATP1A2__tss160115759	ATP1A2	True	5.194943391719796e-07	0.0006819938337965	160115000__160985000	871742	3.613506585359574	>500 kb	51496	False	871742		
ENSG00000132681__ATP1A4__tss160151586	ATP1A4	True	-6.517318251887263e-09	-9.37582028615636e-06	160150000__160920000	770915	1.9003270268440249	>500 kb	106909	False	770915		
ENSG00000143318__CASQ1__tss160190575	CASQ1	True	-1.781498810792708e-06	-0.00159191825446	160190000__160985000	796926	2.194612979888916	>500 kb	123904	False	796926		
ENSG00000162734__PEA15__tss160205380	PEA15	True	2.9749573667494505e-05	0.0013253738053383	160205000__160975000	772121	2.0421125888824463	>500 kb	136306	False	772121		
ENSG00000132716__DCAF8__tss160262549	DCAF8	True	6.899467363638556e-05	0.0005576939748283	160260000__160910000	649952	1.848745435476303	>500 kb	167391	False	649952		
ENSG00000258465__ENSG00000258465__tss160285130	ENSG00000258465	True	-2.1354979121229745e-05	-0.0002415752195203	160285000__160980000	697371	2.9690494537353516	>500 kb	173681	False	697371		
ENSG00000162735__PEX19__tss160286348	PEX19	True	0.0001517826146427	0.0041167254742925	160285000__160980000	696153	2.9690494537353516	>500 kb	174290	False	696153		
ENSG00000162736__NCSTN__tss160343294	NCSTN	True	2.75790246474783e-06	2.7352981267050273e-05	160340000__160985000	644207	2.4152579307556152	>500 kb	200263	False	644207		
ENSG00000122218__COPA__tss160343566	COPA	True	0.0001404486929604	0.0012298534624054	160340000__160985000	643935	2.4152579307556152	>500 kb	200399	False	643935		
ENSG00000171786__NHLH1__tss160367071	NHLH1	True	-5.84929483806655e-06	-0.0038357157001817	160365000__160990000	625430	2.3473920822143555	>500 kb	209652	False	625430		
ENSG00000162738__VANGL2__tss160400564	VANGL2	True	-6.6771588795224845e-06	-0.0063987725331924	160400000__160625000	226937	2.2170978486537933	clean ≤500 kb	373898	False	226937	150–300	3
ENSG00000162739__SLAMF6__tss160523262	SLAMF6	True	7.041055004753792e-07	0.0009388104662417	160520000__159605000	-915761	15.589043617248535	>500 kb	46986	False	915761		
ENSG00000066294__CD84__tss160579516	CD84	True	-1.3526643682379647e-06	-0.0018039318731791	160575000__160435000	-142015	1.8242613077163696	clean ≤500 kb	451359	False	142015	50–150	2
ENSG00000117090__SLAMF1__tss160647044	SLAMF1	True	1.286893413724702e-06	0.0015743775377157	160645000__160430000	-214543	2.475527584552765	clean ≤500 kb	415095	False	214543	150–300	3
ENSG00000117091__CD48__tss160711831	CD48	True	8.722596883210056e-07	0.00108907434639	160710000__160475000	-234330	1.9677800238132477	clean ≤500 kb	390201	False	234330	150–300	2
ENSG00000026751__SLAMF7__tss160739057	SLAMF7	True	3.4133655886259577e-07	0.0004757974919013	160735000__160965000	228444	2.7421108409762383	clean ≤500 kb	385645	False	228444	150–300	3
ENSG00000122224__LY9__tss160796074	LY9	True	3.500196914075487e-07	0.000490193295686	160795000__160465000	-328573	2.9953030347824097	clean ≤500 kb	348080	False	328573	300–500	3
ENSG00000122223__CD244__tss160862887	CD244	True	-5.466218345350811e-07	-0.000745683646573	160860000__160430000	-430386	3.118976801633835	clean ≤500 kb	307173	False	430386	300–500	3
ENSG00000179914__ITLN1__tss160885180	ITLN1	True	-5.5502983149832296e-06	-0.004932642960021	160885000__160450000	-432679	2.206005334854126	clean ≤500 kb	296027	False	432679	300–500	2
ENSG00000158764__ITLN2__tss160954809	ITLN2	True	4.262906050499311e-06	0.0055638748894934	160950000__160700000	-252308	2.389368787407875	clean ≤500 kb	358712	False	252308	150–300	3
ENSG00000158769__F11R__tss161021175	F11R	True	-0.0001032452756917	-0.001387106875166	161020000__161930000	911326	1.9887884855270384	>500 kb	56704	False	911326		
ENSG00000270149__ENSG00000270149__tss161038962	ENSG00000270149	True	0.0004985804241181	0.0010932158290949	161035000__160695000	-341461	3.5878779888153076	clean ≤500 kb	316636	False	341461	300–500	4
ENSG00000215845__TSTD1__tss161038977	TSTD1	True	-0.0012768516041562	-0.0028459762175595	161035000__160695000	-341476	3.5878779888153076	clean ≤500 kb	316628	False	341476	300–500	4
ENSG00000158773__USF1__tss161045977	USF1	True	-3.201870345020605e-05	-0.0009226112123906	161045000__161270000	226524	1.1913453489542007	clean ≤500 kb	374105	False	226524	150–300	1
ENSG00000186517__ARHGAP30__tss161069970	ARHGAP30	True	3.7190321335377023e-06	0.001203980434714	161065000__160435000	-632469	2.593484878540039	>500 kb	206132	False	632469		
ENSG00000143217__NECTIN4__tss161089558	NECTIN4	True	5.980227634497725e-07	0.0006000831789179	161085000__161830000	742943	3.1710872650146484	>500 kb	133395	False	742943		
ENSG00000162755__KLHDC9__tss161098361	KLHDC9	True	0.0003941324088292	0.024927143365219	161095000__160990000	-105860	3.954693496227264	clean ≤500 kb	431936	False	105860	50–150	5
ENSG00000143256__PFDN2__tss161118055	PFDN2	True	4.807255878490346e-05	0.0003611787015262	161115000__162105000	989446	4.975931167602539	>500 kb	27644	False	989446		
ENSG00000158793__NIT1__tss161118086	NIT1	True	-2.9612817680491066e-06	-7.983641131953552e-06	161115000__162105000	989415	4.975931167602539	>500 kb	27659	False	989415		
ENSG00000158796__DEDD__tss161132688	DEDD	True	-8.87848696288912e-05	-0.0017503303139821	161130000__160475000	-655187	3.595341205596924	>500 kb	179773	False	655187		
ENSG00000143222__UFC1__tss161152776	UFC1	True	0.0007576882556151	0.0051794932331318	161150000__161330000	179725	1.432292401790619	clean ≤500 kb	425004	False	179725	150–300	1
ENSG00000143258__USP21__tss161159450	USP21	True	0.0019511774481506	0.0024391713135621	161155000__161340000	183051	1.729403018951416	clean ≤500 kb	430841	False	183051	150–300	2
ENSG00000143224__PPOX__tss161166056	PPOX	True	-0.000358353353963	-0.0014215253181774	161165000__161330000	166445	1.577435314655304	clean ≤500 kb	439144	False	166445	150–300	1
ENSG00000158850__B4GALT3__tss161177968	B4GALT3	True	8.622652340188608e-05	0.0009973855076915	161175000__161295000	119533	1.3403208255767822	clean ≤500 kb	462600	False	119533	50–150	2
ENSG00000158864__NDUFS2__tss161197104	NDUFS2	True	-1.3137296913545487e-05	-0.0046483063128799	161195000__161290000	95397	2.839012563228607	clean ≤500 kb	474668	False	95397	50–150	4
ENSG00000158859__ADAMTS4__tss161199054	ADAMTS4	True	2.7250776308373415e-05	0.0074353966054328	161195000__161290000	93447	2.369718313217163	clean ≤500 kb	450643	False	93447	50–150	4
ENSG00000158869__FCER1G__tss161215234	FCER1G	True	2.1830823116908427e-05	3.767905103090334e-05	161215000__161285000	72267	2.0614317059516907	clean ≤500 kb	453733	False	72267	50–150	3
ENSG00000158874__APOA2__tss161223631	APOA2	True	0.0696070998705984	0.0117311449237698	161220000__161290000	68870	2.6004616618156433	clean ≤500 kb	467932	False	68870	50–150	4
ENSG00000158882__TOMM40L__tss161225939	TOMM40L	True	0.0017516815015835	0.015818257662699	161225000__161290000	66562	4.33668440580368	clean ≤500 kb	461586	False	66562	50–150	5
ENSG00000143257__NR1I3__tss161238244	NR1I3	True	-0.0002793387254531	-0.0098990808188044	161235000__161320000	84257	0.5143527984619141	clean ≤500 kb	465238	False	84257	50–150	1
ENSG00000248485__PCP4L1__tss161258745	PCP4L1	True	0.000119898834795	0.0343022872911041	161255000__161350000	93756	0.6455886960029602	clean ≤500 kb	437989	False	93756	50–150	1
ENSG00000158887__MPZ__tss161309968	MPZ	True	-2.3290224445966616e-06	-0.002187132877628	161305000__162100000	792533	2.978694438934326	>500 kb	113600	False	792533		
ENSG00000143252__SDHC__tss161314381	SDHC	True	-4.277183968305273e-05	-0.0017383015346913	161310000__162240000	928120	3.026331901550293	>500 kb	50807	False	928120		
ENSG00000188931__CFAP126__tss161367876	CFAP126	True	0.0001797227648748	0.0036252557575005	161365000__160475000	-890375	4.429262161254883	>500 kb	62179	False	890375		
ENSG00000143226__FCGR2A__tss161505430	FCGR2A	True	2.1269990199422432e-05	0.0071947660970736	161505000__162420000	917071	2.902338981628418	>500 kb	46331	False	917071		
ENSG00000173110__HSPA6__tss161524540	HSPA6	True	-2.9929308139275967e-05	-0.002498162645709	161520000__162295000	772961	2.491103410720825	>500 kb	135886	False	772961		
ENSG00000203747__FCGR3A__tss161550968	FCGR3A	True	4.1891665362866836e-07	0.00054529379788	161550000__162465000	916533	8.643925666809082	>500 kb	54100	False	916533		
ENSG00000244682__FCGR2C__tss161581339	FCGR2C	True	3.166564645657802e-08	4.409911247533357e-05	161580000__162255000	676162	34.86383819580078	>500 kb	171786	False	676162		
ENSG00000289768__ENSG00000289768__tss161631456	ENSG00000289768	True	6.683283796767096e-07	0.0008309360996097	161630000__162470000	841045	3.607900619506836	>500 kb	94344	False	841045		
ENSG00000162747__FCGR3B__tss161631963	FCGR3B	True	2.0471641617407225e-07	0.0002713994247088	161630000__162470000	840538	3.607900619506836	>500 kb	94598	False	840538		
ENSG00000072694__FCGR2B__tss161663143	FCGR2B	True	1.282899271245847e-07	0.0001767460773804	161660000__162110000	449358	7.357950210571289	clean ≤500 kb	285188	False	449358	300–500	5
ENSG00000132185__FCRLA__tss161706972	FCRLA	True	8.597632047499407e-07	0.0009045379856422	161705000__162620000	915529	2.718416213989258	>500 kb	44602	False	915529		
ENSG00000162746__FCRLB__tss161721544	FCRLB	True	6.957039741013358e-07	0.0008834460357373	161720000__162295000	575957	2.838649570941925	>500 kb	234388	False	575957		
ENSG00000081721__DUSP12__tss161749758	DUSP12	True	0.0003040916893353	0.0026364019892699	161745000__162475000	727743	3.4887917041778564	>500 kb	120995	False	727743		
ENSG00000118217__ATF6__tss161766298	ATF6	True	-3.5866968055013604e-05	-0.0010962609469658	161765000__162270000	506203	3.898057460784912	mixed	269265	False	506203		
ENSG00000162745__OLFML2B__tss162023869	OLFML2B	True	4.7775031094820386e-06	0.0059391153555167	162020000__161790000	-231368	2.3764212131500244	clean ≤500 kb	399182	False	231368	150–300	3
ENSG00000198929__NOS1AP__tss162069691	NOS1AP	True	-2.631122356428275e-05	-0.0014708159426661	162065000__162725000	657810	3.2958218157291412	>500 kb	180962	False	657810		
ENSG00000254706__ENSG00000254706__tss162365407	ENSG00000254706	True	-0.0193703208159955	-0.1934232158258827	162365000__162050000	-312906	4.767940640449524	clean ≤500 kb	365913	False	312906	300–500	5
ENSG00000171722__SPATA46__tss162376854	SPATA46	True	0.0033953707138518	0.2882842316080527	162375000__162055000	-319353	6.661059379577637	clean ≤500 kb	332690	False	319353	300–500	5
ENSG00000239887__C1orf226__tss162378841	C1orf226	True	0.0077280738815947	0.3124508265987092	162375000__162055000	-321340	6.661059379577637	clean ≤500 kb	331696	False	321340	300–500	5
ENSG00000198574__SH2D1B__tss162412138	SH2D1B	True	2.330136027999953e-06	0.0031100029434857	162410000__162055000	-354637	3.408303439617157	clean ≤500 kb	345048	False	354637	300–500	4
ENSG00000152332__UHMK1__tss162497251	UHMK1	True	-6.886827882876534e-05	-0.0008858625173358	162495000__162050000	-444750	3.1282920092344284	clean ≤500 kb	299991	False	444750	300–500	3
ENSG00000117143__UAP1__tss162561722	UAP1	True	8.588232423408296e-05	0.0021569941104157	162560000__161880000	-679221	3.458742320537567	>500 kb	175256	False	679221		
ENSG00000162733__DDR2__tss162631373	DDR2	True	2.5421408308671676e-06	0.0021358043992168	162630000__161865000	-763872	4.465714454650879	>500 kb	132930	False	763872		
ENSG00000132196__HSD17B7__tss162790702	HSD17B7	True	-0.0007297150901801	-0.0348726770584694	162790000__162605000	-183201	5.328736841678619	clean ≤500 kb	393266	False	183201	150–300	5
ENSG00000185860__CCDC190__tss162868761	CCDC190	True	3.908249444589635e-09	6.322003145351179e-06	162865000__163280000	413740	2.83352530002594	clean ≤500 kb	277997	False	413740	300–500	3
ENSG00000117152__RGS4__tss163068775	RGS4	True	6.289899734528646e-05	0.0702658271614653	163065000__162885000	-181274	3.1405246257781982	clean ≤500 kb	409229	False	181274	150–300	4
ENSG00000143228__NUF2__tss163266576	NUF2	True	1.0033086188076105e-06	0.0012230275231037	163265000__162885000	-379075	2.986449599266052	clean ≤500 kb	332829	False	379075	300–500	3
ENSG00000143248__RGS5__tss163321791	RGS5	True	-0.0001348894000075	-0.0104064306850271	163320000__162840000	-479290	4.976110100746155	clean ≤500 kb	282721	False	479290	300–500	5
ENSG00000185630__PBX1__tss164555584	PBX1	True	3.075508541147654e-09	4.4306267675897295e-06	164555000__163575000	-978083	10.992249011993408	>500 kb	33325	False	978083		
ENSG00000162761__LMX1A__tss165356715	LMX1A	True	-4.443048029246648e-08	-6.374680659441807e-05	165355000__166310000	955786	5.2364397048950195	>500 kb	44474	False	955786		
ENSG00000143171__RXRG__tss165445355	RXRG	True	-3.7488003159671496e-08	-4.9750113360601935e-05	165445000__166210000	767146	4.466337203979492	>500 kb	113794	False	767146		
ENSG00000162763__LRRC52__tss165544000	LRRC52	True	-8.393823060777084e-08	-0.0001192989435449	165540000__166315000	773501	8.227115631103516	>500 kb	120616	False	773501		
ENSG00000143198__MGST3__tss165631213	MGST3	True	0.0002491652794719	0.0050971315496087	165630000__165920000	291288	2.741798385977745	clean ≤500 kb	346723	False	291288	150–300	3
ENSG00000143149__ALDH9A1__tss165698562	ALDH9A1	True	0.0002573313582435	0.0039985809065663	165695000__165915000	218939	4.848665356636047	clean ≤500 kb	375397	False	218939	150–300	5
ENSG00000143179__UCK2__tss165827614	UCK2	True	0.0002209952801558	0.0031773928763094	165825000__166780000	954887	6.675242900848389	>500 kb	32423	False	954887		
ENSG00000143183__TMCO1__tss165827755	TMCO1	True	-3.215368415961789e-06	-0.0001298304193514	165825000__166780000	954746	6.675242900848389	>500 kb	32494	False	954746		
ENSG00000188859__FAM78B__tss166167001	FAM78B	True	3.8314867715011835e-06	0.0029632271108656	166165000__165390000	-774500	3.2482119500637054	>500 kb	105116	False	774500		
ENSG00000143157__POGK__tss166839447	POGK	True	-0.0001767072453102	-0.0053140495962594	166835000__165870000	-966946	4.489462614059448	>500 kb	28893	False	966946		
ENSG00000152382__TADA1__tss166876264	TADA1	True	6.932301617030776e-05	0.0022282193215764	166875000__167535000	661237	5.957162111997604	>500 kb	191748	False	661237		
ENSG00000143195__ILDR2__tss166975540	ILDR2	True	6.910235820676517e-07	0.0007442991125208	166975000__166210000	-763039	4.412490367889404	>500 kb	133347	False	763039		
ENSG00000143194__MAEL__tss166975582	MAEL	True	-4.157057589246111e-07	-0.0005182579643194	166975000__166210000	-763081	4.412490367889404	>500 kb	133326	False	763081		
ENSG00000198842__STYXL2__tss167094075	STYXL2	True	-7.420760991181745e-08	-0.0001053125888662	167090000__167500000	408426	3.1049159169197083	clean ≤500 kb	283154	False	408426	300–500	3
ENSG00000143167__GPA33__tss167166479	GPA33	True	9.261627852951898e-08	0.0001296177926957	167165000__166225000	-938978	3.4878907203674316	>500 kb	45377	False	938978		
ENSG00000143190__POU2F1__tss167220876	POU2F1	True	0.0001743732929167	0.0158459566389164	167220000__167525000	306625	2.736889600753784	clean ≤500 kb	341554	False	306625	300–500	3
ENSG00000198821__CD247__tss167518640	CD247	True	-5.834084555058456e-07	-0.0007606291632744	167515000__166955000	-561139	3.3528677225112915	mixed	234297	False	561139		
ENSG00000143162__CREG1__tss167553805	CREG1	True	-5.4772560347603194e-05	-0.000967061905588	167550000__166810000	-741304	4.139741897583008	>500 kb	131714	False	741304		
ENSG00000198771__RCSD1__tss167630093	RCSD1	True	-6.547560048661557e-07	-0.0007402835274376	167630000__166925000	-702592	4.463049501180649	>500 kb	156070	False	702592		
ENSG00000197965__MPZL1__tss167721192	MPZL1	True	0.0151465684411367	0.3284603701825561	167720000__167800000	81309	3.151227056980133	clean ≤500 kb	444212	False	81309	50–150	4
ENSG00000143199__ADCY10__tss167914215	ADCY10	True	-4.756119929978479e-05	-0.0032973636155808	167910000__168470000	558286	3.073652982711792	>500 kb	218224	False	558286		
ENSG00000143164__DCAF6__tss167935783	DCAF6	True	0.000649677722022	0.0043433368390041	167935000__168915000	981718	2.8457138538360596	>500 kb	31508	False	981718		
ENSG00000143158__MPC2__tss167937072	MPC2	True	-0.0009288578851708	-0.0030921110126845	167935000__168915000	980429	2.8457138538360596	>500 kb	32152	False	980429		
ENSG00000143147__GPR161__tss168137667	GPR161	True	5.504782112130194e-09	3.831474436858179e-06	168135000__169010000	874834	2.9145572185516357	>500 kb	84950	False	874834		
ENSG00000143155__TIPRL__tss168178962	TIPRL	True	-0.0001880862473541	-0.0025013725695943	168175000__167235000	-941461	3.1754681169986725	>500 kb	51636	False	941461		
ENSG00000213064__SFT2D2__tss168225938	SFT2D2	True	-7.698873810126419e-05	-0.0034482821736905	168225000__169220000	996563	4.2015862464904785	>500 kb	24085	False	996563		
ENSG00000143178__TBX19__tss168280877	TBX19	True	-1.1746728260349571e-06	-0.0004496216312701	168280000__169210000	931624	3.7964372634887695	>500 kb	36555	False	931624		
ENSG00000143185__XCL2__tss168543997	XCL2	True	-1.7312277205574589e-06	-0.0014489265759255	168540000__169400000	858504	4.696893215179443	>500 kb	85615	False	858504		
ENSG00000143184__XCL1__tss168576605	XCL1	True	0.0018725676466244	0.3510265120747413	168575000__168350000	-224104	8.0942422747612	clean ≤500 kb	397814	False	224104	150–300	5
ENSG00000143196__DPT__tss168729206	DPT	True	9.217122536315624e-07	0.0010450807548646	168725000__169345000	618295	5.13774710893631	>500 kb	213219	False	618295		
ENSG00000143153__ATP1B1__tss169105697	ATP1B1	True	0.0084693789765168	0.0439310018333556	169105000__168685000	-418196	5.5713653564453125	clean ≤500 kb	300768	False	418196	300–500	5
ENSG00000143156__NME7__tss169367948	NME7	True	2.9928128836450435e-05	0.0013118622549229	169365000__168600000	-765447	7.333136558532715	>500 kb	104643	False	765447		
ENSG00000117475__BLZF1__tss169367970	BLZF1	True	-0.0002724775169515	-0.0064538317174739	169365000__168600000	-765469	7.333136558532715	>500 kb	104632	False	765469		
ENSG00000117477__CCDC181__tss169460669	CCDC181	True	1.4183966306847984e-05	0.0039582498538581	169460000__168610000	-848168	8.713793933391571	>500 kb	98282	False	848168		
ENSG00000117479__SLC19A2__tss169485944	SLC19A2	True	-0.0001455442003063	-0.0014941970182641	169485000__168600000	-883443	8.323388397693634	>500 kb	58145	False	883443		
ENSG00000198734__F5__tss169586588	F5	True	-0.0042129915540023	-0.0391291218169714	169585000__169805000	220913	4.5407440066337585	clean ≤500 kb	411910	False	220913	150–300	5
ENSG00000174175__SELP__tss169630193	SELP	True	1.8281785324792362e-07	0.0002548880500789	169630000__170345000	717308	4.05514669418335	>500 kb	146213	False	717308		
ENSG00000000460__FIRRM__tss169662007	FIRRM	True	-5.750523900763237e-07	-0.000785006498548	169660000__170555000	895494	6.590631008148193	>500 kb	44620	False	895494		
ENSG00000188404__SELL__tss169711702	SELL	True	-1.125603499045754e-06	-0.0010966983347092	169710000__170475000	765799	3.439985752105713	>500 kb	124467	False	765799		
ENSG00000007908__SELE__tss169764705	SELE	True	1.0763889844828361e-07	0.0001539939621343	169760000__170650000	887796	4.690133571624756	>500 kb	60969	False	887796		
ENSG00000171806__METTL18__tss169794963	METTL18	True	0.000136335021673	0.0010512496286533	169790000__169560000	-232462	2.3562170565128326	clean ≤500 kb	378635	False	232462	150–300	3
ENSG00000000457__SCYL3__tss169894267	SCYL3	True	2.7479240497289142e-05	0.0022003285218524	169890000__170840000	948234	5.322173595428467	>500 kb	40750	False	948234		
ENSG00000075945__KIFAP3__tss170085208	KIFAP3	True	-1.5850111166962587e-08	-2.2759586667812356e-05	170085000__170955000	872293	8.081661224365234	>500 kb	51220	False	872293		
ENSG00000203740__NTMT2__tss170145959	NTMT2	True	-1.17379387726461e-09	-3.811287939564385e-07	170145000__170900000	756542	7.204470872879028	>500 kb	144096	False	756542		
ENSG00000120370__GORAB__tss170531819	GORAB	True	6.543276534018774e-05	0.0023416593312354	170530000__169940000	-589318	4.375120967626572	>500 kb	227707	False	589318		
ENSG00000116132__PRRX1__tss170662728	PRRX1	True	-1.0554825207757657e-07	-0.0001457848031877	170660000__170010000	-650227	2.887282013893127	>500 kb	162253	False	650227		
ENSG00000117501__MROH9__tss170935526	MROH9	True	1.5257138162690505e-08	2.1959781984678072e-05	170935000__169935000	-998025	12.24012964963913	>500 kb	23354	False	998025		
ENSG00000007933__FMO3__tss171090901	FMO3	True	-4.305541987102441e-05	-0.0052482538419341	171090000__170245000	-843400	3.9628913402557377	>500 kb	100666	False	843400		
ENSG00000094963__FMO2__tss171185249	FMO2	True	-4.239738751632646e-07	-0.0005616129000269	171185000__170270000	-912748	3.658663749694824	>500 kb	40992	False	912748		
ENSG00000010932__FMO1__tss171248471	FMO1	True	4.332758890363621e-07	0.0005313520251442	171245000__170310000	-935970	5.106723308563232	>500 kb	31881	False	935970		
ENSG00000076258__FMO4__tss171314183	FMO4	True	-2.3299252215096093e-05	-0.0067352130513823	171310000__170570000	-741682	4.744696617126465	>500 kb	144025	False	741682		
ENSG00000117523__PRRC2C__tss171485530	PRRC2C	True	-0.0001227052420527	-0.0022447248110281	171485000__172465000	981971	2.6473212242126465	>500 kb	31381	False	981971		
ENSG00000283683__MYOCOS__tss171600621	MYOCOS	True	5.3529252779938984e-06	0.0028436765834375	171600000__172510000	911880	5.450920104980469	>500 kb	51427	False	911880		
ENSG00000034971__MYOC__tss171652688	MYOC	True	-3.393777714171803e-07	-0.0004363422797911	171650000__172585000	934813	4.921201229095459	>500 kb	54960	False	934813		
ENSG00000117533__VAMP4__tss171742074	VAMP4	True	2.7450134545207484e-05	0.0034092599418329	171740000__172620000	880427	5.921583592891693	>500 kb	69653	False	880427		
ENSG00000010165__METTL13__tss171781660	METTL13	True	-0.0002349045617694	-0.0022424555603659	171780000__172730000	950841	4.758131295442581	>500 kb	31946	False	950841		
ENSG00000197959__DNM3__tss171817887	DNM3	True	5.270604524951557e-07	0.0007242889524483	171815000__172700000	884614	3.854553461074829	>500 kb	72560	False	884614		
ENSG00000180999__C1orf105__tss172420685	C1orf105	True	3.805185252206107e-06	0.004688238436877	172420000__172000000	-418184	8.706175208091736	clean ≤500 kb	303274	False	418184	300–500	5
ENSG00000135845__PIGC__tss172444086	PIGC	True	0.0031077762668275	0.0161090007872041	172440000__172720000	278415	7.392763078212738	clean ≤500 kb	363159	False	278415	150–300	5
ENSG00000094975__SUCO__tss172532349	SUCO	True	-9.803840025662812e-05	-0.0018572644514836	172530000__173405000	875152	3.4649007320404053	>500 kb	84791	False	875152		
ENSG00000117560__FASLG__tss172659103	FASLG	True	-4.981684398159122e-07	-0.0006901975073363	172655000__172000000	-656602	3.697067111730576	>500 kb	164065	False	656602		
ENSG00000120337__TNFSF18__tss173050941	TNFSF18	True	1.6141124519716864e-06	0.001912350020188	173050000__172225000	-823440	5.22745418548584	>500 kb	95646	False	823440		
ENSG00000117592__PRDX6__tss173477330	PRDX6	True	-0.0002507837794178	-0.0006475100533218	173475000__172730000	-744829	5.72890043258667	>500 kb	124952	False	744829		
ENSG00000117586__TNFSF4__tss173477583	TNFSF4	True	-0.0004121692719125	-0.0025653902831684	173475000__172730000	-745082	5.72890043258667	>500 kb	124825	False	745082		
ENSG00000162753__SLC9C2__tss173603072	SLC9C2	True	8.916910475496029e-07	0.0010332984344971	173600000__172825000	-775571	6.5645318031311035	>500 kb	127081	False	775571		
ENSG00000232113__TEX50__tss173635338	TEX50	True	-5.441370274209552e-08	-7.767850301386663e-05	173635000__172705000	-927837	6.371325194835663	>500 kb	38448	False	927837		
ENSG00000285777__ENSG00000285777__tss173669837	ENSG00000285777	True	-2.5912849920776016e-08	-3.1319236255357864e-05	173665000__172825000	-842336	4.324757218360901	>500 kb	93698	False	842336		
ENSG00000183831__ANKRD45__tss173669851	ANKRD45	True	4.503495155115146e-08	5.55733947882448e-05	173665000__172825000	-842350	4.324757218360901	>500 kb	93691	False	842350		
ENSG00000076321__KLHL20__tss173714941	KLHL20	True	-4.576087695682893e-05	-0.0018166475452347	173710000__172835000	-877440	4.873512268066406	>500 kb	68646	False	877440		
ENSG00000117593__DARS2__tss173824653	DARS2	True	0.0004623471945089	0.0034442299342734	173820000__173400000	-422152	3.867207735776901	clean ≤500 kb	281290	False	422152	300–500	4
ENSG00000120334__CENPL__tss173824883	CENPL	True	4.1049807744865385e-05	0.0004758021285726	173820000__173400000	-422382	3.867207735776901	clean ≤500 kb	281175	False	422382	300–500	4
ENSG00000185278__ZBTB37__tss173868082	ZBTB37	True	0.0015210538250917	0.0043318403078979	173865000__173120000	-745581	3.0787036418914795	>500 kb	124576	False	745581		
ENSG00000117601__SERPINC1__tss173917327	SERPINC1	True	-0.0003973449119714	-0.0063776276843134	173915000__174740000	825174	3.625810861587525	>500 kb	109780	False	825174		
ENSG00000293562__ENSG00000293562__tss174022298	ENSG00000293562	True	2.1544163284020063e-05	0.0013698323240572	174020000__174735000	715203	2.561391294002533	>500 kb	149765	False	715203		
ENSG00000135870__RC3H1__tss174022357	RC3H1	True	-8.025510769943747e-06	-0.0004981397269629	174020000__174735000	715144	2.561391294002533	>500 kb	149795	False	715144		
ENSG00000152061__RABGAP1L__tss174159410	RABGAP1L	True	1.7779654840547124e-05	0.0014605231771368	174155000__173325000	-831909	8.969858169555664	>500 kb	98912	False	831909		
ENSG00000203737__GPR52__tss174447964	GPR52	True	0.0007113821653686	0.0550950425506875	174445000__174725000	279537	2.844116359949112	clean ≤500 kb	360098	False	279537	150–300	3
ENSG00000116161__CACYBP__tss174999163	CACYBP	True	0.0026840059536551	0.0188652960642809	174995000__174770000	-226662	10.238734245300291	clean ≤500 kb	386535	False	226662	150–300	5
ENSG00000120333__MRPS14__tss175023425	MRPS14	True	-0.0001481697755706	-0.0053581134622331	175020000__175990000	969076	6.228182852268219	>500 kb	37829	False	969076		
ENSG00000120332__TNN__tss175067833	TNN	True	-4.0493405859420866e-07	-0.0005586868478842	175065000__174590000	-475332	55.650535583496094	clean ≤500 kb	274700	False	475332	300–500	5
ENSG00000235750__KIAA0040__tss175192999	KIAA0040	True	1.6413775352506002e-06	0.0003611802396546	175190000__176100000	909502	7.595538973808289	>500 kb	55116	False	909502		
ENSG00000116147__TNR__tss175743595	TNR	True	-4.3908488072132474e-08	-6.244496575262895e-05	175740000__176720000	978906	9.081482887268066	>500 kb	32914	False	978906		
ENSG00000143207__COP1__tss176207286	COP1	True	-0.0001072381522961	-0.0018936714377133	176205000__175220000	-984785	6.300920486450195	>500 kb	29974	False	984785		
ENSG00000116183__PAPPA2__tss176463171	PAPPA2	True	-1.873665528129379e-06	-0.0023425139297267	176460000__175470000	-990670	5.919464707374573	>500 kb	27031	False	990670		
ENSG00000152092__ASTN1__tss177164973	ASTN1	True	2.4470692685294216e-07	0.0003352188363281	177160000__177785000	622528	7.114304542541504	>500 kb	198603	False	622528		
ENSG00000198797__BRINP2__tss177170958	BRINP2	True	1.5199896507446006e-07	0.0002142228772253	177170000__177835000	666543	3.3659773468971252	>500 kb	171595	False	666543		
ENSG00000120341__SEC16B__tss177984303	SEC16B	True	-1.8286007817044925e-06	-0.0014974186014116	177980000__176985000	-996802	5.046834468841553	>500 kb	23965	False	996802		
ENSG00000075391__RASAL2__tss178094104	RASAL2	True	-3.950136358240111e-05	-0.0019068291389742	178090000__179005000	913397	2.9618873596191406	>500 kb	65668	False	913397		
ENSG00000188585__CLEC20A__tss178499634	CLEC20A	True	3.891565479194776e-07	0.0005573234431308	178495000__178290000	-207133	3.3541508316993713	clean ≤500 kb	398800	False	207133	150–300	4
ENSG00000240021__TEX35__tss178513109	TEX35	True	3.11333812120843e-07	0.000440347125942	178510000__179000000	489392	3.6693599224090576	mixed	245171	False	489392	300–500	
ENSG00000116191__RALGPS2__tss178725165	RALGPS2	True	-0.0002683102861102	-0.0098667578648982	178725000__179005000	282336	2.750489592552185	clean ≤500 kb	381199	False	282336	150–300	3
ENSG00000116194__ANGPTL1__tss178871077	ANGPTL1	True	0.0035037897166575	0.4358491052020811	178870000__178995000	126424	2.166983425617218	clean ≤500 kb	426655	False	126424	50–150	3
ENSG00000116199__FAM20B__tss179025804	FAM20B	True	-1.487897642751465e-06	-0.0001291741379443	179025000__178315000	-708303	19.001731872558594	>500 kb	160715	False	708303		
ENSG00000186283__TOR3A__tss179082070	TOR3A	True	-0.0001082481925193	-0.0011492033522413	179080000__179340000	260431	2.859954357147217	clean ≤500 kb	359651	False	260431	150–300	3
ENSG00000143322__ABL2__tss179229684	ABL2	True	-6.442401498279668e-06	-0.0005322690169045	179225000__178775000	-452183	2.563031315803528	clean ≤500 kb	296275	False	452183	300–500	2
ENSG00000057252__SOAT1__tss179293714	SOAT1	True	-9.711996034812707e-05	-0.0038696945060363	179290000__178420000	-871213	5.464298725128174	>500 kb	56760	False	871213		
ENSG00000162779__AXDND1__tss179365720	AXDND1	True	-2.3586962765913895e-06	-0.0018491241112751	179365000__178770000	-593219	6.989287957549095	>500 kb	225757	False	593219		
ENSG00000116218__NPHS2__tss179575952	NPHS2	True	-5.5687705159317505e-08	-7.945499072467611e-05	179575000__178615000	-958451	4.056247234344482	>500 kb	35641	False	958451		
ENSG00000162782__TDRD5__tss179591613	TDRD5	True	2.902455203962625e-07	0.0003505101245109	179590000__179050000	-539112	2.98521089553833	>500 kb	215310	False	539112		
ENSG00000143340__FAM163A__tss179743291	FAM163A	True	-2.4724044160232385e-07	-0.0003238371176988	179740000__180455000	714210	2.9990051090717316	>500 kb	150262	False	714210		
ENSG00000169905__TOR1AIP2__tss179877803	TOR1AIP2	True	-8.139355643672908e-05	-0.0008947651994941	179875000__180460000	584698	3.7823193073272705	>500 kb	192518	False	584698		
ENSG00000143337__TOR1AIP1__tss179882042	TOR1AIP1	True	-0.0003147289056443	-0.0031579882466557	179880000__180465000	585459	2.7048745453357697	>500 kb	222137	False	585459		
ENSG00000293564__ENSG00000293564__tss179882316	ENSG00000293564	True	0.0002092709936871	0.0021590836632562	179880000__180465000	585185	2.7048745453357697	>500 kb	222274	False	585185		
ENSG00000135837__CEP350__tss179954674	CEP350	True	-2.9913987602145364e-05	-0.0012445497533651	179950000__180375000	422827	2.417765587568283	clean ≤500 kb	310953	False	422827	300–500	2
ENSG00000116260__QSOX1__tss180154869	QSOX1	True	5.832352161612431e-05	0.0006947609794171	180150000__179780000	-372368	0.9115069508552552	clean ≤500 kb	328682	False	372368	300–500	1
ENSG00000121454__LHX4__tss180230264	LHX4	True	-5.227324949245445e-07	-0.000685102018189	180230000__181130000	902237	2.464082419872284	>500 kb	33748	False	902237		
ENSG00000230124__ACBD6__tss180502954	ACBD6	True	-0.000395457787465	-0.0031410663469902	180500000__181160000	659547	4.607504278421402	>500 kb	160093	False	659547		
ENSG00000143324__XPR1__tss180632022	XPR1	True	-2.130318097097808e-05	-0.0009041422002195	180630000__181110000	480479	3.6140300631523137	mixed	267127	False	480479	300–500	
ENSG00000135835__KIAA1614__tss180912897	KIAA1614	True	1.5531936049769214e-05	0.0160208955397211	180910000__181145000	234604	3.55186665058136	clean ≤500 kb	370065	False	234604	150–300	4
ENSG00000135823__STX6__tss181023121	STX6	True	0.0009989904124614	0.0335439270843399	181020000__181140000	119380	3.91023251414299	clean ≤500 kb	425177	False	119380	50–150	5
ENSG00000153029__MR1__tss181033374	MR1	True	0.0001284817938274	0.0267567952257218	181030000__181140000	109127	3.4412621557712555	clean ≤500 kb	437803	False	109127	50–150	5
ENSG00000162783__IER5__tss181088700	IER5	True	-0.0007920944849858	-0.0036819375326798	181085000__180525000	-561199	3.5605281591415405	mixed	204267	False	561199		
ENSG00000198216__CACNA1E__tss181317690	CACNA1E	True	-1.239879527787574e-07	-0.0001763870269925	181315000__181945000	629811	3.3644487857818604	>500 kb	207461	False	629811		
ENSG00000179930__ZNF648__tss182061712	ZNF648	True	8.182119232688688e-07	0.0009086293227838	182060000__182765000	705789	6.6668781042099	>500 kb	169472	False	705789		
ENSG00000135821__GLUL__tss182392206	GLUL	True	0.0225720802525667	0.0840027899123018	182390000__182095000	-294705	5.027823984622955	clean ≤500 kb	337514	False	294705	150–300	5
ENSG00000203730__TEDDM1__tss182400667	TEDDM1	True	6.951858820849616e-06	0.0088287527006486	182400000__182110000	-288166	3.255120635032654	clean ≤500 kb	345783	False	288166	150–300	4
ENSG00000121446__RGSL1__tss182409192	RGSL1	True	2.2804618904732223e-05	0.0233171333078323	182405000__182095000	-311691	5.012405872344971	clean ≤500 kb	341521	False	311691	300–500	5
ENSG00000135828__RNASEL__tss182589256	RNASEL	True	0.0001796740057424	0.045660332932981	182585000__182775000	188245	3.76212626695633	clean ≤500 kb	403244	False	188245	150–300	4
ENSG00000143333__RGS16__tss182604389	RGS16	True	0.0016000974797054	0.0680411761724889	182600000__182775000	173112	3.969756484031677	clean ≤500 kb	435811	False	173112	150–300	5
ENSG00000135824__RGS8__tss182684587	RGS8	True	-9.060279683233566e-09	-1.3023722792906304e-05	182680000__181890000	-792086	4.851751804351807	>500 kb	118823	False	792086		
ENSG00000135838__NPL__tss182789293	NPL	True	1.4031523011899269e-05	0.0035785075323452	182785000__182100000	-686792	4.0167452692985535	>500 kb	146470	False	686792		
ENSG00000135829__DHX9__tss182839347	DHX9	True	-0.0001505311207007	-0.0015392393361646	182835000__182030000	-806846	3.351393938064575	>500 kb	111443	False	806846		
ENSG00000157060__SHCBP1L__tss182953525	SHCBP1L	True	5.2847619393706624e-08	7.548564469667205e-05	182950000__183220000	268976	3.097676217556	clean ≤500 kb	387879	False	268976	150–300	4
ENSG00000135862__LAMC1__tss183023420	LAMC1	True	-0.0002801731955942	-0.0026839439698083	183020000__183395000	374081	1.576486885547638	clean ≤500 kb	302826	False	374081	300–500	1
ENSG00000058085__LAMC2__tss183186238	LAMC2	True	4.365713373631966e-06	0.0047401249805234	183185000__182925000	-258737	1.7307023704051971	clean ≤500 kb	362998	False	258737	150–300	2
ENSG00000157064__NMNAT2__tss183418380	NMNAT2	True	-1.57005633767167e-07	-0.0002152766322678	183415000__182995000	-420879	3.01423117518425	clean ≤500 kb	311927	False	420879	300–500	3
ENSG00000116698__SMG7__tss183472216	SMG7	True	1.965593079531966e-05	0.0007989575932532	183470000__183920000	450285	2.819495528936386	mixed	272224	False	450285	300–500	
ENSG00000116701__NCF2__tss183590905	NCF2	True	1.1925478880577423e-06	0.0008418371545657	183590000__182925000	-663404	2.641308903694153	>500 kb	183164	False	663404		
ENSG00000162704__ARPC5__tss183635783	ARPC5	True	0.0016778761097801	0.0072512590315487	183635000__183910000	276718	4.294816792011261	clean ≤500 kb	384008	False	276718	150–300	5
ENSG00000143344__RGL1__tss183636085	RGL1	True	-0.0001992712721152	-0.0022410444611755	183635000__183075000	-558584	3.7044525146484375	mixed	223074	False	558584		
ENSG00000173627__APOBEC4__tss183653316	APOBEC4	True	1.0839536410384653e-05	0.0129030448695929	183650000__183910000	259185	8.097979366779327	clean ≤500 kb	355274	False	259185	150–300	5
ENSG00000198756__COLGALT2__tss184037729	COLGALT2	True	-1.1041734374126007e-05	-0.0046488470959656	184035000__183675000	-360228	2.130331128835678	clean ≤500 kb	342252	False	360228	300–500	2
ENSG00000198860__TSEN15__tss184051651	TSEN15	True	-9.717602002912856e-05	-0.0027114110445459	184050000__184915000	865850	3.2655216455459595	>500 kb	89442	False	865850		
ENSG00000116667__C1orf21__tss184387029	C1orf21	True	-4.292030452221615e-06	-0.002145167382951	184385000__183680000	-704528	3.9656805992126465	>500 kb	160102	False	704528		
ENSG00000116406__EDEM3__tss184754907	EDEM3	True	-0.000158642645946	-0.0034310769357081	184750000__185675000	922594	4.08905553817749	>500 kb	38570	False	922594		
ENSG00000135842__NIBAN1__tss184974508	NIBAN1	True	3.8871015509915185e-06	0.0028537278118271	184970000__185775000	802993	4.530577659606934	>500 kb	108370	False	802993		
ENSG00000121481__RNF2__tss185045497	RNF2	True	2.3505904285741827e-05	0.0013493115960658	185045000__185685000	642004	6.356781482696533	>500 kb	193865	False	642004		
ENSG00000121486__TRMT1L__tss185157072	TRMT1L	True	6.071978139658707e-05	0.0013800494608649	185155000__185675000	520429	4.1932366490364075	mixed	244652	False	520429		
ENSG00000116668__SWT1__tss185157080	SWT1	True	4.6241567119811866e-05	0.0032503403319107	185155000__185675000	520421	4.1932366490364075	mixed	244656	False	520421		
ENSG00000116679__IVNS1ABP__tss185317273	IVNS1ABP	True	0.0068925632440277	0.0334284216230605	185315000__185665000	350228	4.454634130001068	clean ≤500 kb	309753	False	350228	300–500	4
ENSG00000143341__HMCN1__tss185734391	HMCN1	True	5.408116184670974e-05	0.0253332006466364	185730000__186235000	503110	2.776822030544281	>500 kb	250812	False	503110		
ENSG00000116690__PRG4__tss186296279	PRG4	True	-4.04626735917089e-07	-0.0003289992975705	186295000__185380000	-913778	9.388845443725586	>500 kb	65477	False	913778		
ENSG00000047410__TPR__tss186375693	TPR	True	9.506826352061182e-05	0.0008777401862591	186375000__186965000	591808	3.612830102443695	>500 kb	193963	False	591808		
ENSG00000157181__ODR4__tss186375838	ODR4	True	-8.775749001219135e-05	-0.0017661583700274	186375000__186965000	591663	3.612830102443695	>500 kb	194035	False	591663		
ENSG00000116703__PDC__tss186461114	PDC	True	5.9406904578669483e-08	6.958552334561472e-05	186460000__187000000	541387	4.002338200807571	>500 kb	229173	False	541387		
ENSG00000073756__PTGS2__tss186680922	PTGS2	True	3.5404501181637534e-06	0.0034539902428543	186680000__187585000	906579	4.576379299163818	>500 kb	56577	False	906579		
ENSG00000116711__PLA2G4A__tss186828949	PLA2G4A	True	-1.3700867288459428e-06	-0.00142675947318	186825000__187435000	608552	4.148306846618652	>500 kb	205591	False	608552		
ENSG00000162670__BRINP3__tss190478404	BRINP3	True	8.29762960311955e-07	0.001073935169934	190475000__189520000	-955903	5.768836498260498	>500 kb	31915	False	955903		
ENSG00000150681__RGS18__tss192158462	RGS18	True	1.9431983834652566e-07	0.0002732016158585	192155000__191325000	-830961	5.294713973999023	>500 kb	74386	False	830961		
ENSG00000253148__RGS21__tss192316992	RGS21	True	-1.8199010956437681e-09	-2.6244493369779995e-06	192315000__191460000	-854491	7.383330821990967	>500 kb	82621	False	854491		
ENSG00000090104__RGS1__tss192575763	RGS1	True	1.9457475521619328e-06	0.0022146366944787	192575000__193430000	856738	4.648871898651123	>500 kb	86498	False	856738		
ENSG00000127074__RGS13__tss192636138	RGS13	True	-3.6932577056347793e-06	-0.0037494733206336	192635000__193525000	891363	4.4501423835754395	>500 kb	66685	False	891363		
ENSG00000116741__RGS2__tss192809039	RGS2	True	0.0005452462933609	0.023159335797235	192805000__192480000	-326538	5.2956129014492035	clean ≤500 kb	336597	False	326538	300–500	5
ENSG00000116747__RO60__tss193059454	RO60	True	0.000100646478478	0.001541844196707	193055000__192480000	-576953	8.67969585955143	>500 kb	198890	False	576953		
ENSG00000116750__UCHL5__tss193060080	UCHL5	True	6.854797376013022e-06	0.0001429540187362	193060000__192460000	-597579	5.864681452512741	>500 kb	211077	False	597579		
ENSG00000023572__GLRX2__tss193106114	GLRX2	True	-0.0001940906674628	-0.0084168860663253	193105000__192465000	-638613	5.416662216186523	>500 kb	185560	False	638613		
ENSG00000134371__CDC73__tss193121983	CDC73	True	0.0001735167766718	0.0043871912860244	193120000__192470000	-649482	4.796735227108002	>500 kb	180125	False	649482		
ENSG00000162630__B3GALT2__tss193186613	B3GALT2	True	1.8680216341845785e-05	0.0096181092511655	193185000__193520000	335888	3.6742212176322937	clean ≤500 kb	331923	False	335888	300–500	4
ENSG00000162687__KCNT2__tss196609225	KCNT2	True	2.1962932219288245e-06	0.001009699408471	196605000__196195000	-411724	5.477877914905548	clean ≤500 kb	301504	False	411724	300–500	5
ENSG00000000971__CFH__tss196651754	CFH	True	0.0027176118275846	0.0661324155672834	196650000__196315000	-334253	7.290684938430786	clean ≤500 kb	332740	False	334253	300–500	5
ENSG00000289697__ENSG00000289697__tss196651852	ENSG00000289697	True	0.0025710651897589	0.0527806735727821	196650000__196315000	-334351	7.290684938430786	clean ≤500 kb	332691	False	334351	300–500	5
ENSG00000116785__CFHR3__tss196774813	CFHR3	True	-3.1123147177320116e-06	-0.0022600203843988	196770000__197390000	617688	9.36267375946045	>500 kb	193523	False	617688		
ENSG00000244414__CFHR1__tss196819731	CFHR1	True	-9.194692117437276e-06	-0.0065496664245947	196815000__197340000	522770	12.376492500305176	mixed	240982	False	522770		
ENSG00000134365__CFHR4__tss196888014	CFHR4	True	-8.768081977882309e-07	-0.0004597540310999	196885000__195975000	-910513	5.810356140136719	>500 kb	49610	False	910513		
ENSG00000080910__CFHR2__tss196943738	CFHR2	True	1.710598184537747e-07	0.0001421966536179	196940000__196270000	-671237	4.1149678230285645	>500 kb	179248	False	671237		
ENSG00000134389__CFHR5__tss196975010	CFHR5	True	-4.480776563938477e-07	-0.0005920127518714	196975000__197310000	337491	2.7796170711517334	clean ≤500 kb	346121	False	337491	300–500	3
ENSG00000143278__F13B__tss197067260	F13B	True	-0.0001325225130891	-0.0302533428674446	197065000__196725000	-339759	4.791628837585449	clean ≤500 kb	352487	False	339759	300–500	5
ENSG00000066279__ASPM__tss197146694	ASPM	True	0.000263292809521	0.0033045123554746	197145000__196195000	-949193	3.26556658744812	>500 kb	47770	False	949193		
ENSG00000177888__ZBTB41__tss197201293	ZBTB41	True	-0.0001414754570455	-0.001058505444778	197200000__198170000	971208	3.3275277614593506	>500 kb	36763	False	971208		
ENSG00000134376__CRB1__tss197268204	CRB1	True	-1.5163989223202165e-06	-0.0017447045290467	197265000__196305000	-960703	5.386153221130371	>500 kb	27015	False	960703		
ENSG00000213047__DENND1B__tss197775696	DENND1B	True	2.2391683060377435e-05	0.0051939232619739	197775000__198615000	841805	3.138218402862549	>500 kb	83964	False	841805		
ENSG00000203724__C1orf53__tss197902630	C1orf53	True	0.0001683405571857	0.0121742228209513	197900000__197515000	-385129	6.592428833246231	clean ≤500 kb	302302	False	385129	300–500	5
ENSG00000143355__LHX9__tss197911902	LHX9	True	3.4489934964645975e-05	0.0418510714562376	197910000__197520000	-389401	7.087379768490791	clean ≤500 kb	295166	False	389401	300–500	5
ENSG00000151414__NEK7__tss198156994	NEK7	True	-3.914981960970523e-05	-0.0020478998146599	198155000__197520000	-634493	3.694347620010376	>500 kb	172620	False	634493		
ENSG00000151418__ATP6V1G3__tss198540945	ATP6V1G3	True	-6.137079798478994e-07	-0.0008119604822227	198540000__197555000	-983444	4.313700884580612	>500 kb	30644	False	983444		
ENSG00000081237__PTPRC__tss198638457	PTPRC	True	-8.955543331157841e-07	-0.0011638160579722	198635000__199570000	934044	9.30771541595459	>500 kb	47845	False	934044		
ENSG00000116833__NR5A2__tss200027614	NR5A2	True	7.873106231731306e-05	0.0062317271463065	200025000__200495000	469887	3.64868888258934	mixed	254923	False	469887	300–500	
ENSG00000162702__ZNF281__tss200410056	ZNF281	True	0.0054905046465634	0.0193601704647286	200410000__200260000	-147555	2.2271275520324707	clean ≤500 kb	413589	False	147555	50–150	3
ENSG00000118193__KIF14__tss200620751	KIF14	True	0.0001693746014668	0.0051753592547546	200620000__200800000	181750	5.654032945632935	clean ≤500 kb	431492	False	181750	150–300	5
ENSG00000118197__DDX59__tss200669907	DDX59	True	0.0003938586375474	0.0252753392402272	200665000__200770000	102594	2.321690797805786	clean ≤500 kb	436070	False	102594	50–150	4
ENSG00000118200__CAMSAP2__tss200738893	CAMSAP2	True	0.0018675437035759	0.0461448976900465	200735000__200565000	-171392	1.4009907692670822	clean ≤500 kb	399170	False	171392	150–300	1
ENSG00000170128__GPR25__tss200872981	GPR25	True	4.176295921920345e-06	0.004999564571796	200870000__200575000	-295480	3.050745040178299	clean ≤500 kb	337126	False	295480	150–300	4
ENSG00000163362__INAVA__tss200891048	INAVA	True	-3.03050626775693e-05	-0.0031600100142373	200890000__200600000	-288547	2.2037011682987213	clean ≤500 kb	363093	False	288547	150–300	3
ENSG00000116852__KIF21B__tss201023714	KIF21B	True	-6.5862792144090205e-06	-0.0030071617416542	201020000__200575000	-446213	2.138095483183861	mixed	266760	False	446213	300–500	
ENSG00000081248__CACNA1S__tss201112451	CACNA1S	True	1.2169624496062556e-07	0.0001628549949525	201110000__200560000	-549950	2.5615932792425156	>500 kb	224891	False	549950		
ENSG00000232237__ASCL5__tss201127184	ASCL5	True	-1.7671825485739118e-07	-0.0002400123347725	201125000__200580000	-544683	1.7484502643346786	>500 kb	215025	False	544683		
ENSG00000116857__TMEM9__tss201171574	TMEM9	True	-9.13901372317648e-06	-0.002696590252111	201170000__200595000	-574073	3.0093672275543213	>500 kb	225330	False	574073		
ENSG00000163395__IGFN1__tss201190824	IGFN1	True	-2.5824086026309857e-08	-3.6775317150316906e-05	201190000__201695000	506677	1.8044900596141815	mixed	244028	False	506677		
ENSG00000081277__PKP1__tss201283452	PKP1	True	1.1798858475058607e-07	0.0001622023372403	201280000__201770000	489049	2.2166684418916702	mixed	245342	False	489049	300–500	
ENSG00000118194__TNNT2__tss201377764	TNNT2	True	-1.9673594810323825e-05	-0.0032446087355077	201375000__201230000	-145263	0.9491828083992004	clean ≤500 kb	414735	False	145263	50–150	1
ENSG00000159166__LAD1__tss201399915	LAD1	True	0.0004725860156963	0.0184230179277244	201395000__201265000	-132414	0.7915432155132294	clean ≤500 kb	438659	False	132414	50–150	1
ENSG00000159173__TNNI1__tss201429866	TNNI1	True	2.9190986766470577e-08	4.060558839887919e-05	201425000__201755000	327635	2.374475881457329	clean ≤500 kb	351049	False	327635	300–500	2
ENSG00000174307__PHLDA3__tss201469237	PHLDA3	True	-0.0003339257983578	-0.0087209292809216	201465000__202310000	843264	3.019326686859131	>500 kb	100735	False	843264		
ENSG00000159176__CSRP1__tss201509456	CSRP1	True	4.504981019253581e-07	0.0005514640308727	201505000__201700000	193045	2.013590022921562	clean ≤500 kb	403344	False	193045	150–300	2
ENSG00000134369__NAV1__tss201539127	NAV1	True	8.476686251220121e-06	0.0079485164315833	201535000__201435000	-101626	0.8034880757331848	clean ≤500 kb	459053	False	101626	50–150	1
ENSG00000198700__IPO9__tss201829149	IPO9	True	0.0001165467997764	0.0025798165561997	201825000__201560000	-266648	2.155152142047882	clean ≤500 kb	389042	False	266648	150–300	2
ENSG00000163431__LMOD1__tss201946548	LMOD1	True	-6.088830724931458e-07	-0.0004871069069707	201945000__201555000	-389047	2.073578119277954	clean ≤500 kb	327843	False	389047	300–500	2
ENSG00000134375__TIMM17A__tss201955503	TIMM17A	True	-7.389080457531616e-05	-0.0005909436726636	201955000__201255000	-698002	2.5893120765686035	>500 kb	173365	False	698002		
ENSG00000176393__RNPEP__tss201982372	RNPEP	True	-5.6025135031494144e-05	-0.0007613005226726	201980000__202390000	410129	1.6060779243707657	clean ≤500 kb	317302	False	410129	300–500	1
ENSG00000163435__ELF3__tss202007945	ELF3	True	3.382523616214661e-05	0.0006226950023528	202005000__201450000	-555444	1.957561731338501	>500 kb	224644	False	555444		
ENSG00000143851__PTPN7__tss202161588	PTPN7	True	-1.543988975338047e-06	-0.0011899221734569	202160000__201575000	-584087	3.0273287296295166	>500 kb	217823	False	584087		
ENSG00000133067__LGR6__tss202193799	LGR6	True	9.351390729189832e-09	1.2855679408724252e-05	202190000__202695000	503702	2.826754629611969	mixed	270516	False	503702		
ENSG00000077152__UBE2T__tss202341984	UBE2T	True	-4.8577642734535034e-05	-0.0026450882050339	202340000__202685000	345517	2.6739536225795746	clean ≤500 kb	349608	False	345517	300–500	3
ENSG00000077157__PPP1R12B__tss202348699	PPP1R12B	True	2.9801343113996723e-05	0.001361366511776	202345000__202620000	273802	3.586734801530838	clean ≤500 kb	352966	False	273802	150–300	4
ENSG00000143858__SYT2__tss202710454	SYT2	True	-1.7179813387144837e-07	-0.0002431415525849	202710000__202320000	-387953	2.1475523710250854	clean ≤500 kb	293390	False	387953	300–500	2
ENSG00000117139__KDM5B__tss202808487	KDM5B	True	-6.079308779886883e-05	-0.0022456432718773	202805000__202315000	-490986	2.2703676223754883	mixed	239373	False	490986	300–500	
ENSG00000183155__RABIF__tss202889149	RABIF	True	-1.311625956018636e-05	-0.000428952041047	202885000__203420000	533352	1.98753821849823	>500 kb	240691	False	533352		
ENSG00000117153__KLHL12__tss202928636	KLHL12	True	4.015349600730404e-05	0.002503483127349	202925000__203780000	853865	3.3876733779907227	>500 kb	95434	False	853865		
ENSG00000159346__ADIPOR1__tss202958572	ADIPOR1	True	-5.3100910502996285e-05	-0.0012373015905065	202955000__202250000	-706071	2.665374755859375	>500 kb	169331	False	706071		
ENSG00000159348__CYB5R1__tss202967275	CYB5R1	True	-0.0001050619492861	-0.0006898924325902	202965000__202330000	-634774	2.9738523960113525	>500 kb	204979	False	634774		
ENSG00000163444__TMEM183A__tss203007374	TMEM183A	True	-0.0006277563727776	-0.0042374409212864	203005000__203605000	600127	2.8799505829811096	>500 kb	222303	False	600127		
ENSG00000143847__PPFIA4__tss203026491	PPFIA4	True	-8.143162435261808e-07	-2.0863890674429697e-05	203025000__203385000	361010	2.763371616601944	clean ≤500 kb	306862	False	361010	300–500	3
ENSG00000122180__MYOG__tss203086012	MYOG	True	-3.634698364343893e-07	-0.0004657448691153	203085000__202240000	-843511	3.977238416671753	>500 kb	100611	False	843511		
ENSG00000163485__ADORA1__tss203090654	ADORA1	True	-3.0612981543260404e-08	-4.341049287066314e-05	203090000__203585000	496847	3.048459768295288	mixed	263943	False	496847	300–500	
ENSG00000133055__MYBPH__tss203175826	MYBPH	True	2.7420768477186405e-06	0.0019854408735523	203175000__203750000	576675	2.4521230906248093	>500 kb	221529	False	576675		
ENSG00000133048__CHI3L1__tss203186704	CHI3L1	True	-6.490235039543005e-05	-0.0034294647273354	203185000__202315000	-869203	3.453737497329712	>500 kb	55265	False	869203		
ENSG00000133063__CHIT1__tss203273641	CHIT1	True	8.060221948951796e-05	0.0941133629658057	203270000__203335000	63860	3.2548418641090393	clean ≤500 kb	465437	False	63860	50–150	4
ENSG00000159388__BTG2__tss203305491	BTG2	True	0.0003616477520398	0.0075027887518935	203305000__203505000	202010	1.1979056000709534	clean ≤500 kb	391362	False	202010	150–300	1
ENSG00000122176__FMOD__tss203351758	FMOD	True	0.0002306800972525	0.1845862715927599	203350000__203445000	95743	2.171770930290222	clean ≤500 kb	436995	False	95743	50–150	3
ENSG00000188783__PRELP__tss203475806	PRELP	True	-2.4352095655179673e-06	-0.003236439051001	203475000__203360000	-113305	1.2580522894859314	clean ≤500 kb	465714	False	113305	50–150	1
ENSG00000188770__OPTC__tss203494121	OPTC	True	1.009313449714218e-06	0.0014331974253053	203490000__203695000	203380	3.3871198892593384	clean ≤500 kb	393177	False	203380	150–300	4
ENSG00000058668__ATP2B4__tss203626832	ATP2B4	True	0.0008614099904723	0.1822321958423405	203625000__203510000	-114331	1.1788825392723083	clean ≤500 kb	440201	False	114331	50–150	1
ENSG00000122188__LAX1__tss203765177	LAX1	True	5.494660766528311e-06	0.0068786114620158	203765000__203505000	-257676	1.844298928976059	clean ≤500 kb	366028	False	257676	150–300	2
ENSG00000058673__ZC3H11A__tss203795623	ZC3H11A	True	-0.0006320060969894	-0.0018535089850844	203795000__203330000	-463122	2.30503810942173	clean ≤500 kb	290805	False	463122	300–500	2
ENSG00000257315__ZBED6__tss203795623	ZBED6	True	-0.0006320060969894	-0.0018535089850844	203795000__203330000	-463122	2.30503810942173	clean ≤500 kb	290805	False	463122	300–500	2
ENSG00000288644__ENSG00000288644__tss203802094	ENSG00000288644	True	0.0016497232452547	0.0034143510670288	203800000__203510000	-289593	2.2105753496289253	clean ≤500 kb	355070	False	289593	150–300	3
ENSG00000182004__SNRPE__tss203861599	SNRPE	True	-0.000450534422497	-0.0020704303614699	203860000__204060000	200902	1.621112883090973	clean ≤500 kb	421916	False	200902	150–300	2
ENSG00000143842__SOX13__tss204073115	SOX13	True	-0.0011313467127543	-0.0222283383524343	204070000__203885000	-185614	3.0723698139190674	clean ≤500 kb	429559	False	185614	150–300	4
ENSG00000143845__ETNK2__tss204152044	ETNK2	True	0.0001480307218671	0.0041463629138626	204150000__203530000	-619543	3.145698070526123	>500 kb	197595	False	619543		
ENSG00000143839__REN__tss204190324	REN	True	-2.00166939537047e-05	-0.0025875898953562	204190000__203880000	-307823	2.1120526492595673	clean ≤500 kb	368455	False	307823	300–500	2
ENSG00000170498__KISS1__tss204196491	KISS1	True	-0.0004170675292805	-0.0045134860592635	204195000__203605000	-588990	3.011919766664505	>500 kb	227871	False	588990		
ENSG00000174567__GOLT1A__tss204213988	GOLT1A	True	-9.015213695355571e-05	-0.001561966484193	204210000__203880000	-331487	2.880362391471863	clean ≤500 kb	356623	False	331487	300–500	3
ENSG00000143850__PLEKHA6__tss204378214	PLEKHA6	True	0.0001250585868717	0.004048494137455	204375000__203925000	-450713	2.3489642292261124	clean ≤500 kb	297010	False	450713	300–500	2
ENSG00000158615__PPP1R15B__tss204411887	PPP1R15B	True	-3.790976573520011e-05	-5.931060967951079e-05	204410000__203540000	-869386	4.071915626525879	>500 kb	87673	False	869386		
ENSG00000133056__PIK3C2B__tss204494805	PIK3C2B	True	-1.0537617865024468e-05	-0.0012948106651403	204490000__203755000	-737304	2.053341865539551	>500 kb	128714	False	737304		
ENSG00000198625__MDM4__tss204516379	MDM4	True	6.4067655709404425e-06	0.0003864055661609	204515000__203685000	-828878	1.9763600528240204	>500 kb	87927	False	828878		
ENSG00000170382__LRRN2__tss204685738	LRRN2	True	-4.0949367324738474e-07	-0.0005458908597649	204685000__203690000	-993237	6.821439743041992	>500 kb	25748	False	993237		
ENSG00000163531__NFASC__tss204828651	NFASC	True	-1.1460011921895957e-07	-0.0001613153742531	204825000__204590000	-236150	1.7503067255020142	clean ≤500 kb	396791	False	236150	150–300	2
ENSG00000184144__CNTN2__tss205042937	CNTN2	True	1.2277470359226846e-07	0.0001762954466789	205040000__204835000	-205436	1.9454900324344635	clean ≤500 kb	382148	False	205436	150–300	2
ENSG00000174529__TMEM81__tss205084460	TMEM81	True	-1.6020902204490206e-05	-0.0001986608175834	205080000__204900000	-181959	1.3008572310209274	clean ≤500 kb	406387	False	181959	150–300	1
ENSG00000117222__RBBP5__tss205122015	RBBP5	True	-1.821371272862568e-05	-0.0006922085783211	205120000__204800000	-319514	1.3755484372377396	clean ≤500 kb	347609	False	319514	300–500	1
ENSG00000133059__DSTYK__tss205211702	DSTYK	True	1.9939463430568297e-05	0.0017722435132418	205210000__204570000	-639201	2.6952064037323	>500 kb	167766	False	639201		
ENSG00000133069__TMCC2__tss205227946	TMCC2	True	1.946836249280695e-05	0.0050941685544436	205225000__204570000	-655445	3.201104164123535	>500 kb	194644	False	655445		
ENSG00000163545__NUAK2__tss205321745	NUAK2	True	-0.0001342004471013	-0.0111546370964324	205320000__205105000	-214244	1.233568698167801	clean ≤500 kb	415244	False	214244	150–300	1
ENSG00000162873__KLHDC8A__tss205357090	KLHDC8A	True	2.68156966655973e-08	3.5577582505232595e-05	205355000__206285000	930411	7.804934501647949	>500 kb	49661	False	930411		
ENSG00000186007__LEMD1__tss205455954	LEMD1	True	-7.741844108837291e-07	-0.0009773179319588	205455000__206350000	896547	9.0263671875	>500 kb	66593	False	896547		
ENSG00000281406__BLACAT1__tss205457091	BLACAT1	True	8.390019170983532e-08	0.0001095138063055	205455000__206350000	895410	9.0263671875	>500 kb	67162	False	895410		
ENSG00000117266__CDK18__tss205504596	CDK18	True	-2.1012282363820634e-05	-0.0014158807554483	205500000__204755000	-747095	1.926462173461914	>500 kb	148819	False	747095		
ENSG00000174514__MFSD4A__tss205568885	MFSD4A	True	7.090397041945994e-07	0.0009093321342506	205565000__206285000	718616	7.466489791870117	>500 kb	155559	False	718616		
ENSG00000158711__ELK4__tss205632011	ELK4	True	-5.472134443398544e-05	-0.0023047203171493	205630000__206270000	640490	5.556497097015381	>500 kb	189622	False	640490		
ENSG00000158715__SLC45A3__tss205680509	SLC45A3	True	7.141955363833621e-06	0.0010056830322998	205680000__206345000	666992	6.496870994567871	>500 kb	178871	False	666992		
ENSG00000069275__NUCKS1__tss205750182	NUCKS1	True	0.0001838073470933	0.0018127284238875	205750000__206350000	602319	5.607887268066406	>500 kb	213707	False	602319		
ENSG00000117280__RAB29__tss205775482	RAB29	True	-0.0004511416019274	-0.0127106021905279	205775000__205970000	197019	1.5552518367767334	clean ≤500 kb	423857	False	197019	150–300	1
ENSG00000133065__SLC41A1__tss205813748	SLC41A1	True	1.3319145579898314e-05	0.0013938343694506	205810000__206370000	558753	3.9035234451293945	>500 kb	235490	False	558753		
ENSG00000162877__PM20D1__tss205850132	PM20D1	True	-1.791489738221558e-07	-0.0001599970148717	205850000__206285000	437369	4.981258869171143	clean ≤500 kb	303682	False	437369	300–500	5
ENSG00000174502__SLC26A9__tss205943460	SLC26A9	True	-7.543353996857874e-08	-0.0001048922937599	205940000__206845000	904041	8.25400161743164	>500 kb	70346	False	904041		
ENSG00000276600__RAB7B__tss206003461	RAB7B	True	1.2501916577098069e-06	0.0013149243756997	206000000__206270000	269040	7.063459873199463	clean ≤500 kb	377847	False	269040	150–300	5
ENSG00000196188__CTSE__tss206023909	CTSE	True	1.6358985567076038e-06	0.0008274630525597	206020000__206360000	338592	4.594313144683838	clean ≤500 kb	338071	False	338592	300–500	4
ENSG00000263961__RHEX__tss206053173	RHEX	True	0.000222790532238	0.0081375961562072	206050000__206385000	334328	2.4655396938323975	clean ≤500 kb	355203	False	334328	300–500	2
ENSG00000198049__AVPR1B__tss206117699	AVPR1B	True	2.3872640320947067e-06	0.0016249498087057	206115000__205955000	-160198	1.6114962100982666	clean ≤500 kb	414767	False	160198	150–300	1
ENSG00000266028__SRGAP2__tss206203346	SRGAP2	True	-9.353945329245144e-06	-0.0022978748891793	206200000__205545000	-655845	3.804644107818603	>500 kb	156944	False	655845		
ENSG00000196550__FAM72A__tss206204414	FAM72A	True	0.0004616882464274	0.0488928315840953	206200000__206270000	68087	11.959575653076172	clean ≤500 kb	463323	False	68087	50–150	5
ENSG00000263528__IKBKE__tss206470476	IKBKE	True	5.66249091177827e-07	-4.244920841122574e-06	206470000__206655000	187025	1.136352777481079	clean ≤500 kb	401354	False	187025	150–300	1
ENSG00000266094__RASSF5__tss206507531	RASSF5	True	-2.898022223341251e-05	-0.0098710218364555	206505000__206245000	-260030	4.4573588371276855	clean ≤500 kb	392351	False	260030	150–300	5
ENSG00000143486__EIF2D__tss206612465	EIF2D	True	-0.0002093347955392	-0.0016061686123852	206610000__207570000	960036	4.151175498962402	>500 kb	32349	False	960036		
ENSG00000143479__DYRK3__tss206635536	DYRK3	True	-1.1647806629565272e-05	-0.0030066743757891	206635000__207525000	891965	10.421866416931152	>500 kb	43884	False	891965		
ENSG00000162889__MAPKAPK2__tss206684905	MAPKAPK2	True	-0.0001857562038259	-0.0054711544934642	206680000__207565000	882596	2.7687269151210785	>500 kb	73569	False	882596		
ENSG00000142224__IL19__tss206770764	IL19	True	1.9143687395575197e-07	0.000259905161101	206770000__207515000	746737	3.640209913253784	>500 kb	121498	False	746737		
ENSG00000136634__IL10__tss206774541	IL10	True	2.122768362710894e-09	3.0474453569728847e-06	206770000__207515000	742960	3.640209913253784	>500 kb	123387	False	742960		
ENSG00000162891__IL20__tss206865623	IL20	True	-1.3818070981471108e-07	-0.0001547535131684	206865000__206270000	-593122	6.2410993576049805	>500 kb	213305	False	593122		
ENSG00000162892__IL24__tss206897443	IL24	True	-5.6836825156838416e-08	-7.542325849321585e-05	206895000__207560000	665058	9.386764526367188	>500 kb	154838	False	665058		
ENSG00000162894__FCMR__tss206923247	FCMR	True	-1.3913634935140706e-06	-0.0017177669548405	206920000__207560000	639254	2.362797826528549	>500 kb	165240	False	639254		
ENSG00000162896__PIGR__tss206946466	PIGR	True	-1.3022249420830355e-06	-0.0013343177861934	206945000__207570000	626035	6.940134525299072	>500 kb	199349	False	626035		
ENSG00000162897__FCAMR__tss206970625	FCAMR	True	1.1851011160599253e-07	0.0001595947951132	206970000__207525000	556876	2.9198036193847656	>500 kb	216429	False	556876		
ENSG00000182795__C1orf116__tss207032756	C1orf116	True	1.508936299628649e-05	0.0043601109353923	207030000__206380000	-650255	5.4908013343811035	>500 kb	187239	False	650255		
ENSG00000123836__PFKFB2__tss207034366	PFKFB2	True	-9.115130804205436e-06	-0.007763282566847	207030000__206380000	-651865	5.4908013343811035	>500 kb	186434	False	651865		
ENSG00000180667__YOD1__tss207052980	YOD1	True	-7.46042050913439e-06	-0.0008466405213239	207050000__206225000	-825479	8.673419952392578	>500 kb	109627	False	825479		
ENSG00000123843__C4BPB__tss207088860	C4BPB	True	0.0125978748988114	0.0180259106079515	207085000__207400000	313641	8.441644787788391	clean ≤500 kb	348046	False	313641	300–500	5
ENSG00000123838__C4BPA__tss207104233	C4BPA	True	0.0006646491592748	0.0049117921887264	207100000__207400000	298268	4.159529328346252	clean ≤500 kb	358233	False	298268	150–300	5
ENSG00000196352__CD55__tss207321519	CD55	True	-0.0001174679741535	-0.0019017356470593	207320000__206360000	-959018	33.593135833740234	>500 kb	42857	False	959018		
ENSG00000117322__CR2__tss207453024	CR2	True	-1.041543143750542e-07	-0.0001453607798148	207450000__206845000	-605523	3.0606807470321655	>500 kb	192105	False	605523		
ENSG00000203710__CR1__tss207496147	CR1	True	-1.3838609998113e-07	-0.0001925218534698	207495000__206885000	-608646	2.2700300216674805	>500 kb	183043	False	608646		
ENSG00000197721__CR1L__tss207645113	CR1L	True	4.3009831231404015e-06	0.0032406222647008	207645000__206885000	-757612	3.621957540512085	>500 kb	106060	False	757612		
ENSG00000117335__CD46__tss207752037	CD46	True	-0.0002398447678366	-0.0012401326585436	207750000__208190000	440464	1.7880156859755516	clean ≤500 kb	294635	False	440464	300–500	1
ENSG00000174059__CD34__tss207911402	CD34	True	8.315336464012073e-08	0.0001175717484323	207910000__208570000	661099	2.957208156585694	>500 kb	181817	False	661099		
ENSG00000076356__PLXNA2__tss208244384	PLXNA2	True	0.0001415186174853	0.0149421839714131	208240000__207970000	-271883	2.4562798142433167	clean ≤500 kb	363925	False	271883	150–300	3
ENSG00000008118__CAMK1G__tss209583714	CAMK1G	True	-8.074721127641668e-08	-0.0001137757855026	209580000__208655000	-926213	5.3752288818359375	>500 kb	59260	False	926213		
ENSG00000196878__LAMB3__tss209652425	LAMB3	True	6.690478608934337e-06	0.0016020598571855	209650000__210625000	975076	3.017385721206665	>500 kb	34829	False	975076		
ENSG00000123689__G0S2__tss209675412	G0S2	True	0.0009426917751352	0.0075165045513767	209675000__208680000	-992911	5.110469818115234	>500 kb	25911	False	992911		
ENSG00000117594__HSD11B1__tss209686178	HSD11B1	True	7.253513500526666e-08	9.87388859780725e-05	209685000__210580000	896323	6.574059009552002	>500 kb	64205	False	896323		
ENSG00000009790__TRAF3IP3__tss209756032	TRAF3IP3	True	5.117033482638495e-07	0.0005999575528337	209755000__208805000	-948531	3.480381727218628	>500 kb	33101	False	948531		
ENSG00000162757__C1orf74__tss209784559	C1orf74	True	0.0002258638933203	0.0020850369533353	209780000__210735000	952942	3.0037248134613037	>500 kb	35896	False	952942		
ENSG00000117595__IRF6__tss209806175	IRF6	True	2.190104163266016e-05	0.0066968602680811	209805000__210770000	966326	5.702971935272217	>500 kb	39204	False	966326		
ENSG00000289700__ENSG00000289700__tss209806179	ENSG00000289700	True	-8.183555176839111e-06	-0.0023575694780336	209805000__210770000	966322	5.702971935272217	>500 kb	39206	False	966322		
ENSG00000117597__UTP25__tss209827972	UTP25	True	-9.582425843743247e-06	-0.0004141937833027	209825000__210660000	834529	2.422983884811402	>500 kb	80102	False	834529		
ENSG00000143469__SYT14__tss209900923	SYT14	True	2.4089640304216985e-08	3.4415683297552046e-05	209900000__210880000	981578	3.681445598602295	>500 kb	31578	False	981578		
ENSG00000082497__SERTAD4__tss210232796	SERTAD4	True	-5.508629025142943e-07	-0.0005292916723865	210230000__211040000	809705	5.842991828918457	>500 kb	97514	False	809705		
ENSG00000054392__HHAT__tss210328252	HHAT	True	-6.937785313094547e-06	-0.0030706894928204	210325000__211115000	789249	5.633333534002304	>500 kb	127742	False	789249		
ENSG00000143473__KCNH1__tss211134165	KCNH1	True	1.676045441979161e-06	0.0020991166243007	211130000__210410000	-721664	13.323617815971376	>500 kb	129034	False	721664		
ENSG00000283952__ENSG00000283952__tss211188533	ENSG00000283952	True	2.4601972467857492e-08	3.5429725764879146e-05	211185000__210580000	-606032	6.317855209112167	>500 kb	181850	False	606032		
ENSG00000117625__RCOR3__tss211258377	RCOR3	True	-3.611582972627356e-05	-0.0014082225466823	211255000__210410000	-845876	3.949758529663086	>500 kb	99428	False	845876		
ENSG00000082512__TRAF5__tss211326615	TRAF5	True	0.0001346425075801	0.0680757563047949	211325000__211505000	180886	3.208089768886566	clean ≤500 kb	414424	False	180886	150–300	4
ENSG00000198570__RD3__tss211492162	RD3	True	1.3581186217644594e-08	1.933145104167231e-05	211490000__210630000	-859661	3.3774468898773193	>500 kb	92536	False	859661		
ENSG00000170385__SLC30A1__tss211579161	SLC30A1	True	-0.0002512526216182	-0.0012052650969761	211575000__212390000	813340	3.32508447766304	>500 kb	83197	False	813340		
ENSG00000117650__NEK2__tss211675630	NEK2	True	-4.949641840856778e-05	-0.0002650766088799	211675000__212455000	781871	5.15756830573082	>500 kb	96431	False	781871		
ENSG00000123684__LPGAT1__tss211830763	LPGAT1	True	0.0083505077491257	0.0396820480676604	211830000__211925000	96738	1.312650442123413	clean ≤500 kb	473998	False	96738	50–150	2
ENSG00000143476__DTL__tss212035553	DTL	True	4.01990600135127e-05	0.0007602417963078	212035000__212455000	421948	4.207849085330963	clean ≤500 kb	273893	False	421948	300–500	4
ENSG00000143493__INTS7__tss212035557	INTS7	True	-1.6616482564166257e-05	-0.0003848995690319	212035000__212455000	421944	4.207849085330963	clean ≤500 kb	273895	False	421944	300–500	4
ENSG00000066027__PPP2R5A__tss212285410	PPP2R5A	True	-0.0095451364221845	-0.0588661509087413	212285000__212110000	-172909	2.6334645748138428	clean ≤500 kb	435912	False	172909	150–300	3
ENSG00000065600__PACC1__tss212414901	PACC1	True	1.1405350391658318e-05	0.0010147930237383	212410000__211715000	-697400	4.007227778434753	>500 kb	173666	False	697400		
ENSG00000117691__NENF__tss212432920	NENF	True	-8.304135785149394e-05	-0.0037818331620837	212430000__211880000	-550419	2.536109447479248	>500 kb	232157	False	550419		
ENSG00000162772__ATF3__tss212565334	ATF3	True	-3.758933676646713e-08	-5.0500231635005645e-05	212565000__211755000	-807833	2.3589879870414734	>500 kb	118450	False	807833		
ENSG00000162771__GARIN4__tss212624474	GARIN4	True	3.833587215531343e-06	0.0039242712008736	212620000__211915000	-706973	3.612551689147949	>500 kb	138880	False	706973		
ENSG00000123685__BATF3__tss212699840	BATF3	True	-3.118326015833113e-05	-0.0193702955761489	212695000__212930000	232661	1.5161096453666687	clean ≤500 kb	406036	False	232661	150–300	1
ENSG00000117697__NSL1__tss212791782	NSL1	True	8.204743473425036e-05	0.0008267588866276	212790000__213695000	905719	3.3753302097320557	>500 kb	62007	False	905719		
ENSG00000203705__TATDN3__tss212791828	TATDN3	True	5.0449965485692416e-05	0.0010546503938207	212790000__213695000	905673	3.3753302097320557	>500 kb	62030	False	905673		
ENSG00000185523__SPATA45__tss212847649	SPATA45	True	-6.730512987522183e-07	-0.0006191439065437	212845000__213635000	789852	3.0912160873413086	>500 kb	112441	False	789852		
ENSG00000162769__FLVCR1__tss212858275	FLVCR1	True	-0.0002138837664902	-0.0023717367260798	212855000__213690000	834226	3.689088106155395	>500 kb	97754	False	834226		
ENSG00000143494__VASH2__tss212950520	VASH2	True	-4.834511119378648e-06	-0.0039648892056749	212950000__212485000	-463019	1.791960835456848	clean ≤500 kb	275857	False	463019	300–500	1
ENSG00000174606__ANGEL2__tss213015867	ANGEL2	True	-8.773057166953577e-05	-0.0023215562873764	213015000__212390000	-623366	2.7713232040405273	>500 kb	173183	False	623366		
ENSG00000136643__RPS6KC1__tss213051233	RPS6KC1	True	1.357090905334049e-06	0.000100669045749	213050000__213810000	761268	3.5130991339683533	>500 kb	111733	False	761268		
ENSG00000117707__PROX1__tss213983181	PROX1	True	0.0004376692437166	0.0338771069109534	213980000__213375000	-605680	6.601903438568115	>500 kb	189526	False	605680		
ENSG00000143499__SMYD2__tss214281102	SMYD2	True	-1.0178163674025298e-05	-0.000157627568167	214280000__213370000	-908601	3.4121226370334625	>500 kb	58066	False	908601		
ENSG00000152104__PTPN14__tss214552449	PTPN14	True	-7.798716119338097e-05	-0.0127379826719788	214550000__215540000	990052	6.687254428863525	>500 kb	27341	False	990052		
ENSG00000117724__CENPF__tss214603185	CENPF	True	5.939914174351267e-05	0.0029843230366624	214600000__215525000	924316	7.20789498090744	>500 kb	60209	False	924316		
ENSG00000082482__KCNK2__tss215005775	KCNK2	True	1.1028352324740485e-07	0.0001540613296071	215005000__215955000	951726	3.828817844390869	>500 kb	36504	False	951726		
ENSG00000136636__KCTD3__tss215567304	KCTD3	True	6.792459025153214e-05	0.0019892838559879	215565000__214665000	-899803	9.63745853304863	>500 kb	72465	False	899803		
ENSG00000042781__USH2A__tss216423448	USH2A	True	2.8410397447031057e-07	0.0004016545112159	216420000__217330000	909053	7.487185478210449	>500 kb	42840	False	909053		
ENSG00000196482__ESRRG__tss217137755	ESRRG	True	2.4753681912501148e-08	3.5443284608603414e-05	217135000__217830000	694746	3.760492771863938	>500 kb	154994	False	694746		
ENSG00000092978__GPATCH2__tss217631090	GPATCH2	True	8.376808960037542e-05	0.0051011077919756	217630000__216750000	-878589	4.874392122030258	>500 kb	50572	False	878589		
ENSG00000162814__SPATA17__tss217631324	SPATA17	True	2.0769148745964673e-05	0.0044588115962752	217630000__216750000	-878823	4.874392122030258	>500 kb	50455	False	878823		
ENSG00000067533__RRP15__tss218285293	RRP15	True	-1.2613270213488598e-05	-0.0003661616429477	218285000__219235000	952208	6.230225205421448	>500 kb	23763	False	952208		
ENSG00000092969__TGFB2__tss218345336	TGFB2	True	-9.60235346220712e-05	-0.0074402237915769	218345000__219335000	992165	3.1521520614624023	>500 kb	26284	False	992165		
ENSG00000143353__LYPLAL1__tss219173869	LYPLAL1	True	0.0001829880370127	0.0063342283713575	219170000__218370000	-801368	6.7097442746162415	>500 kb	121682	False	801368		
ENSG00000215817__ZC3H11B__tss219613105	ZC3H11B	True	1.6262474695086584e-05	0.0065174379564117	219610000__218815000	-795604	13.690250396728516	>500 kb	114564	False	795604		
ENSG00000196660__SLC30A10__tss219959018	SLC30A10	True	4.058814568434576e-06	0.0040351098447287	219955000__218985000	-971517	4.554934024810791	>500 kb	26608	False	971517		
ENSG00000136628__EPRS1__tss220046530	EPRS1	True	0.0003272470092709	0.0045944671069956	220045000__219315000	-729029	3.475508451461792	>500 kb	157852	False	729029		
ENSG00000162813__BPNT1__tss220090462	BPNT1	True	-0.0001911125744923	-0.0058052825079483	220090000__219840000	-247961	6.167222321033478	clean ≤500 kb	368386	False	247961	150–300	5
ENSG00000067704__IARS2__tss220094132	IARS2	True	-0.0006776991382133	-0.0049452661776312	220090000__219840000	-251631	6.167222321033478	clean ≤500 kb	366551	False	251631	150–300	5
ENSG00000118873__RAB3GAP2__tss220272529	RAB3GAP2	True	-3.5488695614250415e-05	-0.0010936225143298	220270000__220860000	589972	4.095676854252815	>500 kb	207381	False	589972		
ENSG00000116141__MARK1__tss220528136	MARK1	True	-1.1250103120985467e-06	-0.0009291609896893	220525000__221220000	694365	4.278399467468262	>500 kb	165184	False	694365		
ENSG00000162817__C1orf115__tss220690363	C1orf115	True	4.4781902931299855e-05	0.0005661886061553	220690000__219840000	-847862	5.433684825897217	>500 kb	80935	False	847862		
ENSG00000117791__MTARC2__tss220748225	MTARC2	True	0.0001629256788992	0.0021664713590025	220745000__220290000	-455724	2.12731021642685	mixed	267004	False	455724	300–500	
ENSG00000186205__MTARC1__tss220786352	MTARC1	True	-0.0008136584323157	-0.0086953111854941	220785000__220290000	-493851	5.161390960216522	clean ≤500 kb	275441	False	493851	300–500	5
ENSG00000286231__ENSG00000286231__tss220786990	ENSG00000286231	True	-1.5745041400769266e-05	-0.0002657658441771	220785000__220290000	-494489	5.161390960216522	clean ≤500 kb	275122	False	494489	300–500	5
ENSG00000136630__HLX__tss220879431	HLX	True	0.0003172585907195	0.0886885652030908	220875000__221435000	558070	8.19653707742691	>500 kb	218332	False	558070		
ENSG00000143507__DUSP10__tss221742089	DUSP10	True	-8.744149866337161e-05	-0.005489662486686	221740000__222425000	685412	4.228531569242477	>500 kb	179661	False	685412		
ENSG00000143512__HHIPL2__tss222548104	HHIPL2	True	9.603086416104696e-07	0.0004584446947661	222545000__223500000	954397	4.515692710876465	>500 kb	37668	False	954397		
ENSG00000143498__TAF1A__tss222589933	TAF1A	True	-0.0001545204432865	-0.0046997941077251	222585000__221810000	-777432	4.63294792175293	>500 kb	113650	False	777432		
ENSG00000154305__MIA3__tss222618097	MIA3	True	4.920194604109141e-05	0.0027270770080457	222615000__222010000	-605596	2.2335687279701233	>500 kb	192068	False	605596		
ENSG00000162819__BROX__tss222712553	BROX	True	0.0001365196695926	0.00193071454579	222710000__223080000	369948	3.0588220953941345	clean ≤500 kb	337393	False	369948	300–500	3
ENSG00000186063__AIDA__tss222713210	AIDA	True	-3.596063731852936e-05	-0.0010219154653351	222710000__223080000	369291	3.0588220953941345	clean ≤500 kb	337721	False	369291	300–500	3
ENSG00000197520__FAM177B__tss222737202	FAM177B	True	3.610912247676602e-05	0.0125823248958287	222735000__223085000	350299	4.994798898696899	clean ≤500 kb	314717	False	350299	300–500	5
ENSG00000154309__DISP1__tss222815022	DISP1	True	0.0003085499002474	0.0442779444977298	222815000__223065000	252479	2.941391706466675	clean ≤500 kb	371127	False	252479	150–300	3
ENSG00000187554__TLR5__tss223143292	TLR5	False	4.821077561813539e-06	0.0042833026855276	223140000__223500000	359209	2.6808614134788513	clean ≤500 kb	332762	False	359209	300–500	
ENSG00000143502__SUSD4__tss223364233	SUSD4	False	1.6481551125000827e-06	0.0012616435120246	223360000__224065000	703268	3.092571258544922	>500 kb	163233	False	703268		
ENSG00000178395__CCDC185__tss223393415	CCDC185	False	-6.709487427972204e-08	-9.302585666307454e-05	223390000__222750000	-640914	2.5890073776245117	>500 kb	176909	False	640914		
ENSG00000203697__CAPN8__tss223665723	CAPN8	False	-1.8065463679239968e-06	-0.0018254676849904	223665000__223160000	-503222	3.426015257835388	mixed	270755	False	503222		
ENSG00000162909__CAPN2__tss223701593	CAPN2	False	8.615054944186799e-07	0.0010319665287344	223700000__223915000	215908	7.315669059753418	clean ≤500 kb	389413	False	215908	150–300	
ENSG00000143514__TP53BP2__tss223845954	TP53BP2	False	2.2693597715898323e-05	0.0011717271866018	223845000__223025000	-818453	5.1366143226623535	>500 kb	113140	False	818453		
ENSG00000143756__FBXO28__tss224114111	FBXO28	True	0.0002152264175781	0.0043900299500272	224110000__224455000	343390	3.778039574623108	clean ≤500 kb	330672	False	343390	300–500	4
ENSG00000143753__DEGS1__tss224175756	DEGS1	True	-1.8497083255522833e-05	-0.0049465486397293	224175000__224840000	666745	3.826622724533081	>500 kb	188994	False	666745		
ENSG00000143748__NVL__tss224330189	NVL	False	-6.000531575878036e-05	-0.0029858315765922	224330000__223915000	-412688	8.826172828674316	clean ≤500 kb	308522	False	412688	300–500	
ENSG00000143771__CNIH4__tss224356858	CNIH4	True	0.0001356462510745	0.0017758572611528	224355000__225310000	955643	3.9303853511810303	>500 kb	34545	False	955643		
ENSG00000143786__CNIH3__tss224434660	CNIH3	True	0.0001518420535535	0.0023572131266337	224430000__225345000	912841	4.2629969120025635	>500 kb	65946	False	912841		
ENSG00000162923__WDR26__tss224437033	WDR26	True	4.157878127896645e-06	0.0011137902940855	224435000__225230000	795468	3.448618650436402	>500 kb	107133	False	795468		
ENSG00000185842__DNAH14__tss224896262	DNAH14	True	-2.7734449527875687e-09	-3.949743480151385e-06	224895000__223915000	-978761	8.15027141571045	>500 kb	25486	False	978761		
ENSG00000143815__LBR__tss225428925	LBR	True	-0.0001716231237493	-0.0064279395713723	225425000__225975000	548576	4.2136359214782715	>500 kb	218079	False	548576		
ENSG00000154380__ENAH__tss225653142	ENAH	True	0.0111457341360934	0.1539429128625636	225650000__225755000	104359	2.1447319984436035	clean ≤500 kb	452687	False	104359	50–150	3
ENSG00000143742__SRP9__tss225777813	SRP9	True	-0.000967601800371	-0.0050023640726494	225775000__225555000	-220312	3.420346260070801	clean ≤500 kb	412210	False	220312	150–300	4
ENSG00000143819__EPHX1__tss225810124	EPHX1	True	-0.000225073375732	-0.0053526733625978	225810000__225545000	-262623	2.290559470653534	clean ≤500 kb	391055	False	262623	150–300	3
ENSG00000196187__TMEM63A__tss225882380	TMEM63A	True	-0.0001264245576841	-0.0037732152143828	225880000__225535000	-344879	2.724285066127777	clean ≤500 kb	349927	False	344879	300–500	3
ENSG00000243709__LEFTY1__tss225911382	LEFTY1	True	-2.40017570655093e-07	-0.0002227778163153	225910000__225540000	-368881	4.145783305168152	clean ≤500 kb	337926	False	368881	300–500	4
ENSG00000255835__ENSG00000255835__tss225924278	ENSG00000255835	True	0.0004567029034912	0.0017078059972426	225920000__225545000	-376777	2.31626433134079	clean ≤500 kb	333978	False	376777	300–500	2
ENSG00000143811__PYCR2__tss225924340	PYCR2	True	-0.0003448003853852	-0.0015611701013916	225920000__225545000	-376839	2.31626433134079	clean ≤500 kb	333947	False	376839	300–500	2
ENSG00000143768__LEFTY2__tss225941383	LEFTY2	True	1.595004988333952e-06	0.0018707220723337	225940000__225540000	-398882	5.617025166749954	clean ≤500 kb	322925	False	398882	300–500	5
ENSG00000143751__SDE2__tss225999343	SDE2	True	0.0001303416052678	0.0039362649901294	225995000__225320000	-676842	4.492456674575806	>500 kb	183945	False	676842		
ENSG00000163041__H3-3A__tss226061851	H3-3A	True	-6.636704433952284e-05	-0.0018736954536949	226060000__225355000	-704350	4.802719593048096	>500 kb	142691	False	704350		
ENSG00000182827__ACBD3__tss226186741	ACBD3	True	0.0002966114583373	0.0073225048029858	226185000__226100000	-84240	1.3724217414855957	clean ≤500 kb	445246	False	84240	50–150	2
ENSG00000185155__MIXL1__tss226223618	MIXL1	True	0.0010818484541341	0.0455305812384388	226220000__226095000	-126117	1.6883146166801453	clean ≤500 kb	424308	False	126117	50–150	2
ENSG00000183814__LIN9__tss226309869	LIN9	True	1.3708709789966682e-05	0.0016158032913855	226305000__225310000	-997368	5.4562482833862305	>500 kb	23682	False	997368		
ENSG00000143799__PARP1__tss226408154	PARP1	True	0.0004184551334286	0.0027175779257865	226405000__226845000	439347	2.2386941611766815	clean ≤500 kb	272693	False	439347	300–500	2
ENSG00000203685__STUM__tss226548764	STUM	True	-3.622538331527603e-07	-0.0004656397862775	226545000__227455000	908737	3.638748347759247	>500 kb	60498	False	908737		
ENSG00000143772__ITPKB__tss226739323	ITPKB	True	5.960191151765156e-07	0.000383130610986	226735000__227605000	868178	7.044602870941162	>500 kb	88278	False	868178		
ENSG00000143801__PSEN2__tss226870184	PSEN2	True	5.3219704528921497e-05	0.0022276512871234	226870000__227365000	497317	3.3367279171943665	mixed	266208	False	497317	300–500	
ENSG00000288674__ENSG00000288674__tss226870184	ENSG00000288674	True	5.3219704528921497e-05	0.0022276512871234	226870000__227365000	497317	3.3367279171943665	mixed	266208	False	497317	300–500	
ENSG00000163050__COQ8A__tss226940286	COQ8A	True	9.437951804855405e-05	0.0032114144379842	226940000__227445000	507215	2.5887763500213623	mixed	261259	False	507215		
ENSG00000143776__CDC42BPA__tss227318492	CDC42BPA	True	-6.673399939052804e-06	-6.147186818104139e-05	227315000__228030000	714009	3.616154566407204	>500 kb	165362	False	714009		
ENSG00000181450__ZNF678__tss227563543	ZNF678	True	6.203030503055054e-05	0.0034451956480592	227560000__226720000	-841042	3.874468326568603	>500 kb	84345	False	841042		
ENSG00000143740__SNAP47__tss227728200	SNAP47	True	4.49085248316718e-05	0.0067682443555672	227725000__227965000	239301	2.7922746539115906	clean ≤500 kb	370216	False	239301	150–300	3
ENSG00000081692__JMJD4__tss227735411	JMJD4	True	0.0003573338037082	0.0025166675992283	227735000__226840000	-892910	4.063705921173096	>500 kb	60911	False	892910		
ENSG00000185888__PRSS38__tss227815675	PRSS38	True	1.9742154397974005e-08	2.840504092773555e-05	227815000__226855000	-958174	5.11591911315918	>500 kb	23279	False	958174		
ENSG00000143816__WNT9A__tss227947932	WNT9A	True	2.4264239039826698e-06	0.0023697639847229	227945000__227470000	-475431	3.2795674800872803	clean ≤500 kb	277151	False	475431	300–500	3
ENSG00000154342__WNT3A__tss228006998	WNT3A	False	-9.318281272812998e-09	-1.3354830774977737e-05	228005000__228525000	520503	3.30700421333313	mixed	262115	False	520503		
ENSG00000143761__ARF1__tss228082708	ARF1	True	0.0001434471461125	0.0014402507420254	228080000__227290000	-790207	4.387214660644531	>500 kb	127263	False	790207		
ENSG00000143793__C1orf35__tss228105411	C1orf35	False	0.0004205072084029	0.00367562600283	228105000__228230000	127090	1.0235118120908735	clean ≤500 kb	448822	False	127090	50–150	
ENSG00000162910__MRPL55__tss228109312	MRPL55	False	5.75202947292186e-06	1.6391276657186024e-05	228105000__228230000	123189	1.0235118120908735	clean ≤500 kb	450772	False	123189	50–150	
ENSG00000143774__GUK1__tss228139962	GUK1	True	6.377654933592547e-05	0.0004375935023635	228135000__227380000	-757461	3.428576707839966	>500 kb	126136	False	757461		
ENSG00000198835__GJC2__tss228149930	GJC2	True	0.0008087960678388	0.0017003612535212	228145000__227195000	-952429	3.162712812423706	>500 kb	31152	False	952429		
ENSG00000181873__IBA57__tss228165804	IBA57	True	2.393188808672529e-06	0.0002257926017535	228165000__227550000	-613303	5.174090385437012	>500 kb	208215	False	613303		
ENSG00000154358__OBSCN__tss228208044	OBSCN	True	1.0109105790881165e-06	0.0004765049703767	228205000__227455000	-750543	3.5533952713012695	>500 kb	109595	False	750543		
ENSG00000154370__TRIM11__tss228406835	TRIM11	True	-0.0001753722291523	-0.0031712216308359	228405000__227550000	-854334	2.605203866958618	>500 kb	87699	False	854334		
ENSG00000162931__TRIM17__tss228416861	TRIM17	False	-6.884105600082468e-06	-0.0019501293517759	228415000__228025000	-389360	1.6807599067687988	clean ≤500 kb	310186	False	389360	300–500	
ENSG00000168148__H3-4__tss228425360	H3-4	True	-7.762634913733267e-07	-0.000557342205115	228425000__227530000	-892859	2.758828639984131	>500 kb	43437	False	892859		
ENSG00000181218__H2AC25__tss228457873	H2AC25	False	0.0003489840846801	0.0023491489679222	228455000__228015000	-440372	2.0288075357675552	clean ≤500 kb	302180	False	440372	300–500	
ENSG00000196890__H2BC26__tss228458103	H2BC26	False	0.0001521013999277	0.0021183029209722	228455000__228015000	-440602	2.0288075357675552	clean ≤500 kb	302065	False	440602	300–500	
ENSG00000168159__RNF187__tss228487382	RNF187	True	0.0001626813288125	0.0020866778921476	228485000__227625000	-859881	3.0120432376861572	>500 kb	54926	False	859881		
ENSG00000116574__RHOU__tss228735479	RHOU	False	-0.0025804862969717	-0.0271080066952152	228735000__229160000	427022	6.022084712982178	clean ≤500 kb	308856	False	427022	300–500	
ENSG00000168118__RAB4A__tss229271062	RAB4A	False	-7.270810635106456e-05	-0.0009354209272191	229270000__228675000	-593561	6.822225987911224	>500 kb	225586	False	593561		
ENSG00000154429__CCSAP__tss229343294	CCSAP	False	5.2213639804277005e-05	0.0045711907616561	229340000__228720000	-620793	2.808931469917298	>500 kb	211970	False	620793		
ENSG00000143632__ACTA1__tss229434104	ACTA1	True	2.372807004615918e-05	0.0066478632549048	229430000__228825000	-606603	4.302180856466293	>500 kb	219065	False	606603		
ENSG00000069248__NUP133__tss229508341	NUP133	True	1.4125005898625588e-05	0.0002649524079529	229505000__230310000	804160	6.172170639038086	>500 kb	100287	False	804160		
ENSG00000135776__ABCB10__tss229558707	ABCB10	True	1.50569462695066e-05	0.0007493314382028	229555000__230295000	738794	5.034433662891388	>500 kb	152970	False	738794		
ENSG00000135801__TAF5L__tss229626122	TAF5L	True	-4.3462494739993085e-06	-0.0003475350834351	229625000__230295000	671379	6.25831726193428	>500 kb	186677	False	671379		
ENSG00000135763__URB2__tss229626247	URB2	True	-1.1286562788797444e-05	-0.0004665367261057	229625000__230295000	671254	6.25831726193428	>500 kb	186740	False	671254		
ENSG00000143641__GALNT2__tss230057990	GALNT2	True	-1.3588697978604416e-11	-1.4460014055849577e-08	230055000__229665000	-390489	3.981328338384628	clean ≤500 kb	302122	False	390489	300–500	4
ENSG00000177614__PGBD5__tss230426332	PGBD5	True	8.493451366908247e-07	0.0009533117942633	230425000__229670000	-753831	4.274239659309387	>500 kb	115451	False	753831		
ENSG00000135775__COG2__tss230642481	COG2	True	0.0011916648455009	0.0288773506943405	230640000__230780000	140020	3.216497242450714	clean ≤500 kb	427357	False	140020	50–150	4
ENSG00000135744__AGT__tss230745576	AGT	True	5.162079801243808e-07	0.0006822857211376	230745000__230630000	-113075	2.2616546899080276	clean ≤500 kb	430829	False	113075	50–150	4
ENSG00000135773__CAPN9__tss230747384	CAPN9	True	2.3244949583608803e-05	0.0206225897421982	230745000__230630000	-114883	2.2616546899080276	clean ≤500 kb	429925	False	114883	50–150	4
ENSG00000119280__C1orf198__tss230869589	C1orf198	True	-5.560615174066835e-05	-0.0014578539564314	230865000__231595000	727912	5.691457450389862	>500 kb	158411	False	727912		
ENSG00000143643__TTC13__tss230978875	TTC13	True	-2.4827885735004274e-05	-0.000923112506631	230975000__230650000	-326374	2.097629874944687	clean ≤500 kb	324179	False	326374	300–500	2
ENSG00000173409__ARV1__tss230978981	ARV1	True	-0.0004758758733138	-0.0097700770213657	230975000__230650000	-326480	2.097629874944687	clean ≤500 kb	324126	False	326480	300–500	2
ENSG00000182118__FAM89A__tss231040254	FAM89A	True	1.5595510861460098e-05	0.0022809893044924	231040000__230630000	-407753	3.036464899778366	clean ≤500 kb	293490	False	407753	300–500	3
ENSG00000119283__TRIM67__tss231162058	TRIM67	True	-3.126856284285228e-07	-0.0003817069496066	231160000__230560000	-599557	3.739722266793251	>500 kb	197588	False	599557		
ENSG00000143633__C1orf131__tss231241187	C1orf131	True	0.0001486435435271	0.0026520416082961	231240000__231600000	361314	3.6708933115005498	clean ≤500 kb	319210	False	361314	300–500	4
ENSG00000116906__GNPAT__tss231241207	GNPAT	True	-1.626841000462731e-05	-0.0002062761846541	231240000__231600000	361294	3.6708933115005498	clean ≤500 kb	319220	False	361294	300–500	4
ENSG00000010072__SPRTN__tss231337104	SPRTN	True	0.0012050812854018	0.0115568328787902	231335000__231595000	260397	5.96986722946167	clean ≤500 kb	362168	False	260397	150–300	5
ENSG00000116903__EXOC8__tss231337852	EXOC8	True	0.0019260269993892	0.0089397154886546	231335000__231595000	259649	5.96986722946167	clean ≤500 kb	362542	False	259649	150–300	5
ENSG00000135766__EGLN1__tss231422287	EGLN1	True	-0.0445810120411873	-0.1253291637570204	231420000__231550000	130214	2.5230513215065	clean ≤500 kb	457260	False	130214	50–150	4
ENSG00000116918__TSNAX__tss231528541	TSNAX	True	0.0005586820896732	0.0058168598485383	231525000__231385000	-141040	2.2323538661003113	clean ≤500 kb	421846	False	141040	50–150	3
ENSG00000287856__ENSG00000287856__tss231528603	ENSG00000287856	True	-6.47910511598973e-05	-0.001276003429035	231525000__230655000	-871102	3.2821566462516785	>500 kb	71815	False	871102		
ENSG00000270106__TSNAX-DISC1__tss231528653	TSNAX-DISC1	True	0.0007635781661422	0.0075328450500967	231525000__231385000	-141152	2.2323538661003113	clean ≤500 kb	421790	False	141152	50–150	3
ENSG00000162946__DISC1__tss231626790	DISC1	True	-1.5028534278787274e-06	-0.0003181285364198	231625000__231325000	-299289	1.7701956629753113	clean ≤500 kb	335222	False	299289	150–300	2
ENSG00000116991__SIPA1L2__tss232630571	SIPA1L2	True	4.8436702303645694e-06	0.0036037222639032	232630000__233275000	646930	4.624204337596893	>500 kb	161402	False	646930		
ENSG00000212916__MAP10__tss232805416	MAP10	True	-1.1403903187141504e-05	-0.0008829545722762	232805000__233790000	987085	7.117050647735596	>500 kb	28824	False	987085		
ENSG00000135778__NTPCR__tss232950605	NTPCR	True	-5.2997673991105054e-05	-0.0018770930391314	232950000__232065000	-883104	4.795894801616669	>500 kb	68314	False	883104		
ENSG00000135749__PCNX2__tss233295725	PCNX2	True	-2.8172629699704625e-06	-0.0011992512803365	233295000__234080000	786776	7.519436627626419	>500 kb	98979	False	786776		
ENSG00000143674__MAP3K21__tss233327724	MAP3K21	True	3.384186288370953e-06	0.0008377275072708	233325000__234090000	764777	5.513421356678009	>500 kb	124978	False	764777		
ENSG00000135750__KCNK1__tss233614106	KCNK1	True	2.221491184736281e-05	0.0068607796936181	233610000__232765000	-846605	5.530552864074707	>500 kb	81564	False	846605		
ENSG00000183780__SLC35F3__tss233904676	SLC35F3	True	5.832384326886716e-06	0.0056396152375162	233900000__233415000	-487175	4.680157154798508	mixed	246279	False	487175	300–500	
ENSG00000168275__COA6__tss234373456	COA6	True	0.0003963337931386	0.0024031756933821	234370000__233405000	-965955	4.3618693351745605	>500 kb	29389	False	965955		
ENSG00000059588__TARBP1__tss234479179	TARBP1	True	-8.994404129249178e-06	-0.0002921970544954	234475000__235055000	578322	2.556266188621521	>500 kb	233206	False	578322		
ENSG00000168264__IRF2BP2__tss234610178	IRF2BP2	True	0.0059938661597086	0.0214119032680094	234610000__234870000	262323	2.8995281457901	clean ≤500 kb	353705	False	262323	150–300	3
ENSG00000173726__TOMM20__tss235128837	TOMM20	True	-0.0029655757828731	-0.0074051483357641	235125000__234490000	-636336	6.438027381896973	>500 kb	189198	False	636336		
ENSG00000188739__RBM34__tss235161283	RBM34	True	8.822887785836508e-06	5.641909340724856e-05	235160000__234460000	-698782	5.5444470047950745	>500 kb	165475	False	698782		
ENSG00000152904__GGPS1__tss235327350	GGPS1	True	1.6260807191026403e-06	1.5973969222690676e-05	235325000__234500000	-824849	5.145706385374069	>500 kb	109942	False	824849		
ENSG00000054267__ARID4B__tss235328219	ARID4B	True	2.1586629298200877e-05	0.000217235858835	235325000__234500000	-825718	5.145706385374069	>500 kb	109507	False	825718		
ENSG00000285053__ENSG00000285053__tss235328570	ENSG00000285053	True	0.000123160916607	0.0009195182878434	235325000__234500000	-826069	5.145706385374069	>500 kb	109332	False	826069		
ENSG00000284770__TBCE__tss235367360	TBCE	True	-9.052228860077088e-05	-0.0054921861266982	235365000__235245000	-119859	2.701212465763092	clean ≤500 kb	462437	False	119859	50–150	4
ENSG00000162885__B3GALNT2__tss235504452	B3GALNT2	True	9.767652775477184e-05	0.0045407331462057	235500000__235950000	448049	2.131048858165741	clean ≤500 kb	275842	False	448049	300–500	2
ENSG00000168243__GNG4__tss235650754	GNG4	True	-0.0002160631228832	-0.0106338625819868	235650000__234920000	-728253	2.824448347091675	>500 kb	123240	False	728253		
ENSG00000143669__LYST__tss235883724	LYST	True	0.0003801673333162	0.2425380303103357	235880000__235955000	73777	1.162201762199402	clean ≤500 kb	457978	False	73777	50–150	1
ENSG00000116962__NID1__tss236065109	NID1	True	-5.8305647873180266e-05	-0.0013158384973198	236065000__236490000	427392	3.675354838371277	clean ≤500 kb	308671	False	427392	300–500	4
ENSG00000077585__GPR137B__tss236142505	GPR137B	True	-0.0001036972909754	-0.0103960710603133	236140000__236505000	364996	2.8390737771987915	clean ≤500 kb	312369	False	364996	300–500	3
ENSG00000086619__ERO1B__tss236282019	ERO1B	True	-1.770376611404806e-05	-0.0017973517629977	236280000__237160000	880482	5.41554594039917	>500 kb	57126	False	880482		
ENSG00000186197__EDARADD__tss236348257	EDARADD	True	6.493840240594445e-07	0.0009272900351205	236345000__236100000	-245756	3.2092078924179077	clean ≤500 kb	369488	False	245756	150–300	4
ENSG00000116977__LGALS8__tss236518000	LGALS8	True	1.271630993567152e-05	0.0128017711689734	236515000__236100000	-415499	7.104547619819641	clean ≤500 kb	289617	False	415499	300–500	5
ENSG00000119285__HEATR1__tss236604516	HEATR1	True	0.0002244543509253	0.0023339762213801	236600000__237540000	937985	10.428501605987549	>500 kb	35874	False	937985		
ENSG00000077522__ACTN2__tss236664141	ACTN2	True	2.381892101903867e-09	3.4351347809995225e-06	236660000__237390000	728360	6.724429190158844	>500 kb	128187	False	728360		
ENSG00000116984__MTR__tss236795260	MTR	True	-4.064141510844166e-05	-0.0005177636394292	236795000__236100000	-692759	4.780167400836945	>500 kb	148487	False	692759		
ENSG00000244020__MT1HL1__tss237004441	MT1HL1	True	7.119071892174153e-08	0.0001019056598108	237000000__237585000	583060	3.661684513092041	>500 kb	213337	False	583060		
ENSG00000198626__RYR2__tss237042184	RYR2	True	2.95693935431632e-08	4.152736517663154e-05	237040000__236075000	-964683	1.8567049503326416	>500 kb	27525	False	964683		
ENSG00000116996__ZP4__tss237890922	ZP4	True	2.8439284508136132e-08	3.9023237863123304e-05	237890000__238665000	776579	6.923566818237305	>500 kb	134077	False	776579		
ENSG00000133019__CHRM3__tss239386565	CHRM3	True	-3.0276004680250036e-06	-0.0034896937281616	239385000__238395000	-989064	8.045592308044434	>500 kb	27834	False	989064		
ENSG00000155816__FMN2__tss240014348	FMN2	True	1.1932317347220388e-07	0.0001683194888089	240010000__239350000	-661847	3.6981217861175537	>500 kb	173943	False	661847		
ENSG00000180875__GREM2__tss240612155	GREM2	True	3.89390045844153e-05	0.0184902100735167	240610000__240035000	-574654	2.937046393752098	>500 kb	210039	False	574654		
ENSG00000182901__RGS7__tss241357374	RGS7	True	-3.98279721627729e-07	-0.0005156497922432	241355000__242305000	950127	8.938758850097656	>500 kb	34803	False	950127		
ENSG00000091483__FH__tss241519799	FH	True	0.0005449519233309	0.0064920278840532	241515000__240885000	-632298	5.173048228025436	>500 kb	196217	False	632298		
ENSG00000117009__KMO__tss241532134	KMO	True	-5.0111453336824496e-06	-0.0019084319499803	241530000__240730000	-799633	5.8218207359313965	>500 kb	97550	False	799633		
ENSG00000203668__CHML__tss241640369	CHML	True	0.000711907599828	0.0151559217161537	241640000__241805000	167132	2.387042462825775	clean ≤500 kb	438801	False	167132	150–300	3
ENSG00000162843__WDR64__tss241652278	WDR64	True	-3.453089298431709e-07	-0.000464066289118	241650000__242615000	965223	6.1060380935668945	>500 kb	27255	False	965223		
ENSG00000054277__OPN3__tss241677376	OPN3	True	2.9008413149714748e-08	4.069737611585094e-05	241675000__240845000	-829875	4.600801944732666	>500 kb	87429	False	829875		
ENSG00000174371__EXO1__tss241847967	EXO1	True	0.0002593637428459	0.0035206982978622	241845000__242420000	574534	2.816157579421997	>500 kb	215100	False	574534		
ENSG00000196289__BECN2__tss241957767	BECN2	True	3.491099487788746e-07	0.0004236268716298	241955000__241035000	-920266	3.116915225982666	>500 kb	62233	False	920266		
ENSG00000197769__MAP1LC3C__tss241999098	MAP1LC3C	True	0.0003499682754648	0.3018506806887551	241995000__241895000	-101597	4.563775151968002	clean ≤500 kb	434068	False	101597	50–150	5
ENSG00000180287__PLD5__tss242524697	PLD5	True	2.721160846402871e-06	0.003674143567986	242520000__242040000	-482196	4.41632354259491	mixed	243768	False	482196	300–500	
ENSG00000143702__CEP170__tss243255793	CEP170	True	-0.0002080321255775	-0.0040430440917382	243255000__244230000	976708	4.469223827123642	>500 kb	34013	False	976708		
ENSG00000054282__SDCCAG8__tss243256034	SDCCAG8	True	-0.0001159456972007	-0.0031473689520534	243255000__244230000	976467	4.469223827123642	>500 kb	34133	False	976467		
ENSG00000117020__AKT3__tss243851079	AKT3	True	-1.7247157009093845e-06	-0.0008233591719728	243850000__242950000	-898578	8.208304405212402	>500 kb	55577	False	898578		
ENSG00000179456__ZBTB18__tss244048547	ZBTB18	True	-4.1904546786604435e-05	-0.0033075186478903	244045000__243325000	-721046	4.687770366668701	>500 kb	161843	False	721046		
ENSG00000173728__SPMIP3__tss244352635	SPMIP3	True	-4.323198925820334e-07	-0.0005749675437807	244350000__243465000	-885134	6.1360626220703125	>500 kb	69799	False	885134		
ENSG00000035687__ADSS2__tss244451909	ADSS2	True	3.168521947725933e-05	0.000347839318733	244450000__243525000	-924408	3.798050165176392	>500 kb	60162	False	924408		
ENSG00000179397__CATSPERE__tss244454377	CATSPERE	True	3.257930392992466e-06	0.0013875254017106	244450000__243525000	-926876	3.798050165176392	>500 kb	58928	False	926876		
ENSG00000121644__DESI2__tss244653103	DESI2	True	0.0021332758075542	0.0462951207052862	244650000__244795000	144398	1.6756213903427124	clean ≤500 kb	450168	False	144398	50–150	2
ENSG00000284188__C1orf202__tss244731015	C1orf202	True	4.567771387787954e-08	6.155065987724969e-05	244730000__245715000	986486	2.9556615352630615	>500 kb	29124	False	986486		
ENSG00000203667__COX20__tss244835616	COX20	True	-9.631637850372744e-05	-0.0011423076240522	244835000__245055000	221885	3.0349563658237457	clean ≤500 kb	403924	False	221885	150–300	4
ENSG00000153187__HNRNPU__tss244864560	HNRNPU	True	0.0036098191390717	0.003114404650896	244860000__245050000	187941	3.777527838945389	clean ≤500 kb	405896	False	187941	150–300	4
ENSG00000203666__EFCAB2__tss244969682	EFCAB2	True	0.0008264928525349	0.0510353972110591	244965000__244870000	-97181	1.682542324066162	clean ≤500 kb	436276	False	97181	50–150	2
ENSG00000162849__KIF26B__tss245154985	KIF26B	True	0.0001145152114862	0.027267824136408	245150000__246000000	847516	20.028594583272938	>500 kb	68609	False	847516		
ENSG00000185420__SMYD3__tss246507312	SMYD3	True	6.513836887718505e-06	0.0003633015678825	246505000__245555000	-949811	5.021065711975098	>500 kb	37461	False	949811		
ENSG00000162851__TFB2M__tss246566261	TFB2M	True	-0.000155729805638	-0.0013907584354743	246565000__245665000	-898760	4.103770732879639	>500 kb	37986	False	898760		
ENSG00000162852__CNST__tss246566444	CNST	True	7.947839669760273e-05	0.001960476439366	246565000__245665000	-898943	4.103770732879639	>500 kb	37895	False	898943		
ENSG00000143653__SCCPDH__tss246724409	SCCPDH	True	-0.00012170753649	-0.0013860598631032	246720000__245820000	-901908	5.13525915145874	>500 kb	61412	False	901908		
ENSG00000153207__AHCTF1__tss246931948	AHCTF1	True	-0.0002953708597042	-0.0092174666023669	246930000__247060000	130553	1.1625784039497375	clean ≤500 kb	457090	False	130553	50–150	1
ENSG00000197472__ZNF695__tss247008093	ZNF695	True	-6.998775359362726e-05	-0.0076373476025986	247005000__246290000	-715592	2.3976690769195557	>500 kb	149570	False	715592		
ENSG00000135747__ZNF670-ZNF695__tss247078811	ZNF670-ZNF695	True	2.2001852675016323e-05	0.0011180042218943	247075000__246700000	-376310	1.403278931975365	clean ≤500 kb	309211	False	376310	300–500	1
ENSG00000277462__ZNF670__tss247078811	ZNF670	True	0.0022708140127407	0.1057428040388895	247075000__246975000	-101310	0.9418042302131652	clean ≤500 kb	454211	False	101310	50–150	1
ENSG00000188295__ZNF669__tss247104372	ZNF669	True	-0.0004198074658632	-0.0215045140598296	247100000__246920000	-181871	1.6116167306900024	clean ≤500 kb	431431	False	181871	150–300	1
ENSG00000196418__ZNF124__tss247172020	ZNF124	True	-4.087640964953697e-06	-0.0006249548451014	247170000__246240000	-929519	5.920015335083008	>500 kb	50107	False	929519		
ENSG00000197617__VN1R5__tss247255972	VN1R5	True	-2.909841425400933e-09	-4.189442869311139e-06	247255000__246280000	-973471	2.941467523574829	>500 kb	25631	False	973471		
ENSG00000162714__ZNF496__tss247331867	ZNF496	True	0.0001387309603002	0.002807011601331	247330000__246940000	-389366	2.025730147957802	clean ≤500 kb	315183	False	389366	300–500	2
ENSG00000162711__NLRP3__tss247332331	NLRP3	True	0.0001975077234744	0.002166729862556	247330000__246940000	-389830	2.025730147957802	clean ≤500 kb	314951	False	389830	300–500	2
ENSG00000177535__OR2B11__tss247458105	OR2B11	True	-4.19311636955979e-08	-6.00922039511075e-05	247455000__248425000	969396	4.357763767242432	>500 kb	22669	False	969396		
ENSG00000169224__GCSAML__tss247507058	GCSAML	True	3.2081620524543265e-08	4.59781727936303e-05	247505000__248260000	755443	6.4062628746032715	>500 kb	119645	False	755443		
ENSG00000196242__OR2C3__tss247536440	OR2C3	True	-1.7509764456246985e-08	-2.5174340494724253e-05	247535000__248410000	876061	6.4029459953308105	>500 kb	61836	False	876061		
ENSG00000198452__OR14L1__tss247617143	OR14L1	True	5.3254224370541286e-08	7.663102514448477e-05	247615000__248245000	630358	3.675868511199951	>500 kb	187188	False	630358		
ENSG00000197437__OR13G1__tss247679739	OR13G1	True	-3.2089214725742196e-08	-4.613407196597474e-05	247675000__248420000	742762	4.2828049659729	>500 kb	133486	False	742762		
ENSG00000239395__ENSG00000239395__tss247723764	ENSG00000239395	True	1.3790443801255408e-08	1.9844033522895975e-05	247720000__248260000	538737	5.015355169773102	mixed	227998	False	538737		
ENSG00000241128__OR14A2__tss247748141	OR14A2	True	-1.8313217364698803e-08	-2.6213357203511105e-05	247745000__248425000	679360	8.450681686401367	>500 kb	182687	False	679360		
ENSG00000228336__OR9H1P__tss247770169	OR9H1P	True	3.199845286784599e-10	4.492895250531514e-07	247770000__248410000	642332	4.517106056213379	>500 kb	193701	False	642332		
ENSG00000196772__OR14A16__tss247824119	OR14A16	True	6.124037558075244e-08	8.781808055817963e-05	247820000__248425000	603382	5.332780838012695	>500 kb	205676	False	603382		
ENSG00000197591__OR11L1__tss247841896	OR11L1	True	2.405254272531761e-08	3.4634206084883283e-05	247840000__248615000	775605	3.947221994400024	>500 kb	109564	False	775605		
ENSG00000162722__TRIM58__tss247857187	TRIM58	True	-1.3298484076464914e-07	-0.0001794682426663	247855000__248610000	755314	4.678845405578613	>500 kb	117210	False	755314		
ENSG00000279263__OR2L8__tss247948858	OR2L8	True	-3.6288666385496875e-07	-0.0004754295130855	247945000__248255000	308643	4.242437094449997	clean ≤500 kb	340545	False	308643	300–500	4
ENSG00000187080__OR2AK2__tss247965233	OR2AK2	True	6.394794689992414e-07	0.0008780514515378	247965000__248425000	462268	3.85905647277832	clean ≤500 kb	276233	False	462268	300–500	4
ENSG00000197454__OR2L5__tss248013660	OR2L5	True	8.170902704205627e-08	0.0001228094896248	248010000__248610000	598841	2.830897092819214	>500 kb	192946	False	598841		
ENSG00000203663__OR2L2__tss248030070	OR2L2	True	-6.581459476541996e-07	-0.0009069206251854	248030000__248425000	397431	9.420609474182127	clean ≤500 kb	308651	False	397431	300–500	5
ENSG00000198128__OR2L3__tss248046836	OR2L3	True	-2.541099096560176e-06	-0.0035263524954215	248045000__248420000	375665	3.762660503387451	clean ≤500 kb	317034	False	375665	300–500	4
ENSG00000177174__OR14C36__tss248348775	OR14C36	True	1.0394182211059909e-07	0.0001491140618036	248345000__247685000	-661274	4.778578042984009	>500 kb	174229	False	661274		
ENSG00000196944__OR2T4__tss248361665	OR2T4	True	4.04411659022077e-07	0.000575532076075	248360000__247780000	-579164	4.80142068862915	>500 kb	195284	False	579164		
ENSG00000196240__OR2T2__tss248445512	OR2T2	True	1.085220856198988e-07	0.0001555985729687	248445000__248790000	346989	7.207435607910156	clean ≤500 kb	87922	False	346989	300–500	5
ENSG00000196539__OR2T3__tss248473351	OR2T3	True	-2.378387429272891e-08	-3.3876570818672886e-05	248470000__247690000	-780850	7.704967975616455	>500 kb	99441	False	780850		
ENSG00000203661__OR2T5__tss248488589	OR2T5	True	1.3256294069802719e-09	1.906765684689587e-06	248485000__248880000	393912	6.763255596160889	clean ≤500 kb	57922	False	393912	300–500	5
ENSG00000183310__OR2T34__tss248574757	OR2T34	True	-1.1403727967679872e-07	-0.0001631950683677	248570000__247805000	-767256	9.800277709960938	>500 kb	131238	False	767256		
ENSG00000279301__OR2T11__tss248635091	OR2T11	True	4.2405165995717515e-08	6.080403115900037e-05	248635000__248885000	252410	4.295502662658691	clean ≤500 kb	27922	False	252410	150–300	5
ENSG00000171161__ZNF672__tss248838210	ZNF672	True	-7.155007310847249e-05	-0.0037636947762576	248835000__248410000	-425709	3.8526899814605713	clean ≤500 kb	116212	False	425709	300–500	4
