cohort,gene_symbol,gene_id,native,T_minus_G
bottom500,A3GALT2,ENSG00000184389.9,0.0034449528944668,0.0041477807529725
bottom500,AADACL2,ENSG00000197953.6,0.0001538696884791,0.1383020930935563
bottom500,AADACL3,ENSG00000188984.12,3.02097908033236e-05,0.0233055420968099
bottom500,AADACL4,ENSG00000204518.3,2.5253740043015387e-05,0.007861341352379782
bottom500,AANAT,ENSG00000129673.10,0.0020044975470474,0.016773025254238398
bottom500,AARD,ENSG00000205002.4,0.0007314258454084,0.0309753762980973
bottom500,ABCA12,ENSG00000144452.15,0.0001623868826805,0.061889705251591
bottom500,ABCB5,ENSG00000004846.17,1.0264010308973791e-05,0.0046387052149981
bottom500,ABCC12,ENSG00000140798.17,1.881707152894097e-05,0.004148857448692899
bottom500,ABCC8,ENSG00000006071.16,0.0006321522673447,0.1757285397032392
bottom500,ABHD12B,ENSG00000131969.15,0.0008016090914898,0.1315544781849343
bottom500,ABRA,ENSG00000174429.4,0.0002135673287348,1.2644579731142718
bottom500,ACAN,ENSG00000157766.19,0.0004132962819025,0.0118544529340581
bottom500,ACCSL,ENSG00000205126.2,0.0002564602672184,0.36529888909582137
bottom500,ACOD1,ENSG00000102794.11,4.040985688496787e-05,0.015187741088846702
bottom500,ACP4,ENSG00000142513.6,0.0004031473345074,0.9308780347825212
bottom500,ACP7,ENSG00000183760.11,3.648632666369055e-05,0.0191660364787946
bottom500,ACRV1,ENSG00000134940.14,0.0003654806005908,0.0005369736489223001
bottom500,ACSBG2,ENSG00000130377.14,7.209388029733758e-05,0.0087621673037835
bottom500,ACSM4,ENSG00000215009.6,0.0001451702495023,0.0031912671576676
bottom500,ACSM6,ENSG00000173124.15,0.0011983571658976,0.185338989298691
bottom500,ACTBL2,ENSG00000169067.4,0.0001303717020862,0.0086145978022156
bottom500,ACTL6B,ENSG00000077080.10,0.000469110637494,0.4408046120607374
bottom500,ACTL7A,ENSG00000187003.7,0.0001254521939125,0.6401584286804172
bottom500,ACTL7B,ENSG00000148156.8,6.24987021239941e-05,5.596004206983143
bottom500,ACTL8,ENSG00000117148.8,3.2423443231093234e-06,0.0004204094916532279
bottom500,ACTL9,ENSG00000181786.6,1.5399671290580367e-05,0.7995154202700725
bottom500,ACTN3,ENSG00000248746.6,0.0146174748345686,0.0969689652332412
bottom500,ACTRT1,ENSG00000123165.9,2.7201805252274267e-05,0.0006221369723430001
bottom500,ACTRT2,ENSG00000169717.7,1.1909845882799688e-05,0.1700358593506355
bottom500,ADAD1,ENSG00000164113.11,2.227445518275867e-05,0.0005705947710524706
bottom500,ADAD2,ENSG00000140955.11,0.0001867638819716,0.0241080454306971
bottom500,ADAM18,ENSG00000168619.16,4.046381962745774e-05,0.0362441311554294
bottom500,ADAM2,ENSG00000104755.16,2.1734681111727615e-05,0.0009691411535278449
bottom500,ADAM21,ENSG00000139985.8,0.034149899670025,0.0039735233365724995
bottom500,ADAM29,ENSG00000168594.15,2.5877274531260595e-05,6.05066380212379e-05
bottom500,ADAM30,ENSG00000134249.7,9.696659889497724e-06,0.0541978993719688
bottom500,ADAM32,ENSG00000197140.15,0.008811597475298,0.0037929995461403014
bottom500,ADAM7,ENSG00000069206.15,2.8374405782773756e-05,0.0441898185023291
bottom500,ADAMTS18,ENSG00000140873.16,0.001776079709238,0.0019019052285725994
bottom500,ADAMTS19,ENSG00000145808.10,0.0012563577513528,0.0152314796937967
bottom500,ADAMTS20,ENSG00000173157.18,0.0005668311004581,0.0476325204765305
bottom500,ADAMTS6,ENSG00000049192.15,0.0062223862975039,0.007822094677298
bottom500,ADAMTS8,ENSG00000134917.10,0.0031499203782096,0.0925329787839624
bottom500,ADARB2,ENSG00000185736.16,0.0005590260564758,0.0097479721319293
bottom500,ADCY2,ENSG00000078295.17,0.0008843548109876,0.015199257606348899
bottom500,ADCY8,ENSG00000155897.10,0.0008423946767432,0.0249906905280355
bottom500,ADGB,ENSG00000118492.19,5.660918206060284e-05,0.0029972947371305
bottom500,ADGRB2,ENSG00000121753.13,0.0003303365545561,0.0016129485326122001
bottom500,ADGRD2,ENSG00000180264.12,0.0001301439906227,0.0392048910522768
bottom500,ADGRF1,ENSG00000153292.16,0.0001952604651463,0.030009258932335595
bottom500,ADGRF4,ENSG00000153294.12,3.7128851097007304e-05,0.0002546304633425943
bottom500,ADGRG4,ENSG00000156920.11,6.627621415310091e-06,0.00010250436983184913
bottom500,ADIG,ENSG00000182035.13,0.0004290849789617,0.0009264008889332
bottom500,ADRB3,ENSG00000188778.6,0.0009233905236023,0.5296685296291364
bottom500,AGBL1,ENSG00000273540.5,0.0002955674211412,0.10750381405588141
bottom500,AGTR2,ENSG00000180772.8,0.0043773143629446,0.6391186318248152
bottom500,AICDA,ENSG00000111732.12,0.0001144074620499,0.0624737845918273
bottom500,AIPL1,ENSG00000129221.16,1.7239785240160037e-05,1.070462552850906
bottom500,AIRE,ENSG00000160224.17,0.000272113832334,0.1843857150256391
bottom500,AKAP4,ENSG00000147081.15,4.1551576640926566e-05,0.2488035616553582
bottom500,AKNAD1,ENSG00000162641.20,2.3576759669276343e-05,0.006444616062379
bottom500,ALG1L2,ENSG00000251287.9,3.832765839144179e-05,0.0011526830584409
bottom500,ALK,ENSG00000171094.18,0.0005276666043709,0.0014092000431789001
bottom500,ALOX12B,ENSG00000179477.11,1.6225726231218613e-05,0.3786015519780509
bottom500,ALOXE3,ENSG00000179148.11,0.0006915796874397,0.0083579817535574
bottom500,ALPG,ENSG00000163286.9,5.0087770859181e-05,0.6111828411869488
bottom500,ALPI,ENSG00000163295.5,0.0023924781587296,1.2937639845884474
bottom500,ALPP,ENSG00000163283.7,0.0001370021394468,1.354521037926453
bottom500,ALX1,ENSG00000180318.4,0.0001833188462895,0.0033783915315401
bottom500,ALX4,ENSG00000052850.8,8.337262575314819e-05,0.001608464145282
bottom500,AMBN,ENSG00000178522.15,0.0001101117515332,0.1690203191292423
bottom500,AMELX,ENSG00000125363.14,0.0002096532396308,0.0435972551556136
bottom500,AMELY,ENSG00000099721.16,0.0357516136162878,0.039228619495689905
bottom500,AMER2,ENSG00000165566.13,0.000393229422576,0.0136254761778647
bottom500,AMER3,ENSG00000178171.12,2.7386842474451883e-05,0.0050711902992051
bottom500,AMTN,ENSG00000187689.10,2.862355057458937e-05,0.0429251135518494
bottom500,AMY1A,ENSG00000237763.10,1.4264253094217572e-05,0.1113813654203435
bottom500,AMY1B,ENSG00000174876.17,1.0294512849688123e-05,0.1471466254742431
bottom500,AMY1C,ENSG00000187733.7,6.970678873023103e-07,6.571125894698646e-05
bottom500,AMY2A,ENSG00000243480.8,0.000423627018025,0.9710816968842007
bottom500,ANGPTL5,ENSG00000187151.7,0.002713249303884,0.0085333734502457
bottom500,ANKFN1,ENSG00000153930.13,0.0001178086229183,0.0057117933402615
bottom500,ANKRD30A,ENSG00000148513.20,3.7118939646063255e-05,0.0144380134560083
bottom500,ANKRD30B,ENSG00000180777.15,6.131939686189877e-05,0.0063218191262336
bottom500,ANKRD30BL,ENSG00000163046.16,0.000257735660868,0.0008660523576417999
bottom500,ANKRD31,ENSG00000145700.10,0.0011019554342365,0.019793772076117
bottom500,ANKRD34B,ENSG00000189127.8,0.0001726317458842,0.0452741096139179
bottom500,ANKRD34C,ENSG00000235711.5,1.984025837188908e-05,0.0045043173132260006
bottom500,ANKRD45,ENSG00000183831.7,0.0003369814215585,0.0064283629104534
bottom500,ANKRD60,ENSG00000124227.6,0.014290966099534,0.0013509375013496003
bottom500,ANKRD62,ENSG00000181626.12,0.0001413179348091,0.0555106116447573
bottom500,ANKRD63,ENSG00000230778.2,0.0006637327198603,0.0475076897302429
bottom500,ANKRD66,ENSG00000230062.7,0.0001283694934812,0.08901869068342
bottom500,ANKUB1,ENSG00000206199.11,4.4720557188620016e-05,0.0530729486262095
bottom500,ANO2,ENSG00000047617.18,0.0037666168409934,0.0278723817720598
bottom500,ANO4,ENSG00000151572.18,0.0001038399870537,0.0178387509014153
bottom500,ANP32D,ENSG00000139223.4,0.0002698970195562,0.00022515346931830006
bottom500,ANTXRL,ENSG00000274209.6,0.0005135110176812,0.0035165741494683
bottom500,APC2,ENSG00000115266.12,5.742859932811489e-05,0.0008839386388304001
bottom500,APCDD1L,ENSG00000198768.11,0.0003821897343493,0.0058655977504575
bottom500,APELA,ENSG00000248329.6,0.001151049091944,0.0566435212594221
bottom500,APOBEC1,ENSG00000111701.7,8.16765022130844e-05,0.1305289878320229
bottom500,APOBEC4,ENSG00000173627.8,0.0007589868033829,0.0066779648429983
bottom500,AQP10,ENSG00000143595.13,0.0082468303650818,0.48128093429371693
bottom500,AQP12A,ENSG00000184945.15,0.0005602654462892,0.28746166942735957
bottom500,AQP12B,ENSG00000185176.13,0.0003566473665351,1.271281120514538
bottom500,ARHGAP36,ENSG00000147256.12,0.0001596827414574,0.0043813120573759
bottom500,ARHGAP40,ENSG00000124143.11,0.0004864789619712,0.0732902923613938
bottom500,ARL13A,ENSG00000174225.15,0.0002580216876205,0.00024192295189519997
bottom500,ARL14EPL,ENSG00000268223.7,0.0004778196380132,0.0011568751481288
bottom500,ARL5C,ENSG00000141748.13,0.0003622212751149,0.24202305903079602
bottom500,ARMC3,ENSG00000165309.14,7.671123330336178e-05,0.0015167523881787
bottom500,ARMH2,ENSG00000260286.4,0.0009523715436245,0.11670245696208349
bottom500,ARR3,ENSG00000120500.19,0.0002728415910555,0.25757843929857427
bottom500,ARSH,ENSG00000205667.3,2.306543837940704e-05,0.0009258213082266
bottom500,ART1,ENSG00000129744.3,0.000262231198309,0.015330830921801401
bottom500,ARX,ENSG00000004848.8,5.006060279836896e-05,0.000589058236421112
bottom500,ASB10,ENSG00000146926.11,0.0001106651234584,0.6263897219112748
bottom500,ASB11,ENSG00000165192.14,0.0005109433360484,0.11046422745103401
bottom500,ASB15,ENSG00000146809.14,9.695625346283395e-06,1.728525576958394e-05
bottom500,ASB17,ENSG00000154007.7,6.264028876757936e-05,0.3871870518579867
bottom500,ASB18,ENSG00000182177.15,8.493067208954683e-05,0.0404081689653959
bottom500,ASB5,ENSG00000164122.9,0.000277881095988,0.0662835849600962
bottom500,ASCL3,ENSG00000176009.4,7.99410163860892e-05,0.0315354467299551
bottom500,ASCL4,ENSG00000187855.6,4.691305904894181e-05,0.11945584189695531
bottom500,ASCL5,ENSG00000232237.5,1.2300382385821502e-05,0.015907775481613
bottom500,ASIC2,ENSG00000108684.15,0.0006743700626908,0.0048822588901425
bottom500,ASIC4,ENSG00000072182.14,0.0168494446210716,0.15575426672404138
bottom500,ASIC5,ENSG00000256394.3,0.0046489876125848,0.16814645544088042
bottom500,ASZ1,ENSG00000154438.8,2.0793297258300757e-05,0.000751667597112935
bottom500,ATCAY,ENSG00000167654.18,3.185731013333651e-05,0.001522122100827581
bottom500,ATOH1,ENSG00000172238.6,0.0002072295923917,0.0249371984921564
bottom500,ATP10B,ENSG00000118322.14,0.000910175773518,0.0168468476702429
bottom500,ATP12A,ENSG00000075673.12,0.0002244488164437,0.1486889794164723
bottom500,ATP13A5,ENSG00000187527.12,2.365715762610079e-05,0.038297750554039396
bottom500,ATP1A4,ENSG00000132681.17,7.17210568952064e-06,0.0546481946661297
bottom500,ATP2B3,ENSG00000067842.19,0.0003190925881753,0.0031184636644252
bottom500,ATP5MGL,ENSG00000249222.1,0.0134638710378716,0.006771708353155898
bottom500,ATP6V0A4,ENSG00000105929.16,0.000195458623286,0.023202776710242
bottom500,ATP6V1G3,ENSG00000151418.12,5.432340611862677e-05,0.0546731317753664
bottom500,ATP8A2,ENSG00000132932.19,0.0001583814110286,0.0158348060688039
bottom500,ATXN3L,ENSG00000123594.7,6.234031929444802e-06,0.00013678150767012007
bottom500,AVPR1B,ENSG00000198049.7,0.0008894196713575,0.1378137656484188
bottom500,AVPR2,ENSG00000126895.16,0.0040620610946271,0.37268040331080077
bottom500,AWAT1,ENSG00000204195.4,0.0026799883930263,0.23768998474555542
bottom500,AWAT2,ENSG00000147160.9,0.0001588660768212,0.067621397490716
bottom500,AXDND1,ENSG00000162779.22,0.0005357659255118,0.0007594422332736
bottom500,B3GALT1,ENSG00000172318.6,0.0011016142262529,0.0023081748365791003
bottom500,B3GALT5,ENSG00000183778.19,5.258642908523997e-05,0.0006841141954578
bottom500,B3GNT6,ENSG00000198488.10,9.345524385769336e-05,0.0044757458812954
bottom500,BANF2,ENSG00000125888.15,7.37977235029511e-05,0.0444962129947802
bottom500,BARHL1,ENSG00000125492.11,2.004276183007469e-05,0.00010831587933394845
bottom500,BARHL2,ENSG00000143032.8,2.625853470054496e-05,0.010450721044029101
bottom500,BARX2,ENSG00000043039.7,0.0007370948880888,0.0090729628395441
bottom500,BCAN,ENSG00000132692.19,0.0016920116116213,0.0103415826688278
bottom500,BECN2,ENSG00000196289.7,0.000101458483325,0.5267887956413996
bottom500,BEND2,ENSG00000177324.14,1.1658675522092457e-06,0.0005195743421562835
bottom500,BFSP2,ENSG00000170819.5,4.53087289055767e-05,0.012606411434816785
bottom500,BHLHE23,ENSG00000125533.6,0.0001289476529179,0.07365014025601489
bottom500,BLACAT1,ENSG00000281406.2,7.516524861462363e-05,0.0010234874845517
bottom500,BLID,ENSG00000259571.2,0.003827285922528,0.0019189344600648002
bottom500,BMP15,ENSG00000130385.6,3.93220215649751e-06,0.025776257574987197
bottom500,BMP3,ENSG00000152785.8,0.0044491272629186,0.0619275965815155
bottom500,BMP7,ENSG00000101144.13,0.0031357566702443,0.036521336221252004
bottom500,BNC1,ENSG00000169594.14,0.0003577651807329,0.0047305606621859
bottom500,BNIP5,ENSG00000189325.7,0.0002320542347918,0.1361158973311053
bottom500,BOD1L2,ENSG00000228075.5,0.0001785034084284,0.0187262312219629
bottom500,BOLL,ENSG00000152430.19,0.0001259244681354,0.0127815239599595
bottom500,BPIFA1,ENSG00000198183.13,0.0002824001184622,0.9742316921377909
bottom500,BPIFA2,ENSG00000131050.11,0.0002906082431882,0.0288199459047484
bottom500,BPIFA3,ENSG00000131059.12,6.1300364144889455e-06,0.012701859353351446
bottom500,BPIFB3,ENSG00000186190.8,8.441266557368564e-06,0.09632924674533311
bottom500,BPIFB4,ENSG00000186191.9,1.3211553187446972e-05,0.0180108824417853
bottom500,BPIFB6,ENSG00000167104.11,0.000321147319556,0.110924601386033
bottom500,BPIFC,ENSG00000184459.10,7.579533804296805e-06,0.07964781083309841
bottom500,BPY2,ENSG00000183753.10,2.261554808514541e-05,0.00010421378164800416
bottom500,BPY2B,ENSG00000183795.8,1.920291494898107e-05,8.8783877522389e-05
bottom500,BPY2C,ENSG00000185894.8,2.2171112231331093e-05,3.9521086159362634e-05
bottom500,BRINP3,ENSG00000162670.11,0.0003049995281229,0.0051617356439171
bottom500,BRS3,ENSG00000102239.5,1.7816488209984298e-05,0.0795555365297511
bottom500,BSND,ENSG00000162399.9,0.0003309974780998,0.1618378175593094
bottom500,BSPH1,ENSG00000188334.3,4.4350742295245985e-06,0.017747681348023698
bottom500,BSX,ENSG00000188909.5,3.112311488014181e-06,0.0365150330586204
bottom500,BTBD17,ENSG00000204347.4,0.0001139599219427,0.124521093101171
bottom500,BTBD18,ENSG00000233436.8,0.0013627371561683,0.0007779999933054001
bottom500,BTG4,ENSG00000137707.14,2.4254591497073155e-05,0.00025774929698851114
bottom500,BTN1A1,ENSG00000124557.14,0.0010337052388333,0.0200829772147499
bottom500,BTNL2,ENSG00000204290.11,0.0001544092661498,0.0258905340569879
bottom500,C10ORF120,ENSG00000183559.12,2.3114818998632716e-05,0.9158539266694011
bottom500,C10ORF53,ENSG00000178645.14,1.6059464520372783e-05,9.058671503957124e-05
bottom500,C10ORF71,ENSG00000177354.12,0.0011449461180717,0.037789504368941004
bottom500,C11ORF16,ENSG00000176029.14,9.073225259057736e-05,0.3107687602190364
bottom500,C11ORF87,ENSG00000185742.7,0.0002053041735172,0.0099686150471128
bottom500,C12ORF42,ENSG00000179088.16,4.095146448813031e-05,0.0013230980362979
bottom500,C12ORF50,ENSG00000165805.10,3.882815133119788e-05,0.0199458402792017
bottom500,C12ORF54,ENSG00000177627.11,0.0001672823722289,0.0002876554669256
bottom500,C12ORF56,ENSG00000185306.13,0.0003384338826993,0.1952420684145777
bottom500,C13ORF42,ENSG00000226792.8,0.0001361744176827,0.2595563530090163
bottom500,C14ORF39,ENSG00000179008.9,0.0001190972366174,0.0269220438328453
bottom500,C16ORF78,ENSG00000166152.4,1.0403101120274792e-05,0.1472268901569197
bottom500,C16ORF82,ENSG00000234186.5,8.503551838780943e-06,0.08250490837354689
bottom500,C16ORF90,ENSG00000215131.11,0.000112080513763,0.0028954389270997
bottom500,C16ORF92,ENSG00000167194.8,5.546533882057434e-05,0.001732610111992
bottom500,C17ORF50,ENSG00000270806.2,5.836885525353608e-05,0.0002560053977177
bottom500,C17ORF78,ENSG00000278505.5,0.0003622170057578,0.0242066889381191
bottom500,C17ORF99,ENSG00000187997.12,0.1411893445643685,0.0270972750558959
bottom500,C18ORF63,ENSG00000206043.7,1.3060340556806997e-05,0.0035499314335518
bottom500,C19ORF67,ENSG00000188032.10,0.001489025194362,0.3118697653896936
bottom500,C19ORF81,ENSG00000235034.7,8.163359906922615e-06,0.0003084116566083849
bottom500,C19ORF84,ENSG00000262874.2,0.0009110456082993,0.2305558250495723
bottom500,C19ORF85,ENSG00000283567.2,0.0002671773096581,2.4048741421758715
bottom500,C1ORF141,ENSG00000203963.12,0.0001088488940669,0.0030782114440334003
bottom500,C1ORF146,ENSG00000203910.9,1.1333401374199673e-05,0.041606468836998
bottom500,C1ORF185,ENSG00000204006.11,3.382365404659486e-05,0.00023212713931732926
bottom500,C1ORF232,ENSG00000282872.2,0.1537926091202609,0.10073292534976838
bottom500,C1ORF87,ENSG00000162598.13,0.0001478023564974,0.15280268139318462
bottom500,C1ORF94,ENSG00000142698.15,2.093731644431085e-05,0.0003663060411072905
bottom500,C1QL2,ENSG00000144119.4,7.048188413489533e-05,0.7025973038962214
bottom500,C1QL4,ENSG00000186897.5,0.0003825093027003,0.2440710723900422
bottom500,C1QTNF8,ENSG00000184471.10,0.0001365316020422,0.008916885288895999
bottom500,C20ORF141,ENSG00000258713.3,7.592280020216195e-05,0.46517258927455435
bottom500,C20ORF144,ENSG00000149609.6,0.0086814135457042,0.012518801868314496
bottom500,C20ORF173,ENSG00000125975.14,1.0962402375897676e-05,0.8734119164508153
bottom500,C22ORF15,ENSG00000169314.15,0.0091147197039851,0.11474251337858221
bottom500,C22ORF31,ENSG00000100249.5,0.0003866701138811,0.0011438109929747002
bottom500,C22ORF42,ENSG00000205856.4,2.133668510758965e-05,0.6682389364211989
bottom500,C2CD6,ENSG00000155754.15,0.01150317117083,0.0193452803655624
bottom500,C2ORF73,ENSG00000177994.16,0.0001828934595923,0.0006939658340767
bottom500,C2ORF78,ENSG00000187833.8,1.581381204757862e-06,0.0005379822768764582
bottom500,C3ORF22,ENSG00000180697.9,7.273772842998973e-05,0.39506160318330064
bottom500,C3ORF84,ENSG00000236980.10,9.883827071130712e-06,8.139554090795489e-05
bottom500,C4ORF17,ENSG00000138813.10,3.623551846054567e-05,0.0008944884115787001
bottom500,C4ORF36,ENSG00000163633.12,0.0018939352258735,0.0104286509972507
bottom500,C4ORF50,ENSG00000181215.17,0.0003126761736383,0.010384590683192599
bottom500,C4ORF51,ENSG00000237136.8,2.70815083455719e-05,6.285507356454923e-05
bottom500,C4ORF54,ENSG00000248713.2,5.155891343910257e-05,0.0022798932906906
bottom500,C5ORF47,ENSG00000185056.10,3.7392131024978584e-05,0.0012963617534454
bottom500,C5ORF52,ENSG00000187658.7,0.0004785804211904,0.0027254567386373
bottom500,C6ORF118,ENSG00000112539.15,2.6356957399351197e-05,0.0030904415357124997
bottom500,C6ORF15,ENSG00000204542.3,4.5363624932234026e-05,2.5205402473223804
bottom500,C7ORF33,ENSG00000170279.3,6.472658257958472e-06,0.0080693853351144
bottom500,C7ORF57,ENSG00000164746.14,0.0001302239686884,0.0094010653503417
bottom500,C8ORF74,ENSG00000171060.11,5.842745722128192e-06,0.00017826882225370892
bottom500,C8ORF89,ENSG00000274443.5,0.0001195228690351,0.014536161739809102
bottom500,C8ORF90,ENSG00000226490.2,2.5039985819398427e-06,0.0005275411212430898
bottom500,C9ORF50,ENSG00000179058.8,0.0008391032966387,0.0293896874690824
bottom500,C9ORF57,ENSG00000204669.11,6.522725680058552e-05,0.000187035420346
bottom500,CA10,ENSG00000154975.14,0.0001763815510595,0.007790609935207999
bottom500,CA7,ENSG00000168748.14,0.000161586412848,0.1849953731751477
bottom500,CA8,ENSG00000178538.10,0.0593924238923404,0.2842877376410283
bottom500,CABP2,ENSG00000167791.14,0.0004014646799936,1.0337598089989681
bottom500,CABP5,ENSG00000105507.3,2.792294547712863e-05,0.0571196151010138
bottom500,CABS1,ENSG00000145309.6,3.643260790309955e-05,0.0024580664838531998
bottom500,CACNA1E,ENSG00000198216.14,9.30224469028234e-05,0.0037775627233968
bottom500,CACNA1F,ENSG00000102001.13,0.0013874712687457,0.1776769304041127
bottom500,CACNA1G,ENSG00000006283.18,0.0005148279153341,0.0051777020877811
bottom500,CACNA1I,ENSG00000100346.18,5.495608251664087e-05,0.0044551389984089
bottom500,CACNA1S,ENSG00000081248.13,8.973667620642568e-05,0.1631853211463791
bottom500,CACNA2D3,ENSG00000157445.16,0.0009189305427739,0.0170604157108153
bottom500,CACNA2D4,ENSG00000151062.15,0.0013417845506087,0.0774015823344553
bottom500,CACNG1,ENSG00000108878.5,0.0001031900962064,0.292486216891242
bottom500,CACNG2,ENSG00000166862.7,2.2621323853412412e-05,0.0020668677593145
bottom500,CACNG3,ENSG00000006116.4,6.39173448683855e-05,0.2859674409996477
bottom500,CACNG4,ENSG00000075461.6,0.0002739332435758,0.0118365034945121
bottom500,CACNG5,ENSG00000075429.9,4.0210358435087285e-05,0.00810313869101223
bottom500,CACNG6,ENSG00000130433.8,0.0007773717949495,0.137218398697588
bottom500,CACNG7,ENSG00000105605.8,9.712226066428314e-05,0.0067535209114364
bottom500,CACNG8,ENSG00000142408.7,2.979471424924593e-05,0.0046395753207653
bottom500,CAGE1,ENSG00000164304.16,0.0165676122768257,0.012979851296511496
bottom500,CALCR,ENSG00000004948.16,0.0007543419489714,0.0670994355607945
bottom500,CALHM1,ENSG00000185933.7,0.0002440558771383,0.4097535354442572
bottom500,CALHM3,ENSG00000183128.7,2.361506191168037e-05,0.24888501026367618
bottom500,CALHM4,ENSG00000164451.14,2.0801300719537267e-05,0.00023562140253186205
bottom500,CALR3,ENSG00000269058.6,0.0009280044880015,0.0031675481796842996
bottom500,CAMKV,ENSG00000164076.17,6.204009638546173e-05,0.0500433434682057
bottom500,CAPN11,ENSG00000137225.13,0.0001298101839412,0.0032899843297845
bottom500,CAPN14,ENSG00000214711.10,0.0002638223345683,0.039212725670406304
bottom500,CAPN9,ENSG00000135773.13,0.0003171904376229,0.18741635643774437
bottom500,CAPSL,ENSG00000152611.12,4.204249798278258e-05,0.0645830928470056
bottom500,CARD18,ENSG00000255501.3,0.0001200011628057,2.421914425142942
bottom500,CARTPT,ENSG00000164326.5,0.0006205886774265,0.8851394255374084
bottom500,CASKIN1,ENSG00000167971.16,0.0002931039815759,0.0123586600609443
bottom500,CATIP,ENSG00000158428.4,0.0005547986450452,0.0532896639525537
bottom500,CATSPER1,ENSG00000175294.6,1.5982498168967968e-05,0.0023751410312318998
bottom500,CATSPER4,ENSG00000188782.9,0.0182076911364778,0.1222501726242082
bottom500,CATSPERD,ENSG00000174898.16,0.0163218807669606,0.009914310447456397
bottom500,CAV3,ENSG00000182533.7,8.256121873849383e-05,0.2581958606333909
bottom500,CBLL2,ENSG00000175809.6,5.192971436627595e-05,0.0007923412057823
bottom500,CBY2,ENSG00000174015.10,4.141541637215209e-05,0.004461207806115501
bottom500,CBY3,ENSG00000204659.5,0.0070846534258006,0.11508109431897248
bottom500,CCDC160,ENSG00000203952.10,0.0002817956190332,0.008809199634105098
bottom500,CCDC166,ENSG00000255181.3,5.704210935349684e-05,0.0395065034457786
bottom500,CCDC168,ENSG00000175820.4,0.0002574226912887,0.0141165905327845
bottom500,CCDC169-SOHLH2,ENSG00000250709.1,0.0024797255264106,0.11636614070518271
bottom500,CCDC172,ENSG00000182645.6,1.9663410608259516e-05,0.0901388513382255
bottom500,CCDC175,ENSG00000151838.12,0.0001266250617143,0.0205657963432191
bottom500,CCDC179,ENSG00000255359.3,0.0010328221318033,0.0012300828317995
bottom500,CCDC182,ENSG00000166329.3,5.5062807962952635e-05,0.0451540673244876
bottom500,CCDC185,ENSG00000178395.7,0.0001137524368049,0.0075884371124426
bottom500,CCDC187,ENSG00000260220.7,0.0002041593865116,0.0059977736324657
bottom500,CCDC190,ENSG00000185860.14,8.760413487358737e-05,0.0208146929532031
bottom500,CCDC192,ENSG00000230561.7,2.2134449561690228e-05,0.0005983560328454
bottom500,CCDC195,ENSG00000283428.1,7.590208444334669e-05,0.15679215049638962
bottom500,CCDC196,ENSG00000196553.15,0.0024699341640153,0.2003781445002264
bottom500,CCDC197,ENSG00000175699.15,2.378110454667336e-05,0.0058928199078368
bottom500,CCDC201,ENSG00000283247.2,2.6609363635075663e-05,0.0785076699550103
bottom500,CCDC27,ENSG00000162592.10,2.959675645876415e-05,0.2331530464089812
bottom500,CCDC33,ENSG00000140481.15,0.0001976107507335,0.005258936979051
bottom500,CCDC54,ENSG00000138483.3,0.0003491222903741,0.0004833255093202
bottom500,CCDC60,ENSG00000183273.7,0.0003566210442772,0.0293773761542305
bottom500,CCDC63,ENSG00000173093.13,3.2774140329127274e-05,0.0413799377743785
bottom500,CCDC70,ENSG00000123171.8,0.0001093783159426,0.0019374873983026
bottom500,CCDC83,ENSG00000150676.13,0.0003684590258946,0.0024142113639088
bottom500,CCDC92B,ENSG00000277200.2,2.3908136695135583e-05,0.014207975950244499
bottom500,CCER1,ENSG00000197651.4,6.7047652896544265e-06,3.8369171451775665
bottom500,CCIN,ENSG00000185972.6,0.0003227929388454,0.0428143726491257
bottom500,CCKAR,ENSG00000163394.6,0.000136467689662,0.22459331079211048
bottom500,CCKBR,ENSG00000110148.10,0.0004729911176614,0.0962689969861527
bottom500,CCL1,ENSG00000108702.4,0.0008933619490307,1.1648175044227798
bottom500,CCN6,ENSG00000112761.22,5.3543510325305775e-05,0.2333823792675346
bottom500,CCNI2,ENSG00000205089.8,0.0014274758368729,0.1351447199114921
bottom500,CCR8,ENSG00000179934.7,0.0002648875558095,0.140484276142536
bottom500,CCT8L2,ENSG00000198445.4,3.494000267031034e-05,0.00034560501888312333
bottom500,CD200R1L,ENSG00000206531.12,6.465956142627986e-06,0.0030372782470614998
bottom500,CD300LD,ENSG00000204345.1,3.067453608405964e-05,0.009615722941881
bottom500,CD8B2,ENSG00000254126.8,0.0001834027315838,0.0505587776869443
bottom500,CDC20B,ENSG00000164287.13,0.0001581347234989,0.024315628394752
bottom500,CDCP2,ENSG00000157211.12,0.0002502534330719,0.2048071458062685
bottom500,CDH10,ENSG00000040731.10,0.0002919857054831,0.0086507704067903
bottom500,CDH12,ENSG00000154162.15,0.0002589249498254,0.0500243636519946
bottom500,CDH18,ENSG00000145526.12,8.54988124956814e-05,0.0022352739500825
bottom500,CDH20,ENSG00000101542.10,0.0002994485936215,0.0097697349915041
bottom500,CDH22,ENSG00000149654.11,4.367430068151233e-05,0.0062717706309584
bottom500,CDH3,ENSG00000062038.15,0.0010591608196022,0.0153926304804329
bottom500,CDH7,ENSG00000081138.14,0.000409849746196,0.0073725678137863005
bottom500,CDH8,ENSG00000150394.14,0.0005245227920296,0.02327028202039
bottom500,CDK15,ENSG00000138395.17,2.522168385288107e-05,0.004308262745834499
bottom500,CDK5R2,ENSG00000171450.6,0.0002851132590174,0.09343534162901021
bottom500,CDKL2,ENSG00000138769.11,0.002364514494872,0.08271818938295379
bottom500,CDKL4,ENSG00000205111.10,0.0038927869690782,0.062214815198486303
bottom500,CDRT15L2,ENSG00000214819.2,3.871574088847907e-06,0.1969664162793004
bottom500,CDX1,ENSG00000113722.18,0.00014973876196,0.2508691250146261
bottom500,CDX2,ENSG00000165556.10,0.000254358726646,0.0250023524234626
bottom500,CDX4,ENSG00000131264.4,6.095642581803049e-05,0.33087171800155263
bottom500,CDY1,ENSG00000172288.8,2.779748607270148e-05,8.794771457567975e-05
bottom500,CDY1B,ENSG00000172352.5,3.1464547508559224e-05,0.0007636137219012
bottom500,CDY2A,ENSG00000182415.11,3.200136756676987e-05,7.653514916907111e-05
bottom500,CDY2B,ENSG00000129873.8,2.9061021857285792e-05,0.00034783580762930003
bottom500,CEACAM16,ENSG00000213892.12,0.0016001359076437,0.010901079231090002
bottom500,CEACAM18,ENSG00000213822.7,0.0017695198089131,0.0861642638030975
bottom500,CELA1,ENSG00000139610.2,2.4666556480269587e-05,0.5126438771066975
bottom500,CELF3,ENSG00000159409.15,0.0003402896966755,0.1474281044641674
bottom500,CENPVL1,ENSG00000223591.5,2.751647769540609e-06,0.0093281162409391
bottom500,CENPVL2,ENSG00000283093.1,1.4720094487745145e-06,0.0214689537692087
bottom500,CENPVL3,ENSG00000224109.4,0.0005010045018211,0.17842141060923228
bottom500,CEP295NL,ENSG00000178404.11,0.0093910920166089,0.005028818012783501
bottom500,CER1,ENSG00000147869.5,0.0002181882217636,0.170418041730229
bottom500,CERS3,ENSG00000154227.14,0.0002095546206163,0.11882545027267649
bottom500,CETN1,ENSG00000177143.5,2.5325313556232047e-05,0.0078463192706698
bottom500,CFAP100,ENSG00000163885.12,4.4226240526379216e-05,0.0025655023412940827
bottom500,CFAP107,ENSG00000157330.10,5.127934534619432e-05,0.0065218452899583
bottom500,CFAP276,ENSG00000179902.13,0.0003685625072152,0.016878926128553698
bottom500,CFAP299,ENSG00000197826.13,0.0002485932760566,0.0047260501982892
bottom500,CFAP61,ENSG00000089101.19,0.0172742171064192,0.021646403618315
bottom500,CFAP65,ENSG00000181378.14,0.0001215509034331,0.029274881625983903
bottom500,CFAP77,ENSG00000188523.9,0.0002013413098849,0.045726149778083404
bottom500,CFAP95,ENSG00000204711.9,0.0001358617758057,0.0411776283909994
bottom500,CFAP97D1,ENSG00000231256.8,0.0224070111622485,0.031166290766118404
bottom500,CFC1,ENSG00000136698.10,0.0001456262998479,0.2086503162730547
bottom500,CFC1B,ENSG00000152093.8,0.0001185136466576,0.0759510154151762
bottom500,CGB1,ENSG00000267631.5,2.28437789164177e-06,0.0678973893918174
bottom500,CGB2,ENSG00000104818.15,9.058327563147246e-06,0.1112288379044687
bottom500,CGB3,ENSG00000104827.12,3.1406556878859334e-05,0.900354132274732
bottom500,CGB5,ENSG00000189052.7,7.757556020004294e-06,0.24535265306848378
bottom500,CGB7,ENSG00000196337.14,0.0002404585049905,0.0810616635525414
bottom500,CGB8,ENSG00000213030.6,1.2842629357621734e-06,0.1636346241826066
bottom500,CHAT,ENSG00000070748.19,6.256274380690504e-05,0.007777610655287699
bottom500,CHCT1,ENSG00000141371.13,0.0015018223222718,0.0054130225468652995
bottom500,CHODL,ENSG00000154645.14,0.0003345061578045,0.0039592243375346
bottom500,CHRFAM7A,ENSG00000166664.15,0.0002302153123365,0.0210050922677034
bottom500,CHRM1,ENSG00000168539.4,3.607826758887829e-05,0.061938108139700396
bottom500,CHRM4,ENSG00000180720.8,0.0001284357700051,0.0023355160784068
bottom500,CHRNA2,ENSG00000120903.13,0.0004829032105919,0.17920038001109811
bottom500,CHRNA3,ENSG00000080644.16,0.0003311915724593,0.040741752795574
bottom500,CHRNA6,ENSG00000147434.9,0.0001944653244839,0.0651945633238636
bottom500,CHRNA7,ENSG00000175344.19,4.898388283085914e-06,0.0065647590473867
bottom500,CHRNA9,ENSG00000174343.6,0.0001371416725645,0.4520739870131795
bottom500,CHRNB2,ENSG00000160716.6,0.0001309947380146,0.0138984644832233
bottom500,CHRNB3,ENSG00000147432.7,2.728486428193864e-05,0.1136156265519663
bottom500,CHRNB4,ENSG00000117971.12,0.0001420673321382,0.0447434177550039
bottom500,CHRND,ENSG00000135902.10,0.000195191067493,0.0087409796685012
bottom500,CHRNG,ENSG00000196811.13,0.0008419188355795,0.1716554559775627
bottom500,CHST6,ENSG00000183196.10,0.0011106488398638,0.0523298394552899
bottom500,CIB3,ENSG00000141977.9,2.805968318930241e-05,0.3161515865704143
bottom500,CIB4,ENSG00000157884.11,6.376043375478152e-05,0.017212411034785498
bottom500,CIBAR2,ENSG00000153789.14,9.38191186066549e-05,0.1373030245900005
bottom500,CIMIP1,ENSG00000124237.6,1.0912899167837824e-05,0.0023993968766232
bottom500,CIROP,ENSG00000283654.3,0.0003043556933393,0.5380166883381684
bottom500,CLCA1,ENSG00000016490.16,0.0006763174941189,0.0366920888027275
bottom500,CLCA2,ENSG00000137975.8,0.0001843572694472,0.4099399408983989
bottom500,CLCN1,ENSG00000188037.14,0.0001579371064703,0.310873590070839
bottom500,CLCNKB,ENSG00000184908.20,4.345889801553197e-05,0.1856612725763592
bottom500,CLDN17,ENSG00000156282.5,1.735777770202676e-05,0.005221318602214299
bottom500,CLDN19,ENSG00000164007.11,0.0122436983141446,0.7873292793782731
bottom500,CLDN24,ENSG00000185758.9,0.0043443567026041,0.0099728999908175
bottom500,CLDN25,ENSG00000228607.3,8.922337909489573e-06,0.3513475236277536
bottom500,CLDN6,ENSG00000184697.7,0.000343673896424,0.0561847654589115
bottom500,CLDN8,ENSG00000156284.6,0.0007674639033871,1.5215570889670962
bottom500,CLEC18C,ENSG00000157335.21,0.0002702398676157,0.020743129358731
bottom500,CLEC19A,ENSG00000261210.8,5.745328039472166e-05,0.0186530779384553
bottom500,CLEC20A,ENSG00000188585.10,6.198990675103592e-06,0.11806314643017748
bottom500,CLEC2A,ENSG00000188393.9,0.0001445667071609,0.08881692295827459
bottom500,CLEC2L,ENSG00000236279.7,7.144591141339119e-05,0.0349655939025709
bottom500,CLEC3A,ENSG00000166509.12,2.7100297143724893e-05,0.1740774167446328
bottom500,CLEC6A,ENSG00000205846.4,0.0001750896541825,0.0035126280464514
bottom500,CLPSL1,ENSG00000204140.10,0.0002773105781604,0.07457478999555239
bottom500,CLPSL2,ENSG00000196748.10,0.0004357548811455,0.08377228909168469
bottom500,CLRN1,ENSG00000163646.12,0.0001196920366463,0.0003046535950526
bottom500,CLRN2,ENSG00000249581.2,0.0012726334616446,0.26321806062869824
bottom500,CLVS2,ENSG00000146352.13,0.0015767503672243,0.14012927202411488
bottom500,CMKLR2,ENSG00000183671.13,0.0001722965990673,0.0687846365812826
bottom500,CNBD1,ENSG00000176571.13,5.523092278315754e-06,4.990212076168939e-05
bottom500,CNGA2,ENSG00000183862.6,1.496521823246618e-06,0.00010513905456355228
bottom500,CNGA3,ENSG00000144191.12,1.7599127429416356e-05,0.0010370743136390147
bottom500,CNGB3,ENSG00000170289.13,9.95513825173538e-05,0.07862550840725269
bottom500,CNMD,ENSG00000136110.13,0.0003708301281936,0.7025146298152336
bottom500,CNPY1,ENSG00000146910.14,0.0002025589663456,0.017399662796640403
bottom500,CNTD1,ENSG00000176563.10,0.6499072615230103,0.0172635366010297
bottom500,CNTN2,ENSG00000184144.12,6.620540210524958e-05,0.032772739726321796
bottom500,CNTN5,ENSG00000149972.12,0.0007661193838751,0.0075068264091044
bottom500,CNTN6,ENSG00000134115.13,0.0002554194331879,0.0224634197498371
bottom500,CNTNAP3C,ENSG00000283378.1,0.0041386010111701,0.046619089866696495
bottom500,CNTNAP4,ENSG00000152910.19,0.0001528093290357,0.0069100096512043
bottom500,CNTNAP5,ENSG00000155052.15,0.000228928726551,0.000480793687292
bottom500,COL11A1,ENSG00000060718.22,0.005110048176194,0.0217474704436806
bottom500,COL19A1,ENSG00000082293.13,0.0011425672920215,0.0175895995936005
bottom500,COL20A1,ENSG00000101203.17,0.0008431941739737,0.038621493352585405
bottom500,COL22A1,ENSG00000169436.18,0.0009830553819746,0.0751860598277955
bottom500,COL24A1,ENSG00000171502.15,0.0010612147878773,0.030679089066870502
bottom500,COL2A1,ENSG00000139219.19,0.0059261408226009,0.155247794599772
bottom500,COL6A5,ENSG00000172752.16,0.0003768928137544,0.0173410202224001
bottom500,COL9A1,ENSG00000112280.18,0.0014688999122153,0.0690528829785712
bottom500,CORO7-PAM16,ENSG00000103426.12,0.0156280559472818,0.0412937455742249
bottom500,COX7B2,ENSG00000170516.17,1.584338626508835e-05,0.0100877984289978
bottom500,CPA5,ENSG00000158525.16,1.1940840911826252e-05,0.001196013319882616
bottom500,CPA6,ENSG00000165078.13,0.0011228301741526,0.0475015272118295
bottom500,CPHXL,ENSG00000283755.2,0.0003950670517088,0.06907120642923349
bottom500,CPHXL2,ENSG00000284484.1,0.0009205189999677,0.0297700440793383
bottom500,CPLX4,ENSG00000166569.8,7.848655086294656e-06,0.0361932268395032
bottom500,CPNE9,ENSG00000144550.14,0.142765490744627,0.1213493030945044
bottom500,CPXCR1,ENSG00000147183.10,4.095504076526501e-06,0.0034087502167075
bottom500,CR1L,ENSG00000197721.17,0.074617638743903,0.1437933334586799
bottom500,CRABP1,ENSG00000166426.8,0.0012621459458315,0.3030683036501792
bottom500,CRB1,ENSG00000134376.17,0.0010759741133683,0.020963594615385
bottom500,CRB2,ENSG00000148204.12,0.0004308452408798,0.0125130579368398
bottom500,CREG2,ENSG00000175874.10,0.0003247846943053,0.0086847503447354
bottom500,CRH,ENSG00000147571.5,0.000453673846263,0.23783668303632702
bottom500,CRHR1,ENSG00000120088.16,8.164550708706931e-05,0.016027607299939302
bottom500,CRHR2,ENSG00000106113.19,0.0005054742105303,0.12301457252520719
bottom500,CRISP1,ENSG00000124812.15,3.7306368256011505e-05,0.1172386825849421
bottom500,CRLF2,ENSG00000205755.13,8.623135656834867e-05,0.0453455677777313
bottom500,CRYBA1,ENSG00000108255.8,0.0002329830752944,0.3494557905033613
bottom500,CRYBA2,ENSG00000163499.12,0.0005924152670468,0.1750968376018302
bottom500,CRYBA4,ENSG00000196431.4,0.002718811053624,0.3267792031078312
bottom500,CRYBG2,ENSG00000176092.17,0.0002677570796862,0.019265802155431798
bottom500,CRYGA,ENSG00000168582.5,5.213798247299462e-05,0.2513290942674263
bottom500,CRYGB,ENSG00000182187.4,1.2164802401376487e-05,2.497707416550582
bottom500,CRYGC,ENSG00000163254.5,7.231705282406441e-05,2.7005499707289573
bottom500,CRYGD,ENSG00000118231.5,0.0011267595295246,1.7576836084466196
bottom500,CRYGN,ENSG00000127377.10,0.000269832096381,0.1059868681661564
bottom500,CSAG1,ENSG00000198930.13,2.4978935367345793e-06,0.06698125409984089
bottom500,CSAG2,ENSG00000268902.5,4.200471378880316e-06,7.925357239816372e-05
bottom500,CSF2,ENSG00000164400.6,0.0016272953552156,0.40996720432728656
bottom500,CSH1,ENSG00000136488.15,0.001054363611147,8.479925935296942
bottom500,CSH2,ENSG00000213218.11,0.0013685537230943,7.485482434977701
bottom500,CSHL1,ENSG00000204414.14,5.231949159162976e-05,6.2546311030058215
bottom500,CSMD1,ENSG00000183117.20,0.0003261305302946,0.0017775565701690999
bottom500,CSMD2,ENSG00000121904.19,0.0001288878108064,0.0088234701055215
bottom500,CSMD3,ENSG00000164796.18,7.673299132022203e-05,0.0025354459463413
bottom500,CSN1S1,ENSG00000126545.14,0.0001698643123382,0.1127956803355189
bottom500,CSN2,ENSG00000135222.7,1.07727953744769e-05,0.0965675805630722
bottom500,CSN3,ENSG00000171209.4,0.0003070883986096,0.0054138594643827
bottom500,CSNK1A1L,ENSG00000180138.7,0.0016479136030132,0.0196722825267688
bottom500,CSNKA2IP,ENSG00000283434.2,2.548737462452031e-05,0.0085623035810892
bottom500,CST1,ENSG00000170373.9,0.0002104991223403,2.527292846025059
bottom500,CST11,ENSG00000125831.10,3.587593561367205e-06,0.5166318004780647
bottom500,CST4,ENSG00000101441.5,0.0004922022154156,1.8902217662833258
bottom500,CST5,ENSG00000170367.5,0.0224800687244482,0.3725934145458637
bottom500,CST8,ENSG00000125815.9,3.5772480229496465e-06,0.0035449491036112914
bottom500,FREY1,ENSG00000234776.5,0.0061361579351561,0.0216677979629238
bottom500,PRR23E,ENSG00000214324.5,1.0316601791382232e-05,0.0189878156409133
bottom500,REDIC1,ENSG00000180116.15,1.1011426014130333e-05,0.0041323196011822
bottom500,SPMAP1,ENSG00000275489.2,8.07560888725559e-05,0.0128948917021573
bottom500,SPMIP2,ENSG00000164123.7,0.0003501555194862,0.014461629433472201
bottom500,SPMIP3,ENSG00000173728.11,0.0001126638548697,0.0013458643576944999
bottom500,SPMIP5,ENSG00000165863.17,0.0286392856118957,0.1219101913529694
bottom500,TEKTL1,ENSG00000160994.4,5.276177689047626e-06,0.0206452829273773
middle500,ABHD17C,ENSG00000136379.12,1.4416724204868152e-05,6.498898786139453e-05
middle500,ACAP1,ENSG00000072818.12,0.0133364420316819,0.1797101149596364
middle500,ACE2,ENSG00000130234.13,0.0401083943957409,0.21157611581190178
middle500,ADAT2,ENSG00000189007.16,0.0329134355611943,0.012313828789710199
middle500,ADAT3,ENSG00000213638.6,0.0176825759957703,0.043541881468481994
middle500,AHSP,ENSG00000169877.10,0.2322429945355379,1.9692194441206035
middle500,ALDH1A3,ENSG00000184254.17,0.0001637160661349,0.00047360585449559997
middle500,ALKBH4,ENSG00000160993.4,0.0284826093779537,0.048059496891098306
middle500,ALOX5,ENSG00000012779.12,0.0289788633385722,0.0832321655821782
middle500,AMMECR1L,ENSG00000144233.12,0.0304677845056847,0.028244075318266892
middle500,ANAPC1,ENSG00000153107.13,0.0343051985394087,0.009530857526927297
middle500,ANKMY1,ENSG00000144504.16,0.023143182741963,0.016281536000277298
middle500,ANKRD13D,ENSG00000172932.16,0.0466063142388917,0.08843680400605261
middle500,ANKRD50,ENSG00000151458.12,0.0410443809795408,0.0561442162611424
middle500,ANKS3,ENSG00000168096.15,0.0310183881193779,0.0420590522815056
middle500,AOC1,ENSG00000002726.21,0.0001962585579552,0.0011184716415327
middle500,AP4M1,ENSG00000221838.12,0.0818552489550046,0.10327867704620461
middle500,APC,ENSG00000134982.19,0.0426630274319282,0.029044919385821995
middle500,APOBEC3G,ENSG00000239713.9,0.0284401348290081,0.2008394954364062
middle500,ARB2A,ENSG00000113391.19,0.0274242160376743,0.0237066124992727
middle500,AREL1,ENSG00000119682.18,0.0430351553636409,0.024312146871290102
middle500,ARHGEF11,ENSG00000132694.20,0.056088317174723,0.09206958670821812
middle500,ARHGEF25,ENSG00000240771.8,0.0323493785092873,0.0742988585631251
middle500,ARHGEF3,ENSG00000163947.12,0.002457942707025,0.0089731584838069
middle500,ARHGEF35,ENSG00000213214.6,0.00082461315177,0.0021062788337367997
middle500,ARHGEF9,ENSG00000131089.17,0.0413099379278486,0.0660916054972826
middle500,ARID2,ENSG00000189079.18,0.0396753748878681,0.011320452642750597
middle500,ARK2C,ENSG00000141622.14,8.271331117140604e-06,0.010119399618371999
middle500,ARL3,ENSG00000138175.9,0.0180107677656228,0.035192904502664296
middle500,ARPIN,ENSG00000242498.8,0.0232975754333169,0.11442070364778699
middle500,ATAD3C,ENSG00000215915.10,0.0010027655329805,0.0258695777014641
middle500,AURKA,ENSG00000087586.18,0.034124148213038,0.022694268151602505
middle500,B9D2,ENSG00000123810.9,0.0258204048051145,0.0081636629744807
middle500,BATF2,ENSG00000168062.10,0.0750563876644567,0.4121805925344633
middle500,BBC3,ENSG00000105327.18,0.0066084529495975,0.010014728725944699
middle500,BICRAL,ENSG00000112624.14,0.0239169205469329,0.003957851652323201
middle500,BMP2,ENSG00000125845.7,0.0389519063736472,0.0689265079163794
middle500,BMPER,ENSG00000164619.10,0.0026328479802098,0.029877253833918902
middle500,BRCA1,ENSG00000012048.26,0.0272383737887361,0.04812266293698669
middle500,BRD3OS,ENSG00000235106.10,0.0763185104660109,0.1514994218929365
middle500,C12ORF4,ENSG00000047621.12,0.0169319933174282,0.0390458961443326
middle500,C12ORF76,ENSG00000174456.16,0.0353280993627427,0.133150768907708
middle500,C17ORF107,ENSG00000205710.4,0.1188311307894868,0.22401866294697492
middle500,C2CD3,ENSG00000168014.18,0.0294283150479484,0.015310617199313897
middle500,C3ORF18,ENSG00000088543.15,0.022052050927952,0.318507797805645
middle500,C3ORF62,ENSG00000188315.8,0.1393262781640405,0.02826396189242078
middle500,C5ORF63,ENSG00000164241.14,0.0127718501924409,0.0512227495147007
middle500,CAB39L,ENSG00000102547.19,0.0090919570690252,0.0629793262765734
middle500,CALML4,ENSG00000129007.16,0.0794849734221718,0.1235243582699702
middle500,CAPRIN2,ENSG00000110888.19,0.021226446201312,0.0119800710245082
middle500,CBLN3,ENSG00000139899.11,0.0229282932143245,0.1680172422295122
middle500,CBX8,ENSG00000141570.11,0.0192059253136911,0.0724446288944917
middle500,CCBE1,ENSG00000183287.15,0.003195456460914,0.0085625869905483
middle500,CCDC142,ENSG00000135637.15,0.1068783745161764,0.12510816713773817
middle500,CCDC57,ENSG00000176155.21,0.0715901359641372,0.014668209060354997
middle500,CCDC88C,ENSG00000015133.20,0.0221644549491772,0.008035431720212705
middle500,CCT6B,ENSG00000132141.14,0.0923918809313123,0.07303964226660821
middle500,CD160,ENSG00000117281.16,0.0004805576586652,0.040977632653427194
middle500,CD247,ENSG00000198821.12,0.0024771418676648,0.1334274284200828
middle500,CD33,ENSG00000105383.15,0.0367953846238706,0.259283502787379
middle500,CD34,ENSG00000174059.17,0.0196573846219451,0.0608013911104623
middle500,CD72,ENSG00000137101.14,0.0070557942016354,0.4293801389050506
middle500,CD84,ENSG00000066294.15,0.0058000996323212,0.0375808836489894
middle500,CDK19,ENSG00000155111.15,0.0395922258624774,0.0451450461862679
middle500,CDK6,ENSG00000105810.10,0.1180724789378623,0.03515502022652091
middle500,CDKAL1,ENSG00000145996.11,0.0273949929039429,0.017309203837484896
middle500,CDYL,ENSG00000153046.18,5.8266805289517255e-06,0.0003062813721784353
middle500,CELA2A,ENSG00000142615.8,0.000670610586441,0.1685309048528992
middle500,CENPT,ENSG00000102901.13,0.0226569943431398,0.020091241634246804
middle500,CEP295,ENSG00000166004.15,0.0187888691221468,0.0307507856773749
middle500,CEP350,ENSG00000135837.18,0.0814007775466928,0.03778443008349829
middle500,CEP83,ENSG00000173588.16,0.0262304731337197,0.0090726634159611
middle500,CHD3,ENSG00000170004.19,0.0107627827030146,0.009985888489959398
middle500,CHST12,ENSG00000136213.10,0.0057928934773642,0.0057264238681002
middle500,CLOCK,ENSG00000134852.15,0.0291888171092009,0.0248916503003187
middle500,CNBD2,ENSG00000149646.12,0.3845811373818211,0.058529781771830394
middle500,CNOT6,ENSG00000113300.13,0.0227205187025183,0.009568689227610703
middle500,COX19,ENSG00000240230.6,0.0370240547771623,0.0810150490356944
middle500,CRLF3,ENSG00000176390.12,0.0678487305123538,0.017096941762891005
middle500,CSTF2,ENSG00000101811.15,0.045523599404688,0.05303211646865409
middle500,CTTNBP2NL,ENSG00000143079.15,0.0120162521531251,0.0238850993369407
middle500,CYB5R2,ENSG00000166394.15,0.0150016660562388,0.3244527036385129
middle500,CYP2U1,ENSG00000155016.18,0.0356748770911714,0.1624841445832415
middle500,CYTH4,ENSG00000100055.21,0.0064481874998786,0.0084903472202873
middle500,DACT2,ENSG00000164488.12,0.0089441217301458,0.0905357416988283
middle500,DDR2,ENSG00000162733.19,0.0061687752672764,0.0274097818509147
middle500,DDX31,ENSG00000125485.18,0.0185799772528313,0.025606566886766397
middle500,DEF6,ENSG00000023892.12,0.0230439196504533,0.0251825693040394
middle500,DENND1B,ENSG00000213047.13,0.0137618142879626,0.012306572196707704
middle500,DGCR8,ENSG00000128191.17,0.0355538341816248,0.017577202544659096
middle500,DHX35,ENSG00000101452.15,0.0067259192398533,0.003251625017470101
middle500,DHX57,ENSG00000163214.21,0.0165179054024928,0.05106173251357331
middle500,DMPK,ENSG00000104936.20,0.0967283311669234,0.12358725199071319
middle500,DNAAF10,ENSG00000243667.7,0.0586231269558737,0.08556893863554231
middle500,DNAH14,ENSG00000185842.16,2.0628165067890867e-05,5.450323851001489e-05
middle500,DNASE1,ENSG00000213918.11,0.0455153064907346,0.03808794988549409
middle500,DNM1,ENSG00000106976.22,0.0056712140599896,0.0568173052315552
middle500,DOCK2,ENSG00000134516.20,0.011981959241684,0.0280474897496829
middle500,DOK3,ENSG00000146094.16,0.106767615169165,0.2179552030734179
middle500,DPH7,ENSG00000148399.13,0.057586714653912,0.061610774776195296
middle500,DPY19L3,ENSG00000178904.19,0.0207986742310872,0.0131153436289967
middle500,DTX1,ENSG00000135144.8,0.0329914380106898,0.2629331196553178
middle500,DUSP7,ENSG00000164086.10,0.0165670353847573,0.0378751758236811
middle500,EEF1AKMT2,ENSG00000203791.15,0.0319789040696841,0.0369788615511301
middle500,EGLN3,ENSG00000129521.15,0.1304160903530657,0.38251261338486053
middle500,EGR2,ENSG00000122877.18,0.0052752724033906,0.0117026887356734
middle500,EML1,ENSG00000066629.19,0.0036276617524803,0.015239805283570699
middle500,EMSY,ENSG00000158636.17,0.0374981128619748,0.023831085055895197
middle500,ENAH,ENSG00000154380.19,0.0038442804703044,0.008037547245627899
middle500,ENOX2,ENSG00000165675.20,0.0295791931643112,0.0225331720439133
middle500,ENPP3,ENSG00000154269.15,0.0117749878161365,0.048636569526308196
middle500,ENSG00000290183,ENSG00000290183.1,0.0196613273614,0.008837283188965199
middle500,ENSG00000290318,ENSG00000290318.1,0.4683636099281365,0.1135703949871475
middle500,ENTPD1,ENSG00000138185.20,0.0004637425657233,0.0035509066284572
middle500,EOGT,ENSG00000163378.14,0.0267326561677439,0.0767834388761831
middle500,EPM2A,ENSG00000112425.16,0.0118831689961054,0.0108965008105177
middle500,EXO5,ENSG00000164002.12,0.0228938513509057,0.09053291002134681
middle500,F3,ENSG00000117525.14,0.0824720441207561,0.35814774432679297
middle500,FABP4,ENSG00000170323.9,0.11799328001836,0.6585981569135824
middle500,FAM107A,ENSG00000168309.18,0.0030115804781091,0.10706142484173421
middle500,FAM131A,ENSG00000175182.15,0.4757768127169995,0.0510793196641533
middle500,FAM161B,ENSG00000156050.10,0.0111543732584093,0.0162419752012757
middle500,FAM228B,ENSG00000219626.9,0.1258923470164541,0.0386111587819821
middle500,FAM43A,ENSG00000185112.6,0.1296208846805434,0.2824181550285831
middle500,FANCF,ENSG00000183161.6,0.2377526534251326,0.31799366222658065
middle500,FBLN7,ENSG00000144152.13,0.0032813508322087,0.0545963416876797
middle500,FBXO16,ENSG00000214050.8,0.0024283510053752,0.0020535721497208998
middle500,FBXW9,ENSG00000132004.13,0.0421567947121845,0.040139543665535
middle500,FCGR3B,ENSG00000162747.13,0.0164922098673791,0.9543300831711694
middle500,FCMR,ENSG00000162894.12,0.0028031799815937,0.015630491146800502
middle500,FECH,ENSG00000066926.13,0.0743543923467256,0.0972526813510814
middle500,FGF23,ENSG00000118972.3,0.000301562728648,0.3063990097705687
middle500,FKBP15,ENSG00000119321.10,0.121231526541112,0.0941973856803845
middle500,FKBPL,ENSG00000204315.4,0.0708806742770515,0.42410014697954146
middle500,FOSL1,ENSG00000175592.9,0.0025313224012684,0.0726032638713615
middle500,FRS3,ENSG00000137218.10,0.0079705251571209,0.019419529075911796
middle500,FUT11,ENSG00000196968.11,0.8098478971158903,0.18009033559074444
middle500,G2E3,ENSG00000092140.16,0.0280326695963176,0.037216452537423395
middle500,GBP2,ENSG00000162645.13,0.121055160354974,1.0006051249854875
middle500,GDAP2,ENSG00000196505.11,0.032069418291061,0.0450404710932048
middle500,GDF7,ENSG00000143869.7,0.0058585251608183,0.0275511123394555
middle500,GEMIN2,ENSG00000092208.19,0.0291610449134597,0.047696557203774005
middle500,GID4,ENSG00000141034.10,0.0275744009054753,0.07272336144742989
middle500,GMPR,ENSG00000137198.10,0.0138338153127689,0.04615784944715201
middle500,GPATCH11,ENSG00000152133.17,0.0217848020025906,0.028298430635160805
middle500,GPR89B,ENSG00000188092.15,0.0194751754151952,0.1005000991976918
middle500,GPSM1,ENSG00000160360.13,0.0032201592180336,0.012306057303736698
middle500,GPX7,ENSG00000116157.6,0.0163973516326124,0.1445964186760442
middle500,GRK5,ENSG00000198873.12,0.0297211698551433,0.019784871289633896
middle500,GRPEL2,ENSG00000164284.15,0.0253426709850857,0.0133722788848788
middle500,GTF2E1,ENSG00000153767.10,0.0135156746673933,0.009855967319804801
middle500,GTF2H2C,ENSG00000183474.16,0.0064092434357377,0.0083569986347674
middle500,GTF3C4,ENSG00000125484.12,0.0398644524088331,0.0126391516311712
middle500,GUCA2B,ENSG00000044012.4,0.0379242813915304,1.43165505546178
middle500,H2AC8,ENSG00000277075.3,1.2201442853246969,0.030930905166113597
middle500,HAUS2,ENSG00000137814.12,0.0462845103657067,0.1611876835736058
middle500,HAUS5,ENSG00000249115.9,0.0168714913396135,0.014236756976795602
middle500,HBG2,ENSG00000196565.15,1.3649405937531756,3.7395763574760106
middle500,HDAC7,ENSG00000061273.18,0.0107275270422165,0.020829461071557098
middle500,HEATR1,ENSG00000119285.11,0.0639333715395869,0.06358502420984359
middle500,HELQ,ENSG00000163312.11,0.1408603717155936,0.050351719950414
middle500,HEY2,ENSG00000135547.9,0.000869536729385,0.0039903429878197
middle500,HIC1,ENSG00000177374.13,0.0025992943435276,0.0011629204144223996
middle500,HIF1AN,ENSG00000166135.14,0.2442297398439449,0.20625110456908852
middle500,HK3,ENSG00000160883.11,0.0054861834389283,0.0647291839917302
middle500,HKDC1,ENSG00000156510.13,0.0079713835987843,0.1371603269768331
middle500,HMGXB4,ENSG00000100281.14,0.0165467128466394,0.0093696631635523
middle500,HNRNPA1L2,ENSG00000139675.13,0.0417529448344192,0.017705213563755803
middle500,HOMEZ,ENSG00000290292.10,0.0119055603855621,0.0331847274799024
middle500,HSD11B2,ENSG00000176387.7,0.019617684359929,0.08693250239337369
middle500,HSDL1,ENSG00000103160.12,0.0061400903472687,0.010795312425798299
middle500,HSF2,ENSG00000025156.13,0.021882728930493,0.022918835657649503
middle500,HSPB8,ENSG00000152137.8,0.0698906633986426,0.5737980819191424
middle500,HYAL3,ENSG00000186792.17,1.6629981972382069,0.5907528079629669
middle500,HYKK,ENSG00000188266.14,0.0077852405871353,0.08305260233816471
middle500,ICOSLG,ENSG00000160223.18,0.00015443690718,0.0006698244595813999
middle500,IFFO1,ENSG00000010295.20,0.0224654478877025,0.0299993106785153
middle500,IFFO2,ENSG00000169991.11,0.0182374813377057,0.0385084547351363
middle500,IFT122,ENSG00000163913.14,0.0440525999543349,0.03863839840755899
middle500,IFT22,ENSG00000128581.17,0.0137539244300985,0.057460029433370204
middle500,IGHJ6,ENSG00000211900.2,0.0756348350351377,0.1814945052189101
middle500,IGSF6,ENSG00000140749.9,0.0110406782302738,0.072738429819317
middle500,IL17RA,ENSG00000177663.15,0.0321980477432146,0.08788418987339011
middle500,IL20RB,ENSG00000174564.13,0.0042170261548159,0.0357234911412922
middle500,IMPDH1,ENSG00000106348.19,0.0178199678671155,0.060789273347416094
middle500,INO80,ENSG00000128908.19,0.0238055774854673,0.006019551158609299
middle500,IPPK,ENSG00000127080.10,0.027328681339475,0.025500730540388303
middle500,IRAG2,ENSG00000118308.16,8.51070567232895e-05,0.0035419509976618003
middle500,IRGQ,ENSG00000167378.10,0.0545122169568361,0.06935000707633812
middle500,ISM1,ENSG00000101230.6,0.0091450360790546,0.026104425021849897
middle500,ITGA4,ENSG00000115232.14,0.0815610510589559,0.0462523838864394
middle500,ITGB7,ENSG00000139626.16,0.0486944319456406,0.5535468479141558
middle500,ITPRIPL2,ENSG00000205730.7,0.1562563093649311,0.221013330483669
middle500,IZUMO4,ENSG00000099840.14,0.021512786438095,0.4194067290631134
middle500,JMY,ENSG00000152409.9,0.1199852961118565,0.07097177064671811
middle500,KANSL1,ENSG00000120071.15,0.0336653293991629,0.0051056030918278025
middle500,KAT6B,ENSG00000156650.14,0.0117075873501142,0.0034187228604251017
middle500,KAZN,ENSG00000189337.17,0.001671008228769,0.0355493231377561
middle500,KCNE3,ENSG00000175538.11,0.0094695522019359,0.1273826680600142
middle500,KCNE4,ENSG00000152049.7,0.0168919472592895,0.4495201067438644
middle500,KIF22,ENSG00000079616.14,0.0159967840166727,0.026945174860177702
middle500,KIF2A,ENSG00000068796.19,0.0285580416619002,0.011386092690936902
middle500,KLHL23,ENSG00000213160.10,0.0212984932891288,0.032274544654310205
middle500,KLRD1,ENSG00000134539.17,0.0061409197121394,0.006829057804080002
middle500,KLRK1,ENSG00000213809.9,0.0025483104901185,0.018679723445250603
middle500,KMT5C,ENSG00000133247.14,0.007354636881682,0.0226809641048853
middle500,L3MBTL3,ENSG00000198945.8,5.358281165980113e-07,4.9310622440298324e-06
middle500,LCOR,ENSG00000196233.14,0.0374741688740657,0.013453507319367099
middle500,LGALS2,ENSG00000100079.7,0.0197816099693757,0.09305153606504651
middle500,LIN52,ENSG00000205659.12,0.0705216763606123,0.05068458676944031
middle500,LINS1,ENSG00000140471.17,0.0169158526421205,0.029353706331416603
middle500,LMOD1,ENSG00000163431.14,0.0213282482878104,0.29685995599721593
middle500,LRRC2,ENSG00000163827.14,0.01671165274235,0.11793340152571959
middle500,LRRC31,ENSG00000114248.10,0.0039216744704407,0.0420613467432158
middle500,LRRC57,ENSG00000180979.10,0.0839207254821627,0.0409389670908788
middle500,LRRC75B,ENSG00000178026.13,0.0430467708822608,0.0600578893420796
middle500,LRRK2,ENSG00000188906.17,0.0001140420083715,0.002128238585751
middle500,LTB,ENSG00000227507.3,0.0387116650521809,2.823363388216834
middle500,LXN,ENSG00000079257.8,0.0628820247851957,0.12450989387357748
middle500,MALSU1,ENSG00000156928.5,0.2750393135741131,0.5973681484007751
middle500,MANBA,ENSG00000109323.11,0.0618324969033111,0.14182564884380439
middle500,MAP3K21,ENSG00000143674.11,0.0159259434283003,0.05092177467019869
middle500,MAP3K7CL,ENSG00000156265.17,0.014536754515959,0.038653063538729396
middle500,MAPK11,ENSG00000185386.15,0.0015072244451905,0.013987822337765899
middle500,MAPK4,ENSG00000141639.12,0.0027368434680088,0.034042672409094
middle500,MAPK8IP1,ENSG00000121653.11,0.0035841387209992,0.0176769432341825
middle500,MARS2,ENSG00000247626.5,0.129739793943165,0.2669204780481999
middle500,MARVELD1,ENSG00000155254.13,0.0420263603756485,0.310282290140748
middle500,MATCAP2,ENSG00000164542.13,0.0103567439081935,0.052827720055009804
middle500,MB,ENSG00000198125.13,0.0035102146621109,0.036733286227622196
middle500,MEF2B,ENSG00000213999.17,0.0094651304303949,0.09950599679944519
middle500,MEGF6,ENSG00000162591.17,0.0041079982746758,0.0278644155191698
middle500,MEX3D,ENSG00000181588.17,0.0061434365265008,0.0188260100572437
middle500,MICAL2,ENSG00000133816.19,9.148878584713884e-05,0.0031465743571001
middle500,MICALL2,ENSG00000164877.19,0.0390033793437732,0.05986263862621939
middle500,MID2,ENSG00000080561.14,0.0051776949568588,0.0163024949971476
middle500,MISP3,ENSG00000141854.10,0.0562487721472971,0.2503473843910848
middle500,MLYCD,ENSG00000103150.7,0.0798235535075403,0.075191450250116
middle500,MORN4,ENSG00000171160.18,0.0098616596475856,0.1377602647892612
middle500,MPZ,ENSG00000158887.19,0.0003065316891542,0.43746427327889825
middle500,MRAS,ENSG00000158186.13,0.0157403690111747,0.028557268544926902
middle500,MRTFB,ENSG00000186260.17,0.0061541346001025,0.0031021787842566003
middle500,MS4A4E,ENSG00000214787.11,0.0042379388740402,0.029346925063948103
middle500,MTHFD1L,ENSG00000120254.16,0.0087089902220651,0.009718115474942701
middle500,MUTYH,ENSG00000132781.22,0.0505263372966471,0.0528260744046065
middle500,MYBPH,ENSG00000133055.10,0.0023065892833476,0.9205561341280384
middle500,MYL2,ENSG00000111245.18,0.0002043517322741,0.0024889064784359
middle500,MZT1,ENSG00000204899.6,0.0221121177947241,0.035198747217878606
middle500,N4BP2,ENSG00000078177.15,0.023738313198467,0.011485236883660002
middle500,NABP1,ENSG00000173559.15,0.0747487680828393,0.11244376067428771
middle500,NATD1,ENSG00000274180.1,0.0066125387184266,0.0212310339156348
middle500,NCAPD2,ENSG00000010292.13,0.7210654763360234,0.3999380429712869
middle500,NCF1,ENSG00000158517.16,0.00073556661621,0.08626504426217331
middle500,NDUFC2-KCTD14,ENSG00000259112.2,0.7646429557000994,1.631538574331891
middle500,NEK8,ENSG00000160602.14,0.15593861144942,0.4343109669165841
middle500,NEPRO,ENSG00000163608.15,0.0357897368309463,0.0471775499255143
middle500,NEURL4,ENSG00000215041.10,0.0356572898663091,0.16704494574358408
middle500,NEXN,ENSG00000162614.19,0.0123711457741535,0.0361948169927383
middle500,NFATC4,ENSG00000100968.14,0.0035208809936632,0.0107490579911067
middle500,NHEJ1,ENSG00000187736.14,0.0284912773125332,0.0526436924348421
middle500,NID2,ENSG00000087303.19,0.0366231598010274,0.1554825333945902
middle500,NIN,ENSG00000100503.27,0.0145013514326719,0.0186158016027336
middle500,NIPA1,ENSG00000170113.16,0.0039151094858223,0.0067991256554961
middle500,NMB,ENSG00000197696.10,0.1105839132537625,1.3136905878968488
middle500,NMNAT3,ENSG00000163864.18,0.0211409212087824,0.046293148819189806
middle500,NOL8,ENSG00000198000.12,0.0398443088326907,0.07112840408613601
middle500,NOL9,ENSG00000162408.11,0.0516526439082951,0.0266342995855178
middle500,NOM1,ENSG00000146909.8,0.0562577240383848,0.022196021913625297
middle500,NOTCH1,ENSG00000148400.13,0.0418511587525247,0.008399820363512597
middle500,NOXA1,ENSG00000188747.9,0.0130716839611733,0.023312420152003
middle500,NPAT,ENSG00000149308.17,0.0446231362522318,0.023839065087672792
middle500,NPHP3,ENSG00000113971.21,0.0425937021790593,0.0482855304494379
middle500,NQO1,ENSG00000181019.13,0.0977995665226416,0.0575168806742025
middle500,NSMAF,ENSG00000035681.9,0.0270053158915113,0.029477081981850804
middle500,NT5C3B,ENSG00000141698.17,0.1089184019119239,0.5915636652893588
middle500,NUAK2,ENSG00000163545.11,0.0190062861872715,0.0482802366781839
middle500,NUDT18,ENSG00000275074.2,0.0804855565542897,0.23496903078730658
middle500,NUP155,ENSG00000113569.16,0.0493740112959375,0.018289477053924398
middle500,NVL,ENSG00000143748.18,0.0137300588438981,0.0303907574234636
middle500,OR4K17,ENSG00000176230.7,4.1563799498474104e-06,7.354565520554292e-06
middle500,ORC2,ENSG00000115942.9,0.0657370575942427,0.1065103393747917
middle500,OSBPL6,ENSG00000079156.17,0.0060381275028832,0.029154041042270696
middle500,OSTM1,ENSG00000081087.16,0.1156432683721168,0.2054554332235626
middle500,OTUD6B,ENSG00000155100.11,0.1386557553774474,0.0406786266859895
middle500,PAXIP1,ENSG00000157212.20,0.0444533782016036,0.0285305238103783
middle500,PCNX3,ENSG00000197136.5,0.0951421792374286,0.03560677665596669
middle500,PDCD2L,ENSG00000126249.8,0.0395157745527464,0.1236446738729753
middle500,PDE7A,ENSG00000205268.11,0.0371345981817823,0.0219302132951427
middle500,PDGFC,ENSG00000145431.11,0.0484909177231636,0.06301052300936831
middle500,PFKP,ENSG00000067057.19,0.018692702051277,0.024227019165303298
middle500,PGM5,ENSG00000154330.13,0.0301727398449129,0.1149479535647376
middle500,PHC1,ENSG00000111752.11,0.0024401760901186,0.006405154035323399
middle500,PHF21A,ENSG00000135365.17,0.0145675814952883,0.005136071269232699
middle500,PHF7,ENSG00000010318.22,0.0566127821114862,0.04083929544805579
middle500,PHIP,ENSG00000146247.15,0.0760716237819406,0.03433451998122551
middle500,PIDD1,ENSG00000177595.19,0.1036080631585674,0.4056502404753629
middle500,PIGM,ENSG00000143315.8,0.1893186697580114,0.5705435582546257
middle500,PLCD1,ENSG00000187091.14,0.0018211266060506,0.064258941594863
middle500,PLCL2,ENSG00000154822.18,0.0470506200033218,0.029256364817143804
middle500,PMEL,ENSG00000185664.15,0.0096284823026158,0.1897223939858287
middle500,PNMA1,ENSG00000176903.5,0.3166347766413169,0.5477644861474451
middle500,PNPT1,ENSG00000138035.15,0.0367330238818058,0.0858655391249401
middle500,POC1A,ENSG00000164087.8,0.009042736451336,0.0444818271125716
middle500,POLD1,ENSG00000062822.16,0.2369051195937455,0.05616727003323818
middle500,POLH,ENSG00000170734.12,0.0334523011711285,0.0345068712802587
middle500,POLR1A,ENSG00000068654.17,0.0367641598656993,0.017862653990273696
middle500,POLR3A,ENSG00000148606.15,0.0149251070992405,0.020001223669454997
middle500,POMGNT2,ENSG00000144647.7,0.0218866248370578,0.0661476363337467
middle500,POMZP3,ENSG00000146707.15,0.0618261406642739,0.1295305974660472
middle500,PPIP5K1,ENSG00000168781.24,0.0030581583838844,0.0269430384088296
middle500,PPM1M,ENSG00000164088.18,0.0371627216486893,0.1922647898409513
middle500,PPP1R13B,ENSG00000088808.18,0.0181370721118932,0.008634852591349901
middle500,PREX1,ENSG00000124126.14,0.0113381748480701,0.011946385215629903
middle500,PRICKLE3,ENSG00000012211.13,0.0135403078735183,0.0905461754363335
middle500,PRIM2,ENSG00000146143.19,3.7860315943905424e-05,5.9437897726036114e-05
middle500,PRM1,ENSG00000175646.4,0.0002604097584613,1.6173336949430044
middle500,PRMT3,ENSG00000185238.13,0.0520194462316389,0.10037611073715871
middle500,PRR12,ENSG00000126464.15,0.0265070817216896,0.0121615753117814
middle500,PSRC1,ENSG00000134222.16,0.0611103262456207,1.6466572926678698
middle500,PTCD1,ENSG00000106246.18,0.0143137334142289,0.053797008752286504
middle500,PTK6,ENSG00000101213.7,0.0019584525790304,0.047478921227649205
middle500,PTPRG,ENSG00000144724.20,0.0687478189852042,0.04124037555898338
middle500,PTTG1,ENSG00000164611.13,0.0985313237512517,1.445886713201321
middle500,PVALB,ENSG00000100362.13,2.1596264370647977e-05,0.0282391963937372
middle500,PXYLP1,ENSG00000155893.13,5.621216996621562e-05,0.0036183033350492
middle500,QSER1,ENSG00000060749.17,0.0097245043178642,0.005786108079901401
middle500,RAB11FIP2,ENSG00000107560.12,0.0497043853140751,0.0231732505908748
middle500,RAI1,ENSG00000108557.20,0.0072274483079071,0.0037943374952815
middle500,RASA2,ENSG00000155903.14,0.021509225336279,0.016141149436378902
middle500,RASGRP3,ENSG00000152689.18,0.006108214456438,0.048209300517962905
middle500,RASSF2,ENSG00000101265.16,0.0144927077564346,0.047409158023428905
middle500,RASSF8,ENSG00000123094.16,0.0075263901515733,0.0104917858210211
middle500,RC3H1,ENSG00000135870.13,0.0501683506208911,0.029125943478902704
middle500,RECK,ENSG00000122707.12,0.0099298182287089,0.049935944171674095
middle500,REG1B,ENSG00000172023.8,0.0009373548684813,2.610087222772019
middle500,RENBP,ENSG00000102032.13,0.0855292279950173,1.393967771298248
middle500,RFWD3,ENSG00000168411.14,0.017417169296075,0.0426171561891632
middle500,RGMB,ENSG00000174136.13,0.0042753304666722,0.020501686525523
middle500,RGS18,ENSG00000150681.10,0.0236227671537179,0.0636532415434846
middle500,RHBDF2,ENSG00000129667.13,0.0183647124855733,0.03674412279926109
middle500,RHNO1,ENSG00000171792.11,0.0129614511111694,0.016122801735094703
middle500,RIC8B,ENSG00000111785.21,0.0229901800759705,0.043269604452573204
middle500,RIGI,ENSG00000107201.12,0.0231030863540823,0.0122481435536132
middle500,RIN2,ENSG00000132669.14,0.0069292311289802,0.008623448062179401
middle500,RIPK2,ENSG00000104312.8,0.0711194415840021,0.11747164507711919
middle500,RIPPLY1,ENSG00000147223.6,0.016629493922817,0.8169412599209397
middle500,RMI1,ENSG00000178966.17,0.0729987807711551,0.0115983408212285
middle500,RNF115,ENSG00000265491.5,0.0725545869405565,0.0264418569957076
middle500,RNF169,ENSG00000166439.6,0.0398738125872509,0.0154143199814981
middle500,RNF217,ENSG00000146373.17,0.08548085142678,0.11606793332863832
middle500,RNF220,ENSG00000187147.19,0.0011694040460686,0.0160720735046732
middle500,RNF8,ENSG00000112130.17,0.0194193172719572,0.03866239121894639
middle500,ROBO4,ENSG00000154133.15,0.0415617306777648,0.3439823113053499
middle500,ROCK1,ENSG00000067900.9,0.1922636866579567,0.1177102015528318
middle500,RRAD,ENSG00000166592.13,0.0079032374274519,0.7368446633109229
middle500,RRP12,ENSG00000052749.14,0.0337709942277814,0.0414259726580288
middle500,RSBN1,ENSG00000081019.14,0.0879004032976536,0.02926388888679661
middle500,RTN4IP1,ENSG00000130347.13,0.0661389744513672,0.09879816981426809
middle500,S1PR2,ENSG00000267534.4,0.0040049739542792,0.0250172560359054
middle500,SAMD11,ENSG00000187634.13,0.0016207122945749,0.0249373745562722
middle500,SAMD9L,ENSG00000177409.12,0.0231599988720711,0.0595704378540943
middle500,SASH3,ENSG00000122122.10,0.0226790325649875,0.11593222305256849
middle500,SCFD2,ENSG00000184178.17,0.1110752566517012,0.3189281906926696
middle500,SCUBE1,ENSG00000159307.20,0.0020413105571399,0.0184911700456125
middle500,SECTM1,ENSG00000141574.8,0.0168570329633879,0.0814233243758407
middle500,SEMA6A,ENSG00000092421.17,0.0417859371213687,0.0419591968877707
middle500,SEPTIN5,ENSG00000184702.20,0.0031750236666521,0.0810016646700671
middle500,SERTM2,ENSG00000260802.2,0.0005984103961528,0.030464982232096798
middle500,SIGLEC9,ENSG00000129450.9,0.0359377766076618,0.1762218295778025
middle500,SIPA1L2,ENSG00000116991.12,0.00687282027927,0.004707562079739901
middle500,SLC11A1,ENSG00000018280.18,0.0363566921762411,0.2687802825113451
middle500,SLC25A34,ENSG00000162461.8,0.198467809856211,0.0686724341075579
middle500,SLC2A11,ENSG00000133460.20,0.011489351707171,0.049160308513325104
middle500,SLC37A1,ENSG00000160190.14,0.0006701212915637,0.0025880994386456
middle500,SLC5A3,ENSG00000198743.7,0.0908598322089999,0.0461129471578966
middle500,SLFN5,ENSG00000166750.10,0.0122361583913762,0.023906336891981902
middle500,SMYD4,ENSG00000186532.12,0.0229521465875072,0.0220552721311198
middle500,SNAI1,ENSG00000124216.4,0.0199766751181073,0.1651961609570968
middle500,SNAPC1,ENSG00000023608.5,0.022870154665871,0.1832865810999868
middle500,SNX16,ENSG00000104497.15,0.0146867959698987,0.0439350701694575
middle500,SNX21,ENSG00000124104.19,0.0374887022332369,0.1037648320191076
middle500,SPAG4,ENSG00000061656.11,0.0076336790025817,0.0238717474393459
middle500,SPATA18,ENSG00000163071.11,0.0100881330242621,0.0738171430092714
middle500,SPATA24,ENSG00000170469.11,0.0150607748975567,0.017128847717573403
middle500,SPATA25,ENSG00000149634.5,0.0640219736325684,0.5109712307844263
middle500,SPATA7,ENSG00000042317.17,0.0090641504345782,0.015746176920273802
middle500,SPINDOC,ENSG00000168005.9,0.0151041476260625,0.03661832175366771
middle500,SPRED1,ENSG00000166068.13,0.042055368613249,0.030024511455629205
middle500,SPRR3,ENSG00000163209.15,0.0004299753665611,1.0348855179499352
middle500,SPRTN,ENSG00000010072.16,0.090731289151767,0.047841954209412715
middle500,SPTLC2,ENSG00000100596.8,0.0476358680129316,0.037451845946492895
middle500,SRCAP,ENSG00000080603.17,0.0665077635887197,0.010531289113851004
middle500,SREK1IP1,ENSG00000153006.16,0.0735071174195129,0.0642173780917226
middle500,SRPX2,ENSG00000102359.9,0.0097576734130157,0.07089477069852829
middle500,SSH1,ENSG00000084112.15,0.0147507356522904,0.019739066397191297
middle500,STARD5,ENSG00000172345.14,0.056198350919452,0.4020751806350487
middle500,STK26,ENSG00000134602.16,0.0669097900843755,0.0683036047270385
middle500,STK32C,ENSG00000165752.17,0.0029475963366838,0.017223891912698998
middle500,SUCNR1,ENSG00000198829.6,0.0017795710930186,0.045164519184918706
middle500,SYDE1,ENSG00000105137.13,0.0193392156219899,0.15517614765407278
middle500,SYNGR1,ENSG00000100321.15,0.0055528249665508,0.047603312486902694
middle500,SYNJ1,ENSG00000159082.18,0.0150480476268319,0.021654367206057498
middle500,TAMM41,ENSG00000144559.11,0.0443589219954103,0.18654282794916
middle500,TBCE,ENSG00000284770.2,0.0127133333548564,0.0124518746355122
middle500,TCF7,ENSG00000081059.20,0.0079917169504949,0.0200199823245241
middle500,TCFL5,ENSG00000101190.13,0.0233611377471064,0.0758008447012834
middle500,TCHP,ENSG00000139437.18,0.009856365610363,0.024913235201669395
middle500,TCTN1,ENSG00000204852.17,0.0180508232861943,0.017041670736537604
middle500,TESC,ENSG00000088992.18,0.0546099275633311,0.1829985841543244
middle500,TFAP4,ENSG00000090447.12,0.013836538001844,0.0100948639008578
middle500,TGFBRAP1,ENSG00000135966.14,0.0915499195651413,0.06337103535783768
middle500,THG1L,ENSG00000113272.14,0.0681196900412746,0.0875772896047337
middle500,TLE4,ENSG00000106829.21,0.0410148844204992,0.0191407341248533
middle500,TMCO4,ENSG00000162542.14,0.0089439030072197,0.0054615288588005
middle500,TMED6,ENSG00000157315.5,0.0339134874656122,0.3446835670671413
middle500,TMEM185B,ENSG00000226479.4,0.2760186002700018,0.11337981175990999
middle500,TMEM260,ENSG00000070269.14,3.146308761794255e-05,2.118552981656333e-05
middle500,TMEM268,ENSG00000157693.15,0.0050417084855496,0.005584622583001599
middle500,TMEM276-ZFTRAF1,ENSG00000291316.1,0.218143871975289,0.9090178427151824
middle500,TMEM65,ENSG00000164983.9,0.0431808955071674,0.021786854664360006
middle500,TNFAIP8L2,ENSG00000163154.6,0.0075103097864436,0.0083616580471172
middle500,TNFRSF10A,ENSG00000104689.10,0.023806607415733,0.0650869147657708
middle500,TNFSF13B,ENSG00000102524.12,0.0242324313262914,0.04312838151793989
middle500,TNRC6B,ENSG00000100354.22,0.0253731862659794,0.018112668836006502
middle500,TOX3,ENSG00000103460.17,0.0166523727421302,0.017108450281136302
middle500,TRAF3IP1,ENSG00000204104.12,0.0091555192027268,0.006684522113847999
middle500,TRAF3IP3,ENSG00000009790.15,0.0059293602791254,0.012941118551983499
middle500,TRBJ1-4,ENSG00000281958.1,0.0031251914499402,0.0192584090458098
middle500,TRBJ2-3,ENSG00000211767.1,0.0071295631718438,0.12131551284248969
middle500,TRIM34,ENSG00000258659.7,0.0010528115096771,0.0202959039891987
middle500,TRIM38,ENSG00000112343.11,0.0385304542359899,0.039167541399673295
middle500,TRMT6,ENSG00000089195.15,0.0252242953095457,0.03842671851941851
middle500,TRRAP,ENSG00000196367.15,0.0098501477258196,0.004180949199397
middle500,TTC12,ENSG00000149292.17,0.018789163067949,0.0489763298996338
middle500,TTLL11,ENSG00000175764.17,0.0209663617461522,0.07744130606362
middle500,UBAP2,ENSG00000137073.24,0.0150923873180435,0.014209099550718002
middle500,UBXN10,ENSG00000162543.6,0.0018705278523294,0.026320743742539798
middle500,UBXN2A,ENSG00000173960.14,0.0189197678566643,0.0198193246129837
middle500,URB1,ENSG00000142207.7,0.0513274816933208,0.0226558352831671
middle500,USP31,ENSG00000103404.15,0.0177584295091345,0.012419144921657698
middle500,VAV1,ENSG00000141968.8,0.0218246667761481,0.0272085788767369
middle500,VRK1,ENSG00000100749.9,0.0256075303554442,0.010869898059754
middle500,VSIG10,ENSG00000176834.14,0.0464943998318597,0.0958749037290289
middle500,VSIR,ENSG00000107738.20,0.0342411483091516,0.09683792471065081
middle500,WDR5B,ENSG00000196981.4,0.1023226426679234,0.0374344012185672
middle500,XCL2,ENSG00000143185.4,0.0027307094082001,2.230721765661264
middle500,XRCC4,ENSG00000152422.16,0.025728580265763,0.0015974304052449005
middle500,XRRA1,ENSG00000166435.17,0.0327092278474079,0.029446238157928496
middle500,YOD1,ENSG00000180667.11,0.1090208600384388,0.0254954700617753
middle500,ZBTB20,ENSG00000181722.18,0.0132294406547275,0.013882592945668997
middle500,ZC4H2,ENSG00000126970.17,0.0198656779164663,0.14681892629207238
middle500,ZDHHC11,ENSG00000188818.13,0.0045135419865126,0.026567571135170404
middle500,ZDHHC24,ENSG00000174165.8,0.0735338633337911,0.059267280545881096
middle500,ZFC3H1,ENSG00000133858.17,0.1306539478574525,0.0508606202759504
middle500,ZFP64,ENSG00000020256.20,0.0136311083006436,0.034375043090158396
middle500,ZFP90,ENSG00000184939.16,0.0027719352769571,0.0440241951071142
middle500,ZNF134,ENSG00000213762.12,0.0201475198945432,0.011755960738272599
middle500,ZNF182,ENSG00000147118.12,0.0167641561485514,0.026981427472283097
middle500,ZNF197,ENSG00000186448.15,0.0064938163336223,0.0138228916281671
middle500,ZNF202,ENSG00000166261.11,0.0159777789887999,0.0114217330837821
middle500,ZNF260,ENSG00000254004.7,0.0048314037769325,0.0061971052312894005
middle500,ZNF264,ENSG00000083844.11,0.0436264894648829,0.030677377070266708
middle500,ZNF326,ENSG00000162664.17,0.0436446245418015,0.037563071155174606
middle500,ZNF334,ENSG00000198185.12,0.0090420354378975,0.0057859013182495
middle500,ZNF350,ENSG00000256683.7,0.0060138125067242,0.0083681348859296
middle500,ZNF354A,ENSG00000169131.13,0.0198876126377993,0.0419497309136389
middle500,ZNF37A,ENSG00000075407.19,0.0419260196607815,0.0562293250754626
middle500,ZNF429,ENSG00000197013.11,0.0319312951188231,0.037292177956431805
middle500,ZNF438,ENSG00000183621.15,0.0127339728461662,0.010336395413134098
middle500,ZNF445,ENSG00000185219.18,0.0073725568717354,0.0137984421385692
middle500,ZNF45,ENSG00000124459.12,0.022486139299322,0.07090179321089901
middle500,ZNF566,ENSG00000186017.16,0.0530543086986228,0.003403773757107001
middle500,ZNF598,ENSG00000167962.15,0.035499756289009,0.03678116480797319
middle500,ZNF618,ENSG00000157657.15,0.0071735670773491,0.024738618956498502
middle500,ZNF623,ENSG00000183309.12,0.0208910665653426,0.009309895677756003
middle500,ZNF626,ENSG00000188171.17,0.0229929578012892,0.04143913202308969
middle500,ZNF628,ENSG00000197483.11,0.0045078567847687,0.0066615416733764995
middle500,ZNF668,ENSG00000167394.13,0.0476654046854853,0.032524193901425
middle500,ZNF710,ENSG00000140548.10,0.0113477886239403,0.0068162254237137
middle500,ZNF761,ENSG00000160336.17,0.0220699845319349,0.028193952520221603
middle500,ZNF766,ENSG00000196214.11,0.0113253913443125,0.006519394277369301
middle500,ZNF91,ENSG00000167232.14,0.0314385656648841,0.029679512976730996
middle500,ZSCAN29,ENSG00000140265.14,0.0644151723180952,0.0796611940986866
middle500,ZSCAN31,ENSG00000235109.8,0.0155191368275281,0.024288198783637402
middle500,ZSCAN32,ENSG00000140987.21,0.0243607729978783,0.006774124548572898
middle500,ZWILCH,ENSG00000174442.12,0.3449107631004364,0.7036642693116606
top500,A2M,ENSG00000175899.15,1.406837029431469,0.7467400492563516
top500,AADAC,ENSG00000114771.14,0.7021344650946766,0.1634410824525816
top500,ACAA1,ENSG00000060971.19,0.6077098403882356,0.24057145608541097
top500,ACAA2,ENSG00000167315.18,0.2669130092480377,0.10854857613282992
top500,ACADVL,ENSG00000072778.20,0.0002120096241456,0.0007207673217434001
top500,ACAT1,ENSG00000075239.14,0.0010726471637712,0.0518511006119628
top500,ACSL1,ENSG00000151726.16,0.1690837503600585,0.07932683923567649
top500,ACSM2B,ENSG00000066813.14,0.4193819453594516,0.1493937269115133
top500,ACTB,ENSG00000075624.17,8.814774645841748,0.9691971428025052
top500,ACTG1,ENSG00000184009.13,0.3543117002551529,0.04950524859504679
top500,ADH1A,ENSG00000187758.8,0.3102555020316525,0.24955459381156908
top500,ADH1B,ENSG00000196616.15,0.9765086000158142,0.5044258953277979
top500,ADH1C,ENSG00000248144.6,0.1983711503599421,0.36621827021704256
top500,ADH4,ENSG00000198099.10,0.9165398182983197,0.19376607071495028
top500,ADH6,ENSG00000172955.17,0.1836870372944659,0.13544540899770577
top500,ADI1,ENSG00000182551.14,0.3155218167651805,0.1830750405564961
top500,AFM,ENSG00000079557.5,0.1655472631910031,0.012591471086186901
top500,AGPAT2,ENSG00000169692.14,0.371696969113563,0.3139712521108819
top500,AGT,ENSG00000135744.9,0.2666050251137263,0.1287682621561268
top500,AGXT,ENSG00000172482.5,3.8080290965434855,1.020175899514196
top500,AHSG,ENSG00000145192.13,4.909258800233233,1.922861763899757
top500,AKR1C1,ENSG00000187134.14,0.7982229569509885,0.3619535980567847
top500,AKR1C2,ENSG00000151632.18,0.6454978065074389,0.5965073202626264
top500,AKR1C4,ENSG00000198610.11,0.2375828338268497,0.1143722580405192
top500,AKR1D1,ENSG00000122787.15,0.1063042642036736,0.5172643995996138
top500,ALAS1,ENSG00000023330.15,0.4985487372875536,0.36121037075303664
top500,ALB,ENSG00000163631.19,0.0021959478051863,-0.04420752856251321
top500,ALDH1A1,ENSG00000165092.13,0.4288793343538236,0.40720258084950867
top500,ALDH2,ENSG00000111275.13,0.5651347796678404,0.24441075698441295
top500,ALDH4A1,ENSG00000159423.17,0.1057978334473459,0.1063628499779832
top500,ALDOB,ENSG00000136872.21,0.686549147662844,0.5323106927081345
top500,AMBP,ENSG00000106927.12,7.29452382692901,2.7070604084551673
top500,ANG,ENSG00000214274.10,0.7599007980253244,0.27090142749105317
top500,ANGPTL3,ENSG00000132855.5,1.1038065174638592,0.5757019662280494
top500,ANGPTL8,ENSG00000130173.14,0.0329025214755077,0.019500989099745798
top500,AOX1,ENSG00000138356.14,0.2232825406728104,0.1450397040976451
top500,APCS,ENSG00000132703.4,5.637515202240379,1.4722879604231387
top500,APOA1,ENSG00000118137.10,30.943995912542025,9.453002922834676
top500,APOA2,ENSG00000158874.11,14.04099266648064,5.459109903424718
top500,APOA5,ENSG00000110243.12,4.472868822043879,3.836539107885316
top500,APOB,ENSG00000084674.15,2.3640387076214124,0.7797831464126659
top500,APOC1,ENSG00000130208.10,3.045151573294929,1.6519250680652844
top500,APOC2,ENSG00000234906.11,2.2795578831783345,0.9788734444298264
top500,APOC3,ENSG00000110245.12,4.349003871053514,0.8205488815929738
top500,APOC4,ENSG00000267467.4,0.3147955137044799,0.1036922301807513
top500,APOC4-APOC2,ENSG00000224916.9,0.2245828481869808,0.07378117811537821
top500,APOE,ENSG00000130203.10,3.0023793922328337,1.5078466711447143
top500,APOF,ENSG00000175336.10,1.769195138020094,0.310985344276708
top500,APOH,ENSG00000091583.11,4.651127694648572,1.4372655116584552
top500,APOM,ENSG00000204444.11,0.057782562392367,0.027725229916996094
top500,AQP9,ENSG00000103569.11,0.2570859752058496,0.3994101364890865
top500,ARG1,ENSG00000118520.16,1.0931919426671614e-05,0.00010343511078083476
top500,ASGR1,ENSG00000141505.12,1.3364297095501534,0.5131881148768923
top500,ASGR2,ENSG00000161944.17,1.1459751085451242,0.4492963374500264
top500,ASL,ENSG00000126522.17,0.2866965855729744,0.288968533617631
top500,ASS1,ENSG00000130707.18,0.138907343555504,0.135010446910857
top500,ATF4,ENSG00000128272.18,0.9633540187112036,0.18644243024403218
top500,ATF5,ENSG00000169136.13,0.1918308573227124,0.11886083591944491
top500,ATP5F1A,ENSG00000152234.16,0.503304035721655,0.2434249001076486
top500,ATP5F1B,ENSG00000110955.9,2.951973253769357,4.279339408632182
top500,ATP5F1D,ENSG00000099624.8,0.6117846242270946,0.3669118124932377
top500,ATP5MC2,ENSG00000135390.21,0.0654773650526265,0.05739594825958501
top500,ATP5MC3,ENSG00000154518.10,0.848288615659743,1.0590156445952115
top500,ATP5ME,ENSG00000169020.10,0.8370134670972963,0.3861122322034848
top500,ATP5MF,ENSG00000241468.8,0.1155163943959972,0.0711810983320798
top500,ATP5MK,ENSG00000173915.16,0.2098507143271651,0.2026521805334281
top500,ATP5PD,ENSG00000167863.12,0.0799091945739921,0.1900614507047572
top500,ATP5PF,ENSG00000154723.13,0.1628837988589377,0.0348029190468499
top500,ATP5PO,ENSG00000241837.7,0.3173660455043252,0.2547809717987247
top500,AZGP1,ENSG00000160862.13,0.762568177121049,0.906602896502303
top500,B2M,ENSG00000166710.23,1.330399689999138,0.625586271072481
top500,BAAT,ENSG00000136881.12,0.2683886142111933,0.10331570457579892
top500,BCHE,ENSG00000114200.10,0.0108975339260367,0.12121849835023249
top500,BGN,ENSG00000182492.16,0.0602330371367876,0.027401467593900303
top500,BHMT,ENSG00000145692.15,0.242890993118445,0.4078332187036352
top500,BHMT2,ENSG00000132840.10,0.139421153041727,0.24419817746822747
top500,BTF3,ENSG00000145741.17,0.5423990357296417,0.15170631526488
top500,C1R,ENSG00000159403.18,1.4762581454449215,1.9599744406956523
top500,C1S,ENSG00000182326.17,0.0172529803368783,0.0142082345294007
top500,C2,ENSG00000166278.16,0.0152790831715566,0.0385559413032433
top500,C3,ENSG00000125730.18,5.965270688430459,1.3814757059497866
top500,C4BPA,ENSG00000123838.11,0.4339715784354616,0.1780192023126877
top500,C4BPB,ENSG00000123843.13,1.2793503044498848,1.018273447544726
top500,C5,ENSG00000106804.10,0.0045032752892336,0.005749887202701899
top500,C6,ENSG00000039537.16,0.2759690539835195,0.1718011740888396
top500,C8A,ENSG00000157131.12,0.5155793389625613,0.0233707637113699
top500,C8B,ENSG00000021852.14,0.5660123281987183,0.2948981848288782
top500,C8G,ENSG00000176919.13,2.6526347589941706,0.6785615065947359
top500,C9,ENSG00000113600.12,0.3911354324275987,0.1674147910955777
top500,CALM2,ENSG00000143933.20,0.245848081971663,0.10566235328404941
top500,CALR,ENSG00000179218.15,4.666949140720317,5.515231412626312
top500,CAT,ENSG00000121691.7,0.331658327952648,0.240320173457872
top500,CD14,ENSG00000170458.15,2.3433809864375035,4.094051505688436
top500,CD63,ENSG00000135404.12,3.4336054999858328,2.9736964746901253
top500,CD74,ENSG00000019582.17,0.3689570719432983,0.9348402641676994
top500,CD81,ENSG00000110651.13,0.0662618429843225,0.08123765312557941
top500,CDO1,ENSG00000129596.5,0.5348108778435727,1.1694828878067383
top500,CEBPD,ENSG00000221869.5,1.0352481586704536,0.6726763146389957
top500,CERS2,ENSG00000143418.20,1.3776255198183691,0.6500407801085213
top500,CES1,ENSG00000198848.13,0.4862077691391548,0.4626015473020917
top500,CFB,ENSG00000243649.10,9.438216577040636,3.2826846999187707
top500,CFH,ENSG00000000971.17,0.3740214145504337,0.23402659328948427
top500,CFHR1,ENSG00000244414.8,0.3282833779979465,0.1507866522833416
top500,CFHR2,ENSG00000080910.14,0.3375895729683085,0.10905506999594161
top500,CFHR3,ENSG00000116785.15,0.415520737188032,0.1579228566890755
top500,CFI,ENSG00000205403.15,0.3665071523331753,0.2524396669351439
top500,CFL1,ENSG00000172757.13,0.700940784370761,0.19398372554485066
top500,CHCHD10,ENSG00000250479.9,0.8020702769897122,0.9762516786761556
top500,CHI3L1,ENSG00000133048.13,0.5227688677103618,1.5491630570792483
top500,CIDEB,ENSG00000136305.12,0.5808485012535929,0.36856598533472107
top500,CLU,ENSG00000120885.22,0.1820145695770783,0.2839609307070072
top500,CNBP,ENSG00000169714.17,0.3219257983030334,0.15895391423911628
top500,COL18A1,ENSG00000182871.16,0.0907653942851623,0.0992472359987734
top500,COX4I1,ENSG00000131143.10,0.2561111245111339,0.03959059999866349
top500,COX5B,ENSG00000135940.7,2.814299325507175,2.025593959652294
top500,COX6A1,ENSG00000111775.3,1.1556642041235274,0.34380030495350544
top500,COX6B1,ENSG00000126267.11,0.2263257830114098,0.10239195581958513
top500,COX7A2,ENSG00000112695.13,0.0040242493296626,0.00046276802878810006
top500,COX7C,ENSG00000127184.13,2.490152766694011,2.5407940912579767
top500,COX8A,ENSG00000176340.4,2.557619504394069,1.489907813769405
top500,CP,ENSG00000047457.14,3.145125421118679,0.42463729465582833
top500,CPB2,ENSG00000080618.17,0.5804106682591127,0.28183059013605927
top500,CPS1,ENSG00000021826.18,0.0156928952640118,0.0169135507405907
top500,CREB3L3,ENSG00000060566.14,0.4415460109243907,0.5186297683966892
top500,CRP,ENSG00000132693.12,11.282745889367774,6.34716476991215
top500,CST3,ENSG00000101439.9,2.4756314988807184,2.33842128766793
top500,CSTB,ENSG00000160213.10,0.7169092041634674,1.4211838001098709
top500,CTSB,ENSG00000164733.23,1.0562943809183205,0.2409217591028674
top500,CTSD,ENSG00000117984.15,0.4236191761550279,0.6100095562430035
top500,CXCL2,ENSG00000081041.9,0.7671888622851867,1.924237621691608
top500,CYB5A,ENSG00000166347.19,1.2656918090799891,0.6380530939512944
top500,CYP1A2,ENSG00000140505.7,0.9197812663410008,1.1600810984323535
top500,CYP27A1,ENSG00000135929.9,0.3684658966868517,0.43672817710597417
top500,CYP2A6,ENSG00000255974.8,1.2203413598002926,1.760354974612905
top500,CYP2B6,ENSG00000197408.10,0.4754666067516466,0.2955645733124752
top500,CYP2C8,ENSG00000138115.15,1.5214645705163097,0.46592179495206
top500,CYP2C9,ENSG00000138109.11,2.363084486243348,0.9312363923077661
top500,CYP2D6,ENSG00000100197.23,0.4531033201375763,0.7012188383949547
top500,CYP3A4,ENSG00000160868.16,0.4172864310256563,0.3551450975833313
top500,CYP4A11,ENSG00000187048.14,0.4383865470445465,0.2865595714103221
top500,CYP8B1,ENSG00000180432.6,3.2251072257873887,1.37126214714991
top500,DBI,ENSG00000155368.18,1.090897207231948,1.3194461441402092
top500,DCN,ENSG00000011465.18,0.1105050547019643,0.2804550650092107
top500,DCXR,ENSG00000169738.8,2.977342859658846,2.486932812194512
top500,DDT,ENSG00000099977.16,0.0019425325912529,0.0873453562968594
top500,DEFB1,ENSG00000164825.4,0.3231128149661314,0.3480857975602816
top500,DHCR24,ENSG00000116133.13,1.241855033896924,0.6787470339248949
top500,DPYS,ENSG00000147647.13,0.5633106148661072,0.5387255204356555
top500,DUSP1,ENSG00000120129.6,1.61195155705828,0.809630850955843
top500,ECH1,ENSG00000104823.9,1.0198717087887132,1.5846236005461458
top500,ECI2,ENSG00000198721.13,0.4400617863598133,0.4492539649579891
top500,EDF1,ENSG00000107223.13,0.4134999605546,0.6230051217778076
top500,EEF1A1,ENSG00000156508.19,0.954357604349612,0.055308779845444134
top500,EEF1B2,ENSG00000114942.15,1.5079315366996413,0.49690579226836284
top500,EEF1D,ENSG00000104529.19,0.1514791290154012,0.07860290564209942
top500,EEF1G,ENSG00000254772.10,1.0844091970622811,0.6313121992379918
top500,EEF2,ENSG00000167658.16,12.512784762590275,1.089176207535031
top500,EFNA1,ENSG00000169242.12,0.2137125256875351,0.1373720380809618
top500,EIF5A,ENSG00000132507.18,0.2074752577667741,0.037417846345218775
top500,ENO1,ENSG00000074800.16,0.4978909309154886,0.3705017774897418
top500,EPHX1,ENSG00000143819.13,0.0986636323992594,0.0944967245962246
top500,ERRFI1,ENSG00000116285.13,0.1872488166266338,0.0710567287094522
top500,ETFB,ENSG00000105379.10,0.0474406951647504,0.0206227155165961
top500,F12,ENSG00000131187.11,0.5258112866662695,0.4645059427539281
top500,F2,ENSG00000180210.15,3.019260906658202,0.7541521940037423
top500,F9,ENSG00000101981.12,0.2529337723390442,0.1737888021228411
top500,FABP1,ENSG00000163586.10,4.0106628064879635,3.4119499060031635
top500,FAU,ENSG00000149806.11,2.8985235768978037,4.577060212326831
top500,FBP1,ENSG00000165140.12,0.7969242965719218,0.6998269363690302
top500,FCGRT,ENSG00000104870.13,1.4775134210495444,1.2629193824436444
top500,FGA,ENSG00000171560.18,8.65509403734744,2.0015898985591685
top500,FGB,ENSG00000171564.12,2.933857337873121,0.49035348859586503
top500,FGG,ENSG00000171557.17,11.41432873695427,2.1360343650464193
top500,FGL1,ENSG00000104760.17,0.1223566998722731,0.6896022693977587
top500,FMO3,ENSG00000007933.13,0.6877368291814973,0.42484764232244593
top500,FMO5,ENSG00000131781.13,0.2501228966484921,0.4491571562097319
top500,FN1,ENSG00000115414.21,1.3792537424705926,0.7773870280273039
top500,FTCD,ENSG00000160282.15,0.4208470111157107,0.28772747616972527
top500,FTH1,ENSG00000167996.16,6.062477562975349,1.9482545419642303
top500,FTL,ENSG00000087086.15,44.69634557760136,16.70463261178838
top500,FXYD1,ENSG00000266964.6,0.2138695987593995,0.4454485992089039
top500,G0S2,ENSG00000123689.6,2.765202887945351,5.02833576705628
top500,GABARAP,ENSG00000170296.10,3.009883445530626,1.8363941322612067
top500,GADD45B,ENSG00000099860.9,0.6910197051139146,0.8688337824733431
top500,GAMT,ENSG00000130005.13,0.7844310758198875,0.9575944600935173
top500,GAPDH,ENSG00000111640.15,1.383654686686179,0.3149948347352758
top500,GATM,ENSG00000171766.17,0.8598376713245598,0.8646910288508092
top500,GC,ENSG00000145321.13,0.0008389070427716,0.0050541832105801005
top500,GCHFR,ENSG00000137880.6,0.339476696215182,0.2793324069510816
top500,GJB1,ENSG00000169562.13,1.9878917075901457e-05,0.0001433752261806
top500,GLUD1,ENSG00000148672.10,0.7927865624847716,0.36516355779939114
top500,GLYAT,ENSG00000149124.11,0.2353347197360002,0.2076580006609675
top500,GLYATL1,ENSG00000166840.14,0.0511507324344921,0.0587578745054363
top500,GNAS,ENSG00000087460.29,0.0050091732429034,0.0392947630804071
top500,GPX1,ENSG00000233276.9,6.506281641297744,2.9974973398596516
top500,GPX2,ENSG00000176153.13,0.5871295849502082,1.229682567526199
top500,GPX3,ENSG00000211445.13,1.0695281524782547,1.1463522650068687
top500,GPX4,ENSG00000167468.20,2.436331664569664,2.0556237736185685
top500,GRHPR,ENSG00000137106.18,0.2431663131575817,0.2640784340014828
top500,GRINA,ENSG00000178719.17,0.602128374688796,0.7305117261158488
top500,GSTA1,ENSG00000243955.6,0.3222890438600886,0.6345944961567554
top500,GSTA2,ENSG00000244067.3,0.070196412597449,0.30841513942748044
top500,GSTK1,ENSG00000197448.14,0.0003278391994357,0.0062795277962857
top500,GSTM1,ENSG00000134184.13,0.2759490833524405,3.0259247464179433
top500,GSTO1,ENSG00000148834.13,0.4843715002410667,0.2610148064941751
top500,H3-3A,ENSG00000163041.13,0.0504564710444727,0.007050608828760699
top500,H3-3B,ENSG00000132475.10,4.949675487493983,1.8315926114390368
top500,HABP2,ENSG00000148702.15,0.0017205770476245,0.0050173031308497
top500,HAMP,ENSG00000105697.9,1.63404623055611,0.8552553996358085
top500,HAO1,ENSG00000101323.5,0.4025349116200844,0.162630785078817
top500,HAO2,ENSG00000116882.15,0.057325399389746,0.014248426185194101
top500,HBB,ENSG00000244734.4,2.5692191718047357,8.501569628380322
top500,HGD,ENSG00000113924.12,0.3293023132080139,0.23831655525678522
top500,HINT1,ENSG00000169567.13,1.0818788789651557,1.0053916210076677
top500,HLA-A,ENSG00000206503.15,1.502911087195992,0.7304946916615631
top500,HLA-B,ENSG00000234745.14,4.788505862054019,8.982234530740268
top500,HLA-C,ENSG00000204525.18,3.8136364615187985,4.197462767231
top500,HMGCS1,ENSG00000112972.15,0.0754813385647763,0.13073314647520423
top500,HMGCS2,ENSG00000134240.12,0.5426133132655998,0.9594817387566589
top500,HP,ENSG00000257017.10,2.3940324774225346,0.4987769871043888
top500,HPD,ENSG00000158104.11,1.7100424222287502,1.0153694506596502
top500,HPN,ENSG00000105707.15,0.5198818879912895,0.26255423957324475
top500,HPR,ENSG00000261701.9,0.3979622762540693,0.10009424354516988
top500,HPX,ENSG00000110169.12,4.290722740279489,1.470435629961223
top500,HRG,ENSG00000113905.5,0.7072682861714504,0.0828217333042254
top500,HSD11B1,ENSG00000117594.10,0.0005671891663076,0.018809299823230402
top500,HSD17B13,ENSG00000170509.12,0.1160258205991918,0.7042134749852628
top500,HSD17B6,ENSG00000025423.11,0.0117737677056092,0.024506934890215302
top500,HSP90AA1,ENSG00000080824.19,2.244876581321684,2.294817612686228
top500,HSP90AB1,ENSG00000096384.20,0.3738506646234225,0.15980628708109484
top500,HSP90B1,ENSG00000166598.16,0.9391991956095112,0.601735677924927
top500,HSPA1A,ENSG00000204389.10,0.5118287411142428,0.6516479574386491
top500,HSPA1B,ENSG00000204388.7,0.4855854852312974,0.5314443976464176
top500,HSPA8,ENSG00000109971.14,4.752759064295625,1.5976809715217604
top500,HSPB1,ENSG00000106211.10,2.142178453923409,6.5728233675057695
top500,HSPD1,ENSG00000144381.18,1.1789449672569663,0.4537142211659635
top500,HSPE1,ENSG00000115541.11,0.9797766274396036,0.2685167896124877
top500,ID2,ENSG00000115738.10,0.0105319301701978,0.0082088862718428
top500,IDH1,ENSG00000138413.14,0.517564427084916,0.5953628497650888
top500,IGF2,ENSG00000167244.22,0.6428088772240296,0.3490690581849998
top500,IGFBP1,ENSG00000146678.10,2.814607648882063,1.2847224513381796
top500,IGFBP2,ENSG00000115457.10,0.2500588118259187,0.2778208978740044
top500,IGFBP3,ENSG00000146674.16,0.2748695907253521,0.49494202757794425
top500,IGFBP4,ENSG00000141753.7,0.7333641194630673,0.9424508017996273
top500,IGKC,ENSG00000211592.8,1.279300200256255,0.3433191868267307
top500,IGLC2,ENSG00000211677.2,0.644254121292852,0.4806998747592669
top500,IL32,ENSG00000008517.19,0.2690256216941074,0.22617796855470218
top500,INSIG1,ENSG00000186480.13,0.5566488380220257,0.4748778759393171
top500,ITIH1,ENSG00000055957.11,2.148609543118806,0.8566695609549962
top500,ITIH2,ENSG00000151655.19,1.083591083084073,0.5775999882622608
top500,ITIH3,ENSG00000162267.14,2.2588720953306596,1.6538796870199766
top500,ITIH4,ENSG00000055955.17,1.3680456050741547,0.5318629655660831
top500,ITM2B,ENSG00000136156.15,0.9359116670799504,0.33740214812089886
top500,KNG1,ENSG00000113889.14,1.3374470145742876,0.39770798833245774
top500,KRT18,ENSG00000111057.11,1.4351053352619096,1.3626879323182342
top500,LAPTM4A,ENSG00000068697.7,0.5370865909660747,0.34717476189957097
top500,LBP,ENSG00000129988.6,1.222949056816848,0.4542043523511158
top500,LDHA,ENSG00000134333.15,0.2627119918892025,0.21368170555115834
top500,LEAP2,ENSG00000164406.8,1.811707305717516,0.4035347008381369
top500,LECT2,ENSG00000145826.9,0.0042768991620185,0.30744858860403446
top500,LRG1,ENSG00000171236.10,3.632052328272143,2.8143858361579897
top500,LY6E,ENSG00000160932.11,0.0848951482513611,0.1258668812783392
top500,MASP2,ENSG00000009724.18,1.7246042903819043,1.6302719860463604
top500,MAT1A,ENSG00000151224.13,1.138021423371148,0.7387052885762835
top500,MCL1,ENSG00000143384.14,0.93965911245501,0.35568210036419134
top500,MGST1,ENSG00000008394.13,0.4032113648306119,0.2764024953588708
top500,MGST2,ENSG00000085871.9,0.3236909557543903,0.15926657236586772
top500,MIF,ENSG00000240972.2,3.3690898977576977,4.362801756887032
top500,MLXIPL,ENSG00000009950.16,0.6520101376437132,0.36206630570763587
top500,MPC1,ENSG00000060762.20,0.2578039409590886,0.1985299984287009
top500,MPST,ENSG00000128309.18,0.6533385527404082,0.4061499570376038
top500,MRPL41,ENSG00000182154.8,1.5333352738457633,1.450038991229613
top500,MSMO1,ENSG00000052802.13,0.1425862627124564,0.18372258090837829
top500,MST1,ENSG00000173531.16,4.028478314635615,1.6850462804424229
top500,MT1A,ENSG00000205362.11,0.585746867452315,0.6274080894596328
top500,MT1E,ENSG00000169715.15,1.7236135429135295,2.0315573093144166
top500,MT1F,ENSG00000198417.7,0.8741946473735821,2.3584079923044436
top500,MT1G,ENSG00000125144.14,4.87224086622273,5.839336578959001
top500,MT1H,ENSG00000205358.4,1.1371339149245503,2.800949498731402
top500,MT1M,ENSG00000205364.4,0.6351429164439277,2.702925978541141
top500,MT1X,ENSG00000187193.9,3.251708618902891,5.494001297362284
top500,MT2A,ENSG00000125148.7,4.503110880154,4.194172666602796
top500,MYL12A,ENSG00000101608.13,0.3534478219816468,0.08807381164612477
top500,MYL12B,ENSG00000118680.14,0.2995726441896072,0.047903143921603886
top500,MYL6,ENSG00000092841.19,2.8146266889819933,1.1262876629322895
top500,NACA,ENSG00000196531.14,0.7106913612910452,0.511424206936547
top500,NDRG2,ENSG00000165795.25,0.1702805347079576,0.29372240233265406
top500,NDUFA1,ENSG00000125356.7,1.0905499821658369,0.4742933012874715
top500,NDUFA13,ENSG00000186010.19,0.2984296061700059,0.11969973859633642
top500,NDUFB1,ENSG00000183648.11,0.144034706295408,0.1961368187107008
top500,NDUFS5,ENSG00000168653.11,0.1448272523084177,0.048784383708897594
top500,NDUFV2,ENSG00000178127.13,0.1748311521112546,0.1175905421387401
top500,NHERF2,ENSG00000065054.14,0.0476986908653443,0.11811862417551751
top500,NME2,ENSG00000243678.12,0.9872625878202234,0.7135860158991314
top500,OAF,ENSG00000184232.9,0.268451844370684,0.3939600255423205
top500,ORM1,ENSG00000229314.6,14.816859709210824,4.38798576046663
top500,ORM2,ENSG00000228278.5,9.132727897257585,3.053706211000147
top500,OST4,ENSG00000228474.6,1.5047118971421416,2.4499757779183478
top500,P4HB,ENSG00000185624.16,2.3348612564691633,1.0423202277867645
top500,PAH,ENSG00000171759.10,0.5082776909777098,0.1341536412941836
top500,PARK7,ENSG00000116288.13,0.0016011367795229,0.0017091855003288
top500,PCBD1,ENSG00000166228.9,0.0801931749063319,0.27404169913213433
top500,PCBP2,ENSG00000197111.16,0.0479803218013652,0.008056993277124704
top500,PCK1,ENSG00000124253.11,6.737926035833927,5.028199689503284
top500,PCK2,ENSG00000100889.12,0.2205704484771312,0.16003231732419948
top500,PEBP1,ENSG00000089220.5,2.7946561816767144,2.343523217913092
top500,PFDN5,ENSG00000123349.15,1.1174462467374917,0.18976000233731094
top500,PFN1,ENSG00000108518.8,3.3067884646007877,0.7854707773393423
top500,PGRMC1,ENSG00000101856.10,0.7445655531483449,0.5200613771900373
top500,PHYH,ENSG00000107537.14,0.1683859464020408,0.0646686690614232
top500,PIPOX,ENSG00000179761.12,0.6165241806554583,0.42876403204433183
top500,PLA2G2A,ENSG00000188257.12,1.6955754038076505,1.9922254820282355
top500,PLG,ENSG00000122194.20,0.5322151572408552,0.185575488169253
top500,PLIN2,ENSG00000147872.10,2.330789077563017,1.4966721789375863
top500,PON1,ENSG00000005421.9,0.2502060076360711,0.5064089691739254
top500,PON3,ENSG00000105852.11,0.1261988206574353,0.32810474504761455
top500,PPIA,ENSG00000196262.15,0.4473150333747604,0.11407647568823753
top500,PPIB,ENSG00000166794.6,1.107740291186117,1.358363266200967
top500,PRDX1,ENSG00000117450.15,0.2512898413928575,0.18810418419745384
top500,PRDX3,ENSG00000165672.7,0.3997994269916023,0.2433770411887622
top500,PRDX6,ENSG00000117592.9,0.6276226724113667,0.5408829476330207
top500,PROC,ENSG00000115718.18,0.4312903831613508,0.2410053960941121
top500,PSAP,ENSG00000197746.15,0.3077182252931802,0.28569612560716245
top500,PTGR1,ENSG00000106853.20,0.2186795701509825,0.11735970787561234
top500,PTMA,ENSG00000187514.17,0.9635695002902938,0.19912634798695927
top500,PTMS,ENSG00000159335.19,0.1571318488360124,0.2408020011563915
top500,PTP4A1,ENSG00000112245.14,0.0622184493264029,0.014640727022444401
top500,RARRES2,ENSG00000106538.10,1.3191761719547868,2.4958555911527442
top500,RBP4,ENSG00000138207.15,10.010695563731844,3.441185451791375
top500,RDH16,ENSG00000139547.8,0.6363887105158526,1.0802842416455822
top500,REEP6,ENSG00000115255.12,0.3675880165194771,0.3648351923265647
top500,RGN,ENSG00000130988.13,0.2373112783017212,0.24541987856103764
top500,RHOB,ENSG00000143878.10,2.316248622487843,3.068308742466911
top500,RIDA,ENSG00000132541.11,0.231677289740983,0.38499681277449327
top500,RNASE4,ENSG00000258818.4,0.7861035048321051,0.22032702975220309
top500,RPL10,ENSG00000147403.18,3.7627958219881426,1.8663077962874284
top500,RPL10A,ENSG00000198755.11,3.24493744130394,1.4458013418703426
top500,RPL11,ENSG00000142676.14,1.3016021399364444,0.2089218753979858
top500,RPL12,ENSG00000197958.13,1.6725382543298382,1.045764701392203
top500,RPL13,ENSG00000167526.14,6.4161882039200195,2.0742362925859927
top500,RPL13A,ENSG00000142541.18,0.1298869654286715,0.022616198666143617
top500,RPL15,ENSG00000174748.22,1.203091019959606,0.09197298554612199
top500,RPL17,ENSG00000265681.8,1.948521638526464,2.719658294034666
top500,RPL18,ENSG00000063177.13,4.369585151246495,1.12516337923633
top500,RPL18A,ENSG00000105640.13,0.4554018206049043,0.15515647903485125
top500,RPL19,ENSG00000108298.12,1.0980713700618503,0.26962905631088796
top500,RPL21,ENSG00000122026.11,0.1173878954728908,0.030203855367046686
top500,RPL22,ENSG00000116251.11,0.3780488072460238,0.12290486325663863
top500,RPL23,ENSG00000125691.14,2.525341334247896,0.7653751319201678
top500,RPL23A,ENSG00000198242.14,0.3506978363988002,0.0930842735127172
top500,RPL24,ENSG00000114391.14,1.2841638978169556,0.8733543516326419
top500,RPL26,ENSG00000161970.15,1.6567653275223648,0.8594037091608873
top500,RPL27,ENSG00000131469.15,2.673719686279195,0.18450027436581573
top500,RPL27A,ENSG00000166441.13,1.566538592593563,0.24835645488381086
top500,RPL28,ENSG00000108107.15,2.061189430768834,1.0159260022742527
top500,RPL29,ENSG00000162244.12,1.997170338171926,6.6570831048360155
top500,RPL3,ENSG00000100316.16,4.9336274210228614,0.8856578606432164
top500,RPL30,ENSG00000156482.11,1.9708069088759503,2.133481648964581
top500,RPL31,ENSG00000071082.11,1.71145412277939,0.28852358375262677
top500,RPL32,ENSG00000144713.13,1.331511571612506,0.7890291749869165
top500,RPL34,ENSG00000109475.17,1.7545663056455565,1.8709691970503974
top500,RPL35,ENSG00000136942.15,1.984318660600259,2.1174512548386266
top500,RPL36,ENSG00000130255.13,0.001396577988395,0.0055338453892831005
top500,RPL36A,ENSG00000241343.10,0.2680138914417359,0.0260612364551987
top500,RPL37A,ENSG00000197756.10,2.6442606535915822,1.1446822993809
top500,RPL38,ENSG00000172809.13,0.9150490899276597,0.061915310699168336
top500,RPL39,ENSG00000198918.8,0.1049815107872215,0.10190612243819441
top500,RPL4,ENSG00000174444.15,2.6605628211865553,0.3715333824478666
top500,RPL41,ENSG00000229117.9,1.4895838336913716,0.2405812629488997
top500,RPL5,ENSG00000122406.14,1.3773517185914617,0.3486147714255974
top500,RPL6,ENSG00000089009.16,1.045833818895672,0.7920352025279536
top500,RPL7,ENSG00000147604.14,1.5015745251156696,0.30817187079725405
top500,RPL7A,ENSG00000148303.17,2.1027206005687633,0.38025184073026463
top500,RPL9,ENSG00000163682.17,1.084335765501792,0.5659351959665655
top500,RPLP0,ENSG00000089157.16,3.88250442719361,5.381429041551578
top500,RPLP1,ENSG00000137818.12,3.712007737260038,1.801472400552301
top500,RPLP2,ENSG00000177600.9,2.4062846006067815,0.3611209290773283
top500,RPS10,ENSG00000124614.17,2.2111097277831924,1.0622663724955244
top500,RPS11,ENSG00000142534.7,5.019244571791275,1.6545358549194873
top500,RPS12,ENSG00000112306.8,2.6619166594591777,1.8680735878025025
top500,RPS13,ENSG00000110700.7,1.0927799494677444,0.7777745152457322
top500,RPS14,ENSG00000164587.13,0.4622874875521988,0.563371481732374
top500,RPS15,ENSG00000115268.10,1.9640276437592856,0.21994523488411621
top500,RPS15A,ENSG00000134419.15,2.1309811274409243,1.1335921983147608
top500,RPS16,ENSG00000105193.9,1.587291753849869,2.479402981092064
top500,RPS17,ENSG00000182774.13,2.558532123931952,2.59188096821035
top500,RPS18,ENSG00000231500.7,1.4616377410632284,0.24865218108121256
top500,RPS19,ENSG00000105372.8,1.5963492349559354,0.32998623936714067
top500,RPS2,ENSG00000140988.16,2.794621271261823,2.7457380821970427
top500,RPS20,ENSG00000008988.11,4.194395158900883,1.0944311722424191
top500,RPS21,ENSG00000171858.18,1.7320341755709203,1.0966365953827766
top500,RPS23,ENSG00000186468.13,2.577682778015614,2.3523738108182584
top500,RPS24,ENSG00000138326.21,2.754501190341508,0.2835366535559083
top500,RPS25,ENSG00000118181.11,2.6884840547785225,1.8752190115490945
top500,RPS26,ENSG00000197728.11,0.095204690711275,0.01452080400154429
top500,RPS27,ENSG00000177954.14,0.9150062200571148,0.26699035594958775
top500,RPS27A,ENSG00000143947.15,0.7079103734109299,0.043848531917364486
top500,RPS29,ENSG00000213741.11,3.2379871408601755,0.49973000425761294
top500,RPS3,ENSG00000149273.15,1.5466686182718403,0.21208547373674613
top500,RPS3A,ENSG00000145425.10,1.0441744479874562,0.13890078904970515
top500,RPS4X,ENSG00000198034.11,2.1035697465856766,0.8003198088254111
top500,RPS6,ENSG00000137154.13,6.046834423206437,3.0180915458956363
top500,RPS7,ENSG00000171863.15,1.6519106691522412,0.13755757266803492
top500,RPS8,ENSG00000142937.12,1.7292287140814446,0.4849299614157554
top500,RPS9,ENSG00000170889.14,2.00523072004934,0.386986301132592
top500,RPSA,ENSG00000168028.15,0.9308869467420814,0.21034736151815647
top500,RTN4,ENSG00000115310.19,0.0769353992470421,0.056258071077711094
top500,SAA1,ENSG00000173432.13,2.824145934453332,1.9677518934281988
top500,SAA2,ENSG00000134339.9,1.49462206435136,1.0045810320488238
top500,SAA4,ENSG00000148965.10,1.9671261396585265,0.9851877634737638
top500,SAT1,ENSG00000130066.17,1.4269630273045697,0.7749588242781259
top500,SC5D,ENSG00000109929.10,0.0220810712092124,0.054648222498493895
top500,SCD,ENSG00000099194.6,1.4803036294839045,1.692840651729192
top500,SCP2,ENSG00000116171.19,0.1942127284845352,0.1915103276376972
top500,SDC1,ENSG00000115884.11,0.2158596823768942,0.13676569895187976
top500,SDC2,ENSG00000169439.12,0.7717955935588331,0.4676126622650215
top500,SDC4,ENSG00000124145.6,0.2304002446191368,0.18449521646813583
top500,SDHD,ENSG00000204370.14,0.818272635845962,0.39571299191803616
top500,SDS,ENSG00000135094.11,0.4548364233436321,0.6378623404562855
top500,SEC61B,ENSG00000106803.10,0.3284152432280531,0.17173840104416288
top500,SELENOP,ENSG00000250722.6,0.4080612682495714,0.1688606473075283
top500,SEM1,ENSG00000127922.10,0.0002798494800402,0.0160575248161366
top500,SEPHS2,ENSG00000179918.19,4.376143509656118,5.60217905353336
top500,SERF2,ENSG00000140264.22,0.0100230376167783,0.21970664437183351
top500,SERPINA1,ENSG00000197249.14,2.25631381054476,0.7937843420004373
top500,SERPINA11,ENSG00000186910.4,0.1212108383737464,0.26123214930502037
top500,SERPINA3,ENSG00000196136.18,0.7447009978183529,0.643185443492001
top500,SERPINA4,ENSG00000100665.12,0.1279766562977582,0.2853722527435718
top500,SERPINA5,ENSG00000188488.14,0.1279766562977582,0.2853722527435718
top500,SERPINA6,ENSG00000170099.6,0.2209194504921956,0.2065450910031597
top500,SERPINC1,ENSG00000117601.15,0.9036981416108122,0.5651414096231294
top500,SERPIND1,ENSG00000099937.11,0.0950273676850426,0.0777979002490989
top500,SERPINF1,ENSG00000132386.11,0.2646734253134438,0.44073845203405704
top500,SERPINF2,ENSG00000167711.14,0.4107927141690865,0.1107892014313898
top500,SERPING1,ENSG00000149131.17,0.458550878421861,0.3318861374086943
top500,SHMT1,ENSG00000176974.22,0.1561670256177243,0.07832814620821307
top500,SLC10A1,ENSG00000100652.5,0.4548419087071235,1.4969982645277837
top500,SLC13A5,ENSG00000141485.17,0.3388361346461068,0.4595628131106825
top500,SLC22A1,ENSG00000175003.15,0.4244151645766232,0.7131643041833027
top500,SLC22A7,ENSG00000137204.15,1.551203958493396,1.8633807905910316
top500,SLC25A3,ENSG00000075415.15,1.1492103014763375,0.3852063792812228
top500,SLC25A47,ENSG00000140107.12,0.2498198021136551,0.21532247371001412
top500,SLC2A2,ENSG00000163581.14,0.3908877843115852,0.0844151968510263
top500,SLC38A4,ENSG00000139209.16,0.0766948632257218,0.12598505300610688
top500,SLC39A14,ENSG00000104635.15,0.2769135656239519,0.11400677010107871
top500,SLCO1B1,ENSG00000134538.3,0.0784072616959794,0.0597838679125117
top500,SOD1,ENSG00000142168.15,0.8713922270905066,0.4503500934522331
top500,SPINK1,ENSG00000164266.11,0.2106480258788147,1.1342570444628426
top500,SPP2,ENSG00000072080.11,0.5764453670344077,0.357148765008071
top500,SQSTM1,ENSG00000161011.20,0.022159006579125,0.017717339362262302
top500,SSR4,ENSG00000180879.14,0.2568032560331726,0.09056431669339948
top500,ST6GAL1,ENSG00000073849.16,0.0667321040542346,0.043667340878495706
top500,STARD10,ENSG00000214530.10,0.740062461598142,0.13124925657420283
top500,SULT2A1,ENSG00000105398.4,0.8099088826090517,0.8276455451088888
top500,TAT,ENSG00000198650.11,2.712409452575365,1.0999033219235077
top500,TDO2,ENSG00000151790.9,0.0035744454035554,0.0552134344804352
top500,TF,ENSG00000091513.16,1.1139876654791074,0.5787086900766518
top500,THRSP,ENSG00000151365.2,0.3906539233140247,1.2051254977367922
top500,TIMP1,ENSG00000102265.12,0.2931530063649565,2.2368132745840748
top500,TM4SF4,ENSG00000169903.7,1.19142876169557,0.7800431224164254
top500,TMBIM6,ENSG00000139644.13,0.0008788854088583,0.0096776008129239
top500,TMEM123,ENSG00000152558.15,0.3527075456255786,0.29530549127837286
top500,TMEM176A,ENSG00000002933.9,1.719564809825414,1.8396838449651203
top500,TMEM176B,ENSG00000106565.19,0.8192429604117576,1.125648266452954
top500,TMEM59,ENSG00000116209.12,0.5890131061373332,0.26514195126798634
top500,TMSB10,ENSG00000034510.6,2.902393041676104,3.1644297590884127
top500,TMSB4X,ENSG00000205542.11,4.6648110544086645,1.0615881329366177
top500,TMT1A,ENSG00000185432.12,0.9950710767660113,0.5153459130387468
top500,TOMM7,ENSG00000196683.12,0.5832288827041651,0.11587834194095237
top500,TPI1,ENSG00000111669.15,1.3586450146845923,1.0571871717939738
top500,TPT1,ENSG00000133112.17,10.2178195666492,2.102120101425183
top500,TST,ENSG00000128311.14,1.4654698373352122,1.3495614817368333
top500,TTR,ENSG00000118271.12,5.0366214636906e-05,0.0002489593024329
top500,TXN,ENSG00000136810.13,0.5727871871952722,0.6449610679586919
top500,UBA52,ENSG00000221983.8,1.4168536428669078,0.10347991389730882
top500,UBB,ENSG00000170315.14,9.171175280823002,4.043343634076249
top500,UBC,ENSG00000150991.16,4.057599989476824,0.551136950905061
top500,UBL5,ENSG00000198258.11,0.8884019847327069,0.45928869263426453
top500,UGP2,ENSG00000169764.16,0.3283558464245961,0.20982714344505354
top500,UGT1A4,ENSG00000244474.6,0.1821372418227637,0.037738342717380496
top500,UGT2B4,ENSG00000156096.15,2.653908296077537,0.8134769920427622
top500,UGT2B7,ENSG00000171234.14,0.0138559150892446,0.09950495345249061
top500,UQCRQ,ENSG00000164405.11,1.670827944988251,1.7687002487364565
top500,VKORC1,ENSG00000167397.15,0.6218666953289581,1.3025236926529589
top500,VTN,ENSG00000109072.14,12.769813924454295,5.907317834924201
top500,XBP1,ENSG00000100219.17,0.8978434213248828,0.42593387830737117
top500,ZFP36,ENSG00000128016.8,0.6122745868316106,0.551659478293472
