cohort,gene_symbol,gene_id,native,log2_T_over_G
bottom500,A3GALT2,ENSG00000184389.9,0.0034449528944668,0.9439020939109904
bottom500,AADACL2,ENSG00000197953.6,0.0001538696884791,4.9100205698519614
bottom500,AADACL3,ENSG00000188984.12,3.02097908033236e-05,5.5402733688384584
bottom500,AADACL4,ENSG00000204518.3,2.5253740043015387e-05,6.4272792545412605
bottom500,AANAT,ENSG00000129673.10,0.0020044975470474,1.5329991133017737
bottom500,AARD,ENSG00000205002.4,0.0007314258454084,4.064696392604691
bottom500,ABCA12,ENSG00000144452.15,0.0001623868826805,3.649459465234895
bottom500,ABCB5,ENSG00000004846.17,1.0264010308973791e-05,4.794327951327007
bottom500,ABCC12,ENSG00000140798.17,1.881707152894097e-05,4.116858923178893
bottom500,ABCC8,ENSG00000006071.16,0.0006321522673447,3.744542699416808
bottom500,ABHD12B,ENSG00000131969.15,0.0008016090914898,3.2146056792319007
bottom500,ABRA,ENSG00000174429.4,0.0002135673287348,5.206142393878048
bottom500,ACAN,ENSG00000157766.19,0.0004132962819025,4.718272993882195
bottom500,ACCSL,ENSG00000205126.2,0.0002564602672184,4.865351755559144
bottom500,ACOD1,ENSG00000102794.11,4.040985688496787e-05,8.330080803845748
bottom500,ACP4,ENSG00000142513.6,0.0004031473345074,7.555181585811294
bottom500,ACP7,ENSG00000183760.11,3.648632666369055e-05,5.465633635111056
bottom500,ACRV1,ENSG00000134940.14,0.0003654806005908,1.371537889197813
bottom500,ACSBG2,ENSG00000130377.14,7.209388029733758e-05,3.4582226253659596
bottom500,ACSM4,ENSG00000215009.6,0.0001451702495023,3.7050261571579726
bottom500,ACSM6,ENSG00000173124.15,0.0011983571658976,3.913261896121494
bottom500,ACTBL2,ENSG00000169067.4,0.0001303717020862,4.368192759381865
bottom500,ACTL6B,ENSG00000077080.10,0.000469110637494,4.094956493158447
bottom500,ACTL7A,ENSG00000187003.7,0.0001254521939125,4.767211202587893
bottom500,ACTL7B,ENSG00000148156.8,6.24987021239941e-05,4.589157123102205
bottom500,ACTL8,ENSG00000117148.8,3.2423443231093234e-06,3.3916819677851504
bottom500,ACTL9,ENSG00000181786.6,1.5399671290580367e-05,4.422925149361392
bottom500,ACTN3,ENSG00000248746.6,0.0146174748345686,2.436395754384936
bottom500,ACTRT1,ENSG00000123165.9,2.7201805252274267e-05,2.49648736302209
bottom500,ACTRT2,ENSG00000169717.7,1.1909845882799688e-05,10.512281208019537
bottom500,ADAD1,ENSG00000164113.11,2.227445518275867e-05,3.7395929313152623
bottom500,ADAD2,ENSG00000140955.11,0.0001867638819716,4.728188292760045
bottom500,ADAM18,ENSG00000168619.16,4.046381962745774e-05,5.411915321324423
bottom500,ADAM2,ENSG00000104755.16,2.1734681111727615e-05,3.4420627555322145
bottom500,ADAM21,ENSG00000139985.8,0.034149899670025,0.8871567566534811
bottom500,ADAM29,ENSG00000168594.15,2.5877274531260595e-05,1.3676089194641508
bottom500,ADAM30,ENSG00000134249.7,9.696659889497724e-06,3.5441669144181307
bottom500,ADAM32,ENSG00000197140.15,0.008811597475298,0.5219757082470938
bottom500,ADAM7,ENSG00000069206.15,2.8374405782773756e-05,6.994758047851338
bottom500,ADAMTS18,ENSG00000140873.16,0.001776079709238,0.7402362893390229
bottom500,ADAMTS19,ENSG00000145808.10,0.0012563577513528,2.399401690751043
bottom500,ADAMTS20,ENSG00000173157.18,0.0005668311004581,3.9859561077084864
bottom500,ADAMTS6,ENSG00000049192.15,0.0062223862975039,1.029212761957627
bottom500,ADAMTS8,ENSG00000134917.10,0.0031499203782096,3.6146899887140447
bottom500,ADARB2,ENSG00000185736.16,0.0005590260564758,2.357749267194116
bottom500,ADCY2,ENSG00000078295.17,0.0008843548109876,2.582720455642238
bottom500,ADCY8,ENSG00000155897.10,0.0008423946767432,2.9005857227787137
bottom500,ADGB,ENSG00000118492.19,5.660918206060284e-05,3.6835530241291017
bottom500,ADGRB2,ENSG00000121753.13,0.0003303365545561,1.7782993351388372
bottom500,ADGRD2,ENSG00000180264.12,0.0001301439906227,4.479999805996099
bottom500,ADGRF1,ENSG00000153292.16,0.0001952604651463,3.0900867218634063
bottom500,ADGRF4,ENSG00000153294.12,3.7128851097007304e-05,2.23128920952668
bottom500,ADGRG4,ENSG00000156920.11,6.627621415310091e-06,2.074470410724383
bottom500,ADIG,ENSG00000182035.13,0.0004290849789617,1.5862953864964098
bottom500,ADRB3,ENSG00000188778.6,0.0009233905236023,3.95512299232313
bottom500,AGBL1,ENSG00000273540.5,0.0002955674211412,2.2865083176537238
bottom500,AGTR2,ENSG00000180772.8,0.0043773143629446,3.2722393561906697
bottom500,AICDA,ENSG00000111732.12,0.0001144074620499,4.013479270756009
bottom500,AIPL1,ENSG00000129221.16,1.7239785240160037e-05,3.857103712943778
bottom500,AIRE,ENSG00000160224.17,0.000272113832334,5.711486338940264
bottom500,AKAP4,ENSG00000147081.15,4.1551576640926566e-05,3.3709257638060923
bottom500,AKNAD1,ENSG00000162641.20,2.3576759669276343e-05,3.8001182148672097
bottom500,ALG1L2,ENSG00000251287.9,3.832765839144179e-05,3.1686320492171434
bottom500,ALK,ENSG00000171094.18,0.0005276666043709,1.195215249737319
bottom500,ALOX12B,ENSG00000179477.11,1.6225726231218613e-05,5.371002701178167
bottom500,ALOXE3,ENSG00000179148.11,0.0006915796874397,2.9444106217048045
bottom500,ALPG,ENSG00000163286.9,5.0087770859181e-05,6.148861632550286
bottom500,ALPI,ENSG00000163295.5,0.0023924781587296,5.7563477554790845
bottom500,ALPP,ENSG00000163283.7,0.0001370021394468,5.145456735848441
bottom500,ALX1,ENSG00000180318.4,0.0001833188462895,4.140248832257067
bottom500,ALX4,ENSG00000052850.8,8.337262575314819e-05,3.0467628748810096
bottom500,AMBN,ENSG00000178522.15,0.0001101117515332,2.9912714603346946
bottom500,AMELX,ENSG00000125363.14,0.0002096532396308,3.625630848073057
bottom500,AMELY,ENSG00000099721.16,0.0357516136162878,0.7832524571028228
bottom500,AMER2,ENSG00000165566.13,0.000393229422576,3.3128342074648254
bottom500,AMER3,ENSG00000178171.12,2.7386842474451883e-05,4.057015754318958
bottom500,AMTN,ENSG00000187689.10,2.862355057458937e-05,4.649118029249494
bottom500,AMY1A,ENSG00000237763.10,1.4264253094217572e-05,6.405678113828118
bottom500,AMY1B,ENSG00000174876.17,1.0294512849688123e-05,6.220191281024796
bottom500,AMY1C,ENSG00000187733.7,6.970678873023103e-07,3.8670044387882863
bottom500,AMY2A,ENSG00000243480.8,0.000423627018025,8.057321869108009
bottom500,ANGPTL5,ENSG00000187151.7,0.002713249303884,1.1872542772906483
bottom500,ANKFN1,ENSG00000153930.13,0.0001178086229183,3.2883109432662136
bottom500,ANKRD30A,ENSG00000148513.20,3.7118939646063255e-05,3.5258177468576064
bottom500,ANKRD30B,ENSG00000180777.15,6.131939686189877e-05,3.7426412496746124
bottom500,ANKRD30BL,ENSG00000163046.16,0.000257735660868,1.4627985662742586
bottom500,ANKRD31,ENSG00000145700.10,0.0011019554342365,2.0684970438167665
bottom500,ANKRD34B,ENSG00000189127.8,0.0001726317458842,5.135016880196979
bottom500,ANKRD34C,ENSG00000235711.5,1.984025837188908e-05,5.424219057019425
bottom500,ANKRD45,ENSG00000183831.7,0.0003369814215585,2.9507534301029716
bottom500,ANKRD60,ENSG00000124227.6,0.014290966099534,0.6357672728778292
bottom500,ANKRD62,ENSG00000181626.12,0.0001413179348091,5.155682412939143
bottom500,ANKRD63,ENSG00000230778.2,0.0006637327198603,3.729831831549098
bottom500,ANKRD66,ENSG00000230062.7,0.0001283694934812,2.995175039379226
bottom500,ANKUB1,ENSG00000206199.11,4.4720557188620016e-05,4.156596728017322
bottom500,ANO2,ENSG00000047617.18,0.0037666168409934,2.006455156335624
bottom500,ANO4,ENSG00000151572.18,0.0001038399870537,4.544543569600653
bottom500,ANP32D,ENSG00000139223.4,0.0002698970195562,0.7808042539994545
bottom500,ANTXRL,ENSG00000274209.6,0.0005135110176812,2.100791784666322
bottom500,APC2,ENSG00000115266.12,5.742859932811489e-05,2.944731452820535
bottom500,APCDD1L,ENSG00000198768.11,0.0003821897343493,3.5107775436993625
bottom500,APELA,ENSG00000248329.6,0.001151049091944,3.703237689248874
bottom500,APOBEC1,ENSG00000111701.7,8.16765022130844e-05,2.4028458377944495
bottom500,APOBEC4,ENSG00000173627.8,0.0007589868033829,0.9696674051133849
bottom500,AQP10,ENSG00000143595.13,0.0082468303650818,3.498215733283146
bottom500,AQP12A,ENSG00000184945.15,0.0005602654462892,5.3052014179752955
bottom500,AQP12B,ENSG00000185176.13,0.0003566473665351,2.772894628301612
bottom500,ARHGAP36,ENSG00000147256.12,0.0001596827414574,3.549552990108443
bottom500,ARHGAP40,ENSG00000124143.11,0.0004864789619712,3.0900833914380836
bottom500,ARL13A,ENSG00000174225.15,0.0002580216876205,0.6507924515027831
bottom500,ARL14EPL,ENSG00000268223.7,0.0004778196380132,1.8313942194119888
bottom500,ARL5C,ENSG00000141748.13,0.0003622212751149,4.090463310378542
bottom500,ARMC3,ENSG00000165309.14,7.671123330336178e-05,2.7792140818086053
bottom500,ARMH2,ENSG00000260286.4,0.0009523715436245,3.0286438039212418
bottom500,ARR3,ENSG00000120500.19,0.0002728415910555,4.190146927579104
bottom500,ARSH,ENSG00000205667.3,2.306543837940704e-05,2.698075078591116
bottom500,ART1,ENSG00000129744.3,0.000262231198309,3.332149170184771
bottom500,ARX,ENSG00000004848.8,5.006060279836896e-05,3.4318001737231993
bottom500,ASB10,ENSG00000146926.11,0.0001106651234584,3.346992173879109
bottom500,ASB11,ENSG00000165192.14,0.0005109433360484,2.7989758908317133
bottom500,ASB15,ENSG00000146809.14,9.695625346283395e-06,1.4748070204612942
bottom500,ASB17,ENSG00000154007.7,6.264028876757936e-05,1.2618635646693104
bottom500,ASB18,ENSG00000182177.15,8.493067208954683e-05,4.962300279328967
bottom500,ASB5,ENSG00000164122.9,0.000277881095988,5.159176470802935
bottom500,ASCL3,ENSG00000176009.4,7.99410163860892e-05,5.0990607319626395
bottom500,ASCL4,ENSG00000187855.6,4.691305904894181e-05,7.734493947981511
bottom500,ASCL5,ENSG00000232237.5,1.2300382385821502e-05,4.211663771780204
bottom500,ASIC2,ENSG00000108684.15,0.0006743700626908,1.8602872421536014
bottom500,ASIC4,ENSG00000072182.14,0.0168494446210716,2.290299463370495
bottom500,ASIC5,ENSG00000256394.3,0.0046489876125848,2.0965523508179995
bottom500,ASZ1,ENSG00000154438.8,2.0793297258300757e-05,3.624917521706957
bottom500,ATCAY,ENSG00000167654.18,3.185731013333651e-05,4.084347628580192
bottom500,ATOH1,ENSG00000172238.6,0.0002072295923917,4.297471432200263
bottom500,ATP10B,ENSG00000118322.14,0.000910175773518,2.5301687643420365
bottom500,ATP12A,ENSG00000075673.12,0.0002244488164437,5.708420712876548
bottom500,ATP13A5,ENSG00000187527.12,2.365715762610079e-05,6.2959080000010585
bottom500,ATP1A4,ENSG00000132681.17,7.17210568952064e-06,6.463960668708821
bottom500,ATP2B3,ENSG00000067842.19,0.0003190925881753,2.8975581477432173
bottom500,ATP5MGL,ENSG00000249222.1,0.0134638710378716,0.4549200190929687
bottom500,ATP6V0A4,ENSG00000105929.16,0.000195458623286,3.3117597109076407
bottom500,ATP6V1G3,ENSG00000151418.12,5.432340611862677e-05,3.7837847040787214
bottom500,ATP8A2,ENSG00000132932.19,0.0001583814110286,3.9471751677376457
bottom500,ATXN3L,ENSG00000123594.7,6.234031929444802e-06,2.7165411032780833
bottom500,AVPR1B,ENSG00000198049.7,0.0008894196713575,3.5026841653997547
bottom500,AVPR2,ENSG00000126895.16,0.0040620610946271,4.356963286400067
bottom500,AWAT1,ENSG00000204195.4,0.0026799883930263,2.9817851159366895
bottom500,AWAT2,ENSG00000147160.9,0.0001588660768212,5.732502842356098
bottom500,AXDND1,ENSG00000162779.22,0.0005357659255118,0.8388774142008244
bottom500,B3GALT1,ENSG00000172318.6,0.0011016142262529,2.5269721485164673
bottom500,B3GALT5,ENSG00000183778.19,5.258642908523997e-05,2.234766359783021
bottom500,B3GNT6,ENSG00000198488.10,9.345524385769336e-05,3.83931784835331
bottom500,BANF2,ENSG00000125888.15,7.37977235029511e-05,3.303090051199857
bottom500,BARHL1,ENSG00000125492.11,2.004276183007469e-05,2.07098566970216
bottom500,BARHL2,ENSG00000143032.8,2.625853470054496e-05,3.8665924088304573
bottom500,BARX2,ENSG00000043039.7,0.0007370948880888,2.6030796150283657
bottom500,BCAN,ENSG00000132692.19,0.0016920116116213,2.750569032118048
bottom500,BECN2,ENSG00000196289.7,0.000101458483325,6.149909173458819
bottom500,BEND2,ENSG00000177324.14,1.1658675522092457e-06,5.542748759179785
bottom500,BFSP2,ENSG00000170819.5,4.53087289055767e-05,7.003552259372655
bottom500,BHLHE23,ENSG00000125533.6,0.0001289476529179,5.8561653529409305
bottom500,BLACAT1,ENSG00000281406.2,7.516524861462363e-05,2.7543416015034228
bottom500,BLID,ENSG00000259571.2,0.003827285922528,0.5491851136397704
bottom500,BMP15,ENSG00000130385.6,3.93220215649751e-06,5.861263940874044
bottom500,BMP3,ENSG00000152785.8,0.0044491272629186,2.9963602709996158
bottom500,BMP7,ENSG00000101144.13,0.0031357566702443,2.135787223948939
bottom500,BNC1,ENSG00000169594.14,0.0003577651807329,3.0895496389150803
bottom500,BNIP5,ENSG00000189325.7,0.0002320542347918,5.084897538963291
bottom500,BOD1L2,ENSG00000228075.5,0.0001785034084284,4.582456348488158
bottom500,BOLL,ENSG00000152430.19,0.0001259244681354,3.5149752162541548
bottom500,BPIFA1,ENSG00000198183.13,0.0002824001184622,7.747146000379473
bottom500,BPIFA2,ENSG00000131050.11,0.0002906082431882,4.553799795249742
bottom500,BPIFA3,ENSG00000131059.12,6.1300364144889455e-06,8.720025969757568
bottom500,BPIFB3,ENSG00000186190.8,8.441266557368564e-06,6.11276367963409
bottom500,BPIFB4,ENSG00000186191.9,1.3211553187446972e-05,6.626386612400758
bottom500,BPIFB6,ENSG00000167104.11,0.000321147319556,4.450606140281052
bottom500,BPIFC,ENSG00000184459.10,7.579533804296805e-06,5.943723334240102
bottom500,BPY2,ENSG00000183753.10,2.261554808514541e-05,1.7427522192642686
bottom500,BPY2B,ENSG00000183795.8,1.920291494898107e-05,1.7522123405807908
bottom500,BPY2C,ENSG00000185894.8,2.2171112231331093e-05,1.3729839323714839
bottom500,BRINP3,ENSG00000162670.11,0.0003049995281229,2.627414955936706
bottom500,BRS3,ENSG00000102239.5,1.7816488209984298e-05,8.603864111393952
bottom500,BSND,ENSG00000162399.9,0.0003309974780998,4.85643029024063
bottom500,BSPH1,ENSG00000188334.3,4.4350742295245985e-06,7.007834237933021
bottom500,BSX,ENSG00000188909.5,3.112311488014181e-06,6.444384407509362
bottom500,BTBD17,ENSG00000204347.4,0.0001139599219427,6.4176611661836525
bottom500,BTBD18,ENSG00000233436.8,0.0013627371561683,0.5872141143823033
bottom500,BTG4,ENSG00000137707.14,2.4254591497073155e-05,2.3955570120528047
bottom500,BTN1A1,ENSG00000124557.14,0.0010337052388333,3.4236219261224585
bottom500,BTNL2,ENSG00000204290.11,0.0001544092661498,3.507050144458415
bottom500,C10ORF120,ENSG00000183559.12,2.3114818998632716e-05,5.46558984927623
bottom500,C10ORF53,ENSG00000178645.14,1.6059464520372783e-05,4.717732909624353
bottom500,C10ORF71,ENSG00000177354.12,0.0011449461180717,3.5470775376187316
bottom500,C11ORF16,ENSG00000176029.14,9.073225259057736e-05,4.362928257900798
bottom500,C11ORF87,ENSG00000185742.7,0.0002053041735172,4.40827325741655
bottom500,C12ORF42,ENSG00000179088.16,4.095146448813031e-05,2.7152381525198908
bottom500,C12ORF50,ENSG00000165805.10,3.882815133119788e-05,3.000736821319262
bottom500,C12ORF54,ENSG00000177627.11,0.0001672823722289,1.2628347709067336
bottom500,C12ORF56,ENSG00000185306.13,0.0003384338826993,3.685806911638076
bottom500,C13ORF42,ENSG00000226792.8,0.0001361744176827,5.3063555839499825
bottom500,C14ORF39,ENSG00000179008.9,0.0001190972366174,3.938488438361044
bottom500,C16ORF78,ENSG00000166152.4,1.0403101120274792e-05,10.18119199935122
bottom500,C16ORF82,ENSG00000234186.5,8.503551838780943e-06,4.934856592136233
bottom500,C16ORF90,ENSG00000215131.11,0.000112080513763,2.7901767962939887
bottom500,C16ORF92,ENSG00000167194.8,5.546533882057434e-05,3.5405761366554844
bottom500,C17ORF50,ENSG00000270806.2,5.836885525353608e-05,1.7327159898743143
bottom500,C17ORF78,ENSG00000278505.5,0.0003622170057578,3.2594088512791037
bottom500,C17ORF99,ENSG00000187997.12,0.1411893445643685,3.788291653836202
bottom500,C18ORF63,ENSG00000206043.7,1.3060340556806997e-05,3.6068069815087798
bottom500,C19ORF67,ENSG00000188032.10,0.001489025194362,1.8448086139619144
bottom500,C19ORF81,ENSG00000235034.7,8.163359906922615e-06,3.7498938232869454
bottom500,C19ORF84,ENSG00000262874.2,0.0009110456082993,3.177997499132628
bottom500,C19ORF85,ENSG00000283567.2,0.0002671773096581,3.803036658912416
bottom500,C1ORF141,ENSG00000203963.12,0.0001088488940669,2.1068973626817025
bottom500,C1ORF146,ENSG00000203910.9,1.1333401374199673e-05,4.044707281640867
bottom500,C1ORF185,ENSG00000204006.11,3.382365404659486e-05,2.098816160851321
bottom500,C1ORF232,ENSG00000282872.2,0.1537926091202609,0.5955353629058557
bottom500,C1ORF87,ENSG00000162598.13,0.0001478023564974,4.316078437772817
bottom500,C1ORF94,ENSG00000142698.15,2.093731644431085e-05,2.938421143049735
bottom500,C1QL2,ENSG00000144119.4,7.048188413489533e-05,6.352611878300495
bottom500,C1QL4,ENSG00000186897.5,0.0003825093027003,5.504466445135423
bottom500,C1QTNF8,ENSG00000184471.10,0.0001365316020422,2.604042799823473
bottom500,C20ORF141,ENSG00000258713.3,7.592280020216195e-05,5.666729698241173
bottom500,C20ORF144,ENSG00000149609.6,0.0086814135457042,0.7156396425800656
bottom500,C20ORF173,ENSG00000125975.14,1.0962402375897676e-05,6.133192557325955
bottom500,C22ORF15,ENSG00000169314.15,0.0091147197039851,1.7347958713579648
bottom500,C22ORF31,ENSG00000100249.5,0.0003866701138811,1.211574538381042
bottom500,C22ORF42,ENSG00000205856.4,2.133668510758965e-05,2.45159557843908
bottom500,C2CD6,ENSG00000155754.15,0.01150317117083,1.2668855994972512
bottom500,C2ORF73,ENSG00000177994.16,0.0001828934595923,1.5529262583708219
bottom500,C2ORF78,ENSG00000187833.8,1.581381204757862e-06,3.789767625166193
bottom500,C3ORF22,ENSG00000180697.9,7.273772842998973e-05,1.4650021038348537
bottom500,C3ORF84,ENSG00000236980.10,9.883827071130712e-06,2.1232478181269556
bottom500,C4ORF17,ENSG00000138813.10,3.623551846054567e-05,2.7474326978850008
bottom500,C4ORF36,ENSG00000163633.12,0.0018939352258735,1.7318829646809708
bottom500,C4ORF50,ENSG00000181215.17,0.0003126761736383,4.368380338799869
bottom500,C4ORF51,ENSG00000237136.8,2.70815083455719e-05,1.8645798749421956
bottom500,C4ORF54,ENSG00000248713.2,5.155891343910257e-05,3.0103812988761454
bottom500,C5ORF47,ENSG00000185056.10,3.7392131024978584e-05,3.0409416605724897
bottom500,C5ORF52,ENSG00000187658.7,0.0004785804211904,1.830971795651342
bottom500,C6ORF118,ENSG00000112539.15,2.6356957399351197e-05,4.0519085066166705
bottom500,C6ORF15,ENSG00000204542.3,4.5363624932234026e-05,7.224480253350545
bottom500,C7ORF33,ENSG00000170279.3,6.472658257958472e-06,5.716132819890433
bottom500,C7ORF57,ENSG00000164746.14,0.0001302239686884,4.2424818398964765
bottom500,C8ORF74,ENSG00000171060.11,5.842745722128192e-06,3.2133150869427665
bottom500,C8ORF89,ENSG00000274443.5,0.0001195228690351,3.4285866301167087
bottom500,C8ORF90,ENSG00000226490.2,2.5039985819398427e-06,5.897387917656003
bottom500,C9ORF50,ENSG00000179058.8,0.0008391032966387,2.753665192641779
bottom500,C9ORF57,ENSG00000204669.11,6.522725680058552e-05,1.1858814885332147
bottom500,CA10,ENSG00000154975.14,0.0001763815510595,3.132570813208075
bottom500,CA7,ENSG00000168748.14,0.000161586412848,3.784443966957788
bottom500,CA8,ENSG00000178538.10,0.0593924238923404,2.4891671800586437
bottom500,CABP2,ENSG00000167791.14,0.0004014646799936,2.3231778170483994
bottom500,CABP5,ENSG00000105507.3,2.792294547712863e-05,5.198967578494168
bottom500,CABS1,ENSG00000145309.6,3.643260790309955e-05,3.190561373658459
bottom500,CACNA1E,ENSG00000198216.14,9.30224469028234e-05,4.155935794835263
bottom500,CACNA1F,ENSG00000102001.13,0.0013874712687457,4.582057329464567
bottom500,CACNA1G,ENSG00000006283.18,0.0005148279153341,2.9604802437022393
bottom500,CACNA1I,ENSG00000100346.18,5.495608251664087e-05,4.471272040449462
bottom500,CACNA1S,ENSG00000081248.13,8.973667620642568e-05,4.275841828459302
bottom500,CACNA2D3,ENSG00000157445.16,0.0009189305427739,3.2267563751729327
bottom500,CACNA2D4,ENSG00000151062.15,0.0013417845506087,2.0825271034133848
bottom500,CACNG1,ENSG00000108878.5,0.0001031900962064,4.442361640685445
bottom500,CACNG2,ENSG00000166862.7,2.2621323853412412e-05,4.24611909966754
bottom500,CACNG3,ENSG00000006116.4,6.39173448683855e-05,5.014469189443938
bottom500,CACNG4,ENSG00000075461.6,0.0002739332435758,4.05145433567299
bottom500,CACNG5,ENSG00000075429.9,4.0210358435087285e-05,6.658982264145473
bottom500,CACNG6,ENSG00000130433.8,0.0007773717949495,5.857460429872531
bottom500,CACNG7,ENSG00000105605.8,9.712226066428314e-05,4.178622578784568
bottom500,CACNG8,ENSG00000142408.7,2.979471424924593e-05,5.285399231536189
bottom500,CAGE1,ENSG00000164304.16,0.0165676122768257,0.6802428066576712
bottom500,CALCR,ENSG00000004948.16,0.0007543419489714,3.654217886599942
bottom500,CALHM1,ENSG00000185933.7,0.0002440558771383,4.62638225663447
bottom500,CALHM3,ENSG00000183128.7,2.361506191168037e-05,5.216764948833652
bottom500,CALHM4,ENSG00000164451.14,2.0801300719537267e-05,2.747007210115083
bottom500,CALR3,ENSG00000269058.6,0.0009280044880015,2.36818455157545
bottom500,CAMKV,ENSG00000164076.17,6.204009638546173e-05,5.423971342976121
bottom500,CAPN11,ENSG00000137225.13,0.0001298101839412,2.8061656238155326
bottom500,CAPN14,ENSG00000214711.10,0.0002638223345683,3.4673872929887946
bottom500,CAPN9,ENSG00000135773.13,0.0003171904376229,3.33462483383083
bottom500,CAPSL,ENSG00000152611.12,4.204249798278258e-05,4.587450616006923
bottom500,CARD18,ENSG00000255501.3,0.0001200011628057,4.079558222221466
bottom500,CARTPT,ENSG00000164326.5,0.0006205886774265,4.828940257402509
bottom500,CASKIN1,ENSG00000167971.16,0.0002931039815759,2.3739012331368747
bottom500,CATIP,ENSG00000158428.4,0.0005547986450452,4.772315465822504
bottom500,CATSPER1,ENSG00000175294.6,1.5982498168967968e-05,3.8596677240051704
bottom500,CATSPER4,ENSG00000188782.9,0.0182076911364778,1.7846215459519337
bottom500,CATSPERD,ENSG00000174898.16,0.0163218807669606,0.5807621541034079
bottom500,CAV3,ENSG00000182533.7,8.256121873849383e-05,4.605954060805244
bottom500,CBLL2,ENSG00000175809.6,5.192971436627595e-05,2.301729823554537
bottom500,CBY2,ENSG00000174015.10,4.141541637215209e-05,3.7113871243062646
bottom500,CBY3,ENSG00000204659.5,0.0070846534258006,1.8043645405661706
bottom500,CCDC160,ENSG00000203952.10,0.0002817956190332,2.917733013011714
bottom500,CCDC166,ENSG00000255181.3,5.704210935349684e-05,6.071985593780096
bottom500,CCDC168,ENSG00000175820.4,0.0002574226912887,2.630123564476434
bottom500,CCDC169-SOHLH2,ENSG00000250709.1,0.0024797255264106,3.3652189298242776
bottom500,CCDC172,ENSG00000182645.6,1.9663410608259516e-05,6.560891778002799
bottom500,CCDC175,ENSG00000151838.12,0.0001266250617143,3.240720446549729
bottom500,CCDC179,ENSG00000255359.3,0.0010328221318033,1.0238341877847181
bottom500,CCDC182,ENSG00000166329.3,5.5062807962952635e-05,4.766437787770732
bottom500,CCDC185,ENSG00000178395.7,0.0001137524368049,3.733251850384409
bottom500,CCDC187,ENSG00000260220.7,0.0002041593865116,3.749902906741154
bottom500,CCDC190,ENSG00000185860.14,8.760413487358737e-05,4.351915302070418
bottom500,CCDC192,ENSG00000230561.7,2.2134449561690228e-05,2.769444884559861
bottom500,CCDC195,ENSG00000283428.1,7.590208444334669e-05,2.844093693094283
bottom500,CCDC196,ENSG00000196553.15,0.0024699341640153,2.8055071163787
bottom500,CCDC197,ENSG00000175699.15,2.378110454667336e-05,3.6502691004382544
bottom500,CCDC201,ENSG00000283247.2,2.6609363635075663e-05,3.3136725169128853
bottom500,CCDC27,ENSG00000162592.10,2.959675645876415e-05,3.9664203591456277
bottom500,CCDC33,ENSG00000140481.15,0.0001976107507335,3.798658039426853
bottom500,CCDC54,ENSG00000138483.3,0.0003491222903741,1.405552217130971
bottom500,CCDC60,ENSG00000183273.7,0.0003566210442772,5.515578831679658
bottom500,CCDC63,ENSG00000173093.13,3.2774140329127274e-05,5.120551391291368
bottom500,CCDC70,ENSG00000123171.8,0.0001093783159426,3.3400195471029477
bottom500,CCDC83,ENSG00000150676.13,0.0003684590258946,1.8075753018755512
bottom500,CCDC92B,ENSG00000277200.2,2.3908136695135583e-05,2.170058237865251
bottom500,CCER1,ENSG00000197651.4,6.7047652896544265e-06,3.367419783784853
bottom500,CCIN,ENSG00000185972.6,0.0003227929388454,4.491688691455041
bottom500,CCKAR,ENSG00000163394.6,0.000136467689662,4.343130188418088
bottom500,CCKBR,ENSG00000110148.10,0.0004729911176614,4.462788374159132
bottom500,CCL1,ENSG00000108702.4,0.0008933619490307,2.577593717576104
bottom500,CCN6,ENSG00000112761.22,5.3543510325305775e-05,3.985347590353441
bottom500,CCNI2,ENSG00000205089.8,0.0014274758368729,4.245918694033891
bottom500,CCR8,ENSG00000179934.7,0.0002648875558095,1.5948561204409666
bottom500,CCT8L2,ENSG00000198445.4,3.494000267031034e-05,2.4838885657769323
bottom500,CD200R1L,ENSG00000206531.12,6.465956142627986e-06,3.647911023662908
bottom500,CD300LD,ENSG00000204345.1,3.067453608405964e-05,6.164080590699561
bottom500,CD8B2,ENSG00000254126.8,0.0001834027315838,3.5052825179964793
bottom500,CDC20B,ENSG00000164287.13,0.0001581347234989,5.1553290816487385
bottom500,CDCP2,ENSG00000157211.12,0.0002502534330719,3.617812000494279
bottom500,CDH10,ENSG00000040731.10,0.0002919857054831,3.0841202341631484
bottom500,CDH12,ENSG00000154162.15,0.0002589249498254,2.267778531456912
bottom500,CDH18,ENSG00000145526.12,8.54988124956814e-05,2.513767742162448
bottom500,CDH20,ENSG00000101542.10,0.0002994485936215,3.2507005228723758
bottom500,CDH22,ENSG00000149654.11,4.367430068151233e-05,4.671696991646985
bottom500,CDH3,ENSG00000062038.15,0.0010591608196022,2.372866712184111
bottom500,CDH7,ENSG00000081138.14,0.000409849746196,2.8853303968915456
bottom500,CDH8,ENSG00000150394.14,0.0005245227920296,2.923121568309989
bottom500,CDK15,ENSG00000138395.17,2.522168385288107e-05,3.8226583493602453
bottom500,CDK5R2,ENSG00000171450.6,0.0002851132590174,7.088728527844957
bottom500,CDKL2,ENSG00000138769.11,0.002364514494872,3.6770038693027756
bottom500,CDKL4,ENSG00000205111.10,0.0038927869690782,2.3118128534790934
bottom500,CDRT15L2,ENSG00000214819.2,3.871574088847907e-06,10.46343841641812
bottom500,CDX1,ENSG00000113722.18,0.00014973876196,4.378630140384465
bottom500,CDX2,ENSG00000165556.10,0.000254358726646,3.0722561270266833
bottom500,CDX4,ENSG00000131264.4,6.095642581803049e-05,6.749123006400625
bottom500,CDY1,ENSG00000172288.8,2.779748607270148e-05,1.337300882632292
bottom500,CDY1B,ENSG00000172352.5,3.1464547508559224e-05,2.2977178756210392
bottom500,CDY2A,ENSG00000182415.11,3.200136756676987e-05,1.1758607139059145
bottom500,CDY2B,ENSG00000129873.8,2.9061021857285792e-05,1.426180108783082
bottom500,CEACAM16,ENSG00000213892.12,0.0016001359076437,1.6884843367591051
bottom500,CEACAM18,ENSG00000213822.7,0.0017695198089131,3.53012298737127
bottom500,CELA1,ENSG00000139610.2,2.4666556480269587e-05,3.728762141187581
bottom500,CELF3,ENSG00000159409.15,0.0003402896966755,3.2339244169862895
bottom500,CENPVL1,ENSG00000223591.5,2.751647769540609e-06,3.8466828033943594
bottom500,CENPVL2,ENSG00000283093.1,1.4720094487745145e-06,4.189501943213699
bottom500,CENPVL3,ENSG00000224109.4,0.0005010045018211,3.0802407525529034
bottom500,CEP295NL,ENSG00000178404.11,0.0093910920166089,0.431580264156218
bottom500,CER1,ENSG00000147869.5,0.0002181882217636,6.871505616375428
bottom500,CERS3,ENSG00000154227.14,0.0002095546206163,4.415490209847237
bottom500,CETN1,ENSG00000177143.5,2.5325313556232047e-05,5.378449776495399
bottom500,CFAP100,ENSG00000163885.12,4.4226240526379216e-05,4.755487661040855
bottom500,CFAP107,ENSG00000157330.10,5.127934534619432e-05,5.091584597738169
bottom500,CFAP276,ENSG00000179902.13,0.0003685625072152,3.0843279632158205
bottom500,CFAP299,ENSG00000197826.13,0.0002485932760566,3.00957640558114
bottom500,CFAP61,ENSG00000089101.19,0.0172742171064192,2.181844116622448
bottom500,CFAP65,ENSG00000181378.14,0.0001215509034331,4.104769293546209
bottom500,CFAP77,ENSG00000188523.9,0.0002013413098849,5.06163310214879
bottom500,CFAP95,ENSG00000204711.9,0.0001358617758057,6.287500435365152
bottom500,CFAP97D1,ENSG00000231256.8,0.0224070111622485,0.9052519005738515
bottom500,CFC1,ENSG00000136698.10,0.0001456262998479,3.305059075471397
bottom500,CFC1B,ENSG00000152093.8,0.0001185136466576,5.610178852402176
bottom500,CGB1,ENSG00000267631.5,2.28437789164177e-06,8.28477485570498
bottom500,CGB2,ENSG00000104818.15,9.058327563147246e-06,4.792291711906415
bottom500,CGB3,ENSG00000104827.12,3.1406556878859334e-05,7.96659492810731
bottom500,CGB5,ENSG00000189052.7,7.757556020004294e-06,10.359508690164438
bottom500,CGB7,ENSG00000196337.14,0.0002404585049905,4.172317935949536
bottom500,CGB8,ENSG00000213030.6,1.2842629357621734e-06,8.572892355747879
bottom500,CHAT,ENSG00000070748.19,6.256274380690504e-05,5.898136005004636
bottom500,CHCT1,ENSG00000141371.13,0.0015018223222718,1.3882971431865911
bottom500,CHODL,ENSG00000154645.14,0.0003345061578045,2.5926635464414014
bottom500,CHRFAM7A,ENSG00000166664.15,0.0002302153123365,3.375976873786833
bottom500,CHRM1,ENSG00000168539.4,3.607826758887829e-05,3.700076426125997
bottom500,CHRM4,ENSG00000180720.8,0.0001284357700051,3.067553617715567
bottom500,CHRNA2,ENSG00000120903.13,0.0004829032105919,3.0214752495406576
bottom500,CHRNA3,ENSG00000080644.16,0.0003311915724593,4.488012839710259
bottom500,CHRNA6,ENSG00000147434.9,0.0001944653244839,3.399500591326978
bottom500,CHRNA7,ENSG00000175344.19,4.898388283085914e-06,5.437765014014402
bottom500,CHRNA9,ENSG00000174343.6,0.0001371416725645,3.250103237954362
bottom500,CHRNB2,ENSG00000160716.6,0.0001309947380146,4.94492099536154
bottom500,CHRNB3,ENSG00000147432.7,2.728486428193864e-05,5.553187489489291
bottom500,CHRNB4,ENSG00000117971.12,0.0001420673321382,2.842380497140438
bottom500,CHRND,ENSG00000135902.10,0.000195191067493,4.982731041695308
bottom500,CHRNG,ENSG00000196811.13,0.0008419188355795,5.577979632644783
bottom500,CHST6,ENSG00000183196.10,0.0011106488398638,2.3623202212483125
bottom500,CIB3,ENSG00000141977.9,2.805968318930241e-05,2.052218755523188
bottom500,CIB4,ENSG00000157884.11,6.376043375478152e-05,5.612717082477682
bottom500,CIBAR2,ENSG00000153789.14,9.38191186066549e-05,3.7896709691062322
bottom500,CIMIP1,ENSG00000124237.6,1.0912899167837824e-05,4.6017330443424855
bottom500,CIROP,ENSG00000283654.3,0.0003043556933393,3.9411905869782666
bottom500,CLCA1,ENSG00000016490.16,0.0006763174941189,4.074412758828724
bottom500,CLCA2,ENSG00000137975.8,0.0001843572694472,4.546777069732027
bottom500,CLCN1,ENSG00000188037.14,0.0001579371064703,4.8635541748445315
bottom500,CLCNKB,ENSG00000184908.20,4.345889801553197e-05,2.054517087066527
bottom500,CLDN17,ENSG00000156282.5,1.735777770202676e-05,5.179478230564905
bottom500,CLDN19,ENSG00000164007.11,0.0122436983141446,4.849738448175876
bottom500,CLDN24,ENSG00000185758.9,0.0043443567026041,0.7270708454191477
bottom500,CLDN25,ENSG00000228607.3,8.922337909489573e-06,4.469589604473838
bottom500,CLDN6,ENSG00000184697.7,0.000343673896424,3.9159443982752755
bottom500,CLDN8,ENSG00000156284.6,0.0007674639033871,4.085269219790576
bottom500,CLEC18C,ENSG00000157335.21,0.0002702398676157,3.5918753493029394
bottom500,CLEC19A,ENSG00000261210.8,5.745328039472166e-05,4.748687065898818
bottom500,CLEC20A,ENSG00000188585.10,6.198990675103592e-06,3.252989252686382
bottom500,CLEC2A,ENSG00000188393.9,0.0001445667071609,4.24471064904911
bottom500,CLEC2L,ENSG00000236279.7,7.144591141339119e-05,4.463116528192107
bottom500,CLEC3A,ENSG00000166509.12,2.7100297143724893e-05,8.049376673415937
bottom500,CLEC6A,ENSG00000205846.4,0.0001750896541825,4.846841235822748
bottom500,CLPSL1,ENSG00000204140.10,0.0002773105781604,5.028363555575039
bottom500,CLPSL2,ENSG00000196748.10,0.0004357548811455,8.38164443255763
bottom500,CLRN1,ENSG00000163646.12,0.0001196920366463,1.4879834077121006
bottom500,CLRN2,ENSG00000249581.2,0.0012726334616446,2.435980527668534
bottom500,CLVS2,ENSG00000146352.13,0.0015767503672243,4.164543788766619
bottom500,CMKLR2,ENSG00000183671.13,0.0001722965990673,3.687669319994108
bottom500,CNBD1,ENSG00000176571.13,5.523092278315754e-06,2.7250164636545797
bottom500,CNGA2,ENSG00000183862.6,1.496521823246618e-06,4.238696473067431
bottom500,CNGA3,ENSG00000144191.12,1.7599127429416356e-05,4.800442346593135
bottom500,CNGB3,ENSG00000170289.13,9.95513825173538e-05,6.420476458173426
bottom500,CNMD,ENSG00000136110.13,0.0003708301281936,3.5802266794103437
bottom500,CNPY1,ENSG00000146910.14,0.0002025589663456,4.194060129991882
bottom500,CNTD1,ENSG00000176563.10,0.6499072615230103,1.9030296097533423
bottom500,CNTN2,ENSG00000184144.12,6.620540210524958e-05,4.676425938936403
bottom500,CNTN5,ENSG00000149972.12,0.0007661193838751,2.8638409694115765
bottom500,CNTN6,ENSG00000134115.13,0.0002554194331879,2.6918476194041077
bottom500,CNTNAP3C,ENSG00000283378.1,0.0041386010111701,1.452432562339425
bottom500,CNTNAP4,ENSG00000152910.19,0.0001528093290357,3.7722184947558746
bottom500,CNTNAP5,ENSG00000155052.15,0.000228928726551,1.4978488590995362
bottom500,COL11A1,ENSG00000060718.22,0.005110048176194,2.5691546876193994
bottom500,COL19A1,ENSG00000082293.13,0.0011425672920215,3.0270221067834155
bottom500,COL20A1,ENSG00000101203.17,0.0008431941739737,4.3992641950879285
bottom500,COL22A1,ENSG00000169436.18,0.0009830553819746,3.7667478014633815
bottom500,COL24A1,ENSG00000171502.15,0.0010612147878773,3.5574405504007287
bottom500,COL2A1,ENSG00000139219.19,0.0059261408226009,3.7852875234266627
bottom500,COL6A5,ENSG00000172752.16,0.0003768928137544,3.5916254677883375
bottom500,COL9A1,ENSG00000112280.18,0.0014688999122153,2.6283726602307222
bottom500,CORO7-PAM16,ENSG00000103426.12,0.0156280559472818,1.2053628710331614
bottom500,COX7B2,ENSG00000170516.17,1.584338626508835e-05,4.523352066133074
bottom500,CPA5,ENSG00000158525.16,1.1940840911826252e-05,3.878791214191611
bottom500,CPA6,ENSG00000165078.13,0.0011228301741526,2.641863874578149
bottom500,CPHXL,ENSG00000283755.2,0.0003950670517088,3.190170765064636
bottom500,CPHXL2,ENSG00000284484.1,0.0009205189999677,2.3401720638357077
bottom500,CPLX4,ENSG00000166569.8,7.848655086294656e-06,7.321997770166816
bottom500,CPNE9,ENSG00000144550.14,0.142765490744627,0.8624193015990829
bottom500,CPXCR1,ENSG00000147183.10,4.095504076526501e-06,3.7802579006466654
bottom500,CR1L,ENSG00000197721.17,0.074617638743903,1.9327181908069522
bottom500,CRABP1,ENSG00000166426.8,0.0012621459458315,7.862788473588738
bottom500,CRB1,ENSG00000134376.17,0.0010759741133683,2.4884998211517533
bottom500,CRB2,ENSG00000148204.12,0.0004308452408798,3.0389294269860145
bottom500,CREG2,ENSG00000175874.10,0.0003247846943053,2.812029829908038
bottom500,CRH,ENSG00000147571.5,0.000453673846263,4.427430677474557
bottom500,CRHR1,ENSG00000120088.16,8.164550708706931e-05,4.734188700468771
bottom500,CRHR2,ENSG00000106113.19,0.0005054742105303,4.592922356803712
bottom500,CRISP1,ENSG00000124812.15,3.7306368256011505e-05,2.5606067679952
bottom500,CRLF2,ENSG00000205755.13,8.623135656834867e-05,4.791074710332118
bottom500,CRYBA1,ENSG00000108255.8,0.0002329830752944,3.646557700123832
bottom500,CRYBA2,ENSG00000163499.12,0.0005924152670468,5.118709268412252
bottom500,CRYBA4,ENSG00000196431.4,0.002718811053624,2.2847884397401383
bottom500,CRYBG2,ENSG00000176092.17,0.0002677570796862,1.9994996782705954
bottom500,CRYGA,ENSG00000168582.5,5.213798247299462e-05,4.63515872709937
bottom500,CRYGB,ENSG00000182187.4,1.2164802401376487e-05,3.1974315762832024
bottom500,CRYGC,ENSG00000163254.5,7.231705282406441e-05,3.378097745990927
bottom500,CRYGD,ENSG00000118231.5,0.0011267595295246,3.3616947384001246
bottom500,CRYGN,ENSG00000127377.10,0.000269832096381,4.540434915113239
bottom500,CSAG1,ENSG00000198930.13,2.4978935367345793e-06,7.051427298836304
bottom500,CSAG2,ENSG00000268902.5,4.200471378880316e-06,2.6050149202004156
bottom500,CSF2,ENSG00000164400.6,0.0016272953552156,5.305379460118678
bottom500,CSH1,ENSG00000136488.15,0.001054363611147,2.462676844262689
bottom500,CSH2,ENSG00000213218.11,0.0013685537230943,3.690029556420816
bottom500,CSHL1,ENSG00000204414.14,5.231949159162976e-05,5.858960830767302
bottom500,CSMD1,ENSG00000183117.20,0.0003261305302946,1.6234162053877257
bottom500,CSMD2,ENSG00000121904.19,0.0001288878108064,3.4179577100011365
bottom500,CSMD3,ENSG00000164796.18,7.673299132022203e-05,3.3555823995227203
bottom500,CSN1S1,ENSG00000126545.14,0.0001698643123382,6.265356220882977
bottom500,CSN2,ENSG00000135222.7,1.07727953744769e-05,5.321282520492753
bottom500,CSN3,ENSG00000171209.4,0.0003070883986096,2.6129515299903034
bottom500,CSNK1A1L,ENSG00000180138.7,0.0016479136030132,2.903585057018231
bottom500,CSNKA2IP,ENSG00000283434.2,2.548737462452031e-05,5.662946420403494
bottom500,CST1,ENSG00000170373.9,0.0002104991223403,6.249000391980308
bottom500,CST11,ENSG00000125831.10,3.587593561367205e-06,6.472337607600861
bottom500,CST4,ENSG00000101441.5,0.0004922022154156,6.165082863723748
bottom500,CST5,ENSG00000170367.5,0.0224800687244482,2.6185126597506123
bottom500,CST8,ENSG00000125815.9,3.5772480229496465e-06,5.984101668597294
bottom500,FREY1,ENSG00000234776.5,0.0061361579351561,1.6445341528348576
bottom500,PRR23E,ENSG00000214324.5,1.0316601791382232e-05,5.876216124180897
bottom500,REDIC1,ENSG00000180116.15,1.1011426014130333e-05,3.7250151363390347
bottom500,SPMAP1,ENSG00000275489.2,8.07560888725559e-05,2.789887136354318
bottom500,SPMIP2,ENSG00000164123.7,0.0003501555194862,2.5707953511515487
bottom500,SPMIP3,ENSG00000173728.11,0.0001126638548697,2.0364815057116195
bottom500,SPMIP5,ENSG00000165863.17,0.0286392856118957,2.0080183655454715
bottom500,TEKTL1,ENSG00000160994.4,5.276177689047626e-06,6.316645456863973
middle500,ABHD17C,ENSG00000136379.12,1.4416724204868152e-05,1.2201786331351896
middle500,ACAP1,ENSG00000072818.12,0.0133364420316819,3.1408958038873753
middle500,ACE2,ENSG00000130234.13,0.0401083943957409,2.537157853890406
middle500,ADAT2,ENSG00000189007.16,0.0329134355611943,0.44479655251378214
middle500,ADAT3,ENSG00000213638.6,0.0176825759957703,1.4379031577141634
middle500,AHSP,ENSG00000169877.10,0.2322429945355379,6.341052590595176
middle500,ALDH1A3,ENSG00000184254.17,0.0001637160661349,1.7372809990312195
middle500,ALKBH4,ENSG00000160993.4,0.0284826093779537,1.174651594847289
middle500,ALOX5,ENSG00000012779.12,0.0289788633385722,1.8078558145354504
middle500,AMMECR1L,ENSG00000144233.12,0.0304677845056847,0.8314817759666729
middle500,ANAPC1,ENSG00000153107.13,0.0343051985394087,0.27615681670289605
middle500,ANKMY1,ENSG00000144504.16,0.023143182741963,0.5581023805859989
middle500,ANKRD13D,ENSG00000172932.16,0.0466063142388917,1.0917093480252864
middle500,ANKRD50,ENSG00000151458.12,0.0410443809795408,1.220497901267987
middle500,ANKS3,ENSG00000168096.15,0.0310183881193779,1.0100439518747124
middle500,AOC1,ENSG00000002726.21,0.0001962585579552,1.9623119260552915
middle500,AP4M1,ENSG00000221838.12,0.0818552489550046,1.4111224037568817
middle500,APC,ENSG00000134982.19,0.0426630274319282,0.7001790207033111
middle500,APOBEC3G,ENSG00000239713.9,0.0284401348290081,5.322200596988891
middle500,ARB2A,ENSG00000113391.19,0.0274242160376743,0.9683446294954638
middle500,AREL1,ENSG00000119682.18,0.0430351553636409,0.664862115796236
middle500,ARHGEF11,ENSG00000132694.20,0.056088317174723,1.0859110106141527
middle500,ARHGEF25,ENSG00000240771.8,0.0323493785092873,1.309926269925763
middle500,ARHGEF3,ENSG00000163947.12,0.002457942707025,1.276706103136572
middle500,ARHGEF35,ENSG00000213214.6,0.00082461315177,1.1704585209109997
middle500,ARHGEF9,ENSG00000131089.17,0.0413099379278486,1.1919921215322353
middle500,ARID2,ENSG00000189079.18,0.0396753748878681,0.33229883677303557
middle500,ARK2C,ENSG00000141622.14,8.271331117140604e-06,5.314170436343083
middle500,ARL3,ENSG00000138175.9,0.0180107677656228,1.7535595071005328
middle500,ARPIN,ENSG00000242498.8,0.0232975754333169,1.5910282447214064
middle500,ATAD3C,ENSG00000215915.10,0.0010027655329805,2.8459261237665094
middle500,AURKA,ENSG00000087586.18,0.034124148213038,0.6786737429381932
middle500,B9D2,ENSG00000123810.9,0.0258204048051145,0.5399656430695869
middle500,BATF2,ENSG00000168062.10,0.0750563876644567,1.8500082242132907
middle500,BBC3,ENSG00000105327.18,0.0066084529495975,1.436397210202466
middle500,BICRAL,ENSG00000112624.14,0.0239169205469329,0.20026670182213552
middle500,BMP2,ENSG00000125845.7,0.0389519063736472,1.651559046760509
middle500,BMPER,ENSG00000164619.10,0.0026328479802098,1.9930886659959282
middle500,BRCA1,ENSG00000012048.26,0.0272383737887361,0.8019661756745636
middle500,BRD3OS,ENSG00000235106.10,0.0763185104660109,2.872354177523413
middle500,C12ORF4,ENSG00000047621.12,0.0169319933174282,1.1932593673120921
middle500,C12ORF76,ENSG00000174456.16,0.0353280993627427,1.8582409791174161
middle500,C17ORF107,ENSG00000205710.4,0.1188311307894868,0.9462461717104905
middle500,C2CD3,ENSG00000168014.18,0.0294283150479484,0.5349424594815908
middle500,C3ORF18,ENSG00000088543.15,0.022052050927952,2.0149539992727177
middle500,C3ORF62,ENSG00000188315.8,0.1393262781640405,0.25608002784954187
middle500,C5ORF63,ENSG00000164241.14,0.0127718501924409,1.6897331696504905
middle500,CAB39L,ENSG00000102547.19,0.0090919570690252,1.7972657410082034
middle500,CALML4,ENSG00000129007.16,0.0794849734221718,1.2272620094829847
middle500,CAPRIN2,ENSG00000110888.19,0.021226446201312,0.6370541253067742
middle500,CBLN3,ENSG00000139899.11,0.0229282932143245,1.8363829798132285
middle500,CBX8,ENSG00000141570.11,0.0192059253136911,1.77806934296956
middle500,CCBE1,ENSG00000183287.15,0.003195456460914,1.711930164045832
middle500,CCDC142,ENSG00000135637.15,0.1068783745161764,0.7120113692097779
middle500,CCDC57,ENSG00000176155.21,0.0715901359641372,0.8581039564646445
middle500,CCDC88C,ENSG00000015133.20,0.0221644549491772,0.3875277040558553
middle500,CCT6B,ENSG00000132141.14,0.0923918809313123,2.7227457131083166
middle500,CD160,ENSG00000117281.16,0.0004805576586652,2.6886703631962092
middle500,CD247,ENSG00000198821.12,0.0024771418676648,3.404618323559106
middle500,CD33,ENSG00000105383.15,0.0367953846238706,2.7062066554464
middle500,CD34,ENSG00000174059.17,0.0196573846219451,1.9364115994095092
middle500,CD72,ENSG00000137101.14,0.0070557942016354,2.328934269773255
middle500,CD84,ENSG00000066294.15,0.0058000996323212,1.8605434245027377
middle500,CDK19,ENSG00000155111.15,0.0395922258624774,0.8894806154224553
middle500,CDK6,ENSG00000105810.10,0.1180724789378623,0.3823917915923516
middle500,CDKAL1,ENSG00000145996.11,0.0273949929039429,0.6105722171914498
middle500,CDYL,ENSG00000153046.18,5.8266805289517255e-06,2.735996495276198
middle500,CELA2A,ENSG00000142615.8,0.000670610586441,5.690103927719249
middle500,CENPT,ENSG00000102901.13,0.0226569943431398,0.6921021235192264
middle500,CEP295,ENSG00000166004.15,0.0187888691221468,1.3140574059504169
middle500,CEP350,ENSG00000135837.18,0.0814007775466928,0.7210727721590637
middle500,CEP83,ENSG00000173588.16,0.0262304731337197,0.3338377209595499
middle500,CHD3,ENSG00000170004.19,0.0107627827030146,0.7658980144861443
middle500,CHST12,ENSG00000136213.10,0.0057928934773642,2.770345196730289
middle500,CLOCK,ENSG00000134852.15,0.0291888171092009,0.8872742178877551
middle500,CNBD2,ENSG00000149646.12,0.3845811373818211,0.9003579617246936
middle500,CNOT6,ENSG00000113300.13,0.0227205187025183,0.4811058117611063
middle500,COX19,ENSG00000240230.6,0.0370240547771623,1.0686028307378095
middle500,CRLF3,ENSG00000176390.12,0.0678487305123538,0.28881253008823926
middle500,CSTF2,ENSG00000101811.15,0.045523599404688,0.8519655098255643
middle500,CTTNBP2NL,ENSG00000143079.15,0.0120162521531251,1.4897695719004145
middle500,CYB5R2,ENSG00000166394.15,0.0150016660562388,3.154192354308062
middle500,CYP2U1,ENSG00000155016.18,0.0356748770911714,2.5244837421862343
middle500,CYTH4,ENSG00000100055.21,0.0064481874998786,1.271189175274739
middle500,DACT2,ENSG00000164488.12,0.0089441217301458,2.427410008515172
middle500,DDR2,ENSG00000162733.19,0.0061687752672764,1.4077284408747484
middle500,DDX31,ENSG00000125485.18,0.0185799772528313,1.135763347734792
middle500,DEF6,ENSG00000023892.12,0.0230439196504533,0.9374834064753302
middle500,DENND1B,ENSG00000213047.13,0.0137618142879626,0.6985437057108317
middle500,DGCR8,ENSG00000128191.17,0.0355538341816248,0.6012395861014656
middle500,DHX35,ENSG00000101452.15,0.0067259192398533,0.46762672110258724
middle500,DHX57,ENSG00000163214.21,0.0165179054024928,1.4164909371011754
middle500,DMPK,ENSG00000104936.20,0.0967283311669234,0.8878053144910618
middle500,DNAAF10,ENSG00000243667.7,0.0586231269558737,1.1965530794229065
middle500,DNAH14,ENSG00000185842.16,2.0628165067890867e-05,1.46261059668338
middle500,DNASE1,ENSG00000213918.11,0.0455153064907346,0.7684068245607323
middle500,DNM1,ENSG00000106976.22,0.0056712140599896,3.137921237653075
middle500,DOCK2,ENSG00000134516.20,0.011981959241684,1.5878108033792917
middle500,DOK3,ENSG00000146094.16,0.106767615169165,1.359449919277442
middle500,DPH7,ENSG00000148399.13,0.057586714653912,0.7713879729870745
middle500,DPY19L3,ENSG00000178904.19,0.0207986742310872,0.5696477161078748
middle500,DTX1,ENSG00000135144.8,0.0329914380106898,2.70417109233615
middle500,DUSP7,ENSG00000164086.10,0.0165670353847573,1.393612686261339
middle500,EEF1AKMT2,ENSG00000203791.15,0.0319789040696841,0.8314217466803268
middle500,EGLN3,ENSG00000129521.15,0.1304160903530657,1.7080387461204358
middle500,EGR2,ENSG00000122877.18,0.0052752724033906,1.9025305101871248
middle500,EML1,ENSG00000066629.19,0.0036276617524803,1.788888739519188
middle500,EMSY,ENSG00000158636.17,0.0374981128619748,0.8470473547300469
middle500,ENAH,ENSG00000154380.19,0.0038442804703044,1.1777754730240042
middle500,ENOX2,ENSG00000165675.20,0.0295791931643112,0.767326935633019
middle500,ENPP3,ENSG00000154269.15,0.0117749878161365,1.6965179460552726
middle500,ENSG00000290183,ENSG00000290183.1,0.0196613273614,0.9820069106926632
middle500,ENSG00000290318,ENSG00000290318.1,0.4683636099281365,0.3287352108983577
middle500,ENTPD1,ENSG00000138185.20,0.0004637425657233,2.0141785509070047
middle500,EOGT,ENSG00000163378.14,0.0267326561677439,1.6993552685122475
middle500,EPM2A,ENSG00000112425.16,0.0118831689961054,0.9636549223163369
middle500,EXO5,ENSG00000164002.12,0.0228938513509057,1.8044782672927446
middle500,F3,ENSG00000117525.14,0.0824720441207561,2.2177704412980286
middle500,FABP4,ENSG00000170323.9,0.11799328001836,2.249406786722574
middle500,FAM107A,ENSG00000168309.18,0.0030115804781091,4.251899021890291
middle500,FAM131A,ENSG00000175182.15,0.4757768127169995,0.1438063820621149
middle500,FAM161B,ENSG00000156050.10,0.0111543732584093,1.2821614638803607
middle500,FAM228B,ENSG00000219626.9,0.1258923470164541,0.3808558133121523
middle500,FAM43A,ENSG00000185112.6,0.1296208846805434,2.5099536962660087
middle500,FANCF,ENSG00000183161.6,0.2377526534251326,1.2726076396831045
middle500,FBLN7,ENSG00000144152.13,0.0032813508322087,2.089480375231904
middle500,FBXO16,ENSG00000214050.8,0.0024283510053752,1.4294163151151613
middle500,FBXW9,ENSG00000132004.13,0.0421567947121845,0.9567301137695932
middle500,FCGR3B,ENSG00000162747.13,0.0164922098673791,2.901909510842691
middle500,FCMR,ENSG00000162894.12,0.0028031799815937,3.6335534129535536
middle500,FECH,ENSG00000066926.13,0.0743543923467256,1.0654534568231961
middle500,FGF23,ENSG00000118972.3,0.000301562728648,4.92677550927831
middle500,FKBP15,ENSG00000119321.10,0.121231526541112,0.7995203185915816
middle500,FKBPL,ENSG00000204315.4,0.0708806742770515,1.4960332542879888
middle500,FOSL1,ENSG00000175592.9,0.0025313224012684,2.8453807842116388
middle500,FRS3,ENSG00000137218.10,0.0079705251571209,1.0854546979724375
middle500,FUT11,ENSG00000196968.11,0.8098478971158903,0.45854612597143213
middle500,G2E3,ENSG00000092140.16,0.0280326695963176,1.3255216049899194
middle500,GBP2,ENSG00000162645.13,0.121055160354974,1.4935626496260315
middle500,GDAP2,ENSG00000196505.11,0.032069418291061,0.8899824676914102
middle500,GDF7,ENSG00000143869.7,0.0058585251608183,2.2582370485820586
middle500,GEMIN2,ENSG00000092208.19,0.0291610449134597,1.0849455424481107
middle500,GID4,ENSG00000141034.10,0.0275744009054753,1.9949587494280423
middle500,GMPR,ENSG00000137198.10,0.0138338153127689,1.9124654791518112
middle500,GPATCH11,ENSG00000152133.17,0.0217848020025906,0.8574876293709468
middle500,GPR89B,ENSG00000188092.15,0.0194751754151952,1.78661438493766
middle500,GPSM1,ENSG00000160360.13,0.0032201592180336,2.095993534692985
middle500,GPX7,ENSG00000116157.6,0.0163973516326124,2.5615817561112713
middle500,GRK5,ENSG00000198873.12,0.0297211698551433,0.653806035708802
middle500,GRPEL2,ENSG00000164284.15,0.0253426709850857,0.5278497453901548
middle500,GTF2E1,ENSG00000153767.10,0.0135156746673933,0.9142279829700635
middle500,GTF2H2C,ENSG00000183474.16,0.0064092434357377,0.9466510474750945
middle500,GTF3C4,ENSG00000125484.12,0.0398644524088331,0.39006018766360584
middle500,GUCA2B,ENSG00000044012.4,0.0379242813915304,3.5847294822288918
middle500,H2AC8,ENSG00000277075.3,1.2201442853246969,1.1956656124100051
middle500,HAUS2,ENSG00000137814.12,0.0462845103657067,1.8747344784024684
middle500,HAUS5,ENSG00000249115.9,0.0168714913396135,0.820546050217346
middle500,HBG2,ENSG00000196565.15,1.3649405937531756,3.114512742183178
middle500,HDAC7,ENSG00000061273.18,0.0107275270422165,1.079629235144036
middle500,HEATR1,ENSG00000119285.11,0.0639333715395869,0.903935366925759
middle500,HELQ,ENSG00000163312.11,0.1408603717155936,0.8312676527268072
middle500,HEY2,ENSG00000135547.9,0.000869536729385,1.5130825069879308
middle500,HIC1,ENSG00000177374.13,0.0025992943435276,0.4768517023895409
middle500,HIF1AN,ENSG00000166135.14,0.2442297398439449,0.733878899260511
middle500,HK3,ENSG00000160883.11,0.0054861834389283,3.371155142859916
middle500,HKDC1,ENSG00000156510.13,0.0079713835987843,2.348718212494897
middle500,HMGXB4,ENSG00000100281.14,0.0165467128466394,0.5266485812442604
middle500,HNRNPA1L2,ENSG00000139675.13,0.0417529448344192,0.3789203842432741
middle500,HOMEZ,ENSG00000290292.10,0.0119055603855621,1.543719612139026
middle500,HSD11B2,ENSG00000176387.7,0.019617684359929,2.245619751392
middle500,HSDL1,ENSG00000103160.12,0.0061400903472687,1.0854393527048125
middle500,HSF2,ENSG00000025156.13,0.021882728930493,0.8140472398949312
middle500,HSPB8,ENSG00000152137.8,0.0698906633986426,3.4276937656365196
middle500,HYAL3,ENSG00000186792.17,1.6629981972382069,0.359766236846056
middle500,HYKK,ENSG00000188266.14,0.0077852405871353,4.24549051380747
middle500,ICOSLG,ENSG00000160223.18,0.00015443690718,2.6755008492186625
middle500,IFFO1,ENSG00000010295.20,0.0224654478877025,0.9293766674624478
middle500,IFFO2,ENSG00000169991.11,0.0182374813377057,0.8645001414679284
middle500,IFT122,ENSG00000163913.14,0.0440525999543349,0.9596166099357065
middle500,IFT22,ENSG00000128581.17,0.0137539244300985,1.2896789251002423
middle500,IGHJ6,ENSG00000211900.2,0.0756348350351377,1.1805465306533636
middle500,IGSF6,ENSG00000140749.9,0.0110406782302738,1.5926085907278744
middle500,IL17RA,ENSG00000177663.15,0.0321980477432146,1.7564936247088188
middle500,IL20RB,ENSG00000174564.13,0.0042170261548159,2.872155715134668
middle500,IMPDH1,ENSG00000106348.19,0.0178199678671155,1.8885072564180951
middle500,INO80,ENSG00000128908.19,0.0238055774854673,0.5395673801156191
middle500,IPPK,ENSG00000127080.10,0.027328681339475,1.347413955237497
middle500,IRAG2,ENSG00000118308.16,8.51070567232895e-05,2.398678738425764
middle500,IRGQ,ENSG00000167378.10,0.0545122169568361,1.150125458116035
middle500,ISM1,ENSG00000101230.6,0.0091450360790546,1.672313498065121
middle500,ITGA4,ENSG00000115232.14,0.0815610510589559,0.6375890515562681
middle500,ITGB7,ENSG00000139626.16,0.0486944319456406,2.3680439468421737
middle500,ITPRIPL2,ENSG00000205730.7,0.1562563093649311,1.0198735953971405
middle500,IZUMO4,ENSG00000099840.14,0.021512786438095,2.070661973313608
middle500,JMY,ENSG00000152409.9,0.1199852961118565,0.6102648133621393
middle500,KANSL1,ENSG00000120071.15,0.0336653293991629,0.19862201927154194
middle500,KAT6B,ENSG00000156650.14,0.0117075873501142,0.3212712832056634
middle500,KAZN,ENSG00000189337.17,0.001671008228769,3.1603151625567136
middle500,KCNE3,ENSG00000175538.11,0.0094695522019359,1.8564764379491523
middle500,KCNE4,ENSG00000152049.7,0.0168919472592895,3.1121795740898235
middle500,KIF22,ENSG00000079616.14,0.0159967840166727,0.9800521338530946
middle500,KIF2A,ENSG00000068796.19,0.0285580416619002,0.5178857770284458
middle500,KLHL23,ENSG00000213160.10,0.0212984932891288,2.8350061228672208
middle500,KLRD1,ENSG00000134539.17,0.0061409197121394,0.7448944878981264
middle500,KLRK1,ENSG00000213809.9,0.0025483104901185,2.3684585097664415
middle500,KMT5C,ENSG00000133247.14,0.007354636881682,1.4278419667212994
middle500,L3MBTL3,ENSG00000198945.8,5.358281165980113e-07,2.1503555793773095
middle500,LCOR,ENSG00000196233.14,0.0374741688740657,0.44733744818626225
middle500,LGALS2,ENSG00000100079.7,0.0197816099693757,1.0076506491070114
middle500,LIN52,ENSG00000205659.12,0.0705216763606123,0.5507193181278854
middle500,LINS1,ENSG00000140471.17,0.0169158526421205,0.9351766963398932
middle500,LMOD1,ENSG00000163431.14,0.0213282482878104,4.327338221958426
middle500,LRRC2,ENSG00000163827.14,0.01671165274235,1.1153312809106337
middle500,LRRC31,ENSG00000114248.10,0.0039216744704407,5.6251604871251555
middle500,LRRC57,ENSG00000180979.10,0.0839207254821627,0.4929320931927615
middle500,LRRC75B,ENSG00000178026.13,0.0430467708822608,1.756974530429101
middle500,LRRK2,ENSG00000188906.17,0.0001140420083715,2.208945510085803
middle500,LTB,ENSG00000227507.3,0.0387116650521809,3.217324131516124
middle500,LXN,ENSG00000079257.8,0.0628820247851957,1.2987724331116903
middle500,MALSU1,ENSG00000156928.5,0.2750393135741131,1.7093530022089278
middle500,MANBA,ENSG00000109323.11,0.0618324969033111,1.597240920352815
middle500,MAP3K21,ENSG00000143674.11,0.0159259434283003,2.0065458404105723
middle500,MAP3K7CL,ENSG00000156265.17,0.014536754515959,1.4393258612349913
middle500,MAPK11,ENSG00000185386.15,0.0015072244451905,3.223464991778737
middle500,MAPK4,ENSG00000141639.12,0.0027368434680088,2.547053084592175
middle500,MAPK8IP1,ENSG00000121653.11,0.0035841387209992,1.420211819200115
middle500,MARS2,ENSG00000247626.5,0.129739793943165,3.009745246587549
middle500,MARVELD1,ENSG00000155254.13,0.0420263603756485,2.8295293686289464
middle500,MATCAP2,ENSG00000164542.13,0.0103567439081935,1.8298290007503872
middle500,MB,ENSG00000198125.13,0.0035102146621109,2.123592725093498
middle500,MEF2B,ENSG00000213999.17,0.0094651304303949,1.9480835934077882
middle500,MEGF6,ENSG00000162591.17,0.0041079982746758,2.9395482673183033
middle500,MEX3D,ENSG00000181588.17,0.0061434365265008,0.7629558635262846
middle500,MICAL2,ENSG00000133816.19,9.148878584713884e-05,2.879088707360688
middle500,MICALL2,ENSG00000164877.19,0.0390033793437732,1.0762056264264148
middle500,MID2,ENSG00000080561.14,0.0051776949568588,1.371263736934614
middle500,MISP3,ENSG00000141854.10,0.0562487721472971,1.4337370180662052
middle500,MLYCD,ENSG00000103150.7,0.0798235535075403,1.711387424359954
middle500,MORN4,ENSG00000171160.18,0.0098616596475856,1.4535007288834874
middle500,MPZ,ENSG00000158887.19,0.0003065316891542,3.5191775001440453
middle500,MRAS,ENSG00000158186.13,0.0157403690111747,1.3294077432251281
middle500,MRTFB,ENSG00000186260.17,0.0061541346001025,0.5153553543194563
middle500,MS4A4E,ENSG00000214787.11,0.0042379388740402,3.9918706464780116
middle500,MTHFD1L,ENSG00000120254.16,0.0087089902220651,0.8999654918633614
middle500,MUTYH,ENSG00000132781.22,0.0505263372966471,0.7489250186852581
middle500,MYBPH,ENSG00000133055.10,0.0023065892833476,4.658342062109135
middle500,MYL2,ENSG00000111245.18,0.0002043517322741,2.383432308024952
middle500,MZT1,ENSG00000204899.6,0.0221121177947241,1.0220563717101865
middle500,N4BP2,ENSG00000078177.15,0.023738313198467,0.5784524525252556
middle500,NABP1,ENSG00000173559.15,0.0747487680828393,1.2245415416295469
middle500,NATD1,ENSG00000274180.1,0.0066125387184266,1.5868283966724939
middle500,NCAPD2,ENSG00000010292.13,0.7210654763360234,0.9535897705088824
middle500,NCF1,ENSG00000158517.16,0.00073556661621,4.998791381605061
middle500,NDUFC2-KCTD14,ENSG00000259112.2,0.7646429557000994,1.0982536178587996
middle500,NEK8,ENSG00000160602.14,0.15593861144942,1.2795132477347564
middle500,NEPRO,ENSG00000163608.15,0.0357897368309463,0.9830731808972549
middle500,NEURL4,ENSG00000215041.10,0.0356572898663091,1.9524754447475028
middle500,NEXN,ENSG00000162614.19,0.0123711457741535,1.414911073609467
middle500,NFATC4,ENSG00000100968.14,0.0035208809936632,1.467942217235271
middle500,NHEJ1,ENSG00000187736.14,0.0284912773125332,1.353131277636924
middle500,NID2,ENSG00000087303.19,0.0366231598010274,2.4079359022581177
middle500,NIN,ENSG00000100503.27,0.0145013514326719,0.9452803101485643
middle500,NIPA1,ENSG00000170113.16,0.0039151094858223,1.1933010070716603
middle500,NMB,ENSG00000197696.10,0.1105839132537625,1.4854870275904517
middle500,NMNAT3,ENSG00000163864.18,0.0211409212087824,1.8165654620789844
middle500,NOL8,ENSG00000198000.12,0.0398443088326907,1.0646697645656251
middle500,NOL9,ENSG00000162408.11,0.0516526439082951,0.5337650555704293
middle500,NOM1,ENSG00000146909.8,0.0562577240383848,0.41488302037738184
middle500,NOTCH1,ENSG00000148400.13,0.0418511587525247,0.28265072330241303
middle500,NOXA1,ENSG00000188747.9,0.0130716839611733,1.78731482178599
middle500,NPAT,ENSG00000149308.17,0.0446231362522318,0.4572074981766423
middle500,NPHP3,ENSG00000113971.21,0.0425937021790593,0.7869669839398868
middle500,NQO1,ENSG00000181019.13,0.0977995665226416,0.945310853990925
middle500,NSMAF,ENSG00000035681.9,0.0270053158915113,0.840557853775765
middle500,NT5C3B,ENSG00000141698.17,0.1089184019119239,1.517976350773402
middle500,NUAK2,ENSG00000163545.11,0.0190062861872715,1.5614586467937017
middle500,NUDT18,ENSG00000275074.2,0.0804855565542897,1.8460935848366369
middle500,NUP155,ENSG00000113569.16,0.0493740112959375,0.39757973652647827
middle500,NVL,ENSG00000143748.18,0.0137300588438981,2.1235318138627304
middle500,OR4K17,ENSG00000176230.7,4.1563799498474104e-06,1.3115773030359912
middle500,ORC2,ENSG00000115942.9,0.0657370575942427,0.8999468219979332
middle500,OSBPL6,ENSG00000079156.17,0.0060381275028832,1.4354511527734897
middle500,OSTM1,ENSG00000081087.16,0.1156432683721168,1.219977337677326
middle500,OTUD6B,ENSG00000155100.11,0.1386557553774474,0.8568520188902778
middle500,PAXIP1,ENSG00000157212.20,0.0444533782016036,1.4314962532702584
middle500,PCNX3,ENSG00000197136.5,0.0951421792374286,0.3899888750805013
middle500,PDCD2L,ENSG00000126249.8,0.0395157745527464,1.6451810758199423
middle500,PDE7A,ENSG00000205268.11,0.0371345981817823,0.7147577700710676
middle500,PDGFC,ENSG00000145431.11,0.0484909177231636,0.91467670675843
middle500,PFKP,ENSG00000067057.19,0.018692702051277,0.8976800928505834
middle500,PGM5,ENSG00000154330.13,0.0301727398449129,1.2023100278839687
middle500,PHC1,ENSG00000111752.11,0.0024401760901186,1.4860083534619495
middle500,PHF21A,ENSG00000135365.17,0.0145675814952883,0.44651402280026975
middle500,PHF7,ENSG00000010318.22,0.0566127821114862,0.8650421619776208
middle500,PHIP,ENSG00000146247.15,0.0760716237819406,0.6213591467282408
middle500,PIDD1,ENSG00000177595.19,0.1036080631585674,0.9935211614826135
middle500,PIGM,ENSG00000143315.8,0.1893186697580114,1.9944037369092795
middle500,PLCD1,ENSG00000187091.14,0.0018211266060506,2.763269786390345
middle500,PLCL2,ENSG00000154822.18,0.0470506200033218,0.766829046484223
middle500,PMEL,ENSG00000185664.15,0.0096284823026158,2.1782752104361145
middle500,PNMA1,ENSG00000176903.5,0.3166347766413169,1.1885714205225064
middle500,PNPT1,ENSG00000138035.15,0.0367330238818058,1.125390239791325
middle500,POC1A,ENSG00000164087.8,0.009042736451336,1.0839181632384034
middle500,POLD1,ENSG00000062822.16,0.2369051195937455,0.2832403736018728
middle500,POLH,ENSG00000170734.12,0.0334523011711285,1.326606366955785
middle500,POLR1A,ENSG00000068654.17,0.0367641598656993,0.4864620429471599
middle500,POLR3A,ENSG00000148606.15,0.0149251070992405,0.9423060875323834
middle500,POMGNT2,ENSG00000144647.7,0.0218866248370578,1.171564643317565
middle500,POMZP3,ENSG00000146707.15,0.0618261406642739,1.984824034298484
middle500,PPIP5K1,ENSG00000168781.24,0.0030581583838844,1.8351279611021005
middle500,PPM1M,ENSG00000164088.18,0.0371627216486893,1.9745217229721739
middle500,PPP1R13B,ENSG00000088808.18,0.0181370721118932,0.7134260663851232
middle500,PREX1,ENSG00000124126.14,0.0113381748480701,0.7937778403176537
middle500,PRICKLE3,ENSG00000012211.13,0.0135403078735183,2.1700293220362594
middle500,PRIM2,ENSG00000146143.19,3.7860315943905424e-05,1.0437155450825757
middle500,PRM1,ENSG00000175646.4,0.0002604097584613,2.173705399507427
middle500,PRMT3,ENSG00000185238.13,0.0520194462316389,1.5956760919330681
middle500,PRR12,ENSG00000126464.15,0.0265070817216896,0.7047223446887482
middle500,PSRC1,ENSG00000134222.16,0.0611103262456207,3.228147139675742
middle500,PTCD1,ENSG00000106246.18,0.0143137334142289,1.2545113582429936
middle500,PTK6,ENSG00000101213.7,0.0019584525790304,2.4142701483147517
middle500,PTPRG,ENSG00000144724.20,0.0687478189852042,0.5678072903547319
middle500,PTTG1,ENSG00000164611.13,0.0985313237512517,2.3915841739586896
middle500,PVALB,ENSG00000100362.13,2.1596264370647977e-05,5.099733164862521
middle500,PXYLP1,ENSG00000155893.13,5.621216996621562e-05,3.8451876599145574
middle500,QSER1,ENSG00000060749.17,0.0097245043178642,0.6714692985051858
middle500,RAB11FIP2,ENSG00000107560.12,0.0497043853140751,0.41014945753239407
middle500,RAI1,ENSG00000108557.20,0.0072274483079071,0.7448623698143274
middle500,RASA2,ENSG00000155903.14,0.021509225336279,0.7125766375765642
middle500,RASGRP3,ENSG00000152689.18,0.006108214456438,2.635839206715183
middle500,RASSF2,ENSG00000101265.16,0.0144927077564346,1.5421014567995528
middle500,RASSF8,ENSG00000123094.16,0.0075263901515733,0.9114918796995571
middle500,RC3H1,ENSG00000135870.13,0.0501683506208911,0.7012347636524627
middle500,RECK,ENSG00000122707.12,0.0099298182287089,1.6575101656916045
middle500,REG1B,ENSG00000172023.8,0.0009373548684813,5.622556384313169
middle500,RENBP,ENSG00000102032.13,0.0855292279950173,2.0585208418537504
middle500,RFWD3,ENSG00000168411.14,0.017417169296075,1.1246031593268333
middle500,RGMB,ENSG00000174136.13,0.0042753304666722,1.8651417739612395
middle500,RGS18,ENSG00000150681.10,0.0236227671537179,4.579649290996249
middle500,RHBDF2,ENSG00000129667.13,0.0183647124855733,0.9585324676335969
middle500,RHNO1,ENSG00000171792.11,0.0129614511111694,0.6083371207095355
middle500,RIC8B,ENSG00000111785.21,0.0229901800759705,1.154898297238518
middle500,RIGI,ENSG00000107201.12,0.0231030863540823,0.5665395556235793
middle500,RIN2,ENSG00000132669.14,0.0069292311289802,1.044911147852569
middle500,RIPK2,ENSG00000104312.8,0.0711194415840021,1.221150989377766
middle500,RIPPLY1,ENSG00000147223.6,0.016629493922817,2.021169898048183
middle500,RMI1,ENSG00000178966.17,0.0729987807711551,0.3372986355411802
middle500,RNF115,ENSG00000265491.5,0.0725545869405565,0.42649092291625557
middle500,RNF169,ENSG00000166439.6,0.0398738125872509,0.5109106225269545
middle500,RNF217,ENSG00000146373.17,0.08548085142678,0.7931011084952887
middle500,RNF220,ENSG00000187147.19,0.0011694040460686,2.6642975922003207
middle500,RNF8,ENSG00000112130.17,0.0194193172719572,1.3172136029850046
middle500,ROBO4,ENSG00000154133.15,0.0415617306777648,1.7162893067137326
middle500,ROCK1,ENSG00000067900.9,0.1922636866579567,0.5247815079659621
middle500,RRAD,ENSG00000166592.13,0.0079032374274519,2.670843999799491
middle500,RRP12,ENSG00000052749.14,0.0337709942277814,0.7592909607912429
middle500,RSBN1,ENSG00000081019.14,0.0879004032976536,0.3823336187506199
middle500,RTN4IP1,ENSG00000130347.13,0.0661389744513672,1.2287308005741622
middle500,S1PR2,ENSG00000267534.4,0.0040049739542792,1.4939362896574537
middle500,SAMD11,ENSG00000187634.13,0.0016207122945749,2.6259102416998297
middle500,SAMD9L,ENSG00000177409.12,0.0231599988720711,2.248687770239473
middle500,SASH3,ENSG00000122122.10,0.0226790325649875,3.7904787993608307
middle500,SCFD2,ENSG00000184178.17,0.1110752566517012,1.8759613214843054
middle500,SCUBE1,ENSG00000159307.20,0.0020413105571399,2.790350019445833
middle500,SECTM1,ENSG00000141574.8,0.0168570329633879,1.407531807919609
middle500,SEMA6A,ENSG00000092421.17,0.0417859371213687,0.9465993186842543
middle500,SEPTIN5,ENSG00000184702.20,0.0031750236666521,3.0943083469301573
middle500,SERTM2,ENSG00000260802.2,0.0005984103961528,4.061305565004342
middle500,SIGLEC9,ENSG00000129450.9,0.0359377766076618,2.970010927157589
middle500,SIPA1L2,ENSG00000116991.12,0.00687282027927,0.6486297817476921
middle500,SLC11A1,ENSG00000018280.18,0.0363566921762411,4.501851338987977
middle500,SLC25A34,ENSG00000162461.8,0.198467809856211,0.7054565756983476
middle500,SLC2A11,ENSG00000133460.20,0.011489351707171,1.3558064166713302
middle500,SLC37A1,ENSG00000160190.14,0.0006701212915637,1.740084163006892
middle500,SLC5A3,ENSG00000198743.7,0.0908598322089999,0.7737455065761087
middle500,SLFN5,ENSG00000166750.10,0.0122361583913762,2.3945924181620026
middle500,SMYD4,ENSG00000186532.12,0.0229521465875072,0.8184683791713252
middle500,SNAI1,ENSG00000124216.4,0.0199766751181073,2.514586599854171
middle500,SNAPC1,ENSG00000023608.5,0.022870154665871,3.1118841634594276
middle500,SNX16,ENSG00000104497.15,0.0146867959698987,1.01878797522435
middle500,SNX21,ENSG00000124104.19,0.0374887022332369,1.477950842994823
middle500,SPAG4,ENSG00000061656.11,0.0076336790025817,1.7113873230234211
middle500,SPATA18,ENSG00000163071.11,0.0100881330242621,1.4313279281329052
middle500,SPATA24,ENSG00000170469.11,0.0150607748975567,1.7475445088071926
middle500,SPATA25,ENSG00000149634.5,0.0640219736325684,1.4974965723378408
middle500,SPATA7,ENSG00000042317.17,0.0090641504345782,1.1962919835553905
middle500,SPINDOC,ENSG00000168005.9,0.0151041476260625,1.2712971863516271
middle500,SPRED1,ENSG00000166068.13,0.042055368613249,0.5608151733274368
middle500,SPRR3,ENSG00000163209.15,0.0004299753665611,8.304113702807696
middle500,SPRTN,ENSG00000010072.16,0.090731289151767,0.5233046416213865
middle500,SPTLC2,ENSG00000100596.8,0.0476358680129316,0.9032785583651732
middle500,SRCAP,ENSG00000080603.17,0.0665077635887197,0.29926731534585854
middle500,SREK1IP1,ENSG00000153006.16,0.0735071174195129,0.9875410060030368
middle500,SRPX2,ENSG00000102359.9,0.0097576734130157,1.697370010512406
middle500,SSH1,ENSG00000084112.15,0.0147507356522904,1.0985275322475108
middle500,STARD5,ENSG00000172345.14,0.056198350919452,3.048656213070068
middle500,STK26,ENSG00000134602.16,0.0669097900843755,1.3379221121412896
middle500,STK32C,ENSG00000165752.17,0.0029475963366838,1.4706025390566415
middle500,SUCNR1,ENSG00000198829.6,0.0017795710930186,1.4296501794502097
middle500,SYDE1,ENSG00000105137.13,0.0193392156219899,3.2756128828546465
middle500,SYNGR1,ENSG00000100321.15,0.0055528249665508,2.357989523894115
middle500,SYNJ1,ENSG00000159082.18,0.0150480476268319,1.6304943089420376
middle500,TAMM41,ENSG00000144559.11,0.0443589219954103,2.5264647856328724
middle500,TBCE,ENSG00000284770.2,0.0127133333548564,0.7715084935110126
middle500,TCF7,ENSG00000081059.20,0.0079917169504949,1.4593290210547623
middle500,TCFL5,ENSG00000101190.13,0.0233611377471064,1.4375515934610457
middle500,TCHP,ENSG00000139437.18,0.009856365610363,1.6890846360845153
middle500,TCTN1,ENSG00000204852.17,0.0180508232861943,0.8732616662676232
middle500,TESC,ENSG00000088992.18,0.0546099275633311,1.5534517841065045
middle500,TFAP4,ENSG00000090447.12,0.013836538001844,0.5711614409075262
middle500,TGFBRAP1,ENSG00000135966.14,0.0915499195651413,0.6784946597854115
middle500,THG1L,ENSG00000113272.14,0.0681196900412746,1.1290133889468503
middle500,TLE4,ENSG00000106829.21,0.0410148844204992,0.6183238694980745
middle500,TMCO4,ENSG00000162542.14,0.0089439030072197,0.6910708133604335
middle500,TMED6,ENSG00000157315.5,0.0339134874656122,3.2437873809263813
middle500,TMEM185B,ENSG00000226479.4,0.2760186002700018,0.620555763210158
middle500,TMEM260,ENSG00000070269.14,3.146308761794255e-05,0.7573047830159955
middle500,TMEM268,ENSG00000157693.15,0.0050417084855496,0.7857172034323678
middle500,TMEM276-ZFTRAF1,ENSG00000291316.1,0.218143871975289,1.3703086625724201
middle500,TMEM65,ENSG00000164983.9,0.0431808955071674,0.6500124511452617
middle500,TNFAIP8L2,ENSG00000163154.6,0.0075103097864436,1.5954882654442906
middle500,TNFRSF10A,ENSG00000104689.10,0.023806607415733,1.0949152839263767
middle500,TNFSF13B,ENSG00000102524.12,0.0242324313262914,1.3258886211876064
middle500,TNRC6B,ENSG00000100354.22,0.0253731862659794,0.7816189338285915
middle500,TOX3,ENSG00000103460.17,0.0166523727421302,0.9079187811981281
middle500,TRAF3IP1,ENSG00000204104.12,0.0091555192027268,0.6656878656201154
middle500,TRAF3IP3,ENSG00000009790.15,0.0059293602791254,1.4843744480349332
middle500,TRBJ1-4,ENSG00000281958.1,0.0031251914499402,2.231726716376672
middle500,TRBJ2-3,ENSG00000211767.1,0.0071295631718438,2.6640364149743787
middle500,TRIM34,ENSG00000258659.7,0.0010528115096771,2.1950728141119873
middle500,TRIM38,ENSG00000112343.11,0.0385304542359899,1.2301037175989973
middle500,TRMT6,ENSG00000089195.15,0.0252242953095457,0.7034817463535799
middle500,TRRAP,ENSG00000196367.15,0.0098501477258196,0.440685276660257
middle500,TTC12,ENSG00000149292.17,0.018789163067949,2.687398004584097
middle500,TTLL11,ENSG00000175764.17,0.0209663617461522,2.3880789472989616
middle500,UBAP2,ENSG00000137073.24,0.0150923873180435,0.5502756514164343
middle500,UBXN10,ENSG00000162543.6,0.0018705278523294,3.287034541165395
middle500,UBXN2A,ENSG00000173960.14,0.0189197678566643,0.9539753386441504
middle500,URB1,ENSG00000142207.7,0.0513274816933208,0.6421482025193956
middle500,USP31,ENSG00000103404.15,0.0177584295091345,0.755311692558855
middle500,VAV1,ENSG00000141968.8,0.0218246667761481,1.110548381024331
middle500,VRK1,ENSG00000100749.9,0.0256075303554442,0.49189316402715344
middle500,VSIG10,ENSG00000176834.14,0.0464943998318597,1.007233731264177
middle500,VSIR,ENSG00000107738.20,0.0342411483091516,1.567074505535803
middle500,WDR5B,ENSG00000196981.4,0.1023226426679234,1.6578730116189513
middle500,XCL2,ENSG00000143185.4,0.0027307094082001,2.4661020000648364
middle500,XRCC4,ENSG00000152422.16,0.025728580265763,0.22905045833998147
middle500,XRRA1,ENSG00000166435.17,0.0327092278474079,0.9021968705024274
middle500,YOD1,ENSG00000180667.11,0.1090208600384388,0.2709910827578404
middle500,ZBTB20,ENSG00000181722.18,0.0132294406547275,0.7656872275993637
middle500,ZC4H2,ENSG00000126970.17,0.0198656779164663,1.6921873499253919
middle500,ZDHHC11,ENSG00000188818.13,0.0045135419865126,2.319293868169408
middle500,ZDHHC24,ENSG00000174165.8,0.0735338633337911,0.5898361029412542
middle500,ZFC3H1,ENSG00000133858.17,0.1306539478574525,0.4718555277412607
middle500,ZFP64,ENSG00000020256.20,0.0136311083006436,1.0484744977711242
middle500,ZFP90,ENSG00000184939.16,0.0027719352769571,2.758027761839224
middle500,ZNF134,ENSG00000213762.12,0.0201475198945432,0.7810170906573312
middle500,ZNF182,ENSG00000147118.12,0.0167641561485514,1.7801253046505356
middle500,ZNF197,ENSG00000186448.15,0.0064938163336223,1.8256988502181015
middle500,ZNF202,ENSG00000166261.11,0.0159777789887999,0.6560656271585148
middle500,ZNF260,ENSG00000254004.7,0.0048314037769325,0.6588273451384645
middle500,ZNF264,ENSG00000083844.11,0.0436264894648829,0.8420668380478519
middle500,ZNF326,ENSG00000162664.17,0.0436446245418015,0.8370400699789624
middle500,ZNF334,ENSG00000198185.12,0.0090420354378975,0.8783911488480387
middle500,ZNF350,ENSG00000256683.7,0.0060138125067242,1.6766767893432966
middle500,ZNF354A,ENSG00000169131.13,0.0198876126377993,2.510340819393974
middle500,ZNF37A,ENSG00000075407.19,0.0419260196607815,1.4174462224677242
middle500,ZNF429,ENSG00000197013.11,0.0319312951188231,1.1495967054064535
middle500,ZNF438,ENSG00000183621.15,0.0127339728461662,0.6876099424869239
middle500,ZNF445,ENSG00000185219.18,0.0073725568717354,0.974799496665806
middle500,ZNF45,ENSG00000124459.12,0.022486139299322,1.255805958864215
middle500,ZNF566,ENSG00000186017.16,0.0530543086986228,0.0984196681640822
middle500,ZNF598,ENSG00000167962.15,0.035499756289009,0.6020580607359381
middle500,ZNF618,ENSG00000157657.15,0.0071735670773491,1.4677744104573933
middle500,ZNF623,ENSG00000183309.12,0.0208910665653426,0.5980126104634008
middle500,ZNF626,ENSG00000188171.17,0.0229929578012892,1.3283875219672843
middle500,ZNF628,ENSG00000197483.11,0.0045078567847687,1.1742035946110085
middle500,ZNF668,ENSG00000167394.13,0.0476654046854853,0.5993269169583597
middle500,ZNF710,ENSG00000140548.10,0.0113477886239403,0.5262550649988167
middle500,ZNF761,ENSG00000160336.17,0.0220699845319349,1.318881492817399
middle500,ZNF766,ENSG00000196214.11,0.0113253913443125,0.7475342238996061
middle500,ZNF91,ENSG00000167232.14,0.0314385656648841,1.4460277177097376
middle500,ZSCAN29,ENSG00000140265.14,0.0644151723180952,0.9450532528915309
middle500,ZSCAN31,ENSG00000235109.8,0.0155191368275281,0.9684901654479723
middle500,ZSCAN32,ENSG00000140987.21,0.0243607729978783,0.5615118825824469
middle500,ZWILCH,ENSG00000174442.12,0.3449107631004364,1.15021487629794
top500,A2M,ENSG00000175899.15,1.406837029431469,0.6081430614336331
top500,AADAC,ENSG00000114771.14,0.7021344650946766,4.271855215256978
top500,ACAA1,ENSG00000060971.19,0.6077098403882356,0.35768900123640746
top500,ACAA2,ENSG00000167315.18,0.2669130092480377,0.34115276546683504
top500,ACADVL,ENSG00000072778.20,0.0002120096241456,1.4116360466128184
top500,ACAT1,ENSG00000075239.14,0.0010726471637712,2.5209143532760176
top500,ACSL1,ENSG00000151726.16,0.1690837503600585,0.5202439663835507
top500,ACSM2B,ENSG00000066813.14,0.4193819453594516,0.6626932848320296
top500,ACTB,ENSG00000075624.17,8.814774645841748,0.17864463328620742
top500,ACTG1,ENSG00000184009.13,0.3543117002551529,0.20983219612348514
top500,ADH1A,ENSG00000187758.8,0.3102555020316525,1.382674538457762
top500,ADH1B,ENSG00000196616.15,0.9765086000158142,1.100153966493091
top500,ADH1C,ENSG00000248144.6,0.1983711503599421,1.311146737721325
top500,ADH4,ENSG00000198099.10,0.9165398182983197,0.6775132858968842
top500,ADH6,ENSG00000172955.17,0.1836870372944659,0.9469547007136736
top500,ADI1,ENSG00000182551.14,0.3155218167651805,0.8163739785398864
top500,AFM,ENSG00000079557.5,0.1655472631910031,4.432361112012263
top500,AGPAT2,ENSG00000169692.14,0.371696969113563,0.7123152299769597
top500,AGT,ENSG00000135744.9,0.2666050251137263,0.4711790345389842
top500,AGXT,ENSG00000172482.5,3.8080290965434855,0.45702230451919834
top500,AHSG,ENSG00000145192.13,4.909258800233233,2.4049806243788145
top500,AKR1C1,ENSG00000187134.14,0.7982229569509885,1.1510997170457309
top500,AKR1C2,ENSG00000151632.18,0.6454978065074389,1.2281542116670439
top500,AKR1C4,ENSG00000198610.11,0.2375828338268497,0.45280299111796884
top500,AKR1D1,ENSG00000122787.15,0.1063042642036736,1.8011829644374848
top500,ALAS1,ENSG00000023330.15,0.4985487372875536,0.6771427602708902
top500,ALB,ENSG00000163631.19,0.0021959478051863,-0.700647482840226
top500,ALDH1A1,ENSG00000165092.13,0.4288793343538236,0.8042364174272963
top500,ALDH2,ENSG00000111275.13,0.5651347796678404,0.515521123848926
top500,ALDH4A1,ENSG00000159423.17,0.1057978334473459,1.223573724296048
top500,ALDOB,ENSG00000136872.21,0.686549147662844,0.789445513676767
top500,AMBP,ENSG00000106927.12,7.29452382692901,0.8892306289435504
top500,ANG,ENSG00000214274.10,0.7599007980253244,0.39266374427478
top500,ANGPTL3,ENSG00000132855.5,1.1038065174638592,1.717854224376721
top500,ANGPTL8,ENSG00000130173.14,0.0329025214755077,0.5239430574384351
top500,AOX1,ENSG00000138356.14,0.2232825406728104,0.4984700684536068
top500,APCS,ENSG00000132703.4,5.637515202240379,3.1783088295654975
top500,APOA1,ENSG00000118137.10,30.943995912542025,0.8077723184317168
top500,APOA2,ENSG00000158874.11,14.04099266648064,0.6634895460040515
top500,APOA5,ENSG00000110243.12,4.472868822043879,0.7370367601682056
top500,APOB,ENSG00000084674.15,2.3640387076214124,0.4833252511685441
top500,APOC1,ENSG00000130208.10,3.045151573294929,0.4821668043298982
top500,APOC2,ENSG00000234906.11,2.2795578831783345,0.5004622899742002
top500,APOC3,ENSG00000110245.12,4.349003871053514,0.2788196199469764
top500,APOC4,ENSG00000267467.4,0.3147955137044799,0.6381669240508836
top500,APOC4-APOC2,ENSG00000224916.9,0.2245828481869808,0.5867807713303378
top500,APOE,ENSG00000130203.10,3.0023793922328337,1.00116281892889
top500,APOF,ENSG00000175336.10,1.769195138020094,0.39832007114983603
top500,APOH,ENSG00000091583.11,4.651127694648572,0.7135487953500584
top500,APOM,ENSG00000204444.11,0.057782562392367,0.43183624896819983
top500,AQP9,ENSG00000103569.11,0.2570859752058496,0.771974954988035
top500,ARG1,ENSG00000118520.16,1.0931919426671614e-05,2.5350774317182205
top500,ASGR1,ENSG00000141505.12,1.3364297095501534,1.465696188357014
top500,ASGR2,ENSG00000161944.17,1.1459751085451242,3.315857468308104
top500,ASL,ENSG00000126522.17,0.2866965855729744,1.6347567005680208
top500,ASS1,ENSG00000130707.18,0.138907343555504,0.8590326509977863
top500,ATF4,ENSG00000128272.18,0.9633540187112036,0.2435578485838057
top500,ATF5,ENSG00000169136.13,0.1918308573227124,0.5574856153725938
top500,ATP5F1A,ENSG00000152234.16,0.503304035721655,0.7074172471160237
top500,ATP5F1B,ENSG00000110955.9,2.951973253769357,1.0318407920120516
top500,ATP5F1D,ENSG00000099624.8,0.6117846242270946,0.7458378230955098
top500,ATP5MC2,ENSG00000135390.21,0.0654773650526265,0.7363736364357072
top500,ATP5MC3,ENSG00000154518.10,0.848288615659743,1.1731700664035432
top500,ATP5ME,ENSG00000169020.10,0.8370134670972963,1.396902717758215
top500,ATP5MF,ENSG00000241468.8,0.1155163943959972,0.6174194913446455
top500,ATP5MK,ENSG00000173915.16,0.2098507143271651,0.7973294622773329
top500,ATP5PD,ENSG00000167863.12,0.0799091945739921,1.2442494234230466
top500,ATP5PF,ENSG00000154723.13,0.1628837988589377,0.3861037164456191
top500,ATP5PO,ENSG00000241837.7,0.3173660455043252,0.802001716437594
top500,AZGP1,ENSG00000160862.13,0.762568177121049,1.7922109150955432
top500,B2M,ENSG00000166710.23,1.330399689999138,0.761837512623939
top500,BAAT,ENSG00000136881.12,0.2683886142111933,0.4830195749081951
top500,BCHE,ENSG00000114200.10,0.0108975339260367,2.0199012137787697
top500,BGN,ENSG00000182492.16,0.0602330371367876,3.0027346547808924
top500,BHMT,ENSG00000145692.15,0.242890993118445,2.0485390402604944
top500,BHMT2,ENSG00000132840.10,0.139421153041727,1.1820926959332974
top500,BTF3,ENSG00000145741.17,0.5423990357296417,0.3692284595973447
top500,C1R,ENSG00000159403.18,1.4762581454449215,0.9937002735842254
top500,C1S,ENSG00000182326.17,0.0172529803368783,0.7245704349637585
top500,C2,ENSG00000166278.16,0.0152790831715566,1.9558318407813704
top500,C3,ENSG00000125730.18,5.965270688430459,0.5891100585559754
top500,C4BPA,ENSG00000123838.11,0.4339715784354616,4.653417789871411
top500,C4BPB,ENSG00000123843.13,1.2793503044498848,1.3649436150192842
top500,C5,ENSG00000106804.10,0.0045032752892336,0.8644906593820632
top500,C6,ENSG00000039537.16,0.2759690539835195,1.5083876931744553
top500,C8A,ENSG00000157131.12,0.5155793389625613,2.536236216830405
top500,C8B,ENSG00000021852.14,0.5660123281987183,0.3922169599784519
top500,C8G,ENSG00000176919.13,2.6526347589941706,2.28864807098213
top500,C9,ENSG00000113600.12,0.3911354324275987,2.2432783605567246
top500,CALM2,ENSG00000143933.20,0.245848081971663,0.707370346859007
top500,CALR,ENSG00000179218.15,4.666949140720317,1.531851245160836
top500,CAT,ENSG00000121691.7,0.331658327952648,0.6047017445250348
top500,CD14,ENSG00000170458.15,2.3433809864375035,0.8180333885160073
top500,CD63,ENSG00000135404.12,3.4336054999858328,0.8100795804665839
top500,CD74,ENSG00000019582.17,0.3689570719432983,2.2365541172833527
top500,CD81,ENSG00000110651.13,0.0662618429843225,0.7866937194532766
top500,CDO1,ENSG00000129596.5,0.5348108778435727,1.3923874985137297
top500,CEBPD,ENSG00000221869.5,1.0352481586704536,0.7439192566333706
top500,CERS2,ENSG00000143418.20,1.3776255198183691,0.47405808517884757
top500,CES1,ENSG00000198848.13,0.4862077691391548,0.7820484044898134
top500,CFB,ENSG00000243649.10,9.438216577040636,0.8086750758294725
top500,CFH,ENSG00000000971.17,0.3740214145504337,0.6551809893870284
top500,CFHR1,ENSG00000244414.8,0.3282833779979465,0.9711454729052748
top500,CFHR2,ENSG00000080910.14,0.3375895729683085,0.3730247713390312
top500,CFHR3,ENSG00000116785.15,0.415520737188032,0.9392394073456052
top500,CFI,ENSG00000205403.15,0.3665071523331753,4.9331873394903605
top500,CFL1,ENSG00000172757.13,0.700940784370761,0.5138440947884255
top500,CHCHD10,ENSG00000250479.9,0.8020702769897122,1.306876266658432
top500,CHI3L1,ENSG00000133048.13,0.5227688677103618,2.4389345044598127
top500,CIDEB,ENSG00000136305.12,0.5808485012535929,0.638352279345809
top500,CLU,ENSG00000120885.22,0.1820145695770783,1.1356487124231422
top500,CNBP,ENSG00000169714.17,0.3219257983030334,0.7341395293955116
top500,COL18A1,ENSG00000182871.16,0.0907653942851623,1.2134694142023874
top500,COX4I1,ENSG00000131143.10,0.2561111245111339,0.20194591484015834
top500,COX5B,ENSG00000135940.7,2.814299325507175,2.1421835471785906
top500,COX6A1,ENSG00000111775.3,1.1556642041235274,0.38664591333737536
top500,COX6B1,ENSG00000126267.11,0.2263257830114098,0.7428353827707456
top500,COX7A2,ENSG00000112695.13,0.0040242493296626,0.20634120146246596
top500,COX7C,ENSG00000127184.13,2.490152766694011,1.9560156184841757
top500,COX8A,ENSG00000176340.4,2.557619504394069,1.0131212818230668
top500,CP,ENSG00000047457.14,3.145125421118679,0.1720399581961454
top500,CPB2,ENSG00000080618.17,0.5804106682591127,1.8990673528626683
top500,CPS1,ENSG00000021826.18,0.0156928952640118,0.8289478727762049
top500,CREB3L3,ENSG00000060566.14,0.4415460109243907,2.3711438624023544
top500,CRP,ENSG00000132693.12,11.282745889367774,1.3093201541645363
top500,CST3,ENSG00000101439.9,2.4756314988807184,1.1689432231899965
top500,CSTB,ENSG00000160213.10,0.7169092041634674,2.7349702886149796
top500,CTSB,ENSG00000164733.23,1.0562943809183205,0.24635565063573575
top500,CTSD,ENSG00000117984.15,0.4236191761550279,1.340999312551498
top500,CXCL2,ENSG00000081041.9,0.7671888622851867,1.5429099057849183
top500,CYB5A,ENSG00000166347.19,1.2656918090799891,0.7424520775150222
top500,CYP1A2,ENSG00000140505.7,0.9197812663410008,2.951530650456688
top500,CYP27A1,ENSG00000135929.9,0.3684658966868517,1.190968476598821
top500,CYP2A6,ENSG00000255974.8,1.2203413598002926,1.5436322946990162
top500,CYP2B6,ENSG00000197408.10,0.4754666067516466,3.5189384768468077
top500,CYP2C8,ENSG00000138115.15,1.5214645705163097,0.49090227162185823
top500,CYP2C9,ENSG00000138109.11,2.363084486243348,1.1501989401192867
top500,CYP2D6,ENSG00000100197.23,0.4531033201375763,1.7559867856852291
top500,CYP3A4,ENSG00000160868.16,0.4172864310256563,0.7886315199877539
top500,CYP4A11,ENSG00000187048.14,0.4383865470445465,0.6825168309402837
top500,CYP8B1,ENSG00000180432.6,3.2251072257873887,0.8857527168824119
top500,DBI,ENSG00000155368.18,1.090897207231948,1.0587412567063486
top500,DCN,ENSG00000011465.18,0.1105050547019643,1.9060484059325744
top500,DCXR,ENSG00000169738.8,2.977342859658846,0.6709610632490391
top500,DDT,ENSG00000099977.16,0.0019425325912529,3.116979063792998
top500,DEFB1,ENSG00000164825.4,0.3231128149661314,3.764209905602873
top500,DHCR24,ENSG00000116133.13,1.241855033896924,0.6557524452170163
top500,DPYS,ENSG00000147647.13,0.5633106148661072,0.9764235594065649
top500,DUSP1,ENSG00000120129.6,1.61195155705828,0.5132919619615588
top500,ECH1,ENSG00000104823.9,1.0198717087887132,1.6602896865415022
top500,ECI2,ENSG00000198721.13,0.4400617863598133,0.7778144750623316
top500,EDF1,ENSG00000107223.13,0.4134999605546,1.228672551099091
top500,EEF1A1,ENSG00000156508.19,0.954357604349612,0.07871558534737956
top500,EEF1B2,ENSG00000114942.15,1.5079315366996413,0.3528035965731066
top500,EEF1D,ENSG00000104529.19,0.1514791290154012,0.7334569231567534
top500,EEF1G,ENSG00000254772.10,1.0844091970622811,0.5583878167646332
top500,EEF2,ENSG00000167658.16,12.512784762590275,0.12579278036988253
top500,EFNA1,ENSG00000169242.12,0.2137125256875351,0.6802167158703826
top500,EIF5A,ENSG00000132507.18,0.2074752577667741,0.228742462690839
top500,ENO1,ENSG00000074800.16,0.4978909309154886,0.6373942946569537
top500,EPHX1,ENSG00000143819.13,0.0986636323992594,1.2205262976587676
top500,ERRFI1,ENSG00000116285.13,0.1872488166266338,0.6378873206256063
top500,ETFB,ENSG00000105379.10,0.0474406951647504,0.3795233232103359
top500,F12,ENSG00000131187.11,0.5258112866662695,0.9143457641532838
top500,F2,ENSG00000180210.15,3.019260906658202,1.5834184237416462
top500,F9,ENSG00000101981.12,0.2529337723390442,1.6283652357354441
top500,FABP1,ENSG00000163586.10,4.0106628064879635,1.202596092655809
top500,FAU,ENSG00000149806.11,2.8985235768978037,1.2662744233267664
top500,FBP1,ENSG00000165140.12,0.7969242965719218,0.7620329572870007
top500,FCGRT,ENSG00000104870.13,1.4775134210495444,0.6727477099255336
top500,FGA,ENSG00000171560.18,8.65509403734744,1.4948761762967802
top500,FGB,ENSG00000171564.12,2.933857337873121,0.8743119845826417
top500,FGG,ENSG00000171557.17,11.41432873695427,0.37597529414568426
top500,FGL1,ENSG00000104760.17,0.1223566998722731,1.17910198081621
top500,FMO3,ENSG00000007933.13,0.6877368291814973,1.1226388692570277
top500,FMO5,ENSG00000131781.13,0.2501228966484921,1.1796049801475221
top500,FN1,ENSG00000115414.21,1.3792537424705926,0.7061619989316237
top500,FTCD,ENSG00000160282.15,0.4208470111157107,0.5665279147233456
top500,FTH1,ENSG00000167996.16,6.062477562975349,0.46373089589299893
top500,FTL,ENSG00000087086.15,44.69634557760136,0.9131640006906356
top500,FXYD1,ENSG00000266964.6,0.2138695987593995,1.59471800117475
top500,G0S2,ENSG00000123689.6,2.765202887945351,1.3795452969101003
top500,GABARAP,ENSG00000170296.10,3.009883445530626,0.4968413452094207
top500,GADD45B,ENSG00000099860.9,0.6910197051139146,1.347506373996251
top500,GAMT,ENSG00000130005.13,0.7844310758198875,0.6341274761874732
top500,GAPDH,ENSG00000111640.15,1.383654686686179,0.4705759827404863
top500,GATM,ENSG00000171766.17,0.8598376713245598,0.8582611832634218
top500,GC,ENSG00000145321.13,0.0008389070427716,1.6519298183044464
top500,GCHFR,ENSG00000137880.6,0.339476696215182,0.7708033564878956
top500,GJB1,ENSG00000169562.13,1.9878917075901457e-05,0.8672421529114179
top500,GLUD1,ENSG00000148672.10,0.7927865624847716,0.6278897182614344
top500,GLYAT,ENSG00000149124.11,0.2353347197360002,0.8565160228188353
top500,GLYATL1,ENSG00000166840.14,0.0511507324344921,1.3488199623437656
top500,GNAS,ENSG00000087460.29,0.0050091732429034,3.8540257433709497
top500,GPX1,ENSG00000233276.9,6.506281641297744,0.4852881604526035
top500,GPX2,ENSG00000176153.13,0.5871295849502082,2.379812931751212
top500,GPX3,ENSG00000211445.13,1.0695281524782547,1.1898782277479716
top500,GPX4,ENSG00000167468.20,2.436331664569664,0.7858046752420623
top500,GRHPR,ENSG00000137106.18,0.2431663131575817,0.9774168026840209
top500,GRINA,ENSG00000178719.17,0.602128374688796,0.9702554932674474
top500,GSTA1,ENSG00000243955.6,0.3222890438600886,1.6191259636762694
top500,GSTA2,ENSG00000244067.3,0.070196412597449,1.7805528394873669
top500,GSTK1,ENSG00000197448.14,0.0003278391994357,2.34596469635629
top500,GSTM1,ENSG00000134184.13,0.2759490833524405,2.3276085708694074
top500,GSTO1,ENSG00000148834.13,0.4843715002410667,0.5756083711990376
top500,H3-3A,ENSG00000163041.13,0.0504564710444727,0.17327150905375371
top500,H3-3B,ENSG00000132475.10,4.949675487493983,0.48395884069817596
top500,HABP2,ENSG00000148702.15,0.0017205770476245,1.9473803334094926
top500,HAMP,ENSG00000105697.9,1.63404623055611,0.4243515969990544
top500,HAO1,ENSG00000101323.5,0.4025349116200844,4.735334422283194
top500,HAO2,ENSG00000116882.15,0.057325399389746,1.373900541369253
top500,HBB,ENSG00000244734.4,2.5692191718047357,2.529772200933122
top500,HGD,ENSG00000113924.12,0.3293023132080139,1.1225716130238494
top500,HINT1,ENSG00000169567.13,1.0818788789651557,0.7924237253810169
top500,HLA-A,ENSG00000206503.15,1.502911087195992,0.49168451909671707
top500,HLA-B,ENSG00000234745.14,4.788505862054019,1.530525666943831
top500,HLA-C,ENSG00000204525.18,3.8136364615187985,1.3506577750254594
top500,HMGCS1,ENSG00000112972.15,0.0754813385647763,1.498566700216565
top500,HMGCS2,ENSG00000134240.12,0.5426133132655998,1.3577120774837854
top500,HP,ENSG00000257017.10,2.3940324774225346,0.2744223092404903
top500,HPD,ENSG00000158104.11,1.7100424222287502,0.93555347491936
top500,HPN,ENSG00000105707.15,0.5198818879912895,0.7063521388664399
top500,HPR,ENSG00000261701.9,0.3979622762540693,2.1060508965392235
top500,HPX,ENSG00000110169.12,4.290722740279489,1.4531622621486195
top500,HRG,ENSG00000113905.5,0.7072682861714504,3.292334445897852
top500,HSD11B1,ENSG00000117594.10,0.0005671891663076,3.0072306581921486
top500,HSD17B13,ENSG00000170509.12,0.1160258205991918,1.4565799953810858
top500,HSD17B6,ENSG00000025423.11,0.0117737677056092,1.1499647136533349
top500,HSP90AA1,ENSG00000080824.19,2.244876581321684,0.8049423191950681
top500,HSP90AB1,ENSG00000096384.20,0.3738506646234225,0.47697475053758726
top500,HSP90B1,ENSG00000166598.16,0.9391991956095112,0.5955143313399438
top500,HSPA1A,ENSG00000204389.10,0.5118287411142428,1.2953682563226425
top500,HSPA1B,ENSG00000204388.7,0.4855854852312974,1.371191085569675
top500,HSPA8,ENSG00000109971.14,4.752759064295625,0.4673436734372985
top500,HSPB1,ENSG00000106211.10,2.142178453923409,1.6318502011675118
top500,HSPD1,ENSG00000144381.18,1.1789449672569663,0.4015669321805744
top500,HSPE1,ENSG00000115541.11,0.9797766274396036,0.36199237059883943
top500,ID2,ENSG00000115738.10,0.0105319301701978,0.5929028467010006
top500,IDH1,ENSG00000138413.14,0.517564427084916,0.7812714878929217
top500,IGF2,ENSG00000167244.22,0.6428088772240296,0.6309046942793586
top500,IGFBP1,ENSG00000146678.10,2.814607648882063,0.9181766886869849
top500,IGFBP2,ENSG00000115457.10,0.2500588118259187,0.8542293815535911
top500,IGFBP3,ENSG00000146674.16,0.2748695907253521,1.705491129643541
top500,IGFBP4,ENSG00000141753.7,0.7333641194630673,1.2240654740842163
top500,IGKC,ENSG00000211592.8,1.279300200256255,0.3713661773910479
top500,IGLC2,ENSG00000211677.2,0.644254121292852,0.6015883189450077
top500,IL32,ENSG00000008517.19,0.2690256216941074,1.6730726734871353
top500,INSIG1,ENSG00000186480.13,0.5566488380220257,0.827232505458283
top500,ITIH1,ENSG00000055957.11,2.148609543118806,1.3127115962999982
top500,ITIH2,ENSG00000151655.19,1.083591083084073,1.785514614955475
top500,ITIH3,ENSG00000162267.14,2.2588720953306596,1.1550423550054951
top500,ITIH4,ENSG00000055955.17,1.3680456050741547,1.211652571182401
top500,ITM2B,ENSG00000136156.15,0.9359116670799504,0.36241261045773104
top500,KNG1,ENSG00000113889.14,1.3374470145742876,2.143413081452949
top500,KRT18,ENSG00000111057.11,1.4351053352619096,0.8159781884063898
top500,LAPTM4A,ENSG00000068697.7,0.5370865909660747,0.5667669124607193
top500,LBP,ENSG00000129988.6,1.222949056816848,0.6565505766896457
top500,LDHA,ENSG00000134333.15,0.2627119918892025,0.6056511124986508
top500,LEAP2,ENSG00000164406.8,1.811707305717516,1.8485420526174208
top500,LECT2,ENSG00000145826.9,0.0042768991620185,2.0425355083893395
top500,LRG1,ENSG00000171236.10,3.632052328272143,1.268385149188401
top500,LY6E,ENSG00000160932.11,0.0848951482513611,0.944003603825973
top500,MASP2,ENSG00000009724.18,1.7246042903819043,2.152098003277427
top500,MAT1A,ENSG00000151224.13,1.138021423371148,0.7948149607965319
top500,MCL1,ENSG00000143384.14,0.93965911245501,0.5549436494197579
top500,MGST1,ENSG00000008394.13,0.4032113648306119,0.6742222961445857
top500,MGST2,ENSG00000085871.9,0.3236909557543903,0.5948077917096605
top500,MIF,ENSG00000240972.2,3.3690898977576977,1.1587675671624467
top500,MLXIPL,ENSG00000009950.16,0.6520101376437132,0.5555747185241873
top500,MPC1,ENSG00000060762.20,0.2578039409590886,0.5739227709631518
top500,MPST,ENSG00000128309.18,0.6533385527404082,0.6156838573581702
top500,MRPL41,ENSG00000182154.8,1.5333352738457633,1.1741197473158274
top500,MSMO1,ENSG00000052802.13,0.1425862627124564,1.0859548292226684
top500,MST1,ENSG00000173531.16,4.028478314635615,0.4526566594459766
top500,MT1A,ENSG00000205362.11,0.585746867452315,2.3264205654616297
top500,MT1E,ENSG00000169715.15,1.7236135429135295,0.9631028039615355
top500,MT1F,ENSG00000198417.7,0.8741946473735821,1.3866915378781601
top500,MT1G,ENSG00000125144.14,4.87224086622273,1.3134248745352481
top500,MT1H,ENSG00000205358.4,1.1371339149245503,1.4733705617203536
top500,MT1M,ENSG00000205364.4,0.6351429164439277,1.9876609417842748
top500,MT1X,ENSG00000187193.9,3.251708618902891,1.787654283294606
top500,MT2A,ENSG00000125148.7,4.503110880154,1.5725780887995233
top500,MYL12A,ENSG00000101608.13,0.3534478219816468,0.32043897283996275
top500,MYL12B,ENSG00000118680.14,0.2995726441896072,0.1970794174662599
top500,MYL6,ENSG00000092841.19,2.8146266889819933,0.8196389608951702
top500,NACA,ENSG00000196531.14,0.7106913612910452,0.8435556288994431
top500,NDRG2,ENSG00000165795.25,0.1702805347079576,1.0100944686890099
top500,NDUFA1,ENSG00000125356.7,1.0905499821658369,0.5848897533373892
top500,NDUFA13,ENSG00000186010.19,0.2984296061700059,0.47831537308904715
top500,NDUFB1,ENSG00000183648.11,0.144034706295408,0.8791450894515311
top500,NDUFS5,ENSG00000168653.11,0.1448272523084177,0.409886704985644
top500,NDUFV2,ENSG00000178127.13,0.1748311521112546,0.7226357924897318
top500,NHERF2,ENSG00000065054.14,0.0476986908653443,1.2047042237734047
top500,NME2,ENSG00000243678.12,0.9872625878202234,0.6611152934074933
top500,OAF,ENSG00000184232.9,0.268451844370684,1.1719598151509838
top500,ORM1,ENSG00000229314.6,14.816859709210824,0.6716568536840652
top500,ORM2,ENSG00000228278.5,9.132727897257585,0.7014076687639739
top500,OST4,ENSG00000228474.6,1.5047118971421416,1.4645613722727135
top500,P4HB,ENSG00000185624.16,2.3348612564691633,0.6466742551558111
top500,PAH,ENSG00000171759.10,0.5082776909777098,0.48420540487334623
top500,PARK7,ENSG00000116288.13,0.0016011367795229,2.47818141306914
top500,PCBD1,ENSG00000166228.9,0.0801931749063319,1.1632867113476286
top500,PCBP2,ENSG00000197111.16,0.0479803218013652,0.21617323649061998
top500,PCK1,ENSG00000124253.11,6.737926035833927,0.7655209878330514
top500,PCK2,ENSG00000100889.12,0.2205704484771312,0.8919903589191085
top500,PEBP1,ENSG00000089220.5,2.7946561816767144,0.9751018527020479
top500,PFDN5,ENSG00000123349.15,1.1174462467374917,0.20771141725884326
top500,PFN1,ENSG00000108518.8,3.3067884646007877,0.39548695730433964
top500,PGRMC1,ENSG00000101856.10,0.7445655531483449,0.6397680816217646
top500,PHYH,ENSG00000107537.14,0.1683859464020408,0.8907153104967086
top500,PIPOX,ENSG00000179761.12,0.6165241806554583,1.070719844246354
top500,PLA2G2A,ENSG00000188257.12,1.6955754038076505,2.2178146498829174
top500,PLG,ENSG00000122194.20,0.5322151572408552,0.5800605744352123
top500,PLIN2,ENSG00000147872.10,2.330789077563017,0.562133465822071
top500,PON1,ENSG00000005421.9,0.2502060076360711,0.8656667903169498
top500,PON3,ENSG00000105852.11,0.1261988206574353,1.5604648398636054
top500,PPIA,ENSG00000196262.15,0.4473150333747604,0.7086494048091
top500,PPIB,ENSG00000166794.6,1.107740291186117,0.9076338802657608
top500,PRDX1,ENSG00000117450.15,0.2512898413928575,0.6661319875122368
top500,PRDX3,ENSG00000165672.7,0.3997994269916023,0.622879676277757
top500,PRDX6,ENSG00000117592.9,0.6276226724113667,0.8904254762509405
top500,PROC,ENSG00000115718.18,0.4312903831613508,1.54994016412432
top500,PSAP,ENSG00000197746.15,0.3077182252931802,0.9437784031384611
top500,PTGR1,ENSG00000106853.20,0.2186795701509825,0.5005561938008484
top500,PTMA,ENSG00000187514.17,0.9635695002902938,0.2640340772195285
top500,PTMS,ENSG00000159335.19,0.1571318488360124,0.875003096553983
top500,PTP4A1,ENSG00000112245.14,0.0622184493264029,0.9870736471254307
top500,RARRES2,ENSG00000106538.10,1.3191761719547868,1.8043617328458141
top500,RBP4,ENSG00000138207.15,10.010695563731844,0.5254023107247953
top500,RDH16,ENSG00000139547.8,0.6363887105158526,0.9706575033078949
top500,REEP6,ENSG00000115255.12,0.3675880165194771,1.150228655288181
top500,RGN,ENSG00000130988.13,0.2373112783017212,0.8792601027701348
top500,RHOB,ENSG00000143878.10,2.316248622487843,1.4398922681996305
top500,RIDA,ENSG00000132541.11,0.231677289740983,0.7750789339030177
top500,RNASE4,ENSG00000258818.4,0.7861035048321051,0.4195422131364731
top500,RPL10,ENSG00000147403.18,3.7627958219881426,0.6738821194827203
top500,RPL10A,ENSG00000198755.11,3.24493744130394,0.6277290766124227
top500,RPL11,ENSG00000142676.14,1.3016021399364444,0.21350115915635
top500,RPL12,ENSG00000197958.13,1.6725382543298382,0.8145124429420024
top500,RPL13,ENSG00000167526.14,6.4161882039200195,0.5284312616717052
top500,RPL13A,ENSG00000142541.18,0.1298869654286715,0.23497600670364405
top500,RPL15,ENSG00000174748.22,1.203091019959606,0.10272245376094231
top500,RPL17,ENSG00000265681.8,1.948521638526464,1.2371164942822725
top500,RPL18,ENSG00000063177.13,4.369585151246495,0.31953271423452
top500,RPL18A,ENSG00000105640.13,0.4554018206049043,0.44635550301252325
top500,RPL19,ENSG00000108298.12,1.0980713700618503,0.3921887784965937
top500,RPL21,ENSG00000122026.11,0.1173878954728908,0.39621669414588406
top500,RPL22,ENSG00000116251.11,0.3780488072460238,0.42556990980862824
top500,RPL23,ENSG00000125691.14,2.525341334247896,0.450093896569992
top500,RPL23A,ENSG00000198242.14,0.3506978363988002,0.3758087177479561
top500,RPL24,ENSG00000114391.14,1.2841638978169556,0.7743578766433818
top500,RPL26,ENSG00000161970.15,1.6567653275223648,0.5997067836040431
top500,RPL27,ENSG00000131469.15,2.673719686279195,0.09353911024632218
top500,RPL27A,ENSG00000166441.13,1.566538592593563,0.2345136924838402
top500,RPL28,ENSG00000108107.15,2.061189430768834,1.2834198680747704
top500,RPL29,ENSG00000162244.12,1.997170338171926,2.1122790236732905
top500,RPL3,ENSG00000100316.16,4.9336274210228614,0.22581147781595529
top500,RPL30,ENSG00000156482.11,1.9708069088759503,0.9436880911254066
top500,RPL31,ENSG00000071082.11,1.71145412277939,0.22109804693887306
top500,RPL32,ENSG00000144713.13,1.331511571612506,0.6891035791342559
top500,RPL34,ENSG00000109475.17,1.7545663056455565,1.8192695099484908
top500,RPL35,ENSG00000136942.15,1.984318660600259,1.259329173910869
top500,RPL36,ENSG00000130255.13,0.001396577988395,1.785405684764987
top500,RPL36A,ENSG00000241343.10,0.2680138914417359,0.13048462804068608
top500,RPL37A,ENSG00000197756.10,2.6442606535915822,0.5738431864376017
top500,RPL38,ENSG00000172809.13,0.9150490899276597,0.09359436550358934
top500,RPL39,ENSG00000198918.8,0.1049815107872215,0.8049032483581651
top500,RPL4,ENSG00000174444.15,2.6605628211865553,0.22327068458164503
top500,RPL41,ENSG00000229117.9,1.4895838336913716,0.22155902519125656
top500,RPL5,ENSG00000122406.14,1.3773517185914617,0.31081686092680955
top500,RPL6,ENSG00000089009.16,1.045833818895672,0.7849118552628577
top500,RPL7,ENSG00000147604.14,1.5015745251156696,0.29342019736653796
top500,RPL7A,ENSG00000148303.17,2.1027206005687633,0.29508459141628063
top500,RPL9,ENSG00000163682.17,1.084335765501792,0.5642146810452675
top500,RPLP0,ENSG00000089157.16,3.88250442719361,1.1709283966357802
top500,RPLP1,ENSG00000137818.12,3.712007737260038,1.048392681054581
top500,RPLP2,ENSG00000177600.9,2.4062846006067815,0.27050210685427434
top500,RPS10,ENSG00000124614.17,2.2111097277831924,0.5322926079300302
top500,RPS11,ENSG00000142534.7,5.019244571791275,0.5579687703552245
top500,RPS12,ENSG00000112306.8,2.6619166594591777,0.8424927845998319
top500,RPS13,ENSG00000110700.7,1.0927799494677444,1.1688296865572814
top500,RPS14,ENSG00000164587.13,0.4622874875521988,1.2010198224886985
top500,RPS15,ENSG00000115268.10,1.9640276437592856,0.14386440670263267
top500,RPS15A,ENSG00000134419.15,2.1309811274409243,0.6452661104464648
top500,RPS16,ENSG00000105193.9,1.587291753849869,1.2456838659348874
top500,RPS17,ENSG00000182774.13,2.558532123931952,0.8451919975315104
top500,RPS18,ENSG00000231500.7,1.4616377410632284,0.2633994313261943
top500,RPS19,ENSG00000105372.8,1.5963492349559354,0.37187726322984965
top500,RPS2,ENSG00000140988.16,2.794621271261823,1.0628337361198117
top500,RPS20,ENSG00000008988.11,4.194395158900883,0.6982973032944925
top500,RPS21,ENSG00000171858.18,1.7320341755709203,3.461817803036285
top500,RPS23,ENSG00000186468.13,2.577682778015614,1.2236838632929705
top500,RPS24,ENSG00000138326.21,2.754501190341508,0.14577858126586132
top500,RPS25,ENSG00000118181.11,2.6884840547785225,0.7503051482642951
top500,RPS26,ENSG00000197728.11,0.095204690711275,0.1881239560654798
top500,RPS27,ENSG00000177954.14,0.9150062200571148,0.43261714751579905
top500,RPS27A,ENSG00000143947.15,0.7079103734109299,0.0835167310545236
top500,RPS29,ENSG00000213741.11,3.2379871408601755,0.5026468284161804
top500,RPS3,ENSG00000149273.15,1.5466686182718403,0.20970285958628979
top500,RPS3A,ENSG00000145425.10,1.0441744479874562,0.19376900752353446
top500,RPS4X,ENSG00000198034.11,2.1035697465856766,0.47571302249237407
top500,RPS6,ENSG00000137154.13,6.046834423206437,0.7051402257220671
top500,RPS7,ENSG00000171863.15,1.6519106691522412,0.11219888394070791
top500,RPS8,ENSG00000142937.12,1.7292287140814446,0.3918239019675505
top500,RPS9,ENSG00000170889.14,2.00523072004934,0.40246467852181733
top500,RPSA,ENSG00000168028.15,0.9308869467420814,0.34939485137421156
top500,RTN4,ENSG00000115310.19,0.0769353992470421,0.6236030040539692
top500,SAA1,ENSG00000173432.13,2.824145934453332,1.8447776018782829
top500,SAA2,ENSG00000134339.9,1.49462206435136,0.8195726152649755
top500,SAA4,ENSG00000148965.10,1.9671261396585265,1.0226495767484525
top500,SAT1,ENSG00000130066.17,1.4269630273045697,0.9085850818395808
top500,SC5D,ENSG00000109929.10,0.0220810712092124,2.0905165806910384
top500,SCD,ENSG00000099194.6,1.4803036294839045,1.0622826950837816
top500,SCP2,ENSG00000116171.19,0.1942127284845352,0.7993821501168527
top500,SDC1,ENSG00000115884.11,0.2158596823768942,0.6953590536381017
top500,SDC2,ENSG00000169439.12,0.7717955935588331,0.7707268756875936
top500,SDC4,ENSG00000124145.6,0.2304002446191368,0.8001372032579168
top500,SDHD,ENSG00000204370.14,0.818272635845962,1.4067849899456661
top500,SDS,ENSG00000135094.11,0.4548364233436321,1.4032239475199193
top500,SEC61B,ENSG00000106803.10,0.3284152432280531,0.6472251658393656
top500,SELENOP,ENSG00000250722.6,0.4080612682495714,0.7037589269380153
top500,SEM1,ENSG00000127922.10,0.0002798494800402,3.730026094824832
top500,SEPHS2,ENSG00000179918.19,4.376143509656118,1.5950138680339465
top500,SERF2,ENSG00000140264.22,0.0100230376167783,2.628314814386747
top500,SERPINA1,ENSG00000197249.14,2.25631381054476,0.5824745805052283
top500,SERPINA11,ENSG00000186910.4,0.1212108383737464,0.9564458949632134
top500,SERPINA3,ENSG00000196136.18,0.7447009978183529,1.4626047255517785
top500,SERPINA4,ENSG00000100665.12,0.1279766562977582,2.294832878043037
top500,SERPINA5,ENSG00000188488.14,0.1279766562977582,2.294832878043037
top500,SERPINA6,ENSG00000170099.6,0.2209194504921956,1.4168630834458733
top500,SERPINC1,ENSG00000117601.15,0.9036981416108122,1.0288129576818499
top500,SERPIND1,ENSG00000099937.11,0.0950273676850426,1.0214538448158488
top500,SERPINF1,ENSG00000132386.11,0.2646734253134438,1.5742811824439265
top500,SERPINF2,ENSG00000167711.14,0.4107927141690865,1.5532872412420824
top500,SERPING1,ENSG00000149131.17,0.458550878421861,0.7463949306214491
top500,SHMT1,ENSG00000176974.22,0.1561670256177243,0.5417880938982506
top500,SLC10A1,ENSG00000100652.5,0.4548419087071235,1.356998213807229
top500,SLC13A5,ENSG00000141485.17,0.3388361346461068,1.080934863386515
top500,SLC22A1,ENSG00000175003.15,0.4244151645766232,1.2833331598652304
top500,SLC22A7,ENSG00000137204.15,1.551203958493396,2.2861583587935272
top500,SLC25A3,ENSG00000075415.15,1.1492103014763375,0.37668226828778956
top500,SLC25A47,ENSG00000140107.12,0.2498198021136551,1.9559920243609579
top500,SLC2A2,ENSG00000163581.14,0.3908877843115852,0.5778371765127857
top500,SLC38A4,ENSG00000139209.16,0.0766948632257218,0.7036818399950344
top500,SLC39A14,ENSG00000104635.15,0.2769135656239519,0.7896931327032719
top500,SLCO1B1,ENSG00000134538.3,0.0784072616959794,1.2510602203410375
top500,SOD1,ENSG00000142168.15,0.8713922270905066,0.8195056100231448
top500,SPINK1,ENSG00000164266.11,0.2106480258788147,1.5535093208192394
top500,SPP2,ENSG00000072080.11,0.5764453670344077,8.600982161372121
top500,SQSTM1,ENSG00000161011.20,0.022159006579125,0.8626788868955744
top500,SSR4,ENSG00000180879.14,0.2568032560331726,0.37752898939914226
top500,ST6GAL1,ENSG00000073849.16,0.0667321040542346,0.8701448514782394
top500,STARD10,ENSG00000214530.10,0.740062461598142,0.26245084151370746
top500,SULT2A1,ENSG00000105398.4,0.8099088826090517,1.3461002537464386
top500,TAT,ENSG00000198650.11,2.712409452575365,0.5739519165358536
top500,TDO2,ENSG00000151790.9,0.0035744454035554,3.6626089852849293
top500,TF,ENSG00000091513.16,1.1139876654791074,0.5232290395923059
top500,THRSP,ENSG00000151365.2,0.3906539233140247,1.019045411947469
top500,TIMP1,ENSG00000102265.12,0.2931530063649565,3.4672410539738534
top500,TM4SF4,ENSG00000169903.7,1.19142876169557,2.3389619591396267
top500,TMBIM6,ENSG00000139644.13,0.0008788854088583,1.6939794813435038
top500,TMEM123,ENSG00000152558.15,0.3527075456255786,0.6876918137948539
top500,TMEM176A,ENSG00000002933.9,1.719564809825414,1.0137844870540922
top500,TMEM176B,ENSG00000106565.19,0.8192429604117576,0.9515052785833361
top500,TMEM59,ENSG00000116209.12,0.5890131061373332,0.4831772010449504
top500,TMSB10,ENSG00000034510.6,2.902393041676104,1.3184567803535139
top500,TMSB4X,ENSG00000205542.11,4.6648110544086645,0.47572271588137466
top500,TMT1A,ENSG00000185432.12,0.9950710767660113,0.4759722304451285
top500,TOMM7,ENSG00000196683.12,0.5832288827041651,0.30712481169408956
top500,TPI1,ENSG00000111669.15,1.3586450146845923,0.67673448168641
top500,TPT1,ENSG00000133112.17,10.2178195666492,0.35780624508802245
top500,TST,ENSG00000128311.14,1.4654698373352122,0.7838099283427278
top500,TTR,ENSG00000118271.12,5.0366214636906e-05,1.7727499544538048
top500,TXN,ENSG00000136810.13,0.5727871871952722,0.7549050997579264
top500,UBA52,ENSG00000221983.8,1.4168536428669078,0.09905107709625686
top500,UBB,ENSG00000170315.14,9.171175280823002,0.43683356347325036
top500,UBC,ENSG00000150991.16,4.057599989476824,0.17414963082031285
top500,UBL5,ENSG00000198258.11,0.8884019847327069,0.49434482106601507
top500,UGP2,ENSG00000169764.16,0.3283558464245961,0.659201278078412
top500,UGT1A4,ENSG00000244474.6,0.1821372418227637,1.040812014125715
top500,UGT2B4,ENSG00000156096.15,2.653908296077537,0.48691313126034236
top500,UGT2B7,ENSG00000171234.14,0.0138559150892446,2.1597547516874798
top500,UQCRQ,ENSG00000164405.11,1.670827944988251,1.0353674332516576
top500,VKORC1,ENSG00000167397.15,0.6218666953289581,1.8445538912280672
top500,VTN,ENSG00000109072.14,12.769813924454295,0.9322867743653591
top500,XBP1,ENSG00000100219.17,0.8978434213248828,0.4265045226368214
top500,ZFP36,ENSG00000128016.8,0.6122745868316106,0.990451261511996
