gene,upstream_bp,downstream_bp,window_length_bp,outside_n_seeds,outside_mean_retention,outside_median_retention,outside_sd_retention,outside_min_retention,outside_max_retention,outside_fraction_seeds_ge_0p7,inside_n_seeds,inside_mean_retention,inside_median_retention,inside_sd_retention,inside_min_retention,inside_max_retention,inside_fraction_seeds_ge_0p7,contains_full_minor_motif,passes_mean_criterion,passes_median_criterion
CELSR2,175.0,105.0,281.0,8,0.3592805604140069,0.3471714062767184,0.0800276248425786,0.25784702013421834,0.4609464130599932,0.0,8,0.008888464061773784,0.0073191921283297726,0.008886011836176917,3.19517799649011e-05,0.02776320189584845,0.0,True,False,False
CELSR2,175.0,106.0,282.0,8,0.3668568099387018,0.35112314189129956,0.07730523192651984,0.2669735050175065,0.4609464130599932,0.0,8,0.01021817520307344,0.009084638587964638,0.007465613948904349,9.684178304298144e-05,0.022362717394565704,0.0,True,False,False
CELSR2,175.0,107.0,283.0,8,0.38662831396561503,0.38346891671770067,0.0877272392532904,0.26481033661235237,0.4885212904876224,0.0,8,0.011514685488525904,0.009053001238671522,0.007058225894107903,0.00391658566072096,0.024734743787442514,0.0,True,False,False
CELSR2,175.0,108.0,284.0,8,0.36310657267037766,0.34553761861296256,0.07500011443886502,0.26481033661235237,0.4743118094547255,0.0,8,0.012029929053579955,0.01200379267976541,0.007581917382636765,0.001738142177537137,0.024734743787442514,0.0,True,False,False
CELSR2,175.0,109.0,285.0,8,0.3418533569755746,0.314864184803362,0.08029272028407237,0.23275690271924818,0.44360619464539736,0.0,8,0.011921040456688133,0.010699030393402205,0.005332851898769813,0.0057239177672408995,0.02055630628339932,0.0,True,False,False
CELSR2,175.0,110.0,286.0,8,0.34131071643518135,0.32588421023003167,0.0707342589383473,0.23275690271924818,0.44301869506017777,0.0,8,0.00930246301240226,0.008220236379204333,0.006933307942378074,0.002283254251485562,0.023075356723592733,0.0,True,False,False
CELSR2,175.0,111.0,287.0,8,0.33890648097337195,0.31640481508883256,0.06962671863638888,0.24240577713313247,0.43404922101591503,0.0,8,0.011127976001596521,0.009771503133655058,0.008353174535812052,0.002478059483805341,0.02676522291517672,0.0,True,False,False
CELSR2,175.0,112.0,288.0,8,0.34054026205370663,0.32907224273553753,0.07481090911483286,0.22793203257211783,0.4606822029954469,0.0,8,0.015380453102358497,0.017433810593935287,0.009263660304461487,0.0013666198482768705,0.02676522291517672,0.0,True,False,False
CELSR2,175.0,113.0,289.0,8,0.35159249462151315,0.3300708377603977,0.06902241283742382,0.2591671192222535,0.438583309079927,0.0,8,0.013915325817862551,0.0075766063345975385,0.014654520976676811,0.0010387142404897035,0.04121887305817272,0.0,True,False,False
CELSR2,175.0,114.0,290.0,8,0.3523713736756109,0.340547257378609,0.07069419776582042,0.24509952452773884,0.48580326408439617,0.0,8,0.011549034784684832,0.007964014166038674,0.00957347474185398,8.920059188991927e-05,0.026979047285418657,0.0,True,False,False
CELSR2,175.0,115.0,291.0,8,0.3814537407062262,0.340547257378609,0.12024411231539921,0.2663862589767396,0.6494635844264239,0.0,8,0.010134035568544301,0.00816254151819659,0.008430821293086388,8.920059188991927e-05,0.026979047285418657,0.0,True,False,False
CELSR2,175.0,116.0,292.0,8,0.35547882044217005,0.3295978328165502,0.07439368734828633,0.28270340622314305,0.4915775443283405,0.0,8,0.011876812524012934,0.009469773718340766,0.009989409696290691,0.001389710916564185,0.026979047285418657,0.0,True,False,False
CELSR2,175.0,117.0,293.0,8,0.3505859958357555,0.31725825636840455,0.07706236648839952,0.27539774260492556,0.4891577687093518,0.0,8,0.012615979159385227,0.011566949213488806,0.006158710491138277,0.005450783545699706,0.022919383813925984,0.0,True,False,False
CELSR2,175.0,118.0,294.0,8,0.33287364529800945,0.31311414698153195,0.07219569824560373,0.24964887381699083,0.4652623010755987,0.0,8,0.009645788474178366,0.005943434250209593,0.007973152910738137,0.0034413618955513006,0.022839743128238228,0.0,True,False,False
CELSR2,175.0,119.0,295.0,8,0.3343377914845047,0.3266007909520571,0.07253472521678692,0.24964887381699083,0.4652623010755987,0.0,8,0.00720831170051801,0.006113665865826878,0.006976359385076266,0.00044033053006562747,0.022078576750796313,0.0,True,False,False
CELSR2,175.0,120.0,296.0,8,0.3404888315263898,0.3266007909520571,0.06805342808845535,0.2510456194897166,0.4652623010755987,0.0,8,0.0068637973633841115,0.006113665865826878,0.005178562741021291,0.0005013606742921,0.015786981790958922,0.0,True,False,False
CELSR2,175.0,121.0,297.0,8,0.3529746915093624,0.35894307455401253,0.06452160195311883,0.24969102096670265,0.4652623010755987,0.0,8,0.0067740998235223185,0.0031902984770791386,0.010481744885335204,0.0014205034709861206,0.03247256990325622,0.0,True,False,False
CELSR2,175.0,122.0,298.0,8,0.3437529120251786,0.3301473463531715,0.06932649649205111,0.2435356716041619,0.478197288657199,0.0,8,0.01173871751788116,0.01022373286036222,0.009216540056913755,9.315670797113505e-05,0.028130956399511606,0.0,True,False,False
CELSR2,175.0,123.0,299.0,8,0.3460253880993757,0.3371249188569825,0.0696534605153861,0.23976720217304598,0.465822459939386,0.0,8,0.012387621598643001,0.010783503353947926,0.008456909963593983,0.002799347562454637,0.028130956399511606,0.0,True,False,False
CELSR2,175.0,124.0,300.0,8,0.34436327554101176,0.32171114968600684,0.06606292590024104,0.2809425208328684,0.47130308024694423,0.0,8,0.009921761308897825,0.007368623496622935,0.008693718045166233,0.0018528327726219601,0.02612116106003839,0.0,True,False,False
CELSR2,175.0,125.0,301.0,8,0.3544294657289534,0.3370478101868897,0.06626882252651793,0.28263874325738986,0.48176675517517364,0.0,8,0.008439101029153274,0.007834533042823092,0.006979488600937436,0.0011397391552807445,0.02253140168790805,0.0,True,False,False
CELSR2,175.0,126.0,302.0,8,0.35872164255862177,0.34851815755443993,0.06550831255627271,0.28263874325738986,0.4680883882626179,0.0,8,0.011214037672087562,0.010802789503314906,0.00881794803838757,0.0011397391552807445,0.02253140168790805,0.0,True,False,False
CELSR2,175.0,127.0,303.0,8,0.37400805513167656,0.35097472608638247,0.06581425164582601,0.31534696913339383,0.49556840563856774,0.0,8,0.010231693129247895,0.003920213118826854,0.012469545940256468,0.001874484207943695,0.03483470160385447,0.0,True,False,False
CELSR2,175.0,128.0,304.0,8,0.3815289919997324,0.3553598262903037,0.07232218899246677,0.296219035603768,0.5158098510244215,0.0,8,0.015011804283617826,0.012799151258230492,0.012096454838603866,0.0016693224524134145,0.03483470160385447,0.0,True,False,False
CELSR2,175.0,129.0,305.0,8,0.3837578413051745,0.3581106692839825,0.08017914104195493,0.27180421979769886,0.5051912559530944,0.0,8,0.013680315036023231,0.013399341872139047,0.010838524362660203,0.001752748452900092,0.03483470160385447,0.0,True,False,False
CELSR2,175.0,130.0,306.0,8,0.40636084704840775,0.4064275893122543,0.07975501979387119,0.29472437637036536,0.49513756824644617,0.0,8,0.013973061227624673,0.011618609729388241,0.010937431438303153,0.0003416538638530039,0.03483470160385447,0.0,True,False,False
CELSR2,175.0,131.0,307.0,8,0.4071696923231963,0.3966775159680631,0.08336197165817441,0.29472437637036536,0.5164050963301225,0.0,8,0.013003790761044279,0.011618609729388241,0.010384894560621092,0.0007533943799494694,0.031080905652606742,0.0,True,False,False
CELSR2,175.0,132.0,308.0,8,0.4151577748170242,0.3966775159680631,0.07734180893849837,0.32843775177313583,0.5320742793915593,0.0,8,0.011517656084661149,0.006945052344252085,0.009782872251647506,0.002856113460453357,0.030526579181879253,0.0,True,False,False
CELSR2,175.0,133.0,309.0,8,0.4067635109108976,0.3885197424201998,0.07400517403798658,0.3204245118242454,0.518021865577726,0.0,8,0.010703181731207798,0.00829535403119974,0.010222532042510576,0.00018002195703266456,0.030526579181879253,0.0,True,False,False
CELSR2,175.0,134.0,310.0,8,0.42138913175111875,0.39883839581313385,0.07184718750563969,0.30419729597862777,0.5204965504198531,0.0,8,0.009310988827445568,0.005303281692753865,0.009834683654483327,0.0005664940746424241,0.03040863907842068,0.0,True,False,False
CELSR2,175.0,135.0,311.0,8,0.4408011755495813,0.41988744706501946,0.09258182889822143,0.33243385908168915,0.6204099969078455,0.0,8,0.01458852565149277,0.012324047312594545,0.010007882677353714,0.0034470483842920976,0.03040863907842068,0.0,True,False,False
CELSR2,175.0,136.0,312.0,8,0.4387466536003197,0.41603706621359315,0.10176967812671793,0.32723457289854563,0.6205982759691093,0.0,8,0.011634836326095747,0.010206539698412821,0.007838317147019753,0.0034470483842920976,0.02672415040081867,0.0,True,False,False
CELSR2,175.0,137.0,313.0,8,0.43386961673913743,0.41426995751917695,0.07656972828216971,0.34771029236239454,0.5638224519340574,0.0,8,0.009499564694347503,0.006232746595751036,0.009233689830052533,0.0022590646241668847,0.02672415040081867,0.0,True,False,False
CELSR2,175.0,138.0,314.0,8,0.4423616059346389,0.41804448914667147,0.0759809863306236,0.3655322540075285,0.5637706694393562,0.0,8,0.00782954973641648,0.005980254681013732,0.0063082160157231495,0.002219969376306921,0.021021970268416592,0.0,True,False,False
CELSR2,175.0,139.0,315.0,8,0.4142586195017294,0.39167113296674594,0.0794414387611226,0.3310530408329989,0.5438465557634223,0.0,8,0.007920517129116835,0.0050907248828005805,0.0067654675503886754,0.0018980085493651214,0.018884036262269848,0.0,True,False,False
CELSR2,175.0,140.0,316.0,8,0.435918304467774,0.42570715590952407,0.09157360785004319,0.317942323065742,0.5789024897284484,0.0,8,0.007380512718666403,0.003536340305836364,0.007301981114318728,0.0010649669371796645,0.018871289146210588,0.0,True,False,False
CELSR2,175.0,141.0,317.0,8,0.4337366222328437,0.4137284623842779,0.09638265747417829,0.317942323065742,0.5681927654880812,0.0,8,0.007939274957729812,0.007327716796968288,0.00587722647828386,0.0009530916032481759,0.017224341806236717,0.0,True,False,False
CELSR2,175.0,142.0,318.0,8,0.4521562863003767,0.4383579710543899,0.08583767129472397,0.34653051300626186,0.5784333744916308,0.0,8,0.009152322065061514,0.005543398569098544,0.010335678244666429,0.0007731190465902302,0.028316048925581358,0.0,True,False,False
CELSR2,175.0,143.0,319.0,8,0.45529850106853076,0.431524908785571,0.07785693380173639,0.37157991381718275,0.5904052883335448,0.0,8,0.007685154340667882,0.006271139848294689,0.006678471508816075,0.000827378207314525,0.021300377410839334,0.0,True,False,False
CELSR2,175.0,144.0,320.0,8,0.45840640634761404,0.4432758554495607,0.08241225304641239,0.36376042458865265,0.5956119542227765,0.0,8,0.014768890350344425,0.01397353216220397,0.006064012574175709,0.0067003983581152395,0.024515326042233103,0.0,True,False,False
CELSR2,175.0,145.0,321.0,8,0.45869874245500936,0.4523348605013808,0.07742870708300513,0.364929717991533,0.5915223377881058,0.0,8,0.009042943095410745,0.002950086435452863,0.011391173005535212,0.0006986908665384809,0.033678061619377114,0.0,True,False,False
CELSR2,175.0,146.0,322.0,8,0.45840001296355976,0.46329711904346965,0.07994982937497846,0.35130366901614823,0.5915223377881058,0.0,8,0.011805550848741908,0.008160549657706406,0.009645635772072529,0.0013127514027159281,0.025846066282436016,0.0,True,False,False
CELSR2,175.0,147.0,323.0,8,0.4508024354768315,0.4402136609040066,0.08122622991611235,0.35130366901614823,0.5878286746306255,0.0,8,0.011764582152717824,0.007428940098992833,0.00911478185720987,0.0031527242806349927,0.025846066282436016,0.0,True,False,False
CELSR2,175.0,148.0,324.0,8,0.44969711343541385,0.44205916540627993,0.0768075078572235,0.35130366901614823,0.5878286746306255,0.0,8,0.011371482374672205,0.0077861652898439816,0.008993368000079051,0.0031527242806349927,0.03063380339183099,0.0,True,False,False
CELSR2,175.0,149.0,325.0,8,0.4531899126248837,0.4298274242822808,0.07471006541851027,0.3693328576856205,0.5981445005599665,0.0,8,0.011914522123791708,0.011279373693263484,0.010851072739540371,0.0002273020555783621,0.03055014830837051,0.0,True,False,False
CELSR2,175.0,150.0,326.0,8,0.44631996741890345,0.4423525316544715,0.06854492113478662,0.3388440786336611,0.5522383532084638,0.0,8,0.014412657358977768,0.014436854399275069,0.009676205909174753,0.0002273020555783621,0.03055014830837051,0.0,True,False,False
CELSR2,175.0,151.0,327.0,8,0.4358506278564127,0.42533623400112186,0.07391342425063839,0.3388440786336611,0.5685240795566682,0.0,8,0.01226617765687699,0.012266444361575186,0.008579055553089165,0.0006781560823351587,0.026137079696193548,0.0,True,False,False
CELSR2,175.0,152.0,328.0,8,0.42547659672816157,0.4137067308652364,0.07543974219956927,0.3335321649664083,0.5522849583494166,0.0,8,0.011760588266871326,0.011738263626015679,0.008712037575734712,0.000859132773617265,0.025483417787871988,0.0,True,False,False
CELSR2,175.0,153.0,329.0,8,0.42433812408116606,0.4132116065150935,0.06930710282962681,0.3426952039519993,0.5325169363059323,0.0,8,0.01110286182302155,0.00957350775868482,0.010952253396995076,0.0008206679445587047,0.03285252723191467,0.0,True,False,False
CELSR2,175.0,154.0,330.0,8,0.42546943250345776,0.40913366984518357,0.07733789323655717,0.3417222594440416,0.5624300300608657,0.0,8,0.010916215672777308,0.008991711688171512,0.009862950126999491,0.0011139595718583065,0.027399809548321333,0.0,True,False,False
CELSR2,175.0,155.0,331.0,8,0.4131000514211609,0.4051924940233599,0.07479769287979716,0.2946490038719817,0.5331310270245255,0.0,8,0.014754668905796587,0.011411554604247854,0.013998827625067347,0.0011139595718583065,0.043734164111907003,0.0,True,False,False
CELSR2,175.0,156.0,332.0,8,0.4213535610493767,0.43804518322066444,0.052244679850793174,0.33356966723817666,0.4894174601288505,0.0,8,0.01000394059018856,0.007612105865082076,0.012200807906583965,6.978343052534476e-05,0.03800465127781637,0.0,True,False,False
CELSR2,175.0,157.0,333.0,8,0.4238919044444273,0.4320123193412539,0.0695740171375105,0.3060694011558605,0.5164988626069305,0.0,8,0.013476839898444618,0.011668698213288264,0.0067512402429689,0.005946339827421157,0.02369069706286425,0.0,True,False,False
CELSR2,175.0,158.0,334.0,8,0.4447268956451447,0.4476196468700454,0.07960113732173352,0.3298819963295422,0.5437834951229201,0.0,8,0.00887851811267253,0.0056190904651844745,0.008613614617920436,0.0006316975901789866,0.02729383598714857,0.0,True,False,False
CELSR2,175.0,159.0,335.0,8,0.44143132665203333,0.43797320517311644,0.0780295211391332,0.3298819963295422,0.5437834951229201,0.0,8,0.00956181404506636,0.005827932774212076,0.009252576152860938,0.0005312579609940462,0.02729383598714857,0.0,True,False,False
CELSR2,175.0,160.0,336.0,8,0.4364417836038686,0.4476428698677044,0.06979291033909092,0.32708293319009646,0.5374863891039221,0.0,8,0.011081673252868917,0.010405635906233288,0.008646580886649645,0.0009813597466831823,0.028736976818460484,0.0,True,False,False
CELSR2,176.0,105.0,282.0,8,0.36851587608396696,0.36443299958618236,0.07219635491715277,0.25784702013421834,0.45768273633791945,0.0,8,0.014383667313026625,0.01319972080169272,0.0070526680443357415,0.006867409357306648,0.02776320189584845,0.0,True,False,False
CELSR2,176.0,106.0,283.0,8,0.3703546603829152,0.35724125498654463,0.07214170993718239,0.2669735050175065,0.45768273633791945,0.0,8,0.012186917429745099,0.00955159937814656,0.007837915364133983,0.002190052108713599,0.02499489456806388,0.0,True,False,False
CELSR2,176.0,107.0,284.0,8,0.3937872497389061,0.40583038364477364,0.08493139484012915,0.26481033661235237,0.4888486538224408,0.0,8,0.014549791810348137,0.013675119800630475,0.00911369930345646,0.0033536694041196506,0.027384943319400775,0.0,True,False,False
CELSR2,176.0,108.0,285.0,8,0.36865262693192025,0.3615452364013718,0.06748415671739194,0.26481033661235237,0.45431838138315883,0.0,8,0.011871915240390753,0.010859195768325513,0.0075906276079377045,0.0023531372155180265,0.024734743787442514,0.0,True,False,False
CELSR2,176.0,109.0,286.0,8,0.34511805051795985,0.32378851549448423,0.07370320033007616,0.23275690271924818,0.4340416168955902,0.0,8,0.010761076499040125,0.009080253975903507,0.010810312801826092,0.0006014239219408207,0.03503366007295224,0.0,True,False,False
CELSR2,176.0,110.0,287.0,8,0.35331234218313917,0.33859726481553626,0.06716944193003652,0.23275690271924818,0.4372979389798699,0.0,8,0.011030930753288351,0.009966901527400644,0.007643953107464806,9.559859458311957e-05,0.022852446394727926,0.0,True,False,False
CELSR2,176.0,111.0,288.0,8,0.3474455078273573,0.3232191147400919,0.0691774481642721,0.24240577713313247,0.4372979389798699,0.0,8,0.010412041588880193,0.010497100647904227,0.007646982242551573,0.000878169460547099,0.023352546896617612,0.0,True,False,False
CELSR2,176.0,112.0,289.0,8,0.3503356262432957,0.3551432217030158,0.068987323178937,0.22793203257211783,0.4428347439183558,0.0,8,0.011758182793991582,0.009818251958287416,0.006958128498153934,0.004809935802807949,0.023352546896617612,0.0,True,False,False
CELSR2,176.0,113.0,290.0,8,0.35520864328863005,0.3360139210663111,0.06282970093239015,0.2591671192222535,0.4330440817356276,0.0,8,0.013432007156636323,0.009933434742294345,0.013266594159021858,0.00039455094837308066,0.04121887305817272,0.0,True,False,False
CELSR2,176.0,114.0,291.0,8,0.3538853951288755,0.3463954102687191,0.06261027019228521,0.24509952452773884,0.4637483195412692,0.0,8,0.011252035384049315,0.010713309974795224,0.009286714995149898,0.0007915373447704905,0.025865507784834874,0.0,True,False,False
CELSR2,176.0,115.0,292.0,8,0.3852695247968757,0.3463954102687191,0.1139637360186901,0.2663862589767396,0.6401144285488202,0.0,8,0.01032326992731588,0.012159775743930215,0.007784843240555315,0.0007915373447704905,0.018152318584569466,0.0,True,False,False
CELSR2,176.0,116.0,293.0,8,0.3641481493154026,0.3435427829827805,0.07406311078777743,0.28061108620154485,0.4860225253454253,0.0,8,0.010901589156231026,0.009065482253907905,0.0080551901284022,0.0010603201552536249,0.023303866665488296,0.0,True,False,False
CELSR2,176.0,117.0,294.0,8,0.35816143372005427,0.32918257645648175,0.07711420869864871,0.27539774260492556,0.48552748576391924,0.0,8,0.011256461319544539,0.010667972867414052,0.006384532738007946,0.003714743171634267,0.022919383813925984,0.0,True,False,False
CELSR2,176.0,118.0,295.0,8,0.34972894595943516,0.3330142932586506,0.07563629482188908,0.24964887381699083,0.484555998134471,0.0,8,0.008713057982327369,0.0046874157180598515,0.00905833453212644,0.0005732083744234505,0.022078576750796313,0.0,True,False,False
CELSR2,176.0,119.0,296.0,8,0.3459260160080406,0.3239968188117884,0.077709329390127,0.24964887381699083,0.484555998134471,0.0,8,0.007283746299523327,0.00347601054348487,0.008453100654884551,1.6922596788248948e-06,0.022078576750796313,0.0,True,False,False
CELSR2,176.0,120.0,297.0,8,0.3497509253880644,0.33280925044744586,0.07586227320042974,0.2510456194897166,0.484555998134471,0.0,8,0.00696343883373416,0.004968616789943538,0.006958961424335016,1.6922596788248948e-06,0.015786981790958922,0.0,True,False,False
CELSR2,176.0,121.0,298.0,8,0.35584335390532595,0.3516758539889978,0.07325608454435668,0.24969102096670265,0.484555998134471,0.0,8,0.01593961281870436,0.011434657218309826,0.014614693852195909,0.0005732083744234505,0.043395413313213026,0.0,True,False,False
CELSR2,176.0,122.0,299.0,8,0.3537078192694698,0.3488143463021962,0.07180394505589086,0.2435356716041619,0.4846992790136461,0.0,8,0.009483147127310475,0.009009646635686113,0.007537315249956503,3.280383758054336e-05,0.022285633500734925,0.0,True,False,False
CELSR2,176.0,123.0,300.0,8,0.3524540679439357,0.34866322811947215,0.06847695499477603,0.23976720217304598,0.46686402390594905,0.0,8,0.009546904172070202,0.00998116796377253,0.005681556417901825,0.0013382612734902646,0.017182706220959954,0.0,True,False,False
CELSR2,176.0,124.0,301.0,8,0.35012399937721594,0.33761683135533915,0.06733407123584954,0.2800457505568264,0.45954623701582487,0.0,8,0.013397146960581946,0.011105347804889448,0.010021632715070195,0.0011545200148096082,0.02612116106003839,0.0,True,False,False
CELSR2,176.0,125.0,302.0,8,0.36581077503688864,0.35654100806463174,0.06406204010751608,0.28263874325738986,0.4720749640000768,0.0,8,0.010401686078264836,0.009555326299635207,0.008442001722923607,0.0004996485054289436,0.022784447918588135,0.0,True,False,False
CELSR2,176.0,126.0,303.0,8,0.3674656452624679,0.35584170998588327,0.06608641294060762,0.28263874325738986,0.46604187163766586,0.0,8,0.00844425786700385,0.008227316094517097,0.007409098487655939,0.0009564665137002357,0.02253140168790805,0.0,True,False,False
CELSR2,176.0,127.0,304.0,8,0.3846657284123302,0.36211924773875553,0.0741982031040189,0.30691716286657106,0.5120665088017818,0.0,8,0.013730580631943854,0.0119042325339552,0.010539381993676494,0.003728752020431201,0.03483470160385447,0.0,True,False,False
CELSR2,176.0,128.0,305.0,8,0.3870029771311023,0.38056647851862113,0.0694262502191545,0.30066381752166155,0.49869080994079323,0.0,8,0.013658246011840673,0.010257606380406303,0.011214344387898282,0.002023889211684496,0.03483470160385447,0.0,True,False,False
CELSR2,176.0,129.0,306.0,8,0.39075115862792964,0.38410058441946193,0.08074142692554206,0.2756241259297418,0.5049286923763671,0.0,8,0.011966849700439477,0.007029930308233331,0.011233823316221955,0.003690043149976494,0.03483470160385447,0.0,True,False,False
CELSR2,176.0,130.0,307.0,8,0.40858071139988,0.4100672279452289,0.07963857011864656,0.28821471298730517,0.5039238712693419,0.0,8,0.013605525064877616,0.009818899225588767,0.01085941352775848,0.003070476140274896,0.03483470160385447,0.0,True,False,False
CELSR2,176.0,131.0,308.0,8,0.4091415165314763,0.40679948292792945,0.07989166016181823,0.28821471298730517,0.5043985863770795,0.0,8,0.013034993620493379,0.009500722728204436,0.009894147997742336,0.003070476140274896,0.031080905652606742,0.0,True,False,False
CELSR2,176.0,132.0,309.0,8,0.41850598930604976,0.40679948292792945,0.07602625217326829,0.3247780030052644,0.5175449123669182,0.0,8,0.011615662025721066,0.007813992841309257,0.010542124583698595,0.002905384072200235,0.030526579181879253,0.0,True,False,False
CELSR2,176.0,133.0,310.0,8,0.4105210881082022,0.4034330205638739,0.07435430694546379,0.31465107556885274,0.5107349325241219,0.0,8,0.012159322583488914,0.009318649761518144,0.009434904391338976,0.0036236201297851285,0.030526579181879253,0.0,True,False,False
CELSR2,176.0,134.0,311.0,8,0.4249144721468455,0.42237283794259184,0.06827324335437171,0.3059686221104822,0.523687317000691,0.0,8,0.009738842131642896,0.006622502369523109,0.009983381966404444,0.0016782816801231306,0.03040863907842068,0.0,True,False,False
CELSR2,176.0,135.0,312.0,8,0.44524954468802436,0.4206021399219776,0.10333894632517546,0.3250458085472959,0.6508241120519889,0.0,8,0.012287924124145429,0.008642620369134308,0.009403244096599175,0.0008731576344192042,0.03040863907842068,0.0,True,False,False
CELSR2,176.0,136.0,313.0,8,0.44440826172927184,0.4206021399219776,0.10625816922213945,0.32723457289854563,0.6441825347111327,0.0,8,0.010458293292088059,0.00819597194934241,0.004832462892177307,0.005004919286464613,0.016948025329566425,0.0,True,False,False
CELSR2,176.0,137.0,314.0,8,0.4387496515280032,0.4309196807428956,0.07725604337833773,0.3525043664611571,0.5531562373691765,0.0,8,0.014064541716813133,0.014360801358331465,0.0041440731731297,0.008094999490640804,0.021021970268416592,0.0,True,False,False
CELSR2,176.0,138.0,315.0,8,0.4478162466402906,0.4302799677881816,0.08504739319442249,0.35623117561088763,0.59458170492503,0.0,8,0.013522033036296595,0.014730293159301877,0.005018901287860222,0.0062051668648533485,0.021021970268416592,0.0,True,False,False
CELSR2,176.0,139.0,316.0,8,0.4241146561135039,0.406794103333574,0.07763464490104567,0.338076713994765,0.5388963786018764,0.0,8,0.010933527363522018,0.009481086527509692,0.006385004936587865,0.004147540118941639,0.01947755360655624,0.0,True,False,False
CELSR2,176.0,140.0,317.0,8,0.4388043267626614,0.4353040581326585,0.09864554713629711,0.317942323065742,0.6111194340791871,0.0,8,0.009366309324455993,0.007666107435628351,0.007161929147923027,0.0012031649924618103,0.018915377484205968,0.0,True,False,False
CELSR2,176.0,141.0,318.0,8,0.4376615193974555,0.4237920117460352,0.10016135934207004,0.317942323065742,0.5885620480478999,0.0,8,0.009095454787035587,0.007786936783941127,0.00757950348445976,0.00037898415259581133,0.022605069625385416,0.0,True,False,False
CELSR2,176.0,142.0,319.0,8,0.4572551278150462,0.44507329080474156,0.08852049472191142,0.34653051300626186,0.5954064144684456,0.0,8,0.008357229158956099,0.005689155506898426,0.009237126325571771,0.00042593601904022276,0.028316048925581358,0.0,True,False,False
CELSR2,176.0,143.0,320.0,8,0.45958683976470355,0.4390242758512115,0.08404948396021063,0.365694179576118,0.5882232204828222,0.0,8,0.005619232729358597,0.003907771726874527,0.005198320956451734,0.00042593601904022276,0.014500501610683357,0.0,True,False,False
CELSR2,176.0,144.0,321.0,8,0.4653912871360743,0.44374675561532045,0.0845455866200649,0.36042007933335296,0.5840369038244264,0.0,8,0.009669505923918032,0.008367248151338012,0.007753660072355886,0.00042593601904022276,0.02150699102980153,0.0,True,False,False
CELSR2,176.0,145.0,322.0,8,0.46543822319337746,0.4497981447720668,0.08020681369588904,0.3667789608246998,0.5813970357068367,0.0,8,0.016968827784295145,0.016696494331615498,0.011383988871554321,0.004367706134876897,0.033678061619377114,0.0,True,False,False
CELSR2,176.0,146.0,323.0,8,0.46660930041274196,0.46378705060728376,0.08527498390208818,0.3545643815942928,0.5813970357068367,0.0,8,0.010766295460039056,0.007001373466129604,0.008622612075344536,0.002999395647605979,0.025846066282436016,0.0,True,False,False
CELSR2,176.0,147.0,324.0,8,0.4523844766882705,0.4312449729322168,0.0864909527295004,0.3545643815942928,0.574070497280825,0.0,8,0.011952487056177897,0.009411639050025436,0.008108760652612755,0.0027071170892084906,0.025846066282436016,0.0,True,False,False
CELSR2,176.0,148.0,325.0,8,0.4544354982989078,0.4363269554042155,0.07899695694791933,0.3545643815942928,0.574070497280825,0.0,8,0.011115926050374902,0.008703990708574461,0.009809877562108132,0.0026168560395473674,0.03063380339183099,0.0,True,False,False
CELSR2,176.0,149.0,326.0,8,0.4585429133245431,0.4363269554042155,0.07759486931890731,0.3704259340598324,0.6028926331133218,0.0,8,0.012851408383715653,0.010628412720912158,0.009201658908866909,0.0026168560395473674,0.03055014830837051,0.0,True,False,False
CELSR2,176.0,150.0,327.0,8,0.451371060181282,0.4370535309176903,0.06782024727372823,0.3565337816215728,0.5491609395621245,0.0,8,0.011923227214770364,0.009038288876082701,0.009156067034919313,0.001751902517924918,0.03055014830837051,0.0,True,False,False
CELSR2,176.0,151.0,328.0,8,0.44579255835645304,0.4367966238760397,0.07276749611803515,0.3565337816215728,0.5583090136986596,0.0,8,0.008467967327361901,0.007611042395274353,0.008089057298141886,0.000593110361121936,0.026137079696193548,0.0,True,False,False
CELSR2,176.0,152.0,329.0,8,0.42670947563003814,0.41365827220822127,0.07223963353568259,0.3335321649664083,0.5379854028522106,0.0,8,0.010309816933212037,0.009296674623241121,0.008840088036312602,0.001266987856796661,0.025483417787871988,0.0,True,False,False
CELSR2,176.0,153.0,330.0,8,0.43332394070262953,0.42651490505378314,0.07256005425718456,0.34350992525537316,0.53888213459089,0.0,8,0.009646448110969808,0.006099349101913614,0.010918694846287165,0.0001408344730992093,0.03285252723191467,0.0,True,False,False
CELSR2,176.0,154.0,331.0,8,0.4240301211150799,0.4112885302352467,0.07405705485610951,0.3417222594440416,0.53425058571431,0.0,8,0.016130056006602205,0.016230061306841896,0.008058503197792314,0.0029714737745608717,0.027399809548321333,0.0,True,False,False
CELSR2,176.0,155.0,332.0,8,0.42027809913065933,0.41628457541653174,0.07709501965187164,0.2946490038719817,0.5290086074962798,0.0,8,0.014777698064249764,0.0113394988236383,0.013684961169271585,0.0027975174886326324,0.043734164111907003,0.0,True,False,False
CELSR2,176.0,156.0,333.0,8,0.41904176310048064,0.42188775568058495,0.05531366910795159,0.33356966723817666,0.4996313755846866,0.0,8,0.01207600205553119,0.006835815629084177,0.01348165628330981,0.0003510153407974959,0.03800465127781637,0.0,True,False,False
CELSR2,176.0,157.0,334.0,8,0.4329563732146198,0.448034203649445,0.07481203558711892,0.3060694011558605,0.532846754973679,0.0,8,0.011490829620945331,0.012696503584998353,0.00743678360468188,0.0005407310491798964,0.02369069706286425,0.0,True,False,False
CELSR2,176.0,158.0,335.0,8,0.45035110226099395,0.45686351774898015,0.08117242779505446,0.3298819963295422,0.5372615173952412,0.0,8,0.013069235147795523,0.011735025672608625,0.007668869537916298,0.0025748849903652234,0.02729383598714857,0.0,True,False,False
CELSR2,176.0,159.0,336.0,8,0.44598854201573923,0.45550281689358196,0.07762161518822829,0.3298819963295422,0.5336094510868611,0.0,8,0.015403326788117644,0.015027894823179566,0.009561515046113007,0.0025748849903652234,0.02729383598714857,0.0,True,False,False
CELSR2,176.0,160.0,337.0,8,0.43889979146714325,0.4608169027676309,0.07346643976312141,0.32708293319009646,0.5409698810380639,0.0,8,0.006725627239226164,0.007039023688356596,0.002812423519795109,0.002492066095820231,0.011826770083121135,0.0,True,False,False
CELSR2,177.0,105.0,283.0,8,0.38405736736007146,0.39254515913385957,0.07917730489620417,0.25784702013421834,0.4833592854767276,0.0,8,0.010875772056570043,0.008904835251086627,0.008446373951674451,0.0011192755321296213,0.02776320189584845,0.0,True,False,False
CELSR2,177.0,106.0,284.0,8,0.38557072191266795,0.39254515913385957,0.07619862120982027,0.2669735050175065,0.4833592854767276,0.0,8,0.011777089457100475,0.008199542037180017,0.008456240848737662,0.002190052108713599,0.023275348357470485,0.0,True,False,False
CELSR2,177.0,107.0,285.0,8,0.4090081025628701,0.4306914170590858,0.09209883055479982,0.26481033661235237,0.5140256711756132,0.0,8,0.015855069469771027,0.015387760508712092,0.00849368338449577,0.00441665267152059,0.027384943319400775,0.0,True,False,False
CELSR2,177.0,108.0,286.0,8,0.38540539858318185,0.37417063902318326,0.07731755387069894,0.26481033661235237,0.4874709269180008,0.0,8,0.014084247588776265,0.014275103481825955,0.007115066066526064,0.00441665267152059,0.024734743787442514,0.0,True,False,False
CELSR2,177.0,109.0,287.0,8,0.3607650479322114,0.3351235891023395,0.08213792547946841,0.23275690271924818,0.4874709269180008,0.0,8,0.014522303725248122,0.014587543438254167,0.00912565295079776,0.0006014239219408207,0.03136004688631637,0.0,True,False,False
CELSR2,177.0,110.0,288.0,8,0.3660456056648972,0.3433674524604874,0.07601678703749727,0.23275690271924818,0.4576020738563443,0.0,8,0.0076117083278816845,0.007012060026617913,0.006457649424678427,9.559859458311957e-05,0.01716288694369139,0.0,True,False,False
CELSR2,177.0,111.0,289.0,8,0.3629739709753719,0.3403972910712523,0.07523034262087593,0.24240577713313247,0.45662184726523275,0.0,8,0.010155274018547595,0.010344848948690012,0.008255229993235545,0.000878169460547099,0.02044250915935701,0.0,True,False,False
CELSR2,177.0,112.0,290.0,8,0.3629227010348159,0.3736410367047586,0.07956939516186089,0.22793203257211783,0.4639270761415622,0.0,8,0.00910555114986347,0.008407784284358307,0.0045058592270614045,0.004809935802807949,0.018204608260522573,0.0,True,False,False
CELSR2,177.0,113.0,291.0,8,0.3694904458261473,0.3544583637637568,0.06982751101959897,0.2591671192222535,0.4750618074202702,0.0,8,0.017454711521230494,0.01519679799718644,0.014239037679051738,0.00039455094837308066,0.04121887305817272,0.0,True,False,False
CELSR2,177.0,114.0,292.0,8,0.3671899020442967,0.3619408407190352,0.07237664657168641,0.24509952452773884,0.47888369258327446,0.0,8,0.015014993597485073,0.018088357640558536,0.009629045030947778,0.0023328705772570537,0.025865507784834874,0.0,True,False,False
CELSR2,177.0,115.0,293.0,8,0.3978386189984491,0.3619408407190352,0.1169923535423564,0.2663862589767396,0.6493664998800427,0.0,8,0.01249151334565169,0.013335370584972465,0.00705680694424072,0.0023328705772570537,0.020564726639485074,0.0,True,False,False
CELSR2,177.0,116.0,294.0,8,0.37633470686140347,0.34887243766449494,0.07994363841399706,0.28270340622314305,0.49559615024608156,0.0,8,0.008572008443756713,0.00417450547127036,0.009140828468129227,0.0005438373706709931,0.023303866665488296,0.0,True,False,False
CELSR2,177.0,117.0,295.0,8,0.37134754498663924,0.332361839499722,0.08589969978823161,0.27539774260492556,0.4956164507264671,0.0,8,0.0071895202276292015,0.004764370720944126,0.007808030375845933,9.309669708682047e-05,0.022919383813925984,0.0,True,False,False
CELSR2,177.0,118.0,296.0,8,0.35927330950636494,0.33152991040442586,0.08590507608005885,0.24964887381699083,0.4882595202727023,0.0,8,0.007382455557113119,0.0022938920783462323,0.008854815263784519,9.309669708682047e-05,0.022078576750796313,0.0,True,False,False
CELSR2,177.0,119.0,297.0,8,0.3596993832507559,0.3392249088214695,0.08671854359393612,0.24964887381699083,0.4882595202727023,0.0,8,0.009409906387577265,0.00683444505279197,0.008133398354886074,9.309669708682047e-05,0.022078576750796313,0.0,True,False,False
CELSR2,177.0,120.0,298.0,8,0.3633175884743598,0.34558326262575767,0.08470914967017704,0.2510456194897166,0.4882595202727023,0.0,8,0.009054496725886388,0.008558603885947157,0.006814477145091173,9.309669708682047e-05,0.017941701406967762,0.0,True,False,False
CELSR2,177.0,121.0,299.0,8,0.3722175069705488,0.3572290982664817,0.08171813610330891,0.24969102096670265,0.4882595202727023,0.0,8,0.011184076273553946,0.010259512581146608,0.010255250139137764,9.309669708682047e-05,0.03247256990325622,0.0,True,False,False
CELSR2,177.0,122.0,300.0,8,0.36525691063281257,0.3555948067184084,0.07649476521721335,0.2435356716041619,0.48767653980918146,0.0,8,0.01112552206589621,0.008981938773589118,0.0053793861604129484,0.0068225920495710414,0.022285633500734925,0.0,True,False,False
CELSR2,177.0,123.0,301.0,8,0.3637925293266059,0.3537064802808533,0.07849355333511847,0.23976720217304598,0.47710809182629227,0.0,8,0.007583907325449175,0.007390238635969638,0.005125235585935241,0.0010528361517730491,0.01569342142323833,0.0,True,False,False
CELSR2,177.0,124.0,302.0,8,0.36675316890430143,0.3417647732629723,0.0783044554527274,0.2809425208328684,0.5067041163216467,0.0,8,0.010204086444924248,0.010111755209441575,0.008040529596611166,0.0010528361517730491,0.02612116106003839,0.0,True,False,False
CELSR2,177.0,125.0,303.0,8,0.3769124759027551,0.36771091682212986,0.07151010970996352,0.28263874325738986,0.4827389773529035,0.0,8,0.01268314989284083,0.011038862432929814,0.006863491906726304,0.0010158758429237543,0.02253140168790805,0.0,True,False,False
CELSR2,177.0,126.0,304.0,8,0.37826787288742414,0.36081016779113273,0.0747330117079343,0.28263874325738986,0.48785338479042345,0.0,8,0.010651930334315,0.011038862432929814,0.006482242910180949,0.0021289533902354705,0.02253140168790805,0.0,True,False,False
CELSR2,177.0,127.0,305.0,8,0.3931553304683808,0.37481356302236246,0.07573579702186191,0.31868146818204635,0.5188720457179021,0.0,8,0.011232708370617961,0.008334482634324195,0.01064287805231858,0.0019344716303893732,0.03483470160385447,0.0,True,False,False
CELSR2,177.0,128.0,306.0,8,0.39653805766877603,0.38559114516583126,0.07908332361978296,0.3030792177180101,0.5188720457179021,0.0,8,0.01100082666519341,0.006883154263881929,0.01071986277408493,0.0031893948453502476,0.03483470160385447,0.0,True,False,False
CELSR2,177.0,129.0,307.0,8,0.4009646270425748,0.38912525106667206,0.08458721555612786,0.2967808669859249,0.5419537433344117,0.0,8,0.008875547380417313,0.006183005137766053,0.011216501742132241,0.00023190411442138812,0.03483470160385447,0.0,True,False,False
CELSR2,177.0,130.0,308.0,8,0.4224044216503616,0.41794220026376216,0.08403137001045816,0.31826436337348263,0.5585259382418352,0.0,8,0.011022681879958175,0.00866863240053024,0.010108085080190841,0.003070476140274896,0.03483470160385447,0.0,True,False,False
CELSR2,177.0,131.0,309.0,8,0.42574763541640775,0.4146744552464628,0.08754937351453367,0.31826436337348263,0.5585259382418352,0.0,8,0.011330935924335065,0.009036215919659175,0.008848185707498875,0.003070476140274896,0.031080905652606742,0.0,True,False,False
CELSR2,177.0,132.0,310.0,8,0.4338614493989573,0.4146744552464628,0.07934134053970733,0.32843775177313583,0.5660764159759188,0.0,8,0.012270107975409589,0.01108155904362703,0.008232662200989505,0.003070476140274896,0.030526579181879253,0.0,True,False,False
CELSR2,177.0,133.0,311.0,8,0.42250447314818007,0.403304510583831,0.07972307461387453,0.32843775177313583,0.5510079340144383,0.0,8,0.011490322505772537,0.008358315316880267,0.00979078729267311,0.000776257687545475,0.030526579181879253,0.0,True,False,False
CELSR2,177.0,134.0,312.0,8,0.44371379667274385,0.4366002796372793,0.07940334536316161,0.32865473504225845,0.5897106915473045,0.0,8,0.008292578690641239,0.0031873734324462588,0.009994151749664079,0.0015060219225818234,0.03040863907842068,0.0,True,False,False
CELSR2,177.0,135.0,313.0,8,0.46289077840249615,0.4325946970349889,0.11289797977246709,0.345310567322922,0.7058753773619323,0.125,8,0.010787055503636058,0.007317970967919642,0.009013608469473189,0.004371596258553434,0.03040863907842068,0.0,True,False,False
CELSR2,177.0,136.0,314.0,8,0.46158180996394527,0.4325946970349889,0.11352688855805579,0.32723457289854563,0.6895055962109035,0.0,8,0.00958680046470358,0.008947377622394639,0.0059682386155909,0.00010485391707279933,0.017793024557730273,0.0,True,False,False
CELSR2,177.0,137.0,315.0,8,0.456833791989532,0.44291223785590694,0.08152691175726388,0.3655322540075285,0.5836236357953946,0.0,8,0.011620023905626376,0.01165010405630728,0.00622374212046637,0.004371596258553434,0.021021970268416592,0.0,True,False,False
CELSR2,177.0,138.0,316.0,8,0.46524971184409714,0.4514069000006409,0.09313073661537949,0.3655322540075285,0.6518486762714365,0.0,8,0.010418524236401862,0.00719180062025138,0.007870171660483018,0.0003796964433481138,0.022391734128059466,0.0,True,False,False
CELSR2,177.0,139.0,317.0,8,0.43599802588369435,0.41974002185200576,0.0819994226498328,0.338076713994765,0.5690891601133784,0.0,8,0.008860223741875652,0.00637262322971003,0.005483170625332297,0.004147540118941639,0.018884036262269848,0.0,True,False,False
CELSR2,177.0,140.0,318.0,8,0.45540766925827086,0.451187485694178,0.10745482238839887,0.317942323065742,0.6644102534523969,0.0,8,0.006570831958667909,0.00619394841905006,0.005152280460803569,0.0006445622470932969,0.017224341806236717,0.0,True,False,False
CELSR2,177.0,141.0,319.0,8,0.4507524490605394,0.43729024706664277,0.10414687967912184,0.317942323065742,0.6221055383032011,0.0,8,0.009538534817292355,0.009105778985405238,0.006077189962693977,0.0007249624935579149,0.017224341806236717,0.0,True,False,False
CELSR2,177.0,142.0,320.0,8,0.469397996329602,0.45597062628869234,0.1028045768146815,0.34653051300626186,0.6436680307369302,0.0,8,0.009990630147682379,0.0025347777398870164,0.012473898499812952,0.00042593601904022276,0.028316048925581358,0.0,True,False,False
CELSR2,177.0,143.0,321.0,8,0.4713448265265,0.44992161133516223,0.09526283002731292,0.3677798888023284,0.6448048583842019,0.0,8,0.00784418369017376,0.0038046717085848105,0.00938112688717541,0.00042593601904022276,0.027692165113519487,0.0,True,False,False
CELSR2,177.0,144.0,322.0,8,0.47995498789856045,0.4595430760715681,0.09133708672732987,0.3785221275618697,0.629435536515516,0.0,8,0.010896263991237758,0.010591598067718283,0.008899972550532383,0.00042593601904022276,0.02150699102980153,0.0,True,False,False
CELSR2,177.0,145.0,323.0,8,0.47648547310482137,0.45626711096615735,0.08773964771779763,0.37569580797290375,0.6104018472250642,0.0,8,0.010679155508958278,0.007916231525713614,0.010314680403546255,0.0005716211187586257,0.033678061619377114,0.0,True,False,False
CELSR2,177.0,146.0,324.0,8,0.4823265100093554,0.4768354351289032,0.09233550814204362,0.36661850401794566,0.6234253396554237,0.0,8,0.008189110654473841,0.005569895555701783,0.007442949866870754,0.0026816490750614878,0.025846066282436016,0.0,True,False,False
CELSR2,177.0,147.0,325.0,8,0.466334267098084,0.4490691980154323,0.08687599497102769,0.36661850401794566,0.6070615225944515,0.0,8,0.008510843308606068,0.00537947501645019,0.008069200250715633,0.0015951025390399463,0.025846066282436016,0.0,True,False,False
CELSR2,177.0,148.0,326.0,8,0.4668183102795104,0.44467523824841826,0.08397330099812969,0.3727847285735226,0.607313792790368,0.0,8,0.00945576523996706,0.00370599805762805,0.010534960764437695,0.0012953337470344084,0.03063380339183099,0.0,True,False,False
CELSR2,177.0,149.0,327.0,8,0.46818821911575864,0.44467523824841826,0.0810308658557026,0.3751837334856251,0.5971501480673927,0.0,8,0.012384432394783741,0.014383393924777091,0.009904877969266061,0.0012039470346615177,0.03055014830837051,0.0,True,False,False
CELSR2,177.0,150.0,328.0,8,0.46156217543924455,0.45020296868495047,0.0713450978061514,0.3654760768802726,0.5810478025161383,0.0,8,0.013491649560154712,0.012528963622838955,0.010285298330785323,0.001751902517924918,0.03055014830837051,0.0,True,False,False
CELSR2,177.0,151.0,329.0,8,0.4607005450213373,0.4461639924231569,0.0838531349095252,0.3654760768802726,0.5862198953542692,0.0,8,0.013856949376068755,0.013010075326668615,0.009681469302933456,0.0029593919493865234,0.026137079696193548,0.0,True,False,False
CELSR2,177.0,152.0,330.0,8,0.44317545729687424,0.4286352930857553,0.08048826932227542,0.3335321649664083,0.5676887557850225,0.0,8,0.013408542095672136,0.012695378767318771,0.008580643886542358,0.0014947330584565008,0.025483417787871988,0.0,True,False,False
CELSR2,177.0,153.0,331.0,8,0.4431517457904352,0.4322747810544565,0.08288241371240643,0.34350992525537316,0.5676887557850225,0.0,8,0.011429719055008329,0.009237900268500205,0.010276729295154663,0.0001408344730992093,0.03285252723191467,0.0,True,False,False
CELSR2,177.0,154.0,332.0,8,0.44234268568303153,0.43432628967908926,0.08394192702527128,0.3417222594440416,0.5676887557850225,0.0,8,0.011638314647199069,0.011214314310703022,0.0076366172375377335,0.0005119366522061312,0.027399809548321333,0.0,True,False,False
CELSR2,177.0,155.0,333.0,8,0.4331407427308116,0.4349211557198914,0.08544905872668242,0.2946490038719817,0.5527801800290982,0.0,8,0.010756157952238827,0.006916358634591455,0.014027982747275743,0.0010831739976852096,0.043734164111907003,0.0,True,False,False
CELSR2,177.0,156.0,334.0,8,0.4327613081031114,0.4318021665914137,0.06749336005659025,0.33356966723817666,0.5588059220766947,0.0,8,0.009808284624442158,0.006689414508726378,0.01217969258800342,0.0003510153407974959,0.03800465127781637,0.0,True,False,False
CELSR2,177.0,157.0,335.0,8,0.439607612124802,0.4411743170504132,0.08016817072635855,0.3060694011558605,0.5710950866374793,0.0,8,0.007939522423940268,0.0060481243628839505,0.007019153806634698,0.002331334368059191,0.02369069706286425,0.0,True,False,False
CELSR2,177.0,158.0,336.0,8,0.46317828110529935,0.47362342426338194,0.08589259367338717,0.3298819963295422,0.5687622845856998,0.0,8,0.012105233087946421,0.00882405678380449,0.010406716364835188,0.001215613892381877,0.02729383598714857,0.0,True,False,False
CELSR2,177.0,159.0,337.0,8,0.46252803082684335,0.46735642508499564,0.07903855960595595,0.3298819963295422,0.5437783971333109,0.0,8,0.007787755736602276,0.004972149971260061,0.008812867983037213,0.0005157493293026222,0.02729383598714857,0.0,True,False,False
CELSR2,177.0,160.0,338.0,8,0.45391691368475073,0.46508701874915015,0.0792011554939928,0.32708293319009646,0.5559605867664761,0.0,8,0.009398014736303523,0.006156291752102019,0.009910038475628838,0.000791548853982529,0.03102681987978091,0.0,True,False,False
CELSR2,178.0,105.0,284.0,8,0.42665791503783784,0.4303043100374086,0.0955311585061966,0.2967254605603324,0.6014628647291749,0.0,8,0.008112629274522627,0.008205377040916017,0.006297587767160572,0.0011192755321296213,0.020992514958865158,0.0,True,False,False
CELSR2,178.0,106.0,285.0,8,0.42792683736142834,0.42573288867310977,0.09916548018999309,0.29892581535770313,0.621043792183737,0.0,8,0.01179281800419344,0.008755347702951721,0.010404445910102518,0.0017802802946915001,0.03297625147882499,0.0,True,False,False
CELSR2,178.0,107.0,286.0,8,0.44982249648488937,0.44243528758921336,0.1008326588661404,0.2906321309707005,0.6322263960073499,0.0,8,0.015563830130113625,0.01476344070051051,0.011349415611269092,0.0032787873223149417,0.039046007589865844,0.0,True,False,False
CELSR2,178.0,108.0,287.0,8,0.4274146698444872,0.4144428131484459,0.09453505464361045,0.2906321309707005,0.6082896532632646,0.0,8,0.013792053095005963,0.01225921152380753,0.012218680139484558,0.0018773521300973822,0.039046007589865844,0.0,True,False,False
CELSR2,178.0,109.0,288.0,8,0.40593260061831743,0.4024549854081275,0.1091065115796198,0.25549620235471926,0.6042148108190757,0.0,8,0.012168246145224867,0.013873665511973967,0.008381557765529915,0.0006014239219408207,0.024778615169119604,0.0,True,False,False
CELSR2,178.0,110.0,289.0,8,0.4061997644360818,0.4124597438028025,0.10154657589577305,0.25549620235471926,0.6002378649785933,0.0,8,0.012691435718819052,0.007222435899496678,0.011330061801557082,0.00151500735108186,0.029242401310701032,0.0,True,False,False
CELSR2,178.0,111.0,290.0,8,0.40491927877842515,0.4123181026802803,0.10230480119079323,0.2625395219719397,0.6002378649785933,0.0,8,0.012603833850060447,0.008082963604290526,0.012665952767088432,0.0013899607700416025,0.03725736331701721,0.0,True,False,False
CELSR2,178.0,112.0,291.0,8,0.4083619894432363,0.4070015890088057,0.10774824545864313,0.2568283910668729,0.6353506367494407,0.0,8,0.009961127226956787,0.005493841096217394,0.011387628289124086,0.0017500379384165553,0.03725736331701721,0.0,True,False,False
CELSR2,178.0,113.0,292.0,8,0.41540389987560145,0.41702753166495904,0.09976984518352217,0.27841619096151177,0.6064835207845014,0.0,8,0.012831596792430159,0.012082534172181506,0.0075634814208534115,0.0033717775585728684,0.02167074813317642,0.0,True,False,False
CELSR2,178.0,114.0,293.0,8,0.4174785370666748,0.408011777664247,0.1094667446175205,0.2804493616482477,0.6512195200269746,0.0,8,0.010635303673753468,0.007989413938769424,0.008270428916220308,0.0023328705772570537,0.02302970954635831,0.0,True,False,False
CELSR2,178.0,115.0,294.0,8,0.4458121787061107,0.42515560330850816,0.16579337729982907,0.2817601682381337,0.8284440268343881,0.125,8,0.013842827941786462,0.01335353654623222,0.008411236528873219,0.0023328705772570537,0.02722238598220904,0.0,True,False,False
CELSR2,178.0,116.0,295.0,8,0.4191822800508899,0.41431923119724934,0.11508396683459908,0.30157831529903634,0.6563734675042732,0.0,8,0.010044506834291166,0.007989413938769424,0.00928097974107896,0.0005438373706709931,0.02439006574730049,0.0,True,False,False
CELSR2,178.0,117.0,296.0,8,0.4165643626906038,0.41494742540465945,0.12508060810509133,0.28587892540394044,0.6732999735247385,0.0,8,0.012038241313514548,0.013035644211564432,0.010113450307137613,9.309669708682047e-05,0.02653342590869353,0.0,True,False,False
CELSR2,178.0,118.0,297.0,8,0.4054674489608087,0.39011404476107187,0.12315259602334588,0.285056576064207,0.6611849312479289,0.0,8,0.009283745111327792,0.005746178338247214,0.010717278183059818,9.309669708682047e-05,0.028192341286606706,0.0,True,False,False
CELSR2,178.0,119.0,298.0,8,0.4037948628624571,0.37997232768271094,0.12524190873956492,0.285056576064207,0.6611849312479289,0.0,8,0.010164645354763475,0.008870246105409747,0.008389215999341263,9.309669708682047e-05,0.028192341286606706,0.0,True,False,False
CELSR2,178.0,120.0,299.0,8,0.4050539278949959,0.37997232768271094,0.12524895387886692,0.26758020020841167,0.6611849312479289,0.0,8,0.009111986662771375,0.009101798692106266,0.004990567848044667,9.309669708682047e-05,0.016322754084359535,0.0,True,False,False
CELSR2,178.0,121.0,300.0,8,0.4164373341419498,0.40233985228484137,0.12492252177819023,0.2646312372732151,0.6611849312479289,0.0,8,0.010399393441202942,0.007475523750080178,0.010330355471287538,9.309669708682047e-05,0.02949090718927194,0.0,True,False,False
CELSR2,178.0,122.0,301.0,8,0.4042095867020488,0.3923552528868178,0.11397556240260177,0.26676223676103555,0.6425160498104174,0.0,8,0.012725992254619772,0.009200903316807266,0.008592184730909556,0.005089837797784259,0.029925281169025066,0.0,True,False,False
CELSR2,178.0,123.0,302.0,8,0.407470564433106,0.38716724854895046,0.11089087035394869,0.2776999146354685,0.634465073069365,0.0,8,0.012450268664218769,0.009857142577846568,0.007878626479933057,0.0032787942898600477,0.02697496737636854,0.0,True,False,False
CELSR2,178.0,124.0,303.0,8,0.40725932037173956,0.3732484433897534,0.11051039510318905,0.30360214064255153,0.6301034738577699,0.0,8,0.011938133552757952,0.010322041298058785,0.00713423636506541,0.004229760530535664,0.024336027211885245,0.0,True,False,False
CELSR2,178.0,125.0,304.0,8,0.41411826541699526,0.38531283475985534,0.1090167008180783,0.3068813043623463,0.6398049564984405,0.0,8,0.007508834646100193,0.006249974974013814,0.004902352918055618,0.0010158758429237543,0.017205134677288483,0.0,True,False,False
CELSR2,178.0,126.0,305.0,8,0.4177139025093117,0.39533072998130936,0.11093547939237114,0.3068813043623463,0.653930119864237,0.0,8,0.007157566298469044,0.0059866517340998945,0.005391037437050725,0.0008435615373268287,0.017205134677288483,0.0,True,False,False
CELSR2,178.0,127.0,306.0,8,0.4348846985019975,0.4019090746548865,0.11364102118759338,0.32203732811061747,0.6750002408453236,0.0,8,0.012302220456984266,0.009238301857176542,0.009663511719819651,0.003817797016542114,0.03157964001134608,0.0,True,False,False
CELSR2,178.0,128.0,307.0,8,0.43657675955691816,0.41010283778096057,0.11540073604455497,0.3030792177180101,0.6722388068448756,0.0,8,0.01073066651627087,0.0054630761729930226,0.009876181521291553,0.0021677384294681587,0.03157964001134608,0.0,True,False,False
CELSR2,178.0,129.0,308.0,8,0.44443302561838055,0.4273806776737645,0.11989746197977579,0.2967808669859249,0.6804558625568035,0.0,8,0.008680722491025852,0.005861835323483779,0.009850899564416574,0.0005341662636314801,0.03157964001134608,0.0,True,False,False
CELSR2,178.0,130.0,309.0,8,0.4650035065867508,0.45809636723963576,0.11461110387827536,0.31826436337348263,0.6712761367209684,0.0,8,0.008380526806166777,0.0057878035007077906,0.00994147188048085,0.0002968030843926563,0.03157964001134608,0.0,True,False,False
CELSR2,178.0,131.0,310.0,8,0.46881228064148683,0.45809636723963576,0.12180534470215343,0.31826436337348263,0.7009248278876161,0.125,8,0.00857199182465018,0.006684108536571091,0.008326821389842256,0.0021677384294681587,0.028082255981470575,0.0,True,False,False
CELSR2,178.0,132.0,311.0,8,0.4796364072226615,0.467893073207467,0.11777940791597534,0.3572421401381859,0.7126326614166866,0.125,8,0.010178398902888573,0.008724200483191249,0.0067695216872050885,0.002239082140142355,0.02363251433028974,0.0,True,False,False
CELSR2,178.0,133.0,312.0,8,0.4660552955003051,0.45784507930580975,0.11153541945381316,0.3326487676350763,0.6823312228366032,0.0,8,0.010851006351743391,0.009674301110863016,0.006227985723452331,0.0028882157732889515,0.02363251433028974,0.0,True,False,False
CELSR2,178.0,134.0,313.0,8,0.48669313307259376,0.46295981751192616,0.11395294064735041,0.32865473504225845,0.6985028673295985,0.0,8,0.00662075298150424,0.0024528004021011946,0.007264954716449285,0.0008986585661457686,0.019004999895417072,0.0,True,False,False
CELSR2,178.0,135.0,314.0,8,0.5049235758957185,0.46427456954881685,0.13367694482342976,0.345310567322922,0.7139261280400001,0.25,8,0.008679502649617466,0.007670060114801091,0.0036606938524174517,0.004396187965705049,0.01602621196022286,0.0,True,False,False
CELSR2,178.0,136.0,315.0,8,0.5059395197822323,0.47126513408796517,0.13579129402462436,0.3670418767052062,0.7368733537703946,0.125,8,0.00952045489772614,0.009634357849165127,0.00529276277923675,0.00010485391707279933,0.018522295761323842,0.0,True,False,False
CELSR2,178.0,137.0,316.0,8,0.49351489590775466,0.4661429070846159,0.1115232992012911,0.37444004385129515,0.7221273766658268,0.125,8,0.010339793920698243,0.010398857111975808,0.004873253994659141,0.004840625930295568,0.019062261618042527,0.0,True,False,False
CELSR2,178.0,138.0,317.0,8,0.5080858967867145,0.47011573240135324,0.12151264389944447,0.392000537352859,0.7336026904943735,0.125,8,0.012338783883322706,0.009591731257305246,0.008556066161074351,0.0034036178586621907,0.024089400496840732,0.0,True,False,False
CELSR2,178.0,139.0,318.0,8,0.48070793247952026,0.45326663725475286,0.12038921239870184,0.36157430706535054,0.7336026904943735,0.125,8,0.008656115547455365,0.006154325543517419,0.0070022477736319,0.000871677879114732,0.021780876195207643,0.0,True,False,False
CELSR2,178.0,140.0,319.0,8,0.5041847560066408,0.4642000892137716,0.13163150077056554,0.3670400274948153,0.7336026904943735,0.125,8,0.008478325261265544,0.005941839258244177,0.006295915974521469,0.0006445622470932969,0.01664939807082858,0.0,True,False,False
CELSR2,178.0,141.0,320.0,8,0.49952860812471706,0.47414690560470085,0.1276594335256417,0.34943574177784675,0.7384820797806825,0.125,8,0.010877100309076036,0.01142346820791485,0.006203537770887948,0.0007249624935579149,0.01877154175216003,0.0,True,False,False
CELSR2,178.0,142.0,321.0,8,0.5114423538441499,0.48380131359733447,0.13108328547053932,0.3677798888023284,0.757329349113557,0.125,8,0.011720614863674608,0.009437997812901396,0.010493718618608814,0.0010327322405614746,0.026247408627882236,0.0,True,False,False
CELSR2,178.0,143.0,322.0,8,0.5089257138386395,0.4758578171746275,0.13154628165260843,0.3677798888023284,0.7570136041172418,0.125,8,0.009902526882421391,0.004715795608286796,0.009890331294230323,0.0017241904517292755,0.02595153753151037,0.0,True,False,False
CELSR2,178.0,144.0,323.0,8,0.5225684128218923,0.49534535756546594,0.12628874268303528,0.3785221275618697,0.7747664807804779,0.125,8,0.013361984048288613,0.005632515510250697,0.012878840763498505,0.002737168267104083,0.03326184580447041,0.0,True,False,False
CELSR2,178.0,145.0,324.0,8,0.5222503542728779,0.5039118485935314,0.11936352090470573,0.37569580797290375,0.7581985526600357,0.125,8,0.006768254027975278,0.006706225986960769,0.00429501564276074,0.0005716211187586257,0.012387166370012713,0.0,True,False,False
CELSR2,178.0,146.0,325.0,8,0.5246821465479733,0.5158536770785842,0.12454604204125046,0.3727847285735226,0.7581985526600357,0.125,8,0.007018657882841533,0.007535557286067139,0.0045349792117430334,0.000770621748745679,0.013472330464088609,0.0,True,False,False
CELSR2,178.0,147.0,326.0,8,0.5136248162914664,0.4977335875196004,0.1233061473268791,0.3727847285735226,0.759608556546943,0.125,8,0.008261110592394717,0.009282883536027227,0.0048344978570068935,0.0015580519817818992,0.013472330464088609,0.0,True,False,False
CELSR2,178.0,148.0,327.0,8,0.516542703707522,0.49462147494568737,0.1215958374086332,0.3727847285735226,0.759608556546943,0.125,8,0.007606435464125261,0.00370599805762805,0.008230643239122225,0.0012953337470344084,0.025097379737486047,0.0,True,False,False
CELSR2,178.0,149.0,328.0,8,0.5143822923007985,0.48266507901275457,0.11811456831181093,0.3751837334856251,0.764930458153141,0.125,8,0.010475649472190127,0.011598388417113512,0.0055041880098153,0.0022919452972166078,0.0166938792673304,0.0,True,False,False
CELSR2,178.0,150.0,329.0,8,0.5057019430108892,0.4870630139209636,0.1026096589820012,0.3654760768802726,0.7065967771671676,0.125,8,0.011666679165287103,0.00731827153220518,0.010363402892360414,0.0022919452972166078,0.028073079875047167,0.0,True,False,False
CELSR2,178.0,151.0,330.0,8,0.5006193817623101,0.48632751296199067,0.11897458408710747,0.3654760768802726,0.7355701381518623,0.125,8,0.011721208457998868,0.012647689270450856,0.009133104398713386,0.0006488819346917525,0.02539820609245213,0.0,True,False,False
CELSR2,178.0,152.0,331.0,8,0.4901683191194325,0.47013734520221795,0.12237473621176682,0.36054784719961736,0.7421959203161493,0.125,8,0.010611416558982123,0.007227509012091161,0.00815695878056052,0.001356040654982297,0.02539820609245213,0.0,True,False,False
CELSR2,178.0,153.0,332.0,8,0.48550254273440363,0.4725929573703074,0.12110758088956924,0.34602355292652526,0.7280881493425293,0.125,8,0.008329462109607983,0.0068839916278447275,0.0064538774277710055,0.0001408344730992093,0.021106048651237132,0.0,True,False,False
CELSR2,178.0,154.0,333.0,8,0.4846136587759924,0.4613825868043896,0.1258621672573593,0.34602355292652526,0.7366624977888758,0.125,8,0.011266522098156486,0.011214314310703022,0.008205366487579146,0.0009448313969111384,0.02447058220705954,0.0,True,False,False
CELSR2,178.0,155.0,334.0,8,0.47580453917037957,0.455227065592155,0.12089433534683688,0.31520040613835354,0.7156858395222171,0.125,8,0.010017547499418102,0.009037888295561767,0.007251326625446564,0.0014821518866829511,0.02274045942491354,0.0,True,False,False
CELSR2,178.0,156.0,335.0,8,0.4749596056822178,0.47562818088731335,0.08018781808573736,0.368165569164438,0.5919875117587226,0.0,8,0.008318802380157284,0.006985230616572461,0.00902342879230131,0.0003510153407974959,0.02827518378244027,0.0,True,False,False
CELSR2,178.0,157.0,336.0,8,0.4822091518710055,0.49374591513038596,0.09834744081546089,0.3180809581455203,0.6247688476289112,0.0,8,0.012928740268246024,0.010286799114312777,0.009019283003738773,0.004022893271316515,0.03395950724088393,0.0,True,False,False
CELSR2,178.0,158.0,337.0,8,0.5069289796190908,0.5134237592182174,0.11844840874948238,0.34689145162541934,0.7238668833057332,0.125,8,0.012139354489418752,0.01094615302783841,0.007363944409536719,0.004022893271316515,0.02691125066208428,0.0,True,False,False
CELSR2,178.0,159.0,338.0,8,0.5002941973591305,0.4982705540512563,0.11693552157140041,0.34689145162541934,0.7238668833057332,0.125,8,0.012519556008561068,0.011503936922564205,0.008196249055666197,0.0030401383391342536,0.02691125066208428,0.0,True,False,False
CELSR2,178.0,160.0,339.0,8,0.5004555077774193,0.48718314093892157,0.12599964208740333,0.33827573511330594,0.7525218450283762,0.125,8,0.01183003495115714,0.009608941775854973,0.007690464882883698,0.000791548853982529,0.026147177361689432,0.0,True,False,False
CELSR2,179.0,105.0,285.0,8,0.5124303409462054,0.47911543044093924,0.10531784167128577,0.40266335947203963,0.6919518299484988,0.0,8,0.011229472169239045,0.009578045170174068,0.00781331595613938,0.0022084091465258363,0.024359237973108416,0.0,True,False,False
CELSR2,179.0,106.0,286.0,8,0.5182001178009085,0.4725827563434137,0.10763749799123018,0.422490723947854,0.7164596417918041,0.125,8,0.015213036091890533,0.012968293803676811,0.008272501558891063,0.003985254103144976,0.027414040920621,0.0,True,False,False
CELSR2,179.0,107.0,287.0,8,0.5502250006182949,0.5141329010056388,0.10935636381308347,0.4389012459867475,0.7372358698758259,0.125,8,0.014693528799888653,0.010198494020132252,0.01286688601363325,0.0004961322485241018,0.03733372103818637,0.0,True,False,False
CELSR2,179.0,108.0,288.0,8,0.5212760051284517,0.5025789050114154,0.09163227765740735,0.4389012459867475,0.7129197844944494,0.125,8,0.015620348589083358,0.010930284206082599,0.012181232318996689,0.0004961322485241018,0.03733372103818637,0.0,True,False,False
CELSR2,179.0,109.0,289.0,8,0.5001912379454687,0.467571597066321,0.10339411536297385,0.41808331955793426,0.7262442090518902,0.125,8,0.015471871384166044,0.012104234770189215,0.008241836493430767,0.005835873937632348,0.02984353883969561,0.0,True,False,False
CELSR2,179.0,110.0,290.0,8,0.4989413330812539,0.47531443079453595,0.09286488045214142,0.41808331955793426,0.7049361325574985,0.125,8,0.009666543993634553,0.007300447175327266,0.007074887030121731,0.00042439494647654826,0.01832033746836485,0.0,True,False,False
CELSR2,179.0,111.0,291.0,8,0.4967061723022652,0.4667300248403776,0.09551794355739289,0.41899008534152943,0.7049361325574985,0.125,8,0.009475334010506906,0.007993246961132922,0.008005534736237671,0.000588499792926586,0.025958449900704263,0.0,True,False,False
CELSR2,179.0,112.0,292.0,8,0.4980051143891045,0.4570013563850659,0.10705092330541244,0.40843819738719106,0.7367660558792382,0.125,8,0.014166947215230916,0.012449373048643873,0.006997910685221566,0.0071263291831377305,0.025958449900704263,0.0,True,False,False
CELSR2,179.0,113.0,293.0,8,0.5049630280226218,0.48018697772248076,0.09150555723012815,0.4296430010554199,0.7039081512784308,0.125,8,0.011285157020277103,0.0059755102214981495,0.010970481517014286,0.0008587151512605206,0.027178040365870643,0.0,True,False,False
CELSR2,179.0,114.0,294.0,8,0.49756566579127703,0.4727302510323492,0.10650899394720767,0.41184984189954765,0.7430615513819094,0.125,8,0.015049666655002032,0.009148472802773588,0.013885155074628517,0.0018335509104895498,0.0404436118797503,0.0,True,False,False
CELSR2,179.0,115.0,295.0,8,0.5264994195225241,0.4727302510323492,0.1551233992230346,0.41184984189954765,0.8911309675526609,0.125,8,0.015972406177222148,0.012299848812256693,0.014507552304875571,0.0018335509104895498,0.0404436118797503,0.0,True,False,False
CELSR2,179.0,116.0,296.0,8,0.5057993184906292,0.45784636986390154,0.11010650109300509,0.4346899039114552,0.7587758948984724,0.125,8,0.011905663806232885,0.009664326121110001,0.011900086353074643,0.002033564384322669,0.0404436118797503,0.0,True,False,False
CELSR2,179.0,117.0,297.0,8,0.5055028804889539,0.46716545156626155,0.10746120661130522,0.4289210726981662,0.74878558750397,0.125,8,0.0069714995179524656,0.006121789773366632,0.00512434854657308,0.0013052084953671707,0.016789053681651015,0.0,True,False,False
CELSR2,179.0,118.0,298.0,8,0.48725846268466894,0.4495579057236938,0.11040015581445961,0.3906505212529374,0.7446307174446178,0.125,8,0.007908240310887986,0.005043573255661219,0.00611895823335306,0.0016040620940171197,0.017682237322941777,0.0,True,False,False
CELSR2,179.0,119.0,299.0,8,0.4887139559259513,0.45370825736103504,0.10919878756496722,0.40310994773860753,0.7446307174446178,0.125,8,0.011217788694351197,0.00902660429292754,0.008142024791743181,0.0032538094798153605,0.02667293959685964,0.0,True,False,False
CELSR2,179.0,120.0,300.0,8,0.4928492548139195,0.45370825736103504,0.10619142825844773,0.4218102004926389,0.7446307174446178,0.125,8,0.01072333355513986,0.005895546383160562,0.010242756037572971,0.0032538094798153605,0.027542524818881635,0.0,True,False,False
CELSR2,179.0,121.0,301.0,8,0.4989501724883795,0.48048829518030145,0.10377481461159366,0.42080032486694485,0.7446307174446178,0.125,8,0.006544167847973352,0.00464791983449737,0.007163487548181305,0.00029387948754743627,0.022171264281698445,0.0,True,False,False
CELSR2,179.0,122.0,302.0,8,0.49156674939207573,0.4579096933699702,0.10896520387096009,0.41157974433256955,0.7532786503370796,0.125,8,0.009356148756513683,0.0038236655919556407,0.010847802027244733,0.00036425262111582085,0.032261865223983645,0.0,True,False,False
CELSR2,179.0,123.0,303.0,8,0.48993721982759136,0.4570828523450359,0.10808871111213857,0.40425678699749207,0.7486605556750766,0.125,8,0.011356186788050861,0.008353515418450874,0.009241367350486007,0.002798271322831375,0.028942025498546787,0.0,True,False,False
CELSR2,179.0,124.0,304.0,8,0.49017979806742884,0.45501854052863955,0.0974322082403999,0.42700338537868837,0.7225288814311098,0.125,8,0.009503861445557142,0.006200300537499337,0.007973556689151314,0.001023349916527899,0.020849266454481267,0.0,True,False,False
CELSR2,179.0,125.0,305.0,8,0.5004224093938139,0.4651777778980392,0.09868931508037793,0.435826053404498,0.7342676309504181,0.125,8,0.009716593446973999,0.006651031838828909,0.006980622701703004,0.0034192885482707074,0.023032872690615158,0.0,True,False,False
CELSR2,179.0,126.0,306.0,8,0.4982071329002753,0.4586736526142834,0.09916745661865298,0.435826053404498,0.732314033396704,0.125,8,0.006035476554235244,0.0044926332963234,0.004672721669793878,0.0007172757653945086,0.013188572479739199,0.0,True,False,False
CELSR2,179.0,127.0,307.0,8,0.5160246158807834,0.4794512657427561,0.10278110538782516,0.4323902350461639,0.7530361189711444,0.125,8,0.009613963021721215,0.00865858471601684,0.007742751562037427,0.00046322034690154495,0.021018347885084835,0.0,True,False,False
CELSR2,179.0,128.0,308.0,8,0.5176509071582601,0.48248797801608345,0.09901167960680825,0.424437819120568,0.7439376241594764,0.125,8,0.00988433453852384,0.007447494280452418,0.009247538248772523,0.002015674532530232,0.027219464359524805,0.0,True,False,False
CELSR2,179.0,129.0,309.0,8,0.5272444414511404,0.48807607197415537,0.10178540635238799,0.426660566539419,0.7536690406847029,0.125,8,0.007393273329426852,0.005658009795694401,0.0065969653445932174,1.4748869990491877e-05,0.021018347885084835,0.0,True,False,False
CELSR2,179.0,130.0,310.0,8,0.5498705700843712,0.5184804280943252,0.11072559269874283,0.431264434063432,0.7896730905325821,0.125,8,0.005961354433346888,0.004162790951886573,0.0067594178690978755,2.2784768559962407e-05,0.021018347885084835,0.0,True,False,False
CELSR2,179.0,131.0,311.0,8,0.5525950456034862,0.5253725405412165,0.1009270595468738,0.431264434063432,0.7678443842924934,0.125,8,0.006970222974546435,0.005516190774582902,0.008219424464719925,2.2784768559962407e-05,0.025872476103536157,0.0,True,False,False
CELSR2,179.0,132.0,312.0,8,0.5617901331951205,0.5253725405412165,0.10064250613752512,0.4781886014289678,0.7874574857406914,0.125,8,0.009323657042698752,0.00456452138805892,0.012402447183954373,2.2784768559962407e-05,0.034808172345052436,0.0,True,False,False
CELSR2,179.0,133.0,313.0,8,0.5472883970631843,0.5203842176988324,0.10333503412431018,0.45298992631745477,0.7830310607099522,0.125,8,0.011329497065877374,0.009520438409443858,0.011130115557250452,3.680147508519639e-05,0.034808172345052436,0.0,True,False,False
CELSR2,179.0,134.0,314.0,8,0.5710158495693416,0.553871919627484,0.09424355724986523,0.4498810018329907,0.7744623768538974,0.125,8,0.008290993791307901,0.00610202989174039,0.00778923568239472,0.002213948681370087,0.025963911531755313,0.0,True,False,False
CELSR2,179.0,135.0,315.0,8,0.5880882406817287,0.5523315765024779,0.11424800018742295,0.46884764359233455,0.8031742626474716,0.25,8,0.01032576804558083,0.006007531558937164,0.010288254823713958,0.0016310976817780665,0.02626165966254102,0.0,True,False,False
CELSR2,179.0,136.0,316.0,8,0.5913909729203172,0.5507603186534236,0.1203508670815314,0.4859345676229174,0.8381627733451426,0.25,8,0.007916253984418567,0.004598604614489486,0.00842099434498747,0.0007316899184312092,0.02626165966254102,0.0,True,False,False
CELSR2,179.0,137.0,317.0,8,0.5772135532392598,0.5430109206685808,0.10819687976898876,0.4859345676229174,0.8287475758723173,0.125,8,0.010015503612070303,0.004250645628487646,0.013360002945867784,0.0003438276280358158,0.040742853856646916,0.0,True,False,False
CELSR2,179.0,138.0,318.0,8,0.5913476962782227,0.5430109206685808,0.10820953135483041,0.5122282368355577,0.825384248831316,0.125,8,0.010349446072929255,0.007313009733974444,0.012617887322102544,0.0012229655133174594,0.040742853856646916,0.0,True,False,False
CELSR2,179.0,139.0,319.0,8,0.5667801264256425,0.5318642625934287,0.11317147152872954,0.4812738295670004,0.825384248831316,0.125,8,0.009325293048807685,0.007564287904378034,0.007091722204160066,0.0004932026381267238,0.02224524324886494,0.0,True,False,False
CELSR2,179.0,140.0,320.0,8,0.5841239413145719,0.5458763836011347,0.11657284167100827,0.47460712388972054,0.825384248831316,0.125,8,0.010580940807341937,0.0068875942718148375,0.008690422338599357,0.0018354271514691063,0.0232866537147281,0.0,True,False,False
CELSR2,179.0,141.0,321.0,8,0.580695330516241,0.5413503945807139,0.12397005038172822,0.46997031921972493,0.8532052480906719,0.125,8,0.009909016312318898,0.006511997925774447,0.008676488267967047,0.00016422567766916123,0.023171609684787466,0.0,True,False,False
CELSR2,179.0,142.0,322.0,8,0.6058593876899607,0.5655401829191257,0.11800081893972653,0.5083217686227373,0.8706879958410431,0.125,8,0.009420794379380731,0.006953390520119829,0.009369773724736416,0.0009477539656550394,0.025768652493741336,0.0,True,False,False
CELSR2,179.0,143.0,323.0,8,0.599564374258378,0.55126845656071,0.11891697223936393,0.5083217686227373,0.8743658154579811,0.125,8,0.006437692685351615,0.004413458359186924,0.0071389820342445546,0.0004273764296429773,0.02209564063958664,0.0,True,False,False
CELSR2,179.0,144.0,324.0,8,0.609412750576555,0.5822349843576943,0.11838757464086921,0.4887324316951581,0.8746909303224772,0.125,8,0.009179121003024177,0.008413652131673789,0.007628518881489704,0.0003402008290869017,0.01897453802561903,0.0,True,False,False
CELSR2,179.0,145.0,325.0,8,0.6121112522733491,0.5810945163286761,0.11395497387185366,0.5014805518135739,0.8718293714325097,0.125,8,0.009748857095216161,0.006689976290667667,0.008859903798574539,0.0009456555456927602,0.02345423651953831,0.0,True,False,False
CELSR2,179.0,146.0,326.0,8,0.6154027715931385,0.5917196511054447,0.11195597687514787,0.5001932279330297,0.8718293714325097,0.125,8,0.011543928987927042,0.012510336780234405,0.00906957083169568,0.0005602232484641675,0.02697855555904118,0.0,True,False,False
CELSR2,179.0,147.0,327.0,8,0.6046447545547947,0.5679615645374164,0.11492702946980661,0.5001932279330297,0.8694989636007816,0.125,8,0.008641458722064115,0.005594767459085529,0.008840162714293635,0.0015553849014768837,0.02697855555904118,0.0,True,False,False
CELSR2,179.0,148.0,328.0,8,0.6009246342288004,0.5650353101478937,0.11346924797616295,0.5001932279330297,0.8694989636007816,0.125,8,0.007753310466025077,0.006716182496627114,0.005946318546000651,0.0001507642161817553,0.01645069654611006,0.0,True,False,False
CELSR2,179.0,149.0,329.0,8,0.6025932442939934,0.5705584501176943,0.11277884824936278,0.4962488870973462,0.8671093111744171,0.125,8,0.009023929540580556,0.004088368806734354,0.010997292558156062,0.0001507642161817553,0.030168373423913236,0.0,True,False,False
CELSR2,179.0,150.0,330.0,8,0.5944038250949519,0.5849537144994975,0.08433476689507825,0.4881728653619943,0.7762383059154886,0.125,8,0.009802803506236588,0.007090766158378656,0.010377172821299076,0.0001507642161817553,0.030168373423913236,0.0,True,False,False
CELSR2,179.0,151.0,331.0,8,0.5948964549254699,0.5620582816458355,0.11500351979341607,0.4881728653619943,0.8621623761894136,0.125,8,0.007334187261278553,0.006818112325698724,0.007518959296315226,0.0001507642161817553,0.023129188611994717,0.0,True,False,False
CELSR2,179.0,152.0,332.0,8,0.5814108345567545,0.5445278268064198,0.11007417850032059,0.4881728653619943,0.8407301507782398,0.125,8,0.009606355134545873,0.0071423133446742075,0.008302857575680986,0.0005201695197966625,0.02553085322729107,0.0,True,False,False
CELSR2,179.0,153.0,333.0,8,0.5717469167304448,0.5461818784748808,0.10455102950611408,0.47802195203568854,0.812762415104133,0.125,8,0.009744228545083267,0.008630140458019901,0.007451449342514184,0.0005201695197966625,0.02049645108334093,0.0,True,False,False
CELSR2,179.0,154.0,334.0,8,0.5784818166985872,0.5516725186543584,0.11354473600430463,0.47802195203568854,0.8440627672765799,0.125,8,0.004284749572537935,0.0037133372115189228,0.004067389739006011,0.00022626837581951712,0.0095820307883653,0.0,True,False,False
CELSR2,179.0,155.0,335.0,8,0.5677973647770317,0.543330378058986,0.10840438272429821,0.47854205901968044,0.8227284875011606,0.125,8,0.009778641976642135,0.006975631770648609,0.008537212887832926,0.0005514545062344866,0.024014255046665246,0.0,True,False,False
CELSR2,179.0,156.0,336.0,8,0.5645886488694625,0.556866876447518,0.048562089735121515,0.5047816641821351,0.6611392949627528,0.0,8,0.008318718845028997,0.007107571399168251,0.006414931243772882,0.00043347327905275424,0.015880348538262444,0.0,True,False,False
CELSR2,179.0,157.0,337.0,8,0.5713944104536859,0.5619640895745408,0.07725415733358022,0.4883043418769548,0.7239981641295113,0.125,8,0.011113485219765455,0.009330145734893536,0.005281260788103793,0.005022484626542368,0.02100062459134414,0.0,True,False,False
CELSR2,179.0,158.0,338.0,8,0.5995071885939858,0.578250385887152,0.1049154493981692,0.49585768012401316,0.8304898202497751,0.125,8,0.009295543664930616,0.008687789070080382,0.0045908205316319605,0.0043827842133830576,0.016556392262380388,0.0,True,False,False
CELSR2,179.0,159.0,339.0,8,0.5998942665463827,0.5819400881356008,0.10512858980528786,0.48848948712492124,0.8304898202497751,0.125,8,0.00846884706676596,0.006950650678024384,0.0044039287778292165,0.0043827842133830576,0.016556392262380388,0.0,True,False,False
CELSR2,179.0,160.0,340.0,8,0.5942060952154812,0.5788571747374218,0.10110049394051042,0.48837318274010766,0.8209225754588653,0.125,8,0.009807543199040319,0.006922303260975872,0.009029695075878363,0.0006736704302862852,0.024355958039170483,0.0,True,False,False
CELSR2,180.0,105.0,286.0,8,0.49413847933518895,0.4613124592623433,0.10503080664244137,0.37285464846194777,0.6439025190842007,0.0,8,0.010802067633886154,0.009491114005511173,0.008143658574155208,0.0021983244059988034,0.024359237973108416,0.0,True,False,False
CELSR2,180.0,106.0,287.0,8,0.5033420575920642,0.45252178596026693,0.10054814118316498,0.41391879351787664,0.6648107618338792,0.0,8,0.010281312130646926,0.009621139192330198,0.008431394726454235,0.00026421298632977577,0.025155760491280186,0.0,True,False,False
CELSR2,180.0,107.0,288.0,8,0.5270064705474509,0.4863706105897117,0.10765184045296193,0.4181678891908443,0.6831637463884352,0.0,8,0.010707637358313602,0.007745377392303307,0.01100079088057344,0.0037740733562807165,0.03733372103818637,0.0,True,False,False
CELSR2,180.0,108.0,289.0,8,0.5036893782703777,0.4863706105897117,0.08515669685715155,0.4181678891908443,0.659082942366738,0.0,8,0.013480243367287816,0.010003173761899076,0.010265830120273864,0.004451100783943578,0.03733372103818637,0.0,True,False,False
CELSR2,180.0,109.0,290.0,8,0.4783268415694157,0.4554269633002971,0.08548287255718649,0.3816993069413177,0.6358732947473876,0.0,8,0.008537593136265922,0.008283207849047795,0.005383404163225251,0.0005415522488788498,0.018222975202731792,0.0,True,False,False
CELSR2,180.0,110.0,291.0,8,0.48425262665770963,0.46946420938866096,0.08453422791037073,0.408002849543463,0.6559240194616008,0.0,8,0.01082952941636819,0.009189055560892941,0.006628992226480612,0.0027497563627069703,0.019485335759202166,0.0,True,False,False
CELSR2,180.0,111.0,292.0,8,0.48081178517035217,0.459325608596848,0.08751616387403115,0.38522075342483647,0.6559240194616008,0.0,8,0.010769162384265552,0.008283553326403738,0.008287260848734915,0.000588499792926586,0.022926479389657698,0.0,True,False,False
CELSR2,180.0,112.0,293.0,8,0.47529566346716123,0.44353380047460383,0.09419561574872883,0.38885531585614147,0.6614973803354292,0.0,8,0.01125838497074056,0.01056984596219105,0.00831825943345326,1.108821985224853e-05,0.02139660879633769,0.0,True,False,False
CELSR2,180.0,113.0,294.0,8,0.48821033907816014,0.4722463462989614,0.07544087224765401,0.40226131351059263,0.6235010173946386,0.0,8,0.009073791092682193,0.00489792560053888,0.00983430714785604,0.0008587151512605206,0.025628502565447787,0.0,True,False,False
CELSR2,180.0,114.0,295.0,8,0.4830875375255933,0.46998680426779404,0.08782780187936785,0.3971995683433089,0.6703087356019733,0.0,8,0.009041872034063201,0.004018660516228984,0.010968004855047874,0.0006691710473130287,0.028490937704172745,0.0,True,False,False
CELSR2,180.0,115.0,296.0,8,0.5141761755930393,0.46998680426779404,0.14092044796274242,0.3971995683433089,0.8356172264623165,0.125,8,0.00887336752120724,0.0024671210358573007,0.012278706800949732,0.0006691710473130287,0.032068775844622845,0.0,True,False,False
CELSR2,180.0,116.0,297.0,8,0.4910153850046909,0.45171872032387683,0.09866554854243262,0.4071621554869104,0.7016723393348658,0.125,8,0.011901195965485821,0.010431682749271655,0.005899152532813928,0.005850269533943234,0.024602693715030433,0.0,True,False,False
CELSR2,180.0,117.0,298.0,8,0.48343160914402955,0.4610154476318322,0.09816658931544736,0.37971028966465736,0.6872197095280309,0.0,8,0.009450042634045506,0.008853043745230599,0.006219960703277225,0.0010303479016469796,0.018910617798931467,0.0,True,False,False
CELSR2,180.0,118.0,299.0,8,0.46922851243145747,0.4389561886997916,0.09104008845231461,0.3725869737196319,0.6744356861627608,0.0,8,0.0077675612959187245,0.0045523645785991405,0.006594064618046212,0.0012259735814707316,0.019295181423110517,0.0,True,False,False
CELSR2,180.0,119.0,300.0,8,0.4701843419669999,0.4421092985625402,0.0907657270521697,0.3712785680181389,0.6744356861627608,0.0,8,0.007768858766100182,0.005816589270632326,0.004582586164183662,0.0028071378304281593,0.015495433830377953,0.0,True,False,False
CELSR2,180.0,120.0,301.0,8,0.47573631972649855,0.4421092985625402,0.08496323053776263,0.42179048463185975,0.6744356861627608,0.0,8,0.008431868314138303,0.005146386208088547,0.008168102469303292,0.0028071378304281593,0.027542524818881635,0.0,True,False,False
CELSR2,180.0,121.0,302.0,8,0.47935732129942177,0.46416411066380947,0.08262311915018399,0.42080032486694485,0.6744356861627608,0.0,8,0.009029628868837174,0.0057212224540193375,0.009484828929924461,0.0007679797825626716,0.025638065591483194,0.0,True,False,False
CELSR2,180.0,122.0,303.0,8,0.4714216729861068,0.43290191463904154,0.09378083517595354,0.40938422603071756,0.6914365019020629,0.0,8,0.010527617749345587,0.0046096994346161045,0.01283676776182679,0.00036425262111582085,0.032261865223983645,0.0,True,False,False
CELSR2,180.0,123.0,304.0,8,0.4685845479313641,0.43489355074680136,0.08566285562671414,0.40425678699749207,0.6623679699874935,0.0,8,0.012160930609602577,0.0057600621484498885,0.01190472735910792,0.001840428270629582,0.029314493210785563,0.0,True,False,False
CELSR2,180.0,124.0,305.0,8,0.46924341522169155,0.4449449386537831,0.08337290066439723,0.4076138481919404,0.6618628248595033,0.0,8,0.010735274045827017,0.008981441191707268,0.008164189439320221,0.001840428270629582,0.020849266454481267,0.0,True,False,False
CELSR2,180.0,125.0,306.0,8,0.4832036167547647,0.44990941255061356,0.08247807032081718,0.4232139723714429,0.6685872958362782,0.0,8,0.006756330891039596,0.005184127312984316,0.00590300967768071,0.0004959001984864078,0.017998439219049284,0.0,True,False,False
CELSR2,180.0,126.0,307.0,8,0.4800747657235579,0.4501155225392723,0.08006113519558508,0.4319205545132221,0.6705418924089308,0.0,8,0.007400869197233758,0.006101709749979138,0.005880098399443485,0.0004959001984864078,0.016807757631648344,0.0,True,False,False
CELSR2,180.0,127.0,308.0,8,0.4981286701341644,0.4675853406209256,0.09070340674643168,0.4323902350461639,0.7079494760376643,0.125,8,0.008448538629267742,0.009215570440951566,0.006890972355572519,0.00046322034690154495,0.021018347885084835,0.0,True,False,False
CELSR2,180.0,128.0,309.0,8,0.4974912791041027,0.47627034095166776,0.0765208124332787,0.424437819120568,0.670623839137862,0.0,8,0.011361689759657302,0.0047046495782426,0.01164763616522074,0.0018274324361729256,0.0272274795929668,0.0,True,False,False
CELSR2,180.0,129.0,310.0,8,0.5104810368479495,0.47627034095166776,0.08929450455235932,0.426660566539419,0.7036489998036833,0.125,8,0.010555270524501625,0.006349306545368292,0.009405274113018761,0.0013127474279332673,0.0272274795929668,0.0,True,False,False
CELSR2,180.0,130.0,311.0,8,0.5214820188664836,0.49045452507199433,0.08193401106792172,0.431264434063432,0.6822732497573082,0.0,8,0.008188926316786957,0.0033760210368078865,0.010286887686356161,2.2784768559962407e-05,0.0272274795929668,0.0,True,False,False
CELSR2,180.0,131.0,312.0,8,0.5318758019476523,0.5053746678216073,0.09172308828805346,0.431264434063432,0.7249918147988653,0.125,8,0.008694753358240059,0.0028208222804760154,0.011310389510637163,2.2784768559962407e-05,0.0272274795929668,0.0,True,False,False
CELSR2,180.0,132.0,313.0,8,0.538800196788011,0.49756079570825157,0.08663999511569383,0.47229858623713533,0.7257959434586597,0.125,8,0.009419036776212735,0.005035243259784837,0.012410468304984514,2.2784768559962407e-05,0.034808172345052436,0.0,True,False,False
CELSR2,180.0,133.0,314.0,8,0.5273952829620074,0.48603714947822624,0.08650173549536691,0.45298992631745477,0.7107842558598323,0.125,8,0.012934256556337372,0.009230100294943215,0.010684036371702774,0.001304393367968589,0.034808172345052436,0.0,True,False,False
CELSR2,180.0,134.0,315.0,8,0.5484715113300549,0.5315568162691231,0.08345807579192983,0.4498810018329907,0.7262867918097972,0.125,8,0.010259909285959743,0.0061587234561157524,0.010580916758744202,0.0004071843548366289,0.025963911531755313,0.0,True,False,False
CELSR2,180.0,135.0,316.0,8,0.5704227438024938,0.5385895676353578,0.10063699081779186,0.46884764359233455,0.7596850086422885,0.125,8,0.015258185482642772,0.014006784974999967,0.008202093641490457,0.005274036484740424,0.02626165966254102,0.0,True,False,False
CELSR2,180.0,136.0,317.0,8,0.571867264716712,0.5330674315927229,0.09967566229462832,0.4859345676229174,0.7584624062429475,0.125,8,0.011599181326325083,0.009547345062050652,0.007093158482514535,0.002889593198772986,0.02626165966254102,0.0,True,False,False
CELSR2,180.0,137.0,318.0,8,0.5621560265016976,0.5369607321757919,0.08999097228096917,0.4859345676229174,0.7651545428976899,0.125,8,0.015438271361219547,0.013083573154727144,0.010972913236228898,0.005383037802159491,0.040742853856646916,0.0,True,False,False
CELSR2,180.0,138.0,319.0,8,0.5735298518207755,0.5369607321757919,0.09298396998446518,0.48035395425103805,0.7576634889857762,0.125,8,0.014696123740406266,0.012014823648721463,0.012645699883917652,0.0008487320473988795,0.040742853856646916,0.0,True,False,False
CELSR2,180.0,139.0,320.0,8,0.546528461668355,0.518637143128363,0.09418583310680437,0.4758847894809963,0.7576634889857762,0.125,8,0.004382284475785258,0.0011386698552659311,0.006097760718227516,0.00019679515213684836,0.015966416332290425,0.0,True,False,False
CELSR2,180.0,140.0,321.0,8,0.562532495330791,0.5205259369092199,0.09905548390746889,0.47460712388972054,0.7576634889857762,0.125,8,0.010107278580185963,0.00867068171682722,0.009074948466235013,0.00019679515213684836,0.023171609684787466,0.0,True,False,False
CELSR2,180.0,141.0,322.0,8,0.566218259576426,0.5322693026888137,0.10151182385579915,0.46997031921972493,0.7781698913741372,0.125,8,0.009691020193967658,0.005143555798397297,0.008978653240879804,0.0010323428839347812,0.023171609684787466,0.0,True,False,False
CELSR2,180.0,142.0,323.0,8,0.5844553844091198,0.5491735704879293,0.09586931196389104,0.5080207606665567,0.7945086971819992,0.125,8,0.008153574170512979,0.004500434082898461,0.008778391177074569,0.00016495177644024875,0.025768652493741336,0.0,True,False,False
CELSR2,180.0,143.0,324.0,8,0.576244247104158,0.544744206128926,0.09241328485518625,0.5076002205741554,0.7796957002423298,0.125,8,0.006558542529593351,0.005794374991105746,0.004359427537699532,0.0013477500376412107,0.013205586120921457,0.0,True,False,False
CELSR2,180.0,144.0,325.0,8,0.5907993389904526,0.5814756863930404,0.09811730710394832,0.4887324316951581,0.805467718999763,0.125,8,0.009973423962131502,0.009591959174204355,0.007213750808890971,0.0002838829834139638,0.01897453802561903,0.0,True,False,False
CELSR2,180.0,145.0,326.0,8,0.5914174538220895,0.5705894978576378,0.08740984831808395,0.5014805518135739,0.7861297109944363,0.125,8,0.011966647912992559,0.010730412299956787,0.007356371638225343,0.0023287367535023995,0.02345423651953831,0.0,True,False,False
CELSR2,180.0,146.0,327.0,8,0.5977376738551133,0.5812818372985689,0.08614521638069245,0.5001932279330297,0.7861297109944363,0.125,8,0.012089078946773102,0.01077031015175112,0.00753979893456803,0.0031039381434401284,0.02697855555904118,0.0,True,False,False
CELSR2,180.0,147.0,328.0,8,0.5855420406885996,0.5679615645374164,0.09130171713047967,0.5001932279330297,0.7916226943916158,0.125,8,0.009853246991187344,0.007568949190388795,0.008573674772156151,0.0018975785165094544,0.02697855555904118,0.0,True,False,False
CELSR2,180.0,148.0,329.0,8,0.5776146099908182,0.5635364092695321,0.09193830914810928,0.5001932279330297,0.7916226943916158,0.125,8,0.010764451238965217,0.011157789611704449,0.006326017888843266,0.0028908523314254667,0.017087645238471044,0.0,True,False,False
CELSR2,180.0,149.0,330.0,8,0.582851296513555,0.5579407307125923,0.09924505018697628,0.4962488870973462,0.810148970317986,0.125,8,0.015244495946546362,0.013594642723882607,0.009487651901460246,0.005806615103524789,0.030168373423913236,0.0,True,False,False
CELSR2,180.0,150.0,331.0,8,0.5784151635163565,0.5766443006161861,0.07659614990845626,0.4881728653619943,0.7389177993380096,0.125,8,0.0124976039221042,0.009713693431829297,0.00867792288646108,0.0024475969735583193,0.030168373423913236,0.0,True,False,False
CELSR2,180.0,151.0,332.0,8,0.5715130432237523,0.556956142698757,0.08801938949258521,0.4881728653619943,0.7746686395104007,0.125,8,0.008773372989814912,0.007307985840612669,0.008283566764305113,0.0007776806152783892,0.023129188611994717,0.0,True,False,False
CELSR2,180.0,152.0,333.0,8,0.5588588973142357,0.5306598013944098,0.08595540544900933,0.4881728653619943,0.757467599264811,0.125,8,0.00795623899122929,0.004206983382453785,0.008185780592991363,0.002076064673691253,0.02553085322729107,0.0,True,False,False
CELSR2,180.0,153.0,334.0,8,0.5507751675081634,0.515662423213852,0.08926608751090673,0.47802195203568854,0.7569753330499768,0.125,8,0.009705154601943228,0.010344718430596998,0.007187177707460092,0.0015142693085627465,0.018327030247741266,0.0,True,False,False
CELSR2,180.0,154.0,335.0,8,0.5560555000773493,0.5268329211564096,0.09754102039189735,0.47802195203568854,0.7837162662842532,0.125,8,0.011017225493866625,0.009212703446564713,0.006770980322802844,0.002076064673691253,0.02383175111351415,0.0,True,False,False
CELSR2,180.0,155.0,336.0,8,0.5463785258935727,0.5245856225791479,0.08571695739706676,0.47854205901968044,0.7447143242985654,0.125,8,0.009526688497076496,0.008739267966912306,0.007539009084516356,0.0006154463198104011,0.024014255046665246,0.0,True,False,False
CELSR2,180.0,156.0,337.0,8,0.5457529150385177,0.5421277170644441,0.030114654168326538,0.5047816641821351,0.6039680880702956,0.0,8,0.01206922766366755,0.011221722887972557,0.009690972453638569,0.0006154463198104011,0.03223725640206989,0.0,True,False,False
CELSR2,180.0,157.0,338.0,8,0.5538725659608078,0.5368621855696397,0.05862540220133075,0.4883043418769548,0.6609418793319928,0.0,8,0.012071348484458889,0.009330145734893536,0.010322868523190473,0.0004800964011466888,0.03223725640206989,0.0,True,False,False
CELSR2,180.0,158.0,339.0,8,0.5779530438486588,0.5436473142659967,0.0881479807924115,0.49585768012401316,0.7584901404257713,0.125,8,0.01283817136432292,0.013703751261368831,0.006508965691765338,0.00431843697808851,0.023701515786645606,0.0,True,False,False
CELSR2,180.0,159.0,340.0,8,0.5717400373939614,0.5383660912917335,0.09058426667685195,0.48848948712492124,0.7584901404257713,0.125,8,0.012944607114886129,0.013771512335880243,0.008436459236376134,0.002988524828107236,0.029221668576221726,0.0,True,False,False
CELSR2,180.0,160.0,341.0,8,0.578719799807414,0.5668565330268833,0.08928363145129962,0.48837318274010766,0.7761940503112167,0.125,8,0.009413879012765391,0.0052007427774102,0.009351982416569182,0.0006736704302862852,0.02360001724520949,0.0,True,False,False
CELSR2,181.0,105.0,287.0,8,0.4785790196794342,0.44972483921815676,0.0971472402981447,0.3658058948090389,0.6305714885290723,0.0,8,0.011716653493866568,0.01127752504912067,0.005713250789633725,0.003985254103144976,0.02122143817574964,0.0,True,False,False
CELSR2,181.0,106.0,288.0,8,0.48544878295144633,0.44790176974886287,0.08830425628511857,0.3969883078116377,0.6305714885290723,0.0,8,0.009960465187970518,0.010543409370012594,0.005375042512373283,0.002222890631248427,0.017668194734411686,0.0,True,False,False
CELSR2,181.0,107.0,289.0,8,0.5148651249023991,0.4822066215575175,0.09598658322671769,0.4159794325013157,0.6831637463884352,0.0,8,0.015044236041802958,0.014384859748268156,0.008239007650824427,0.0037740733562807165,0.02895246725821915,0.0,True,False,False
CELSR2,181.0,108.0,290.0,8,0.49246430451924833,0.4822066215575175,0.0710609411578123,0.4159794325013157,0.594190676412404,0.0,8,0.013480315519164333,0.010958972018159754,0.00513724093634368,0.008567429383695329,0.022248854829644088,0.0,True,False,False
CELSR2,181.0,109.0,291.0,8,0.4638546585245242,0.4566082304526434,0.0734005040443083,0.36344663893491397,0.5685350270917365,0.0,8,0.012448637119493882,0.008240141677978603,0.010465318762748898,0.0014036018686651593,0.03154866338135034,0.0,True,False,False
CELSR2,181.0,110.0,292.0,8,0.46429658042801886,0.4487321131924903,0.06616521356709767,0.39709119158278006,0.5676235285670796,0.0,8,0.013800330058835467,0.014514181917765372,0.009021860234281885,0.0015277653062036223,0.025665436107458504,0.0,True,False,False
CELSR2,181.0,111.0,293.0,8,0.46110046009975,0.4588110332429969,0.07291439122889243,0.37475081591392023,0.5676235285670796,0.0,8,0.009335818344577423,0.006602521512808001,0.008202873154603468,0.000588499792926586,0.021567150126496133,0.0,True,False,False
CELSR2,181.0,112.0,294.0,8,0.4589729273715738,0.4264088538520943,0.08144294025277274,0.37269929767331966,0.5931181520129399,0.0,8,0.010293707950736438,0.0112596994508404,0.005537082159748127,0.001290526790499007,0.019120028042062056,0.0,True,False,False
CELSR2,181.0,113.0,295.0,8,0.4738609515206207,0.4696654354252474,0.07203247635921829,0.37179618930486175,0.5854459247711943,0.0,8,0.01391944320107361,0.012160365308236165,0.009207495344396983,0.0008587151512605206,0.026200930905173263,0.0,True,False,False
CELSR2,181.0,114.0,296.0,8,0.4738449250384917,0.46602325887179763,0.07538106401915552,0.38376595296102184,0.6183292903966197,0.0,8,0.012921470560811542,0.01075718722400763,0.01080844603901019,0.0018335509104895498,0.03286306760345881,0.0,True,False,False
CELSR2,181.0,115.0,297.0,8,0.5034326175282341,0.46602325887179763,0.13118383457773602,0.38376595296102184,0.7933443528113345,0.125,8,0.012144355100615234,0.006162676618637148,0.013865266062883777,0.0016941937247394309,0.034564543599937415,0.0,True,False,False
CELSR2,181.0,116.0,298.0,8,0.4779927070666234,0.45709567534457424,0.08071074684178216,0.39039673287577326,0.6351617596348854,0.0,8,0.013255506235601266,0.008674903750004865,0.013340919127056913,0.0014687138219912062,0.03368847963460255,0.0,True,False,False
CELSR2,181.0,117.0,299.0,8,0.4714742706854649,0.4517407263529219,0.0825948213558234,0.3784240963678832,0.6282762908826882,0.0,8,0.010850820320317612,0.009949651506212229,0.006809409134210843,0.0006509627214534223,0.02235190364433084,0.0,True,False,False
CELSR2,181.0,118.0,300.0,8,0.4565475985259052,0.4395946492264482,0.07964528431640007,0.35302962932614107,0.6219991853533899,0.0,8,0.0072139235672886515,0.003905883280070809,0.007857119752372741,0.0006175791310553531,0.02133945005752203,0.0,True,False,False
CELSR2,181.0,119.0,301.0,8,0.45392464563335433,0.42827305712907426,0.0793258159526839,0.3624732229020866,0.6219991853533899,0.0,8,0.008142098468596072,0.004788542836492429,0.007954477874463087,0.0006175791310553531,0.02137863680964432,0.0,True,False,False
CELSR2,181.0,120.0,302.0,8,0.45635846895840215,0.426727664785031,0.0761851580796631,0.38343665113883235,0.6219991853533899,0.0,8,0.00806682864245104,0.004440673369873093,0.008867825673851365,0.0006175791310553531,0.022909380193227483,0.0,True,False,False
CELSR2,181.0,121.0,303.0,8,0.4709036638237054,0.4757762054934463,0.07038991456138073,0.3986981128481607,0.6219991853533899,0.0,8,0.008103748920728848,0.0051894133513497205,0.009952066054436062,0.0006175791310553531,0.030687749585032578,0.0,True,False,False
CELSR2,181.0,122.0,304.0,8,0.4600454186743774,0.4383631302122406,0.07291033691772973,0.40088283865712443,0.6244973265682624,0.0,8,0.006814379648471116,0.0017865199698639499,0.00841438551450992,0.00036425262111582085,0.021948045903712157,0.0,True,False,False
CELSR2,181.0,123.0,305.0,8,0.45582562815441086,0.442722415693976,0.06436071355243106,0.39801721425364933,0.6014134697647446,0.0,8,0.010631932442065749,0.0054867972127138395,0.011753672479912328,0.0005799335982233096,0.03375410754675972,0.0,True,False,False
CELSR2,181.0,124.0,306.0,8,0.455498850214447,0.4375988450631154,0.06195189887289468,0.40088283865712443,0.5916410180843079,0.0,8,0.010665885917139472,0.009981765313008624,0.00802078560812214,0.0005799335982233096,0.020849266454481267,0.0,True,False,False
CELSR2,181.0,125.0,307.0,8,0.4730986186876285,0.4451850157619006,0.06739094871517172,0.4259006292009549,0.6301904089199025,0.0,8,0.011301727253993716,0.011622539025523855,0.006516525430712009,0.0014402955630049335,0.020213586609965008,0.0,True,False,False
CELSR2,181.0,126.0,308.0,8,0.46864084492594965,0.443504866946701,0.060556600339485185,0.4259006292009549,0.6067569962973167,0.0,8,0.010787883712465756,0.011884953769142722,0.006834390321421288,0.0007172757653945086,0.020213586609965008,0.0,True,False,False
CELSR2,181.0,127.0,309.0,8,0.48388418586504334,0.4512342204173031,0.07018106299014984,0.4323902350461639,0.6407427439014495,0.0,8,0.007253965703790207,0.008597564260666522,0.00588704989138557,0.00031476486166180217,0.01724040204364104,0.0,True,False,False
CELSR2,181.0,128.0,310.0,8,0.48880825934140637,0.47024994446218343,0.0733639998710356,0.424437819120568,0.6533139450547586,0.0,8,0.010417945828820482,0.006705191240952783,0.00988204689600681,0.00031476486166180217,0.027219464359524805,0.0,True,False,False
CELSR2,181.0,129.0,311.0,8,0.49468755156577043,0.47024994446218343,0.07164839787726812,0.426660566539419,0.6461151003361743,0.0,8,0.009222597316292743,0.005658009795694401,0.0069446986567424955,0.0014071876233493874,0.020036353015627485,0.0,True,False,False
CELSR2,181.0,130.0,312.0,8,0.506790653842944,0.4886800295331766,0.07053321976023423,0.431264434063432,0.6240892825218637,0.0,8,0.00999805598594464,0.009531586339138764,0.007109033559630103,2.2784768559962407e-05,0.020036353015627485,0.0,True,False,False
CELSR2,181.0,131.0,313.0,8,0.5176402239049473,0.4930006428809741,0.07401332059814417,0.431264434063432,0.6591424251595327,0.0,8,0.008710166288008333,0.007320450632818998,0.007108766562834861,2.2784768559962407e-05,0.020036353015627485,0.0,True,False,False
CELSR2,181.0,132.0,314.0,8,0.5231020716994391,0.4971705717369195,0.07093000275139426,0.45146692202725225,0.6622091255624653,0.0,8,0.010464620786980594,0.005812975246740448,0.01149578297228731,2.2784768559962407e-05,0.033420507713785304,0.0,True,False,False
CELSR2,181.0,133.0,315.0,8,0.5176409807240366,0.4957011082784586,0.07035319119803311,0.45146692202725225,0.6591888362615101,0.0,8,0.01027582207227469,0.007158156085448106,0.010767443766856307,0.0002943607950573723,0.033420507713785304,0.0,True,False,False
CELSR2,181.0,134.0,316.0,8,0.5361325843099952,0.526564017733377,0.06663687968548689,0.4498810018329907,0.6633074170638732,0.0,8,0.008453188495427493,0.003922441499278313,0.01102142177615107,0.0003844296313217751,0.033810545824896385,0.0,True,False,False
CELSR2,181.0,135.0,317.0,8,0.5591953407025182,0.5274269018069538,0.08022005525874518,0.46884764359233455,0.6982696103933851,0.0,8,0.014500510125545537,0.009628307333204317,0.011909626017437886,0.0024203481678475394,0.033810545824896385,0.0,True,False,False
CELSR2,181.0,136.0,318.0,8,0.5592219001030101,0.5214496128102937,0.08546449887594072,0.4859345676229174,0.7092741861979898,0.125,8,0.014831192268976461,0.010857787821109927,0.009045838843162672,0.003731000065316338,0.02626165966254102,0.0,True,False,False
CELSR2,181.0,137.0,319.0,8,0.5469997117224815,0.5109713528290127,0.07502692633483048,0.4859345676229174,0.7142001282528997,0.125,8,0.012267141449541953,0.01213793939213393,0.00880831206053943,0.0006974560547543155,0.02481552196278316,0.0,True,False,False
CELSR2,181.0,138.0,320.0,8,0.5561287891623463,0.5143144360089764,0.07577569120372245,0.4928668103358358,0.6997621390841382,0.0,8,0.009027488800890384,0.006194366949991752,0.009063632710296449,0.0006974560547543155,0.02481552196278316,0.0,True,False,False
CELSR2,181.0,139.0,321.0,8,0.5326738264364265,0.4966731364458601,0.07629252184479965,0.47947843434322784,0.6997621390841382,0.0,8,0.007668078420215186,0.005319438621196061,0.006709556973157039,0.0004932026381267238,0.018131417373750115,0.0,True,False,False
CELSR2,181.0,140.0,322.0,8,0.5522866977895186,0.5170688811873922,0.08191098972632253,0.47460712388972054,0.6997621390841382,0.0,8,0.010171771956595771,0.004922083723250204,0.010971263575884389,0.002086902650264992,0.0341883654090568,0.0,True,False,False
CELSR2,181.0,141.0,323.0,8,0.5546028725888457,0.5196643057592064,0.08612150030794623,0.46997031921972493,0.7254517628646299,0.125,8,0.01096838264850931,0.006435737927493908,0.010628288827876722,0.0033423980481623967,0.0341883654090568,0.0,True,False,False
CELSR2,181.0,142.0,324.0,8,0.5693813012855489,0.5363865952273421,0.07419709280292917,0.5083217686227373,0.7247912359918526,0.125,8,0.009446537513353401,0.0065203787874117845,0.009014129645065148,0.00011551001335911256,0.02598021213464898,0.0,True,False,False
CELSR2,181.0,143.0,325.0,8,0.5713094480566566,0.5339918909193209,0.08055518831600078,0.5083217686227373,0.7420300805071796,0.125,8,0.011260298036078314,0.010925307422988636,0.0082575399940316,0.0013477500376412107,0.024978952790818073,0.0,True,False,False
CELSR2,181.0,144.0,326.0,8,0.5745711475816642,0.5596404931254709,0.08091428566775791,0.4887324316951581,0.7507319284068935,0.125,8,0.014150657064048687,0.010146414328038228,0.010789983404020645,0.0013477500376412107,0.037015507324612076,0.0,True,False,False
CELSR2,181.0,145.0,327.0,8,0.5789895369769419,0.5666472303064818,0.07039523923285725,0.5014805518135739,0.7302620583576833,0.125,8,0.013544750765681316,0.013056671629581925,0.005469562914265647,0.0065889040073373595,0.02211453942133819,0.0,True,False,False
CELSR2,181.0,146.0,328.0,8,0.5804132738730263,0.5734408517264545,0.07227048742746052,0.5001932279330297,0.7302620583576833,0.125,8,0.011881362936900225,0.012057274973598785,0.006284700444468037,0.001921824664516044,0.02222153252647399,0.0,True,False,False
CELSR2,181.0,147.0,329.0,8,0.5724112992330416,0.5549075992742013,0.07410277962077305,0.5001932279330297,0.7301252073399573,0.125,8,0.009022723612448777,0.006190035697945372,0.007003586873074374,0.0013108771226834285,0.02222153252647399,0.0,True,False,False
CELSR2,181.0,148.0,330.0,8,0.5669710024640995,0.558526563506093,0.07244750459539119,0.5001932279330297,0.7301252073399573,0.125,8,0.008923368065378606,0.006077255287810442,0.007929028131012926,0.0015911163734374171,0.02319469381832613,0.0,True,False,False
CELSR2,181.0,149.0,331.0,8,0.5685003753850302,0.5545504558253743,0.08109620688138451,0.4962488870973462,0.7539898497847871,0.125,8,0.011885980312268285,0.008628807004043018,0.011254384792881737,0.0009332961202937001,0.03398069254533384,0.0,True,False,False
CELSR2,181.0,150.0,332.0,8,0.5616949140488088,0.5634007855597909,0.057112358522485224,0.4881728653619943,0.6754298586339665,0.0,8,0.014892313879586817,0.014142595539249063,0.011577913668567304,0.0015911163734374171,0.03398069254533384,0.0,True,False,False
CELSR2,181.0,151.0,333.0,8,0.55435494975054,0.5337228235518789,0.07315458157851217,0.4881728653619943,0.7196574965378113,0.125,8,0.008670216597941528,0.006811271875029185,0.008770754037780238,0.00140665226263398,0.027925212299048516,0.0,True,False,False
CELSR2,181.0,152.0,334.0,8,0.5440795370577418,0.5183821790185466,0.07202560657335078,0.4881728653619943,0.7070649287849228,0.125,8,0.013185717532807718,0.011966398651598032,0.010144275785700744,0.0011421579310140924,0.030700459541267388,0.0,True,False,False
CELSR2,181.0,153.0,335.0,8,0.5349827845933027,0.5108513553110012,0.07039144481470627,0.4684440312662442,0.6894580420526336,0.0,8,0.008887879309001007,0.008303537472390548,0.007703414710273353,0.0011421579310140924,0.025103326341033898,0.0,True,False,False
CELSR2,181.0,154.0,336.0,8,0.5390797312559065,0.5137115866048629,0.07035897070346914,0.47802195203568854,0.6975370259405738,0.0,8,0.012612350093342961,0.008866558225979222,0.010710811298011911,0.0011421579310140924,0.032207664778105285,0.0,True,False,False
CELSR2,181.0,155.0,337.0,8,0.5304525521741162,0.5150854828336113,0.06796636160503021,0.4394366808202046,0.6754197123725606,0.0,8,0.01096698469898712,0.011295958895266713,0.007226571197180355,0.0006154463198104011,0.019244676845320125,0.0,True,False,False
CELSR2,181.0,156.0,338.0,8,0.5304415294251276,0.5372500418991544,0.02444551288845925,0.4927028504812789,0.5669556260855897,0.0,8,0.010549206398903806,0.007295960327975137,0.010473307817793508,0.00014401033342840476,0.02604033114897166,0.0,True,False,False
CELSR2,181.0,157.0,339.0,8,0.538212768976883,0.5295760099974576,0.04907700644628058,0.4667192327784578,0.6071496906499254,0.0,8,0.014684584688998484,0.012428101767805167,0.009472202754054231,0.00485364017609831,0.02968057537589204,0.0,True,False,False
CELSR2,181.0,158.0,340.0,8,0.5632715364463414,0.5458159240864253,0.07847549968367533,0.47541688342715366,0.7014749749321688,0.125,8,0.00965671287932661,0.007646432285802671,0.007345488726976466,0.0018083765838090003,0.019549219822971448,0.0,True,False,False
CELSR2,181.0,159.0,341.0,8,0.5570286854658856,0.5375215000839009,0.0789868780659947,0.47541688342715366,0.7014749749321688,0.125,8,0.010076710805300145,0.0074796058791317815,0.0069280818998062295,0.0022195951115804827,0.019549219822971448,0.0,True,False,False
CELSR2,181.0,160.0,342.0,8,0.5587770195868633,0.5424403966978841,0.07821378015846471,0.4683468268865703,0.7159161991338642,0.125,8,0.01064359139912746,0.00536887183217456,0.009599801677374337,0.0006736704302862852,0.027333199782328607,0.0,True,False,False
CELSR2,182.0,105.0,288.0,8,0.483212323109655,0.47119487772924495,0.11138961420899862,0.350604621322145,0.6269896252285896,0.0,8,0.009404742320233707,0.008861561177696474,0.007043699962807613,0.0015468283149151676,0.024604876779197565,0.0,True,False,False
CELSR2,182.0,106.0,289.0,8,0.48978067711952933,0.46853248674616976,0.1062197226432825,0.34762577722909244,0.6269896252285896,0.0,8,0.01028816813516141,0.010037873849195019,0.006917017744362348,0.001528461712094329,0.017938344545433804,0.0,True,False,False
CELSR2,182.0,107.0,290.0,8,0.5108491144421246,0.48577883867131044,0.11166712992456473,0.3526709690099948,0.6609073347272368,0.0,8,0.01247627492275026,0.00889166394442773,0.009193194544956042,0.001889065808417835,0.029429385223849355,0.0,True,False,False
CELSR2,182.0,108.0,291.0,8,0.4916043797544173,0.48577883867131044,0.0966723268788197,0.3526709690099948,0.641010440368226,0.0,8,0.013939576260971243,0.014552194690669096,0.008842762538302028,0.002142994695612131,0.029429385223849355,0.0,True,False,False
CELSR2,182.0,109.0,292.0,8,0.4679276474185582,0.45990910248399697,0.09723557993694815,0.325996414187995,0.6175669934753747,0.0,8,0.01573006178935394,0.01291659246201955,0.010439054464138918,0.0026384571467821688,0.03154866338135034,0.0,True,False,False
CELSR2,182.0,110.0,293.0,8,0.47121354461837306,0.4636502365583217,0.09929680583989758,0.325996414187995,0.636146533902837,0.0,8,0.013348165904697073,0.010576310200891012,0.009545888294831786,0.0036612441033013416,0.0290380808390977,0.0,True,False,False
CELSR2,182.0,111.0,294.0,8,0.4697048877253118,0.45679954260194355,0.0943896832502357,0.3365838178890052,0.636146533902837,0.0,8,0.012787712800157724,0.011348243867903111,0.004697672701184046,0.008770200395138716,0.02304435250806189,0.0,True,False,False
CELSR2,182.0,112.0,295.0,8,0.4673765295565359,0.44376373233156347,0.10473941360421801,0.3254247670286764,0.6509674511269893,0.0,8,0.007989587959694806,0.007894015114108336,0.0035022903073068682,0.003429072949151821,0.014031847626558368,0.0,True,False,False
CELSR2,182.0,113.0,296.0,8,0.475088453857426,0.469580968483986,0.09110632480197516,0.35365151583963544,0.6177179517331894,0.0,8,0.011000637727804819,0.006316762914649667,0.010729773840617397,0.0011535316104225527,0.028038114744423342,0.0,True,False,False
CELSR2,182.0,114.0,297.0,8,0.4737427984345354,0.4741870658054629,0.09787681214672028,0.34923953895136817,0.6690870043343558,0.0,8,0.014124090648456294,0.010913433887151736,0.008217696306661236,0.00821887811649702,0.03286306760345881,0.0,True,False,False
CELSR2,182.0,115.0,298.0,8,0.5007325757180512,0.4741870658054629,0.14914859750357762,0.3550326216864937,0.832966134312482,0.125,8,0.014606359435143311,0.011732308651743042,0.010152649069498865,0.0024718266403716887,0.03286306760345881,0.0,True,False,False
CELSR2,182.0,116.0,299.0,8,0.47885008009569857,0.445535893991702,0.10584761967261033,0.34810284609850395,0.6880112281272711,0.0,8,0.013962637196841187,0.011809473994182085,0.009829372649767562,0.0027185944339325483,0.03286306760345881,0.0,True,False,False
CELSR2,182.0,117.0,300.0,8,0.47314123516765577,0.434756675074351,0.1080007960022887,0.3561077075770909,0.6842004145758558,0.0,8,0.012273813621680046,0.013120017510023122,0.008938591459505756,0.0025349186341503006,0.029443001772069186,0.0,True,False,False
CELSR2,182.0,118.0,301.0,8,0.46044584026701274,0.4403083449311589,0.10294284828413947,0.33624051994570187,0.668233856060981,0.0,8,0.013294652849646434,0.013410523964893327,0.007276312269942586,0.004189644875827434,0.025032366633501106,0.0,True,False,False
CELSR2,182.0,119.0,302.0,8,0.458216392676869,0.43916130795659125,0.10487199631122078,0.33624051994570187,0.668233856060981,0.0,8,0.013114066585361425,0.013410523964893327,0.007507748467356315,0.0038339911532934033,0.025032366633501106,0.0,True,False,False
CELSR2,182.0,120.0,303.0,8,0.46554881150350746,0.4360960221215874,0.09656224948336789,0.3552422040108915,0.668233856060981,0.0,8,0.013112117231173693,0.013410523964893327,0.009062869005964109,0.00015555175812976895,0.02865044641899086,0.0,True,False,False
CELSR2,182.0,121.0,304.0,8,0.4746496234385873,0.4749945515686661,0.09659086339725262,0.33311031605142194,0.668233856060981,0.0,8,0.008572706061726498,0.008603813117543258,0.007428489273852638,0.0004248926212862144,0.020747348017360473,0.0,True,False,False
CELSR2,182.0,122.0,305.0,8,0.4624365481333639,0.4350841315460376,0.09938721404201402,0.3463228101626491,0.6820353542720305,0.0,8,0.010756310575229876,0.007931558220152238,0.010763134323499637,0.0004248926212862144,0.03256873966162633,0.0,True,False,False
CELSR2,182.0,123.0,306.0,8,0.4626855477769304,0.42881577272973626,0.09574455444568107,0.3474628296257987,0.6603831808269391,0.0,8,0.008835136749046495,0.007181238542610214,0.0074055086570290925,0.0008138595425776561,0.017962904424804797,0.0,True,False,False
CELSR2,182.0,124.0,307.0,8,0.4515501378041581,0.4201507005139389,0.08553119804360636,0.363463844332754,0.6310859296598222,0.0,8,0.010000725725652058,0.010731931074697151,0.006939123941110165,0.0008138595425776561,0.01980800514890283,0.0,True,False,False
CELSR2,182.0,125.0,308.0,8,0.46762927751683653,0.4459834397353815,0.08614653338457479,0.37116873453608923,0.6540508713766963,0.0,8,0.014111673327017377,0.015958454827152732,0.007010336586426773,0.003938195085809998,0.02331163272011776,0.0,True,False,False
CELSR2,182.0,126.0,309.0,8,0.473758924412092,0.45078886825515435,0.08859511678704861,0.37116873453608923,0.6622086016455521,0.0,8,0.010501023064327705,0.008952147981385473,0.006235774868013587,0.0031999606665107576,0.020235308312477673,0.0,True,False,False
CELSR2,182.0,127.0,310.0,8,0.48636930189318284,0.44752750544579284,0.09997678656044255,0.37904811443283837,0.690787847063955,0.0,8,0.009985445978142627,0.0056993559291975745,0.008622273762205611,0.0022960672839834654,0.02690888426718532,0.0,True,False,False
CELSR2,182.0,128.0,311.0,8,0.48954506494853467,0.4592987024972394,0.09897587907572589,0.37904811443283837,0.6920842821658252,0.0,8,0.010431940870208356,0.00545906417279653,0.009522755779573486,0.0008980009709030599,0.02690888426718532,0.0,True,False,False
CELSR2,182.0,129.0,312.0,8,0.4938185332787766,0.46125816031422767,0.1013631860882236,0.37904811443283837,0.6982730516676974,0.0,8,0.012816894335594471,0.010860294943636311,0.007097404242368616,0.005379452864096272,0.02690888426718532,0.0,True,False,False
CELSR2,182.0,130.0,313.0,8,0.51107933055658,0.48848927092760475,0.1053944637612263,0.37904811443283837,0.6894287413764588,0.0,8,0.009912726871367376,0.005730153598923538,0.009002280619627346,0.002072912389935209,0.02690888426718532,0.0,True,False,False
CELSR2,182.0,131.0,314.0,8,0.5204752803211233,0.49083898438667767,0.10201711862548625,0.4111980605299955,0.7063409182037117,0.125,8,0.008652960659937948,0.00851239241924974,0.006112435207002382,0.0004881093908912195,0.020036353015627485,0.0,True,False,False
CELSR2,182.0,132.0,315.0,8,0.5306052115849665,0.4943877369795284,0.10209403625977176,0.4053508821612897,0.7297640642497076,0.125,8,0.010535441599024451,0.006380907582161231,0.011565890059958738,0.0004881093908912195,0.03213433892377171,0.0,True,False,False
CELSR2,182.0,133.0,316.0,8,0.5188704805212404,0.48666603255789953,0.09574982760157032,0.4053508821612897,0.7067832418721794,0.125,8,0.015220855714730204,0.010496968442096705,0.01396300379605213,0.0004881093908912195,0.04009806908026257,0.0,True,False,False
CELSR2,182.0,134.0,317.0,8,0.5364372238444343,0.5101184090766513,0.08644322683886706,0.42928885413122825,0.6998861565768817,0.0,8,0.010812497716685967,0.01011987491053408,0.006176817004530607,0.0020168687234119204,0.02180363501558829,0.0,True,False,False
CELSR2,182.0,135.0,318.0,8,0.5577541839011032,0.5190518209375409,0.1025796034364163,0.4479762709240619,0.7182152409898898,0.25,8,0.011878129216484144,0.008306347277977891,0.009561595646891845,5.18597029380279e-05,0.02430400619574415,0.0,True,False,False
CELSR2,182.0,136.0,319.0,8,0.5614664329939779,0.5266676862514525,0.11046710902735686,0.43497949171975464,0.75177552533583,0.25,8,0.010997531739623407,0.008306347277977891,0.010098843127266702,0.00018234151535257171,0.025171071255285993,0.0,True,False,False
CELSR2,182.0,137.0,320.0,8,0.547294528980843,0.5192783166526731,0.09029286777623977,0.44941801389222225,0.7358535369583619,0.125,8,0.012277297540544,0.008418205799790197,0.011753855254648282,0.0001619276222089602,0.029833324810539165,0.0,True,False,False
CELSR2,182.0,138.0,321.0,8,0.5557805810023904,0.5126031149614496,0.09665593539565341,0.44941801389222225,0.7369164881861375,0.125,8,0.01134132071648044,0.01199694744184164,0.007659849111126698,0.002539048920279978,0.023116338129532336,0.0,True,False,False
CELSR2,182.0,139.0,322.0,8,0.5380440157155826,0.49476079512376225,0.09502279006716163,0.4444175921308312,0.7369164881861375,0.125,8,0.010762792525993404,0.009681475067002706,0.008791377869752778,0.0014979859535795335,0.024252255706488295,0.0,True,False,False
CELSR2,182.0,140.0,323.0,8,0.5531693072656878,0.5160612908249024,0.10867214376764234,0.43136559607318553,0.7369164881861375,0.125,8,0.009785833161073914,0.00996189199765828,0.006714801421212936,0.002449409276772416,0.019431876699095536,0.0,True,False,False
CELSR2,182.0,141.0,324.0,8,0.550088155304739,0.5092212909891222,0.11149772882194851,0.43136559607318553,0.769036109197681,0.125,8,0.010585628259614078,0.012132579714004856,0.006335755704441898,0.00045667746406123514,0.019431876699095536,0.0,True,False,False
CELSR2,182.0,142.0,325.0,8,0.5752651259663645,0.5441117025684645,0.09989084560872818,0.4688139285581662,0.7718803531181366,0.125,8,0.011140541332129134,0.010666161781269855,0.007317914132811002,0.0018145354788680623,0.02182496015223809,0.0,True,False,False
CELSR2,182.0,143.0,326.0,8,0.5718873448964306,0.5352573502444348,0.10613389345029567,0.46790014227807286,0.789555780731375,0.125,8,0.0085854096623544,0.0083364882230997,0.005789549294525632,0.001207232790726136,0.019649670967228725,0.0,True,False,False
CELSR2,182.0,144.0,327.0,8,0.5763202207949809,0.5470343834160247,0.0977362480210456,0.47696763836805073,0.7800364088391727,0.125,8,0.014314929638238437,0.013426556984252392,0.01043914711407827,0.003315756011807837,0.03388632376649371,0.0,True,False,False
CELSR2,182.0,145.0,328.0,8,0.5791574860556415,0.5606478697459136,0.10276907531926124,0.47858599282039266,0.7947648655717127,0.125,8,0.008498511293737594,0.006975307947065633,0.00678469429242055,0.0006983951085618251,0.01691982340468578,0.0,True,False,False
CELSR2,182.0,146.0,329.0,8,0.5812903752909179,0.5699452205504973,0.1028522434952826,0.4741284833702491,0.7947648655717127,0.125,8,0.008012016743895465,0.008399111363655681,0.005358354781777206,0.0006983951085618251,0.017445749197247992,0.0,True,False,False
CELSR2,182.0,147.0,330.0,8,0.5696837361887837,0.5451274169920632,0.10074645034527809,0.4741284833702491,0.7766652453699198,0.125,8,0.007984384957753294,0.006026567425860262,0.004494145241202437,0.003627457570694671,0.017445749197247992,0.0,True,False,False
CELSR2,182.0,148.0,331.0,8,0.5721241272537948,0.5495285661540761,0.09732587282240783,0.487167231048514,0.7766652453699198,0.125,8,0.011570846198446684,0.014875180287679026,0.00702497247709606,0.0027363620387869346,0.019355159715593147,0.0,True,False,False
CELSR2,182.0,149.0,332.0,8,0.5652191100812436,0.5272841728433426,0.09857848602051973,0.487098797380662,0.7885049683903196,0.125,8,0.014535265496748233,0.014875180287679026,0.007162824674975748,0.007827638274542286,0.029922619190392463,0.0,True,False,False
CELSR2,182.0,150.0,333.0,8,0.5580025868576396,0.5429149942266387,0.0802246917085184,0.4696581359802707,0.7261925516971552,0.125,8,0.012595004160916494,0.009860093437345339,0.010981679581117664,0.00010465614762816215,0.029922619190392463,0.0,True,False,False
CELSR2,182.0,151.0,334.0,8,0.557882807449057,0.5357476279961396,0.09575846686837575,0.46517166849793895,0.7614730863915138,0.125,8,0.009921522467607656,0.00881705180058353,0.007541095889910844,0.000572568924411436,0.024304807137297917,0.0,True,False,False
CELSR2,182.0,152.0,335.0,8,0.5413443355788926,0.5169910867565153,0.0985995841344854,0.4293537174312762,0.7530374124977744,0.125,8,0.0111772752263843,0.007890359274375376,0.010383085337953095,0.0014339905716570641,0.030172573419630953,0.0,True,False,False
CELSR2,182.0,153.0,336.0,8,0.539592543236978,0.5104246361152811,0.09093708201434957,0.4278695137221041,0.7343188564753301,0.125,8,0.01087041488759169,0.008561465656631824,0.0063662186651883,0.004340803761825225,0.02097762600777531,0.0,True,False,False
CELSR2,182.0,154.0,337.0,8,0.5447818643418492,0.5126279441896926,0.10189691530560804,0.42656532759529686,0.7668080292372668,0.125,8,0.009083352401568998,0.00660840921529027,0.010334511534351467,0.00028598658603708166,0.03308028472522827,0.0,True,False,False
CELSR2,182.0,155.0,338.0,8,0.5298904657180337,0.5140018404184411,0.09986231662952383,0.37732157976933867,0.7253631648491357,0.125,8,0.011693699217717015,0.012689850318161125,0.007229852796640346,0.00028598658603708166,0.01946936429679331,0.0,True,False,False
CELSR2,182.0,156.0,339.0,8,0.5311880767974528,0.5425611554186517,0.050505805788044256,0.4363160372978219,0.5854266974809602,0.0,8,0.008985521985281787,0.005625994845174419,0.009542365075171973,0.0005438243323914608,0.026424867889324005,0.0,True,False,False
CELSR2,182.0,157.0,340.0,8,0.5398757509254345,0.5312921306533649,0.08551790849588589,0.3850672954616098,0.6514308681381398,0.0,8,0.009485175356965806,0.0078020732732118556,0.00859746896762046,0.0005438243323914608,0.026393587859179495,0.0,True,False,False
CELSR2,182.0,158.0,341.0,8,0.5623385273748797,0.547214304392255,0.0965118866525207,0.4277744236093613,0.7342241411266781,0.125,8,0.012166893016909147,0.010022437624362373,0.013131892565770778,0.0005519658357846551,0.03909014895795115,0.0,True,False,False
CELSR2,182.0,159.0,342.0,8,0.5603276358663258,0.5414216910097888,0.09584414593805436,0.4277744236093613,0.7342241411266781,0.125,8,0.008810559485916516,0.0026585346115618217,0.013519918434599336,0.0005519658357846551,0.03909014895795115,0.0,True,False,False
CELSR2,182.0,160.0,343.0,8,0.5648917585455044,0.5611807066117949,0.09873074766642125,0.4318801121933716,0.765465013632788,0.125,8,0.007008834945959689,0.001669902157602834,0.009703966167063451,0.00011121219086775967,0.027333199782328607,0.0,True,False,False
CELSR2,183.0,105.0,289.0,8,0.4853758404195263,0.4706893513896404,0.10001756077516599,0.350604621322145,0.618639340953537,0.0,8,0.009614316632959396,0.009086057113749582,0.00623305236075838,0.003976696475231389,0.023512702910951668,0.0,True,False,False
CELSR2,183.0,106.0,290.0,8,0.4948883906797884,0.4680269604065652,0.09186164460101372,0.39859081859156187,0.6311893836953224,0.0,8,0.010944365921959435,0.007813039679661226,0.008108179641389468,0.001528461712094329,0.021729665409011365,0.0,True,False,False
CELSR2,183.0,107.0,291.0,8,0.520365338605838,0.4940231457283747,0.10193383730516922,0.4154324955805053,0.6700483793019198,0.0,8,0.012856072101068032,0.011508568555006447,0.008653575124143711,0.001467110345207033,0.02739754202689609,0.0,True,False,False
CELSR2,183.0,108.0,292.0,8,0.4995658757172298,0.4940231457283747,0.08238261480988812,0.4154087223318467,0.6395902963917649,0.0,8,0.01169604051606689,0.010163652768780503,0.009555961458160244,0.000295750155262515,0.02739754202689609,0.0,True,False,False
CELSR2,183.0,109.0,293.0,8,0.4744302561710031,0.4589006074650801,0.08853422022394472,0.37674169937672436,0.6350631872919803,0.0,8,0.015004346155002218,0.015400398733168813,0.010839710939802558,0.0027826728653281146,0.03154866338135034,0.0,True,False,False
CELSR2,183.0,110.0,294.0,8,0.48068014598846626,0.4767642138512058,0.08759140961394693,0.3845686113237608,0.6385069305874095,0.0,8,0.010868585405097308,0.00542681900378577,0.009939147716436917,0.0021001113635009437,0.025665436107458504,0.0,True,False,False
CELSR2,183.0,111.0,295.0,8,0.4783651152064361,0.4730074614872332,0.08468357902349752,0.38356582784176935,0.6385069305874095,0.0,8,0.008323296061604313,0.0073154020597995355,0.006699234819510877,0.0007605722780390566,0.02092851548273395,0.0,True,False,False
CELSR2,183.0,112.0,296.0,8,0.47239820886409145,0.44376373233156347,0.0948659123388374,0.36980258487456513,0.6489966509115813,0.0,8,0.01032204475457252,0.009830347724338398,0.006423306364880829,0.0027676983123270317,0.021883797041691702,0.0,True,False,False
CELSR2,183.0,113.0,297.0,8,0.4868151344560043,0.4839319598340118,0.08486443824820264,0.3701932491825786,0.6311056951870196,0.0,8,0.013462666875376466,0.011453684259624012,0.01139166106039791,0.0005408754310191502,0.0318009178536547,0.0,True,False,False
CELSR2,183.0,114.0,298.0,8,0.48460492472199707,0.4830133793514365,0.08926338062747426,0.37916035429173384,0.662923756842071,0.0,8,0.015114892649145421,0.011472206409448443,0.011436343247192449,0.0006676079780207427,0.03286306760345881,0.0,True,False,False
CELSR2,183.0,115.0,299.0,8,0.5077153568832617,0.4830133793514365,0.13816228119359064,0.37916035429173384,0.8206754939282976,0.125,8,0.013508776552466918,0.008848098510441445,0.013450740994659583,0.0008357724568483039,0.03560918301791731,0.0,True,False,False
CELSR2,183.0,116.0,300.0,8,0.48979055852367276,0.46267098578125043,0.0916104662240252,0.40814945928765145,0.684416365965464,0.0,8,0.011159434144313756,0.00848878493460875,0.009358622788418175,0.0035383963442183856,0.03286306760345881,0.0,True,False,False
CELSR2,183.0,117.0,301.0,8,0.4840463733555854,0.46213760906139756,0.09349304311704147,0.3816262214329642,0.6730610872603376,0.0,8,0.014528984021372844,0.012869451934780906,0.0114748879250329,0.0025349186341503006,0.03926358284150957,0.0,True,False,False
CELSR2,183.0,118.0,302.0,8,0.47030157497339564,0.4422933837476685,0.09630629277126547,0.3682828133418229,0.6729956894592922,0.0,8,0.010765004470186622,0.010998812765602294,0.006150120224934262,0.0022738184268636347,0.02133945005752203,0.0,True,False,False
CELSR2,183.0,119.0,303.0,8,0.4674650241788455,0.4411744865993533,0.09910361047391197,0.3556122338036562,0.6729956894592922,0.0,8,0.009312531948611362,0.00934122353928291,0.006924734511889548,0.0007713697517908186,0.02137863680964432,0.0,True,False,False
CELSR2,183.0,120.0,304.0,8,0.4753417022871215,0.44231197310296266,0.09102509786692146,0.39422076819777707,0.6729956894592922,0.0,8,0.012601621146356583,0.011096558677917045,0.009186908588044296,0.0022738184268636347,0.030038262094104914,0.0,True,False,False
CELSR2,183.0,121.0,305.0,8,0.48375819083896193,0.4693877361506823,0.08657844576102065,0.38991489294240433,0.6729956894592922,0.0,8,0.011802009626734427,0.011814465145154766,0.009552974664189664,0.0007034116849986861,0.032691273557724,0.0,True,False,False
CELSR2,183.0,122.0,306.0,8,0.47461870973187625,0.45496391554052473,0.09334895043453263,0.4009551387261918,0.6917119059181015,0.0,8,0.008895450353062639,0.0030939967538288556,0.01232242249883796,0.0007034116849986861,0.036552199014568146,0.0,True,False,False
CELSR2,183.0,123.0,307.0,8,0.47229396044801847,0.45019860275619406,0.08849975154358326,0.38262791122478607,0.6619360679777991,0.0,8,0.010344126323512833,0.007298497467118718,0.007698765369447623,0.0016699512653433797,0.02323907682926589,0.0,True,False,False
CELSR2,183.0,124.0,308.0,8,0.46725956276651226,0.43636641175785834,0.08604558396118911,0.40223628175156684,0.6591045414299265,0.0,8,0.010838193186274062,0.008851633473401422,0.008329806878744756,0.0010182088822500866,0.02077831793846679,0.0,True,False,False
CELSR2,183.0,125.0,309.0,8,0.4783739119152345,0.4518957561538473,0.08266440161502321,0.4218349798137546,0.6670223830142075,0.0,8,0.008102930018012362,0.006438346154471948,0.005758345677010347,0.0002951703597843398,0.018003633659424527,0.0,True,False,False
CELSR2,183.0,126.0,310.0,8,0.48223072334496486,0.45882327166735537,0.08148101289386007,0.4218349798137546,0.6655016539286605,0.0,8,0.00787559643593648,0.006438346154471948,0.005164931617284543,0.0009573096012926933,0.015658355257232408,0.0,True,False,False
CELSR2,183.0,127.0,311.0,8,0.4998282265315648,0.4538163222262238,0.08998988776341772,0.43968478232603403,0.6934622357591388,0.0,8,0.006969998164598927,0.005222184986800266,0.005276886642639444,0.0022960672839834654,0.017017055119975553,0.0,True,False,False
CELSR2,183.0,128.0,312.0,8,0.5040864709535235,0.475824812034236,0.08740784154569751,0.4354557934622558,0.6900810668948612,0.0,8,0.01011386378840045,0.008605521755514373,0.007992438546175542,0.0008980009709030599,0.020036353015627485,0.0,True,False,False
CELSR2,183.0,129.0,313.0,8,0.5091316943141713,0.475824812034236,0.08973785640906404,0.4259898809346052,0.6952631546042846,0.0,8,0.010181759965346036,0.01019851998327077,0.006457403427958193,0.0008923417722059694,0.020036353015627485,0.0,True,False,False
CELSR2,183.0,130.0,314.0,8,0.5247114031573563,0.4954555664953145,0.09717463627522394,0.4252151224858191,0.696088990223435,0.0,8,0.0093547562724673,0.0066983060534230665,0.007323590589097574,0.000906967394636909,0.020036353015627485,0.0,True,False,False
CELSR2,183.0,131.0,315.0,8,0.534581672209481,0.49940294394535856,0.09710574845680726,0.4252151224858191,0.7184567064749723,0.125,8,0.00932575070181808,0.0062676355583969005,0.007976910634811747,0.0004881093908912195,0.020036353015627485,0.0,True,False,False
CELSR2,183.0,132.0,316.0,8,0.5409724704919436,0.5060405974403492,0.09406022882881891,0.45329487176201044,0.7276424140083659,0.125,8,0.00727139823488104,0.008100867507013047,0.004576203772568508,0.0004881093908912195,0.013156851791341576,0.0,True,False,False
CELSR2,183.0,133.0,317.0,8,0.5288276632250056,0.5006499370842423,0.07884573849975117,0.45329487176201044,0.6881279665830213,0.0,8,0.009441274492497211,0.009514694281406284,0.00647675515652804,0.0004881093908912195,0.021966490942304403,0.0,True,False,False
CELSR2,183.0,134.0,318.0,8,0.5485362813999204,0.5245151998188562,0.08044224799845902,0.4557142384469703,0.7107936656168501,0.125,8,0.009107887857930356,0.008340001987407617,0.0084449532534416,0.00019822492540371887,0.02692469697128592,0.0,True,False,False
CELSR2,183.0,135.0,319.0,8,0.5699262127781689,0.5280678607120082,0.0973890451870477,0.472748354791588,0.7322461528842346,0.25,8,0.013645365392652441,0.016056457415801376,0.011393595828817705,5.131413436371003e-05,0.02692469697128592,0.0,True,False,False
CELSR2,183.0,136.0,320.0,8,0.571857405912135,0.5284601033395695,0.0970906338753002,0.4973887132753174,0.7435718197791754,0.25,8,0.013602529015610368,0.015940516929790798,0.008893061491141462,0.0001917800104931414,0.02430400619574415,0.0,True,False,False
CELSR2,183.0,137.0,321.0,8,0.5623064816693208,0.5210707337407903,0.08442409857899442,0.500580432505044,0.748002221673968,0.125,8,0.01247618372538508,0.010490298666984872,0.009841901284160019,0.0001619276222089602,0.029053785352340586,0.0,True,False,False
CELSR2,183.0,138.0,322.0,8,0.5639618443897506,0.5136687701554318,0.0883251187335937,0.5079208143942255,0.7424949773922227,0.125,8,0.012379698623149828,0.0121000935386927,0.009123939104050327,0.00081074419759265,0.029053785352340586,0.0,True,False,False
CELSR2,183.0,139.0,323.0,8,0.5452795701675606,0.5027322918547575,0.08922699746149458,0.47947843434322784,0.7424949773922227,0.125,8,0.00793787531515122,0.007257743522156978,0.006121314372799946,0.00081074419759265,0.018131417373750115,0.0,True,False,False
CELSR2,183.0,140.0,324.0,8,0.5646573049342295,0.5160612908249024,0.10017971171917918,0.4865064708378143,0.7424949773922227,0.125,8,0.009823506715733444,0.007159980566677255,0.0073335754382122505,0.00081074419759265,0.023121950504680557,0.0,True,False,False
CELSR2,183.0,141.0,325.0,8,0.5582279945725807,0.5092212909891222,0.09885185812632645,0.4745396361979388,0.754378288540295,0.125,8,0.008542707429703955,0.007203098764868474,0.007320503989823796,0.00045667746406123514,0.023121950504680557,0.0,True,False,False
CELSR2,183.0,142.0,326.0,8,0.5782522031157062,0.5441117025684645,0.0957445901765829,0.4986376746383499,0.7728989653529987,0.125,8,0.0070810217159530545,0.003642428547905591,0.007386533231302456,0.001030856330816648,0.019649670967228725,0.0,True,False,False
CELSR2,183.0,143.0,327.0,8,0.5772607360683953,0.5418165851939123,0.09639000631897131,0.4986376746383499,0.778261051977698,0.125,8,0.009542292713981484,0.008067524599869239,0.0075203946278433135,0.001207232790726136,0.02185787524310695,0.0,True,False,False
CELSR2,183.0,144.0,328.0,8,0.5885054475642473,0.5537373681351547,0.09785562098928721,0.5165412934032882,0.807580607691987,0.125,8,0.009850216628226233,0.009156385572045227,0.006177268523211519,0.003315756011807837,0.01796703309345294,0.0,True,False,False
CELSR2,183.0,145.0,329.0,8,0.5911251321170153,0.5606478697459136,0.08981073970335086,0.4972364049805596,0.7849722385570819,0.125,8,0.01153030651692188,0.007597454761132107,0.00849013232540524,0.0028334343676961245,0.024887948124135126,0.0,True,False,False
CELSR2,183.0,146.0,330.0,8,0.5925994795030383,0.5695780219012361,0.09018608912489026,0.5055795851756238,0.7849722385570819,0.125,8,0.010740028281722432,0.008281565360598736,0.006836477676390649,0.0029763488374352017,0.024044222930701107,0.0,True,False,False
CELSR2,183.0,147.0,331.0,8,0.577689563271553,0.549081960781755,0.08636506246708364,0.5055795851756238,0.7599952615526144,0.125,8,0.010975999604009197,0.008801630909652547,0.007514742850213264,0.0022530141648617317,0.024044222930701107,0.0,True,False,False
CELSR2,183.0,148.0,332.0,8,0.579336722715504,0.5557403884221047,0.08408785000539254,0.5055795851756238,0.7599952615526144,0.125,8,0.009802338476065181,0.005504218179270164,0.008915406084295816,0.002455612555489488,0.027039777477141983,0.0,True,False,False
CELSR2,183.0,149.0,333.0,8,0.5770011113280036,0.5509963767832073,0.09143878916262109,0.5049031623520237,0.7879426900517154,0.125,8,0.012014341448679019,0.008536206325208937,0.009874177001204349,0.002455612555489488,0.028872775720693147,0.0,True,False,False
CELSR2,183.0,150.0,334.0,8,0.5694416472440222,0.5585736627941853,0.06548786286582944,0.5024659916424591,0.7113284843200349,0.125,8,0.012913974075921705,0.009257433779420782,0.010820156818525366,0.00010465614762816215,0.028872775720693147,0.0,True,False,False
CELSR2,183.0,151.0,335.0,8,0.5684009273098992,0.5357476279961396,0.08255176957891773,0.5024659916424591,0.7535707065573551,0.125,8,0.009944081400747276,0.007603051207866505,0.009852508194204171,0.000572568924411436,0.029033786982144247,0.0,True,False,False
CELSR2,183.0,152.0,336.0,8,0.5595714597382607,0.5274336889766684,0.09154751523006555,0.49550638957090376,0.7697711341313935,0.125,8,0.013890092771777387,0.01010942105434497,0.011967569653142605,0.0014339905716570641,0.03668872170620891,0.0,True,False,False
CELSR2,183.0,153.0,337.0,8,0.5491681313121942,0.512659124463603,0.08334754984900099,0.4848691405318722,0.7392841565400919,0.125,8,0.010266009958889107,0.006821850913972361,0.008931322047527888,0.003657741995149874,0.030124217529720842,0.0,True,False,False
CELSR2,183.0,154.0,338.0,8,0.55379829177136,0.5174397487758535,0.08727859311965307,0.48840936713656885,0.7539666056399634,0.125,8,0.011732772972630798,0.007905466087546283,0.010087632121368935,0.00028598658603708166,0.029360837602525173,0.0,True,False,False
CELSR2,183.0,155.0,339.0,8,0.542427210831531,0.5140018404184411,0.09246968248630456,0.4351242970378226,0.7452530436473039,0.125,8,0.008079009408234517,0.006207974976138163,0.007492500868296178,0.00028598658603708166,0.019244676845320125,0.0,True,False,False
CELSR2,183.0,156.0,340.0,8,0.5439959834712138,0.5383176944148708,0.040805352280637586,0.49665119205147845,0.6168131026703544,0.0,8,0.007713593939668157,0.004431788461358285,0.009839868266041739,0.0002904355106493666,0.029468966119379308,0.0,True,False,False
CELSR2,183.0,157.0,341.0,8,0.5496641175269723,0.5312921306533649,0.06400078607005734,0.4598620937546734,0.6486756755537754,0.0,8,0.007508372157401046,0.005499168505731979,0.006214537286983301,0.0002904355106493666,0.019150027332881663,0.0,True,False,False
CELSR2,183.0,158.0,342.0,8,0.575417014357571,0.547214304392255,0.08112750103322941,0.4973679148621605,0.7374929347249761,0.125,8,0.01129575822442316,0.0058324164638764425,0.012061954140560915,0.001547683738605825,0.03510136762008469,0.0,True,False,False
CELSR2,183.0,159.0,343.0,8,0.5711442363211672,0.5414216910097888,0.08263473889171438,0.49310008365081387,0.7374929347249761,0.125,8,0.011287415947835297,0.007143491846050423,0.01133983769872454,0.0019101202374411208,0.03510136762008469,0.0,True,False,False
CELSR2,183.0,160.0,344.0,8,0.574293817111277,0.5611807066117949,0.08570794262285353,0.4760927489647989,0.7579079149452516,0.125,8,0.011357756769178242,0.01194451233299707,0.01056372830274488,0.00011121219086775967,0.027333199782328607,0.0,True,False,False
CELSR2,184.0,105.0,290.0,8,0.4814352461392119,0.4671786733989296,0.10194831228090792,0.3415939109509714,0.6127396891214054,0.0,8,0.009658791468954965,0.008932208636048704,0.006630231092811,0.0032688292187171785,0.023512702910951668,0.0,True,False,False
CELSR2,184.0,106.0,291.0,8,0.48921009672658317,0.4645162824158544,0.09481963541437205,0.37611556287699205,0.616760164695103,0.0,8,0.008475185393563267,0.0062916886537985744,0.005801057828839448,0.0035416939410208613,0.02137104140116183,0.0,True,False,False
CELSR2,184.0,107.0,292.0,8,0.5166053491937489,0.4897600681490032,0.1042782993543677,0.4012427221736327,0.6700483793019198,0.0,8,0.009356889997524884,0.006374084724542846,0.009619205946926206,0.00149451361485603,0.02739754202689609,0.0,True,False,False
CELSR2,184.0,108.0,293.0,8,0.4905533281199452,0.4897600681490032,0.08434256939058574,0.4012427221736327,0.625863435138676,0.0,8,0.013057118783369358,0.00804802846746151,0.01064193345266099,0.0016157512060275042,0.028186997871074964,0.0,True,False,False
CELSR2,184.0,109.0,294.0,8,0.4701861139357753,0.4570091911305354,0.09113801858003714,0.36317528426262335,0.6339805468524374,0.0,8,0.012852040529497332,0.01411330013702598,0.008232508395369695,0.0023867794819987134,0.025250162267378723,0.0,True,False,False
CELSR2,184.0,110.0,295.0,8,0.47153348929506916,0.4719139799838256,0.0879685795351692,0.36734112002633384,0.6329783800646189,0.0,8,0.014256516405682922,0.015216661644136,0.007076321822836555,0.003725981982270041,0.025250162267378723,0.0,True,False,False
CELSR2,184.0,111.0,296.0,8,0.47115148290582404,0.46721595634637747,0.08816419451843872,0.3730808102609694,0.6329783800646189,0.0,8,0.010247069198635777,0.006906157026270751,0.008531404176405799,0.0012126412939539566,0.023760675004720427,0.0,True,False,False
CELSR2,184.0,112.0,297.0,8,0.46818364868287904,0.4448006511935415,0.09925316197415822,0.36980258487456513,0.6561527217860423,0.0,8,0.011169846216556794,0.00783835474359566,0.007633689891037558,0.0044931865745002015,0.023760675004720427,0.0,True,False,False
CELSR2,184.0,113.0,298.0,8,0.48131098667312455,0.4797138946612479,0.0860724767848691,0.36851772622017304,0.628990913329423,0.0,8,0.013099198625233566,0.010557646127281894,0.012138309721577926,0.0005408754310191502,0.0318009178536547,0.0,True,False,False
CELSR2,184.0,114.0,299.0,8,0.4820139834445036,0.47960182269127755,0.0966830554419466,0.3676368769190599,0.6838872004667161,0.0,8,0.014557506820895237,0.010756340788521859,0.010574462618047278,0.006080025326663649,0.032818316284196604,0.0,True,False,False
CELSR2,184.0,115.0,300.0,8,0.5103151995753199,0.47960182269127755,0.15108313569497156,0.3676368769190599,0.8531104220418569,0.125,8,0.014057644597915829,0.007992311053129038,0.01260569021022425,0.005090127709245891,0.03560918301791731,0.0,True,False,False
CELSR2,184.0,116.0,301.0,8,0.48281582922406074,0.45925942912109147,0.09076225877517387,0.3861901179830207,0.6731213353665861,0.0,8,0.014069652451782853,0.013058690844051223,0.00906758911532859,0.0035383963442183856,0.032818316284196604,0.0,True,False,False
CELSR2,184.0,117.0,302.0,8,0.47688606187916366,0.45433675679808416,0.09790927435939646,0.35897238111623203,0.675059120061065,0.0,8,0.01382557194198131,0.011504694725848849,0.011745010332809796,0.0022937348692351313,0.03926358284150957,0.0,True,False,False
CELSR2,184.0,118.0,303.0,8,0.46596203384676843,0.44619257012459723,0.10107921996635488,0.3439954421389132,0.6755036434943819,0.0,8,0.0092504770688015,0.010998812765602294,0.007040564394020684,0.0003530676603222362,0.019353744581162503,0.0,True,False,False
CELSR2,184.0,119.0,304.0,8,0.467041138465175,0.43959257750478437,0.09847752003750622,0.3581428032868631,0.6755036434943819,0.0,8,0.009489260344096938,0.012465137363055613,0.005756453787548225,0.0007713697517908186,0.014865657992708788,0.0,True,False,False
CELSR2,184.0,120.0,305.0,8,0.47169763838289175,0.43959257750478437,0.09345902796037053,0.38923725521645824,0.6755036434943819,0.0,8,0.012511282157097755,0.011847752761512476,0.008339533051908531,0.0035840706415124946,0.030038262094104914,0.0,True,False,False
CELSR2,184.0,121.0,306.0,8,0.4771619685085467,0.4562830336581752,0.09113905174553051,0.38923725521645824,0.6755036434943819,0.0,8,0.014207419214607121,0.011534086799817735,0.01070243196782665,0.0007034116849986861,0.032691273557724,0.0,True,False,False
CELSR2,184.0,122.0,307.0,8,0.47158252628078784,0.44961033946919743,0.10228514330234058,0.3734926166683161,0.7060477491437022,0.125,8,0.011362924805712441,0.006688727111806067,0.012558384282383806,0.0007034116849986861,0.036552199014568146,0.0,True,False,False
CELSR2,184.0,123.0,308.0,8,0.4672271484308193,0.44686565090622204,0.0940992831665252,0.3734926166683161,0.6669498530222866,0.0,8,0.011656500879821646,0.009405681613076484,0.007758850025716416,0.0033899656559164934,0.02323907682926589,0.0,True,False,False
CELSR2,184.0,124.0,309.0,8,0.4640899161430093,0.43388667109119705,0.09161136051750399,0.3734926166683161,0.6658403624981438,0.0,8,0.012176256845403624,0.011390077331694828,0.0060272737588144415,0.0054746720091433596,0.02077831793846679,0.0,True,False,False
CELSR2,184.0,125.0,310.0,8,0.47566645928006634,0.4394188133125916,0.09118470364378645,0.40765169069215557,0.6834120382722204,0.0,8,0.008864787963996283,0.010268415492861168,0.00476236601246166,0.0005779505453784957,0.014244832486071125,0.0,True,False,False
CELSR2,184.0,126.0,311.0,8,0.4774890429872549,0.4412436355735431,0.08230557626876334,0.41758877925900045,0.6580015047896983,0.0,8,0.008931116598872964,0.005342447872385716,0.007575426029237091,0.002210429120633407,0.024668844406910504,0.0,True,False,False
CELSR2,184.0,127.0,312.0,8,0.49699939285913414,0.44601038152833594,0.0964768580117002,0.43968478232603403,0.7088302943532805,0.125,8,0.008173028477242503,0.006916363387175462,0.006379509618903874,0.0012528086914501834,0.017017055119975553,0.0,True,False,False
CELSR2,184.0,128.0,313.0,8,0.5015795189276264,0.4647395596971804,0.0927272006843953,0.43469328284247927,0.701092269973172,0.125,8,0.00770096162827717,0.006389546951934161,0.006180481852725892,0.0008290642336620023,0.017017055119975553,0.0,True,False,False
CELSR2,184.0,129.0,314.0,8,0.5030637957315531,0.4647395596971804,0.09486627291394445,0.4259898809346052,0.7001876480371682,0.125,8,0.007854874029260724,0.007052359681244893,0.00676264461165065,0.00015107669649776852,0.017017055119975553,0.0,True,False,False
CELSR2,184.0,130.0,315.0,8,0.524047517737423,0.4991241181918073,0.09380983608787404,0.4252151224858191,0.688614612656924,0.0,8,0.008967310490296147,0.006765208093219887,0.00674217325945806,0.0012797896474727728,0.017017055119975553,0.0,True,False,False
CELSR2,184.0,131.0,316.0,8,0.534017202906279,0.5037186297046884,0.10197329663169849,0.4252151224858191,0.7332363906254864,0.125,8,0.010319653782897467,0.010902628758889095,0.007057510783454982,0.0012797896474727728,0.019231154543878127,0.0,True,False,False
CELSR2,184.0,132.0,317.0,8,0.5396624581636132,0.5103562831996791,0.09623409255659326,0.45329487176201044,0.7330045840106065,0.125,8,0.00767056915156851,0.007415962076457579,0.005878774257239092,0.0012797896474727728,0.018097968013857185,0.0,True,False,False
CELSR2,184.0,133.0,318.0,8,0.5264272257175017,0.48327837562934045,0.09206982931727774,0.45329487176201044,0.7172425799568071,0.125,8,0.00990866549677626,0.009668518945683175,0.005901015576044401,0.0019609719376593115,0.018520388179553142,0.0,True,False,False
CELSR2,184.0,134.0,319.0,8,0.5488193388945117,0.5217549959325891,0.08063892516487091,0.4557142384469703,0.7090091926079662,0.125,8,0.011123445329977872,0.008655200453602432,0.008015327099492282,0.0045016695529117206,0.02692469697128592,0.0,True,False,False
CELSR2,184.0,135.0,320.0,8,0.5668427540566017,0.5232867227852689,0.10241439522989684,0.472748354791588,0.7388193765011482,0.25,8,0.01404532999205816,0.015462916242566665,0.01130097837851598,0.0003082454158758444,0.028060152967772818,0.0,True,False,False
CELSR2,184.0,136.0,321.0,8,0.5687436421054899,0.5206370427095457,0.10163513922851795,0.48486180561817027,0.7484937915337613,0.25,8,0.015529767019602035,0.015904089949476383,0.006510961869701415,0.006702505031358603,0.028060152967772818,0.0,True,False,False
CELSR2,184.0,137.0,322.0,8,0.5565140664554599,0.5140566771968469,0.09392150837399221,0.48486180561817027,0.765027801581881,0.125,8,0.012018512133064898,0.011744718756592797,0.009079398504213451,0.0001619276222089602,0.029053785352340586,0.0,True,False,False
CELSR2,184.0,138.0,323.0,8,0.5620419960380316,0.5097088482640706,0.09832557167127211,0.49191572604991785,0.7638767450772195,0.125,8,0.01400687310777316,0.01447083166755251,0.007689089084199137,0.004670677272901111,0.029053785352340586,0.0,True,False,False
CELSR2,184.0,139.0,324.0,8,0.548406540339559,0.4996329942588924,0.09620502776842005,0.4850252797562257,0.7638767450772195,0.125,8,0.005411337784267121,0.004079541724081682,0.004732583704490441,0.0006835994693310955,0.015233154400205047,0.0,True,False,False
CELSR2,184.0,140.0,325.0,8,0.5620026882178207,0.5074905907772975,0.1075723488532981,0.48152988139285596,0.7638767450772195,0.125,8,0.0078024817875144235,0.005033165000036163,0.007613876467206428,0.0006835994693310955,0.023121950504680557,0.0,True,False,False
CELSR2,184.0,141.0,326.0,8,0.5597914184551638,0.5083900207928049,0.1085510565084372,0.4745396361979388,0.787880340055656,0.125,8,0.010415864689224928,0.006893272494697419,0.009679364790315078,0.00045667746406123514,0.027864915359310828,0.0,True,False,False
CELSR2,184.0,142.0,327.0,8,0.5751460307728271,0.5252135478022996,0.10726108639174377,0.4986376746383499,0.7961185200263499,0.125,8,0.01023187266925667,0.00739296777136981,0.0073432984352458895,0.0018710996297645855,0.02442427525043382,0.0,True,False,False
CELSR2,184.0,143.0,328.0,8,0.5772148720806859,0.5424226916111081,0.09873724928111721,0.4835011650575175,0.7797199175142595,0.125,8,0.011584550935367564,0.0076836387737329575,0.008086005515949497,0.001207232790726136,0.02442427525043382,0.0,True,False,False
CELSR2,184.0,144.0,329.0,8,0.586995864137967,0.5513904079974179,0.09358329940999793,0.5165412934032882,0.7924473762310893,0.125,8,0.01021760724074839,0.011979113536261797,0.006012850670709104,0.0005056049308200329,0.015981808172919193,0.0,True,False,False
CELSR2,184.0,145.0,330.0,8,0.5896312750220577,0.5541922463292767,0.09419861305447129,0.4972364049805596,0.7932911878337382,0.125,8,0.008738014942713965,0.007252981275309125,0.00650434987222994,0.0005056049308200329,0.021870319123107065,0.0,True,False,False
CELSR2,184.0,146.0,331.0,8,0.5874413804908808,0.5587998510804615,0.09414921306689664,0.5055795851756238,0.7932911878337382,0.125,8,0.01268546082380645,0.011193398912436606,0.008983991620478322,0.0010008557781006867,0.025422844149195843,0.0,True,False,False
CELSR2,184.0,147.0,332.0,8,0.5774234890862857,0.5482407119806016,0.09713148180538612,0.5030946029069249,0.7881987018346192,0.125,8,0.011438150916670742,0.006894961275645656,0.009442361614161085,0.002034600944551775,0.025422844149195843,0.0,True,False,False
CELSR2,184.0,148.0,333.0,8,0.5769370089744134,0.5442366415301184,0.09573191581819447,0.5055795851756238,0.7881987018346192,0.125,8,0.010521159988330616,0.008907521395962743,0.008712520539053003,0.0010223936349013983,0.027039777477141983,0.0,True,False,False
CELSR2,184.0,149.0,334.0,8,0.5747736574455394,0.5425468086683336,0.10168474273855953,0.5049031623520237,0.8085348504869851,0.125,8,0.013952431875345436,0.011358759185257711,0.008541278659476603,0.0034114655840627585,0.028872775720693147,0.0,True,False,False
CELSR2,184.0,150.0,335.0,8,0.568416556078336,0.5467689648680649,0.07628289432786381,0.5024659916424591,0.7380580270741589,0.125,8,0.009378456522911863,0.006931855975340913,0.009709423609787401,0.0007593562173177003,0.028872775720693147,0.0,True,False,False
CELSR2,184.0,151.0,336.0,8,0.5638566674805491,0.5293749161217801,0.08968088598903112,0.5024659916424591,0.7691882736292905,0.125,8,0.00974355870511899,0.005917874362982214,0.009804517787488599,0.000572568924411436,0.029033786982144247,0.0,True,False,False
CELSR2,184.0,152.0,337.0,8,0.5544691241943913,0.5166305440495047,0.09182412367038366,0.49645579992083955,0.7709532271321021,0.125,8,0.01336009933030732,0.009883793147212489,0.012276045402646908,0.00029675866287917656,0.03668872170620891,0.0,True,False,False
CELSR2,184.0,153.0,338.0,8,0.5486946928706009,0.5095406608384171,0.09066838246798668,0.4848691405318722,0.7579514535590567,0.125,8,0.010765156289614074,0.005705540409040616,0.01071194253147564,0.0012037963694419087,0.030124217529720842,0.0,True,False,False
CELSR2,184.0,154.0,339.0,8,0.5483655576483508,0.5056803267141998,0.09300172149813454,0.48840936713656885,0.7647901300789239,0.125,8,0.013586122782080452,0.011324824365934386,0.010025908316235095,0.002307277244276898,0.029360837602525173,0.0,True,False,False
CELSR2,184.0,155.0,340.0,8,0.5462072031555611,0.5067926735304924,0.10307584341990685,0.4351242970378226,0.7759937523182812,0.125,8,0.0070872425376845875,0.006207974976138163,0.005657400191039961,0.0012315830594776863,0.019067412975346965,0.0,True,False,False
CELSR2,184.0,156.0,341.0,8,0.5425979808925712,0.5305148780843159,0.044092765499151705,0.49665119205147845,0.6241868097999931,0.0,8,0.009206177574002387,0.00662005734573409,0.00889532735415921,0.0017424876730301846,0.029468966119379308,0.0,True,False,False
CELSR2,184.0,157.0,342.0,8,0.5468021562676606,0.5155055019475719,0.07087482138997825,0.4598620937546734,0.6746124239685073,0.0,8,0.007256121336724545,0.005448153750306618,0.005330985783005298,0.002556269441760337,0.019150027332881663,0.0,True,False,False
CELSR2,184.0,158.0,343.0,8,0.5741090422855988,0.544264255336607,0.08812515549215562,0.4973679148621605,0.7513551362549528,0.125,8,0.011862637733478738,0.008056452584264854,0.012402245294630253,0.00023360017704119105,0.03510136762008469,0.0,True,False,False
CELSR2,184.0,159.0,344.0,8,0.5692103978111998,0.5333195889083868,0.08966051601597798,0.49310008365081387,0.7513551362549528,0.125,8,0.011100286680032328,0.009074388176912319,0.011498687574921947,0.00023360017704119105,0.03510136762008469,0.0,True,False,False
CELSR2,184.0,160.0,345.0,8,0.5679339294893337,0.5484904043755782,0.08824807444335898,0.4760927489647989,0.7625358977574245,0.125,8,0.011215682632522815,0.006028189654125883,0.012955614535739969,0.00011121219086775967,0.038725229668341424,0.0,True,False,False
CELSR2,185.0,105.0,291.0,8,0.49577899079929416,0.4571282810638945,0.11715790688418512,0.3465990990387146,0.6801043659420559,0.0,8,0.00862258933406152,0.006403618928335703,0.008698651384941749,0.0008544201613012901,0.02702276654542495,0.0,True,False,False
CELSR2,185.0,106.0,292.0,8,0.4994561076217071,0.4581495638661274,0.11470683307418066,0.35872594006112063,0.6801043659420559,0.0,8,0.01315193468041665,0.010274537255303133,0.00947382188805035,0.004901294949775087,0.0317870172724828,0.0,True,False,False
CELSR2,185.0,107.0,293.0,8,0.5214544468492328,0.4872075230216396,0.11777927807808715,0.41949824974906424,0.7276244740125218,0.125,8,0.009100542902059822,0.006614967604383489,0.0087171382531805,0.0014803797421345255,0.02867643780012948,0.0,True,False,False
CELSR2,185.0,108.0,294.0,8,0.500454850102503,0.4872075230216396,0.09921429509817015,0.37329155644732437,0.6556722010579439,0.0,8,0.009147205006976676,0.004042954584007866,0.00956573812181647,0.001264097670779844,0.02867643780012948,0.0,True,False,False
CELSR2,185.0,109.0,295.0,8,0.479706726838077,0.48213803492669416,0.09791253944429691,0.34342265763448354,0.6441914079162266,0.0,8,0.013768275828213676,0.014300305440650581,0.008738772419505977,0.003868851115449271,0.02846845346136943,0.0,True,False,False
CELSR2,185.0,110.0,296.0,8,0.4752895575583181,0.46561034829031434,0.09644786753467005,0.34717489481080904,0.6400222618515444,0.0,8,0.012595991461750413,0.010025679204100166,0.00922956354840454,0.0033131975005155365,0.02846845346136943,0.0,True,False,False
CELSR2,185.0,111.0,297.0,8,0.48090752749430943,0.47165009548992576,0.09181930671763827,0.3564175384391424,0.6400222618515444,0.0,8,0.009372369930368777,0.008371244253787324,0.006220162786051171,0.0012126412939539566,0.018972481376016904,0.0,True,False,False
CELSR2,185.0,112.0,298.0,8,0.47539202749919696,0.44128389345446084,0.11126661156124591,0.33924870142827795,0.6689930702285716,0.0,8,0.0098687408325486,0.009866740351843149,0.00941659275804984,0.00020632831133868937,0.02805371923375044,0.0,True,False,False
CELSR2,185.0,113.0,299.0,8,0.48118973431525075,0.48016701354324354,0.08781759998477906,0.35258317708988784,0.627279400355144,0.0,8,0.011826943484769212,0.006155771381040097,0.01151684724544858,0.0012476374341701838,0.03161374956256238,0.0,True,False,False
CELSR2,185.0,114.0,300.0,8,0.48230208169871536,0.4707649342855811,0.10125191035821898,0.3523178343638194,0.6726032571646743,0.0,8,0.011871432693033987,0.010358871664963989,0.009293999071338538,0.0017889950419916142,0.02954895048865768,0.0,True,False,False
CELSR2,185.0,115.0,301.0,8,0.511805174278998,0.4707649342855811,0.15695791866250197,0.3523178343638194,0.856784047832564,0.125,8,0.010740206103891665,0.007571971350494872,0.009495991134163946,0.0014059112366344368,0.02954895048865768,0.0,True,False,False
CELSR2,185.0,116.0,302.0,8,0.48306212211720057,0.4809825174296404,0.09817834065442191,0.3557341787888722,0.6847132809075576,0.0,8,0.012377598844652074,0.008169296942884392,0.011313888986806285,0.0003705201944931202,0.029750890484383185,0.0,True,False,False
CELSR2,185.0,117.0,303.0,8,0.482268068824764,0.4760598451066331,0.103600264788948,0.34007790177859504,0.6928731241295801,0.0,8,0.009839401357841638,0.00846839218619153,0.0051605029930094646,0.003619752271281306,0.021001669039440944,0.0,True,False,False
CELSR2,185.0,118.0,304.0,8,0.4701698757630994,0.4689450349828701,0.10625016346943304,0.3238041741756266,0.6915004641640983,0.0,8,0.01125092477870452,0.009686987578829794,0.009030652210856699,0.0003530676603222362,0.02578067132214835,0.0,True,False,False
CELSR2,185.0,119.0,305.0,8,0.4692058301610792,0.46006638909621267,0.1064769069663811,0.31607399946752474,0.6915004641640983,0.0,8,0.011331928482363147,0.010293604867361552,0.0057840924595930834,0.004226227810454815,0.023132411776127435,0.0,True,False,False
CELSR2,185.0,120.0,306.0,8,0.47743424165160303,0.4617560134125169,0.09587990759277282,0.369697942098271,0.6915004641640983,0.0,8,0.011521733864284258,0.011907770626411818,0.00427033661427166,0.004589262748853023,0.018064482268646983,0.0,True,False,False
CELSR2,185.0,121.0,307.0,8,0.4836346804192043,0.47313289869032715,0.09446599820432813,0.369697942098271,0.6915004641640983,0.0,8,0.011806021723348648,0.009399821047742285,0.007010656511161401,0.004589262748853023,0.025659467501905814,0.0,True,False,False
CELSR2,185.0,122.0,308.0,8,0.4712202415202868,0.4532572271236218,0.10690461406468665,0.3503656427809037,0.7151408729652245,0.125,8,0.012421340581981967,0.012070794295600554,0.009853627754719723,0.000709136617991592,0.0298220904457313,0.0,True,False,False
CELSR2,185.0,123.0,309.0,8,0.4775885639015703,0.45648586687560777,0.10386415710477089,0.3503656427809037,0.7017655891349522,0.125,8,0.0074931037765816975,0.003177688015421601,0.008155180296145067,0.0004409216618950311,0.0213123609908655,0.0,True,False,False
CELSR2,185.0,124.0,310.0,8,0.47007735613597357,0.4437299470960872,0.09956504688791108,0.3503656427809037,0.6851213317269087,0.0,8,0.01034358862134392,0.007627092318516059,0.010550337917896342,0.00017970018040851384,0.030342109753590224,0.0,True,False,False
CELSR2,185.0,125.0,311.0,8,0.4815938133757159,0.44584013255262434,0.08829047288411605,0.39620895477459345,0.680846090548872,0.0,8,0.01112191537225612,0.009685019840795053,0.006979828436796408,0.004122297754427226,0.019854757061026605,0.0,True,False,False
CELSR2,185.0,126.0,312.0,8,0.4826733637013507,0.44870481476249446,0.09095256769518273,0.40728679416970387,0.6908258601211379,0.0,8,0.01105277216508056,0.009706088774394944,0.0075448514738677775,0.0027509634226841957,0.022700798771621403,0.0,True,False,False
CELSR2,185.0,127.0,313.0,8,0.5006608158941045,0.47027765449423287,0.09515198509435094,0.41732890779196224,0.7180265940958261,0.125,8,0.00650031220633797,0.005379741771807038,0.006542433979271701,0.0010315548017209625,0.02085021750023004,0.0,True,False,False
CELSR2,185.0,128.0,314.0,8,0.4996217186382578,0.4714385865479418,0.09346848281905998,0.40897638522580154,0.7118468510230024,0.125,8,0.011767325707933774,0.009619658723451508,0.007169806303481485,0.0012329676915780862,0.02085021750023004,0.0,True,False,False
CELSR2,185.0,129.0,315.0,8,0.5074181381886409,0.47551636233163186,0.09373824301509198,0.41887895038623374,0.7175643542105544,0.125,8,0.009308157058376516,0.007092420310373156,0.007375335016071877,0.0024618407415416743,0.02085021750023004,0.0,True,False,False
CELSR2,185.0,130.0,316.0,8,0.5247516172505255,0.5038547494064933,0.09419624100774196,0.4165462371719473,0.7139197670580868,0.125,8,0.010594025133934103,0.007642480881629712,0.007363545483677464,0.0012797896474727728,0.02085021750023004,0.0,True,False,False
CELSR2,185.0,131.0,317.0,8,0.5355009064280751,0.5151100339258123,0.09716648386442173,0.4466189517419672,0.7445391568290778,0.125,8,0.011995939822680502,0.012021343897443137,0.007605916831830635,0.0012797896474727728,0.02181523716715141,0.0,True,False,False
CELSR2,185.0,132.0,318.0,8,0.5430981854022947,0.5284435740583904,0.09358320488369187,0.4466189517419672,0.7432663695801919,0.125,8,0.011199027244121421,0.013568191159359099,0.008836771043748167,0.0001936049103522505,0.02378257622337848,0.0,True,False,False
CELSR2,185.0,133.0,319.0,8,0.5283480021540798,0.49780214977948767,0.09465656351502028,0.4466189517419672,0.7356583363148065,0.125,8,0.014086552561945435,0.011228823120121231,0.009605414067387578,0.0021969324012286713,0.0316797954804728,0.0,True,False,False
CELSR2,185.0,134.0,320.0,8,0.5481346729135581,0.5284552594824636,0.08406844799105759,0.4600849179582027,0.7322765759663522,0.125,8,0.0094507934435141,0.0089431057401108,0.0082140614263112,0.001344598913898452,0.027218297535744604,0.0,True,False,False
CELSR2,185.0,135.0,321.0,8,0.5687306530572775,0.536035658948113,0.09903755072727978,0.4823078897480059,0.7508784050968215,0.125,8,0.010689426727596494,0.009163476559864735,0.007558471224906959,0.0015228343104562816,0.027218297535744604,0.0,True,False,False
CELSR2,185.0,136.0,322.0,8,0.5721130772336992,0.52521083478692,0.10674985943645347,0.4862284347460123,0.773150603179322,0.25,8,0.014740288235576635,0.012163007508977289,0.010237362651282063,0.0021622841671195664,0.029513574859412025,0.0,True,False,False
CELSR2,185.0,137.0,323.0,8,0.5587614483797515,0.533348630640798,0.10241167765777964,0.4740185346948539,0.7968707152249445,0.125,8,0.013047941954157198,0.008279461918443042,0.011387403140919856,0.001915042264438239,0.0320125365408981,0.0,True,False,False
CELSR2,185.0,138.0,324.0,8,0.5641166334150651,0.5400811154228833,0.09718540153968637,0.4740185346948539,0.769788240097355,0.125,8,0.01254317918380882,0.006143932086121006,0.012106927491957468,0.00026378631638187254,0.0320125365408981,0.0,True,False,False
CELSR2,185.0,139.0,325.0,8,0.5511407385516924,0.5202100361652311,0.09671354548708035,0.46863421321407844,0.769788240097355,0.125,8,0.00548974805423573,0.005865969958692138,0.004584908465410498,0.00026378631638187254,0.010488199982399271,0.0,True,False,False
CELSR2,185.0,140.0,326.0,8,0.5638867650289748,0.5329234482295147,0.10545922064312624,0.46863421321407844,0.769788240097355,0.125,8,0.008267713550873792,0.0072589686565674265,0.007123397343477245,0.00026378631638187254,0.019505138002442544,0.0,True,False,False
CELSR2,185.0,141.0,327.0,8,0.5658033319045124,0.5196501775073592,0.10251013811207073,0.5029566523420314,0.7913924280743561,0.125,8,0.010117843567225311,0.005772566942531277,0.008737965321094771,0.0014975659800364283,0.02530083672612629,0.0,True,False,False
CELSR2,185.0,142.0,328.0,8,0.5834317987663613,0.5512442787544918,0.10409937552461046,0.49771422144050137,0.8156515249105448,0.125,8,0.010613209135273895,0.009416684967487982,0.006821247991910732,0.001554665724423633,0.02406199675829398,0.0,True,False,False
CELSR2,185.0,143.0,329.0,8,0.5845454768098908,0.5572570955291491,0.10340728663612607,0.46679597468254586,0.8099654010952562,0.125,8,0.008518050671092115,0.006999794424198794,0.007073501974335523,0.0013468110331180474,0.02406199675829398,0.0,True,False,False
CELSR2,185.0,144.0,330.0,8,0.5948951350225724,0.554354038903719,0.09867767392195964,0.5170015284669573,0.8193070747156057,0.125,8,0.014124154219087567,0.013386192653243235,0.008529959513049057,0.002613227779561821,0.027420066855657302,0.0,True,False,False
CELSR2,185.0,145.0,331.0,8,0.5939864720981218,0.5548534427092315,0.09440745272577086,0.5356223407829288,0.8131666588720665,0.125,8,0.008733697604444677,0.008277901310881505,0.00619666650478744,0.0014347870981044994,0.018485653913546892,0.0,True,False,False
CELSR2,185.0,146.0,332.0,8,0.5922785746246965,0.551998361171209,0.09557598597392969,0.5273755255052577,0.8131666588720665,0.125,8,0.011389969431841254,0.01150717594773436,0.0065855758605959346,0.00325421109151457,0.02098776691231207,0.0,True,False,False
CELSR2,185.0,147.0,333.0,8,0.5813790469423303,0.5446568909623587,0.09615796314870773,0.5030946029069249,0.798832904663433,0.125,8,0.009472703921961478,0.007854409645224717,0.007794335471905398,0.0012180809058183397,0.02098776691231207,0.0,True,False,False
CELSR2,185.0,148.0,334.0,8,0.5804864086405567,0.5473232064969383,0.09373376870744718,0.5061826763694276,0.798832904663433,0.125,8,0.010259969596452055,0.0080080465745092,0.006913148064720223,0.0023776244082270364,0.019647300752717152,0.0,True,False,False
CELSR2,185.0,149.0,335.0,8,0.5836883158198826,0.5536863499504836,0.10451329145479171,0.5061826763694276,0.8276139537234365,0.125,8,0.007258297340341958,0.004791512887650459,0.006499075072701909,0.001919976325491082,0.019647300752717152,0.0,True,False,False
CELSR2,185.0,150.0,336.0,8,0.5775070987669721,0.5438212552849984,0.08034799321008577,0.5061826763694276,0.7607063949311526,0.125,8,0.011649755148236001,0.008930352311423993,0.009480378434340955,0.0028163244724881318,0.029744609207562583,0.0,True,False,False
CELSR2,185.0,151.0,337.0,8,0.5683047080899076,0.5421661014355058,0.09361462645699864,0.5061826763694276,0.7903173346395379,0.125,8,0.011190508683063384,0.005338531778709233,0.012710317080335603,0.0012481077117402276,0.03712735811764033,0.0,True,False,False
CELSR2,185.0,152.0,338.0,8,0.554105692097897,0.5233317784768359,0.09785848412041681,0.47730083626074765,0.7839604464778356,0.125,8,0.009977922012762406,0.0050265482769993675,0.01055035073254594,0.00029675866287917656,0.023697176745574575,0.0,True,False,False
CELSR2,185.0,153.0,339.0,8,0.5558603002514204,0.5246996848807407,0.08910285791389866,0.4856313955008693,0.7642988960619185,0.125,8,0.011816508967070352,0.009332299118338149,0.009691647532242696,0.0012037963694419087,0.025908498570168928,0.0,True,False,False
CELSR2,185.0,154.0,340.0,8,0.5546817552798785,0.524989791271816,0.09321399193693383,0.4889920187918581,0.7745452603103489,0.125,8,0.015382086723680806,0.015896919545430564,0.009884865879209547,0.002002122503046695,0.026634014053383868,0.0,True,False,False
CELSR2,185.0,155.0,341.0,8,0.5496708501886838,0.519730722278239,0.09231249379241957,0.4736351216319865,0.7588292693498625,0.125,8,0.011852641580990801,0.009674722922741224,0.005585642433972768,0.003811934000961294,0.021499903591929347,0.0,True,False,False
CELSR2,185.0,156.0,342.0,8,0.5436089472877527,0.5291429825320924,0.04396667335983591,0.5071561390165802,0.6324321642470846,0.0,8,0.010308640191111829,0.008937707251715743,0.007239633846400067,0.0024573056883546835,0.02548225548009742,0.0,True,False,False
CELSR2,185.0,157.0,343.0,8,0.5550471258534929,0.5374027019384859,0.06821191261382557,0.47643792781971134,0.6858821937870099,0.0,8,0.00683432464477562,0.005601827829715216,0.006767897644137109,0.00022857457496292834,0.017217349885846535,0.0,True,False,False
CELSR2,185.0,158.0,344.0,8,0.5802271950152847,0.5481412637038863,0.0946229315531172,0.5043426424397459,0.7873171054836171,0.125,8,0.011101288866640637,0.010216898879420237,0.008711294006278701,0.0007787772028803317,0.02450861165851487,0.0,True,False,False
CELSR2,185.0,159.0,345.0,8,0.5773025769942729,0.5397008915974857,0.09514447618001502,0.5043426424397459,0.7873171054836171,0.125,8,0.015048050259223754,0.010849668990345944,0.007960529881455113,0.007556765240741875,0.02468585432956256,0.0,True,False,False
CELSR2,185.0,160.0,346.0,8,0.5692169271263304,0.5490988227233731,0.08486085793322759,0.5069286386165186,0.7702749382295914,0.125,8,0.008542820573215813,0.005620782599485367,0.00637036182848045,0.0029044640262901726,0.018115642088637952,0.0,True,False,False
CELSR2,186.0,105.0,292.0,8,0.48825310279434786,0.4731991263614179,0.10503280568875543,0.3465990990387146,0.6361373825032989,0.0,8,0.007354091120582353,0.003016271932313786,0.009635535941106518,0.0008544201613012901,0.02702276654542495,0.0,True,False,False
CELSR2,186.0,106.0,293.0,8,0.49281138913821676,0.46914728914477005,0.10048571639229463,0.35872594006112063,0.6399348944998632,0.0,8,0.011459535561951593,0.009297437342597642,0.010172725109975014,0.002163690291233605,0.0317870172724828,0.0,True,False,False
CELSR2,186.0,107.0,294.0,8,0.5116263479621318,0.4969878005899422,0.09927008242860169,0.4118205949818883,0.6561793261158516,0.0,8,0.009541687414015553,0.006614967604383489,0.009239355029862615,0.00016029832988610792,0.02867643780012948,0.0,True,False,False
CELSR2,186.0,108.0,295.0,8,0.49196318138829254,0.4898736302666814,0.09330324976909864,0.37329155644732437,0.6556722010579439,0.0,8,0.009681104633476642,0.0058781059335304125,0.009610803728599817,0.00016029832988610792,0.02867643780012948,0.0,True,False,False
CELSR2,186.0,109.0,296.0,8,0.47240253356281436,0.4553981143880995,0.09761284676631468,0.34342265763448354,0.6441914079162266,0.0,8,0.015000258159366467,0.014102867625377592,0.010488490597398974,0.00016029832988610792,0.02846845346136943,0.0,True,False,False
CELSR2,186.0,110.0,297.0,8,0.467245844829807,0.46089723861533144,0.09503464763838018,0.34717489481080904,0.6400222618515444,0.0,8,0.012916923985171748,0.0125536751762407,0.009679302850269163,7.989730607540417e-05,0.02846845346136943,0.0,True,False,False
CELSR2,186.0,111.0,298.0,8,0.47538820074331095,0.4617855738832559,0.08879823843791376,0.3564175384391424,0.6400222618515444,0.0,8,0.010075606027301117,0.00854294033401394,0.0074899395000893485,0.00043947177316965675,0.02053592620329848,0.0,True,False,False
CELSR2,186.0,112.0,299.0,8,0.4686192663639686,0.44092115751384386,0.10420902374973404,0.33924870142827795,0.6689930702285716,0.0,8,0.010652596070378568,0.007357491434208099,0.009347442699179979,0.0012584189417808324,0.02805371923375044,0.0,True,False,False
CELSR2,186.0,113.0,300.0,8,0.47603171558503965,0.4694334221269366,0.08457327098335538,0.35258317708988784,0.627279400355144,0.0,8,0.011378265436127412,0.008570510215841457,0.010242837247434794,0.00032071685312743005,0.027544987952830165,0.0,True,False,False
CELSR2,186.0,114.0,301.0,8,0.4754301282757698,0.47214478968887874,0.0944042168395244,0.3523178343638194,0.6726032571646743,0.0,8,0.010369114406199417,0.010171533208688441,0.008736652842191535,0.000686014455082296,0.0274785648860475,0.0,True,False,False
CELSR2,186.0,115.0,302.0,8,0.502868407188047,0.47214478968887874,0.15402576296368875,0.3523178343638194,0.856784047832564,0.125,8,0.009080727059492654,0.006564146649644258,0.008824237800187118,0.000686014455082296,0.0274785648860475,0.0,True,False,False
CELSR2,186.0,116.0,303.0,8,0.47905564047874327,0.449743997624761,0.10015407348115563,0.3557341787888722,0.6847132809075576,0.0,8,0.014386251500744735,0.012242722526472127,0.012873096177580772,4.284569498022864e-05,0.029750890484383185,0.0,True,False,False
CELSR2,186.0,117.0,304.0,8,0.47638917966494165,0.44181212474352927,0.10729295086533303,0.34007790177859504,0.6928731241295801,0.0,8,0.013975001281673229,0.011591851621296619,0.010527050470461034,4.284569498022864e-05,0.029366939137379672,0.0,True,False,False
CELSR2,186.0,118.0,305.0,8,0.4660566724049042,0.43930972097385756,0.10810739578338109,0.3238041741756266,0.6915004641640983,0.0,8,0.0089889109641037,0.0065255055883255975,0.008371132816134257,0.0006157760608144753,0.023132411776127435,0.0,True,False,False
CELSR2,186.0,119.0,306.0,8,0.46331821802345674,0.4362635432432871,0.11060369772429181,0.31607399946752474,0.6915004641640983,0.0,8,0.00958167951853508,0.009294235732939901,0.006198849136377089,0.004226227810454815,0.023132411776127435,0.0,True,False,False
CELSR2,186.0,120.0,307.0,8,0.47071090319396924,0.43741434358572023,0.10123273830241736,0.369697942098271,0.6915004641640983,0.0,8,0.009183051331247877,0.009294235732939901,0.004732499696759744,0.00447697864771198,0.018064482268646983,0.0,True,False,False
CELSR2,186.0,121.0,308.0,8,0.47591995612479643,0.4583950485986985,0.09902049136365815,0.369697942098271,0.6915004641640983,0.0,8,0.013203344762681899,0.01099034888683242,0.007583788197639879,0.004589262748853023,0.025659467501905814,0.0,True,False,False
CELSR2,186.0,122.0,309.0,8,0.47031731292660917,0.4401692359284063,0.1082782288795515,0.3503656427809037,0.7151408729652245,0.125,8,0.011635641904924603,0.009359099623842498,0.010213297497051948,0.000709136617991592,0.0298220904457313,0.0,True,False,False
CELSR2,186.0,123.0,310.0,8,0.4724650778144076,0.44356090264538633,0.1041460735783155,0.3503656427809037,0.7017655891349522,0.125,8,0.00940186723066178,0.007354562332439295,0.008189168799920817,0.000709136617991592,0.021358295421493437,0.0,True,False,False
CELSR2,186.0,124.0,311.0,8,0.4629271550954,0.4418126201644855,0.10219616898032384,0.3503656427809037,0.6851213317269087,0.0,8,0.012929309941408534,0.012060857655006028,0.008633098063841665,0.000709136617991592,0.027066925844565694,0.0,True,False,False
CELSR2,186.0,125.0,312.0,8,0.4734044237539862,0.4459514069018342,0.09113569728965518,0.39620895477459345,0.680846090548872,0.0,8,0.014002647600078615,0.013764491055265445,0.006210124061144966,0.004122297754427226,0.022309944898451072,0.0,True,False,False
CELSR2,186.0,126.0,313.0,8,0.47823573844911166,0.44995808757360195,0.09366362895350586,0.40728679416970387,0.6908258601211379,0.0,8,0.012918306411119731,0.015008323982503246,0.007668502572289141,0.0012412882768698791,0.022309944898451072,0.0,True,False,False
CELSR2,186.0,127.0,314.0,8,0.49791272557985305,0.4675955636202691,0.10041950890331652,0.41732890779196224,0.7180265940958261,0.125,8,0.010245867877321999,0.009391555242861801,0.00622058686983354,0.0016617548153936377,0.02085021750023004,0.0,True,False,False
CELSR2,186.0,128.0,315.0,8,0.49844329328848636,0.47137906807082797,0.09981727801847036,0.40721380688797115,0.7118468510230024,0.125,8,0.01216652027902536,0.009635538583810742,0.008476269596818563,0.00038032037755274104,0.02568056440125048,0.0,True,False,False
CELSR2,186.0,129.0,316.0,8,0.5017251833807219,0.47137906807082797,0.1010340385946004,0.3995099100413124,0.7175643542105544,0.125,8,0.011591826740036074,0.009551849949293015,0.008245651822488674,0.002219644838639849,0.02568056440125048,0.0,True,False,False
CELSR2,186.0,130.0,317.0,8,0.5203490991580346,0.5042840795897425,0.09981998409673176,0.4165462371719473,0.7139197670580868,0.125,8,0.010861163595670768,0.007642480881629712,0.008683404391206465,0.00013678100944452092,0.02568056440125048,0.0,True,False,False
CELSR2,186.0,131.0,318.0,8,0.5310983883355842,0.5169351841294352,0.10315324521103537,0.41955089054632505,0.7445391568290778,0.125,8,0.012263078284417167,0.011509682535207469,0.008841587436260902,0.00013678100944452092,0.02568056440125048,0.0,True,False,False
CELSR2,186.0,132.0,319.0,8,0.5380143046367206,0.5037264478929081,0.10212310441309284,0.4466189517419672,0.7432663695801919,0.125,8,0.011156262011405765,0.010045214483450901,0.009923526229763965,0.00013678100944452092,0.024634599646623876,0.0,True,False,False
CELSR2,186.0,133.0,320.0,8,0.5272817955984154,0.4905097413198283,0.09919349950754844,0.4395893404427634,0.7356583363148065,0.125,8,0.01195144131796686,0.010453724226439635,0.009564033176794585,0.0004881621612716028,0.02613979674608753,0.0,True,False,False
CELSR2,186.0,134.0,321.0,8,0.5484283562715969,0.5357352632478323,0.09314985020257462,0.43345564188619906,0.7322765759663522,0.125,8,0.008862355231020119,0.007825402861154553,0.00928419423033226,1.2228108083448684e-05,0.027218297535744604,0.0,True,False,False
CELSR2,186.0,135.0,322.0,8,0.5624511835250002,0.5398868192396891,0.10560895766078864,0.4667924353542558,0.7508784050968215,0.125,8,0.011357311428933852,0.010050285524698853,0.00918301922324538,0.0006454811918121648,0.027218297535744604,0.0,True,False,False
CELSR2,186.0,136.0,323.0,8,0.5668800430100172,0.5250689550275541,0.10850396385325684,0.4733090291323139,0.773150603179322,0.125,8,0.014190346981363188,0.016422735058679635,0.00927228752486491,0.0006454811918121648,0.029513574859412025,0.0,True,False,False
CELSR2,186.0,137.0,324.0,8,0.5579501002967757,0.5332067508814321,0.10641750049273276,0.4733090291323139,0.7968707152249445,0.125,8,0.013000472980078625,0.010828284241403682,0.010180800981509606,0.0006454811918121648,0.0320125365408981,0.0,True,False,False
CELSR2,186.0,138.0,325.0,8,0.5637679009168768,0.5253440333046528,0.10055572541299895,0.4740185346948539,0.769788240097355,0.125,8,0.010723076532519847,0.009485333874332272,0.010640969059982897,0.00026378631638187254,0.0320125365408981,0.0,True,False,False
CELSR2,186.0,139.0,326.0,8,0.5426514768621019,0.49874968730728,0.10071907368381605,0.46863421321407844,0.769788240097355,0.125,8,0.005278357473928162,0.0024653449423153798,0.005769340375154148,0.00026378631638187254,0.014393655850738525,0.0,True,False,False
CELSR2,186.0,140.0,327.0,8,0.5541545506978242,0.5063752629996967,0.10832971593236596,0.46863421321407844,0.769788240097355,0.125,8,0.010903622193656523,0.010991873786196892,0.009522999466251573,0.00026378631638187254,0.022739644255728837,0.0,True,False,False
CELSR2,186.0,141.0,328.0,8,0.5599582789972352,0.5141367098447054,0.1088598107671182,0.46035621087312767,0.7913924280743561,0.125,8,0.015374514777608988,0.016123396669948806,0.00898114696961738,0.0038774025937502402,0.027772636857840243,0.0,True,False,False
CELSR2,186.0,142.0,329.0,8,0.5749212979420119,0.5306341897298521,0.10860060913132313,0.49771422144050137,0.8156515249105448,0.125,8,0.006649618488280138,0.005430787423951387,0.005520872326931051,0.0010417700377010996,0.015343164713757683,0.0,True,False,False
CELSR2,186.0,143.0,330.0,8,0.5744867126192724,0.5417248753334396,0.11078159304265878,0.46679597468254586,0.8099654010952562,0.125,8,0.006453887159702919,0.006743446210747536,0.003370660623331329,0.0010417700377010996,0.011935907684813972,0.0,True,False,False
CELSR2,186.0,144.0,331.0,8,0.5876547534640246,0.5516372098282964,0.10460777631538735,0.4919524522432429,0.8193070747156057,0.125,8,0.012872223041907065,0.014036608327886195,0.009259280852604634,0.0008337643036049738,0.027420066855657302,0.0,True,False,False
CELSR2,186.0,145.0,332.0,8,0.5884346680901699,0.5534272446329755,0.09918486073812235,0.49378489387397356,0.8131666588720665,0.125,8,0.010911980987632417,0.010250254310792918,0.004945600037887204,0.005719185685264244,0.018485653913546892,0.0,True,False,False
CELSR2,186.0,146.0,333.0,8,0.5909026356353493,0.554525337522074,0.10178168146561498,0.49166277724758184,0.8131666588720665,0.125,8,0.00897032990896914,0.005605188745619755,0.007764112040220861,0.0011803485226837215,0.02098776691231207,0.0,True,False,False
CELSR2,186.0,147.0,334.0,8,0.578531925507826,0.5452923853736011,0.10036620906382966,0.49166277724758184,0.798832904663433,0.125,8,0.009867575466857122,0.008603536502487387,0.0073930791992290945,0.0012180809058183397,0.02098776691231207,0.0,True,False,False
CELSR2,186.0,148.0,335.0,8,0.5795145433585634,0.5484374498883389,0.09659752726391704,0.49166277724758184,0.798832904663433,0.125,8,0.007185216362335501,0.008447807688543096,0.005133478088624238,9.248173163178426e-05,0.016265827950526772,0.0,True,False,False
CELSR2,186.0,149.0,336.0,8,0.5811497994714565,0.5428331852774158,0.10605359612560658,0.5015233744840158,0.8276139537234365,0.125,8,0.00867735615134575,0.008388779262758349,0.005237094908600595,0.0025417581320275554,0.017088358877968425,0.0,True,False,False
CELSR2,186.0,150.0,337.0,8,0.574637147577817,0.5470741094057858,0.08344582229403133,0.49300229054771644,0.7607063949311526,0.125,8,0.007534819501246222,0.007670510423036815,0.004926335133405601,0.001082955057707338,0.015120349118077383,0.0,True,False,False
CELSR2,186.0,151.0,338.0,8,0.5687705076666684,0.5406058338894615,0.09539827785826568,0.49300229054771644,0.7903173346395379,0.125,8,0.012000429990021018,0.007922218453125861,0.012767382598949257,0.001082955057707338,0.03712735811764033,0.0,True,False,False
CELSR2,186.0,152.0,339.0,8,0.5557525840372451,0.5198970874551141,0.09906795643149961,0.47730083626074765,0.7839604464778356,0.125,8,0.008016538235161241,0.005696517972628627,0.00757881329735193,0.0004294112038722172,0.023610248847725324,0.0,True,False,False
CELSR2,186.0,153.0,340.0,8,0.5530300048323042,0.5158406568157539,0.09272201207183567,0.48314562870796474,0.7642988960619185,0.125,8,0.012326382801625969,0.009298207054505462,0.009787169234412729,0.003812951220201819,0.02843414832908009,0.0,True,False,False
CELSR2,186.0,154.0,341.0,8,0.5496561428204761,0.5114080556674521,0.0969818163682846,0.48314562870796474,0.7745452603103489,0.125,8,0.012884641227300616,0.008791223828946619,0.010874372569625942,0.0016772342042845722,0.02843414832908009,0.0,True,False,False
CELSR2,186.0,155.0,342.0,8,0.5428581966166147,0.5087866565199032,0.09390725356632879,0.4736351216319865,0.7588292693498625,0.125,8,0.010111597613863883,0.008685450464096852,0.009996358065909287,3.303475679594419e-05,0.026246986825814233,0.0,True,False,False
CELSR2,186.0,156.0,343.0,8,0.5342457188830197,0.5149001290720872,0.04769789464445781,0.4840021206089474,0.6324321642470846,0.0,8,0.011405142010142975,0.010268133177871296,0.00936130507455057,0.0008557854786205971,0.02548225548009742,0.0,True,False,False
CELSR2,186.0,157.0,344.0,8,0.5451807129970129,0.5104587247407135,0.07224545885932236,0.47643792781971134,0.6858821937870099,0.0,8,0.00955195186334963,0.007629041036605045,0.0077226586346951665,0.00022857457496292834,0.02026015036373448,0.0,True,False,False
CELSR2,186.0,158.0,345.0,8,0.578595488327941,0.5401874527215906,0.10014875238916401,0.4900500531726777,0.7873171054836171,0.125,8,0.01564023040888108,0.015951119499898497,0.007302568867116304,0.007556765240741875,0.02450861165851487,0.0,True,False,False
CELSR2,186.0,159.0,346.0,8,0.5744991374464309,0.535902089747395,0.10135434217434246,0.48285944463636304,0.7873171054836171,0.125,8,0.01293132279129468,0.011103790936624254,0.0065235385192229,0.005812301504906663,0.02450861165851487,0.0,True,False,False
CELSR2,186.0,160.0,347.0,8,0.5666712609121202,0.5481396066151482,0.0896934298799359,0.4864060800399351,0.7702749382295914,0.125,8,0.010098858933315748,0.009328777516666168,0.007624996645892593,0.0018933614314717868,0.022321007220938938,0.0,True,False,False
CELSR2,187.0,105.0,293.0,8,0.4807565186861534,0.4735995552216792,0.09906783463146396,0.34766813582748696,0.6048018133310228,0.0,8,0.01092931559733967,0.011469584692419378,0.006107765805783565,0.001775241024185866,0.017651502571450664,0.0,True,False,False
CELSR2,187.0,106.0,294.0,8,0.4838105719563157,0.4617430442041787,0.09890372425527158,0.36283561927829194,0.6250010516180493,0.0,8,0.0132038418890613,0.013174026852741822,0.008335087471211273,0.0022515948165405452,0.025694514738091825,0.0,True,False,False
CELSR2,187.0,107.0,295.0,8,0.514900935334001,0.4983230884080531,0.10654282306655757,0.39143775876953524,0.6619998141482938,0.0,8,0.00748117511832886,0.0030397042530736274,0.010196458253782025,0.00023157092184041122,0.029492736181192924,0.0,True,False,False
CELSR2,187.0,108.0,296.0,8,0.4924206146132067,0.4983230884080531,0.08433777205455391,0.39143775876953524,0.6171080108016531,0.0,8,0.010112777643793529,0.00938304750775281,0.009262666784458761,0.0005219533186817583,0.029492736181192924,0.0,True,False,False
CELSR2,187.0,109.0,297.0,8,0.46703414060605725,0.4576145959792709,0.0897389812209913,0.3520686769106918,0.6070598654608146,0.0,8,0.011873505835326483,0.006255402391009971,0.01294231338939559,0.0005219533186817583,0.03544479671814334,0.0,True,False,False
CELSR2,187.0,110.0,298.0,8,0.46385323381963395,0.46545856181477074,0.08107790169999846,0.3710363805189209,0.5999787125935688,0.0,8,0.012601623773973055,0.008272526013061606,0.011017305299739155,0.0026856140886221997,0.03544479671814334,0.0,True,False,False
CELSR2,187.0,111.0,299.0,8,0.4675400587913366,0.4632370307401745,0.07565427032053529,0.38102932023524666,0.5999787125935688,0.0,8,0.012726584961980656,0.013886339240464136,0.006210709271268456,0.0015134991682517,0.02053592620329848,0.0,True,False,False
CELSR2,187.0,112.0,300.0,8,0.4672276054608624,0.4484626810329303,0.0888032412090479,0.3673162779949879,0.6276657962502139,0.0,8,0.012315277166615632,0.012395858606296769,0.00875378362970531,0.0005102794089707871,0.021918484476213907,0.0,True,False,False
CELSR2,187.0,113.0,301.0,8,0.47621211162649857,0.4776887065177074,0.07878446221850906,0.36752700310024283,0.5943326458566421,0.0,8,0.014389400458461009,0.013001955110741849,0.004817681530081997,0.010044202698046348,0.022038185638115347,0.0,True,False,False
CELSR2,187.0,114.0,302.0,8,0.4759811372497937,0.481890827132582,0.09137161787780458,0.3610007347114078,0.653505654880432,0.0,8,0.009172727859506541,0.0064693622596796035,0.009453039236699405,0.00015590765275068675,0.0274785648860475,0.0,True,False,False
CELSR2,187.0,115.0,303.0,8,0.50717787237848,0.481890827132582,0.15039103189704117,0.3610007347114078,0.846075589217964,0.125,8,0.010467445788519983,0.003449766367776904,0.014230019358236316,0.00015590765275068675,0.03790887583575073,0.0,True,False,False
CELSR2,187.0,116.0,304.0,8,0.47739847940288727,0.45184072128193303,0.0951368190054128,0.3689768135895695,0.6626644160646439,0.0,8,0.01153787769638523,0.008207614776751854,0.009595863884821206,0.0023394328924487614,0.0274785648860475,0.0,True,False,False
CELSR2,187.0,117.0,305.0,8,0.4746073328731181,0.44524966160856005,0.0961651342465479,0.3618113391122162,0.6649666581362648,0.0,8,0.014404821481381072,0.012222065039354257,0.010541169215479818,0.0024669837126339344,0.0331022684431089,0.0,True,False,False
CELSR2,187.0,118.0,306.0,8,0.4619065649507803,0.4389570606482094,0.10070338960677412,0.3408583214590228,0.6708069801263421,0.0,8,0.012774384184507551,0.011977552126838917,0.007918162317003133,0.0036374279863300076,0.027848167901631794,0.0,True,False,False
CELSR2,187.0,119.0,307.0,8,0.4610035564195359,0.4319900619758921,0.09974910041199173,0.35565335543603827,0.6708069801263421,0.0,8,0.008495740619409886,0.004592377606541044,0.008473677987712001,0.0020018238089821927,0.027848167901631794,0.0,True,False,False
CELSR2,187.0,120.0,308.0,8,0.4673060787273292,0.4400175503788474,0.09411911073566852,0.3841886520534834,0.6708069801263421,0.0,8,0.010867376751661998,0.00966872191393241,0.007394404330736771,0.0036374279863300076,0.02432207067985911,0.0,True,False,False
CELSR2,187.0,121.0,309.0,8,0.47707138263816196,0.4584530662425934,0.08860033673939653,0.3841886520534834,0.6708069801263421,0.0,8,0.008979708362954579,0.006480216438627122,0.007897000158462723,0.00147655705126039,0.020474202814035367,0.0,True,False,False
CELSR2,187.0,122.0,310.0,8,0.46519695636542613,0.44546189646014767,0.08498578580561038,0.3843894578123191,0.652253505575149,0.0,8,0.00951472870537649,0.005276079817679264,0.010042043148639011,0.00147655705126039,0.02901012110036999,0.0,True,False,False
CELSR2,187.0,123.0,311.0,8,0.4676582325090206,0.4492557872696293,0.08469880976199354,0.3843894578123191,0.650297311985958,0.0,8,0.010029154557984503,0.006228137253088321,0.008015897684780933,0.002851581020417731,0.02244203965445277,0.0,True,False,False
CELSR2,187.0,124.0,312.0,8,0.4633169185801297,0.43293237195985657,0.08503782319096151,0.3843894578123191,0.6393875361195758,0.0,8,0.01158358622741621,0.006836031987140563,0.011216736629628757,0.0006538514720955385,0.027515386393964843,0.0,True,False,False
CELSR2,187.0,125.0,313.0,8,0.47613418197739177,0.45425819119071326,0.07711382939178058,0.4029112655170221,0.6388336042154351,0.0,8,0.01361985600505367,0.0134868944332378,0.0059115240705592135,0.005211878712124456,0.02369385949190958,0.0,True,False,False
CELSR2,187.0,126.0,314.0,8,0.4857008429466356,0.4544296240179909,0.08241218197909203,0.42178113075682805,0.6533436961654929,0.0,8,0.013016951601048488,0.011849741394117916,0.005899297728417684,0.007099003507777853,0.02369385949190958,0.0,True,False,False
CELSR2,187.0,127.0,315.0,8,0.49577577852886817,0.450889323206993,0.09515471297855267,0.42863579247749073,0.6997145496197936,0.0,8,0.008998563152151692,0.008246999377815454,0.005979281373161992,0.0008372765566075142,0.01857295837704083,0.0,True,False,False
CELSR2,187.0,128.0,316.0,8,0.5005350619346343,0.47391808937525315,0.08578238825036402,0.4294353912515075,0.6766280204452036,0.0,8,0.008632555958372368,0.006439431242834968,0.008060234502642557,0.00044642764664717705,0.02568056440125048,0.0,True,False,False
CELSR2,187.0,129.0,317.0,8,0.5017721434880138,0.47391808937525315,0.08979773143141367,0.4195188549455825,0.6824865542074767,0.0,8,0.009068029507541528,0.005355831081864788,0.008423079928881345,0.0023296829615106684,0.02568056440125048,0.0,True,False,False
CELSR2,187.0,130.0,318.0,8,0.5203364790195903,0.49061626905447564,0.09238388655268216,0.4386610862585057,0.6877863201471665,0.0,8,0.00974805123476037,0.008509838537765005,0.007672571360117714,0.001171013346335845,0.02568056440125048,0.0,True,False,False
CELSR2,187.0,131.0,319.0,8,0.5278452975887082,0.4986734914854172,0.09091516365518988,0.4386610862585057,0.7008214188362194,0.125,8,0.011274221620204581,0.009524418417207504,0.009720608814514873,0.001171013346335845,0.02568056440125048,0.0,True,False,False
CELSR2,187.0,132.0,320.0,8,0.5337792087168982,0.49777004136654235,0.09860486911111803,0.4463254293387198,0.7289701025149179,0.125,8,0.01045851064899076,0.008512631391568822,0.00855442477560352,0.002144683778566536,0.024634599646623876,0.0,True,False,False
CELSR2,187.0,133.0,321.0,8,0.5245231578089457,0.49604293747419415,0.08892384322982536,0.4463254293387198,0.6939512161509339,0.0,8,0.011181333972343922,0.009222822098376444,0.009538652450140142,0.00035632858556080665,0.02613979674608753,0.0,True,False,False
CELSR2,187.0,134.0,322.0,8,0.5393087083765868,0.5193607698366149,0.07979005766682405,0.44124390670682456,0.6827161123554201,0.0,8,0.01046848031260476,0.010045513953569268,0.0062948994343518415,0.0033263246578557506,0.020322738681599905,0.0,True,False,False
CELSR2,187.0,135.0,323.0,8,0.560955976382848,0.5291587611036007,0.10057944036426383,0.47029624413455284,0.7233793148154433,0.25,8,0.009770692075827698,0.010363627551774033,0.00573653177148563,0.0017651776649809622,0.017619507975588623,0.0,True,False,False
CELSR2,187.0,136.0,324.0,8,0.5658271534930835,0.5241830466279591,0.09930238910209684,0.4733090291323139,0.729809710086352,0.25,8,0.011034274618538929,0.011627802087543654,0.007447809644439031,0.0017651776649809622,0.02083866374234263,0.0,True,False,False
CELSR2,187.0,137.0,325.0,8,0.5558709854733783,0.5241830466279591,0.0857072018680599,0.4733090291323139,0.732723809171131,0.125,8,0.010107577092448769,0.006669140868906447,0.008948760631012853,0.0009646435869174284,0.025727618786901284,0.0,True,False,False
CELSR2,187.0,138.0,326.0,8,0.5669502220743936,0.5186272674818929,0.09514730049897406,0.4956646691613148,0.7411956747720132,0.125,8,0.011919736416412037,0.01293226467778404,0.007732577059839019,0.0016485071331711276,0.025727618786901284,0.0,True,False,False
CELSR2,187.0,139.0,327.0,8,0.5431111896635079,0.49487701143368656,0.09246641472423488,0.47814396591314284,0.7411956747720132,0.125,8,0.008844888785191614,0.00893296799167818,0.005393354802124016,0.0016485071331711276,0.018689408056627905,0.0,True,False,False
CELSR2,187.0,140.0,328.0,8,0.5561536688195574,0.5066170881449221,0.098318459012464,0.4851570029897614,0.7411956747720132,0.125,8,0.011154474734603995,0.009680276373473596,0.006816620121235822,0.0016485071331711276,0.02102060581740423,0.0,True,False,False
CELSR2,187.0,141.0,329.0,8,0.5611631887800981,0.5186152041592273,0.10369131759785752,0.4633790995893929,0.7652872307877081,0.125,8,0.011983269553666184,0.010013153849212,0.010085122531759957,0.0017434508556989899,0.027772636857840243,0.0,True,False,False
CELSR2,187.0,142.0,330.0,8,0.5752618450988272,0.5237882907091126,0.10173846855052325,0.49954942386211554,0.7851751757701912,0.125,8,0.009214456238058727,0.008316647047272155,0.0060534584503880865,0.0016646326440911676,0.017057925961849976,0.0,True,False,False
CELSR2,187.0,143.0,331.0,8,0.5753213717530024,0.531124710686694,0.11020114047107125,0.4736931461765594,0.8046606984305833,0.125,8,0.010297119106827221,0.008316647047272155,0.008497093779926777,0.002228410659122714,0.02569411456573585,0.0,True,False,False
CELSR2,187.0,144.0,332.0,8,0.5875763237132572,0.55009799955105,0.09717184224030813,0.5052336304867266,0.7933124237532838,0.125,8,0.01303009519711812,0.010118989610728789,0.012320261147475118,0.0003357033413591851,0.038915245147337345,0.0,True,False,False
CELSR2,187.0,145.0,333.0,8,0.5883790731089864,0.55350729164429,0.08900023512672496,0.5015611664887426,0.7793113778071419,0.125,8,0.008694236432007344,0.007322425748692669,0.005987543164703566,0.0037025645321742415,0.021411494343461058,0.0,True,False,False
CELSR2,187.0,146.0,334.0,8,0.5901420768774046,0.5580196137509668,0.09066564864969748,0.4899584850222341,0.7793113778071419,0.125,8,0.010743882603200576,0.009692017255007023,0.007756918598230483,0.001245546727650743,0.02387707208846311,0.0,True,False,False
CELSR2,187.0,147.0,335.0,8,0.5833133482906265,0.5560822911077473,0.08951580243981877,0.4899584850222341,0.7694891003247734,0.125,8,0.010415066995884466,0.00929557730583059,0.008180609693722576,0.001245546727650743,0.02387707208846311,0.0,True,False,False
CELSR2,187.0,148.0,336.0,8,0.5790771747083542,0.5480857983209182,0.08811846989027472,0.4899584850222341,0.7694891003247734,0.125,8,0.009689453810643104,0.007061866399147074,0.009664184821985184,0.001245546727650743,0.029697873553648967,0.0,True,False,False
CELSR2,187.0,149.0,337.0,8,0.5807041835650488,0.5546587726572998,0.09174266096624015,0.5106427246769143,0.7882378345361923,0.125,8,0.011389863818227477,0.011268256240347076,0.007826957606127914,0.0008647706399494925,0.023745665944722768,0.0,True,False,False
CELSR2,187.0,150.0,338.0,8,0.5691125857652414,0.5454312022457447,0.08247533179674572,0.4762107671026512,0.7442061256088357,0.125,8,0.010349425308249397,0.00837896786544926,0.008061256714784986,0.0011244019270262827,0.022814032769345263,0.0,True,False,False
CELSR2,187.0,151.0,339.0,8,0.5660265670007154,0.5374154755955612,0.08753613695360393,0.4762107671026512,0.7591865858419767,0.125,8,0.013385190301522704,0.014209540937749617,0.01024410796689901,0.00016878680981906912,0.02901127220552508,0.0,True,False,False
CELSR2,187.0,152.0,340.0,8,0.5535704368955829,0.5222118358671004,0.08359233014511622,0.4762107671026512,0.7390774555068899,0.125,8,0.008867026980241279,0.006250456046947638,0.00780675138522211,0.00094330923796994,0.02504482580141176,0.0,True,False,False
CELSR2,187.0,153.0,341.0,8,0.5478092299889982,0.5206401911582756,0.0842106900619307,0.4775022836788231,0.7340534701859015,0.125,8,0.0107652683763772,0.0105519792397854,0.006331220553769715,0.0008530909184489709,0.020244754192955083,0.0,True,False,False
CELSR2,187.0,154.0,342.0,8,0.5479915626615207,0.5095679033608927,0.08991544824590705,0.4775022836788231,0.7498080111897035,0.125,8,0.010608286204187056,0.006361373278770566,0.011454112235739907,0.00023896066765982999,0.03360456526562313,0.0,True,False,False
CELSR2,187.0,155.0,343.0,8,0.5407900866466123,0.5120372467689465,0.08722173348076379,0.45203625363983335,0.7333846980988433,0.125,8,0.015173273703944992,0.011967270874958604,0.008226962294667295,0.006674799881055859,0.02880196060262252,0.0,True,False,False
CELSR2,187.0,156.0,344.0,8,0.5316875707147808,0.5204651998298297,0.039421058440709526,0.4882890791464528,0.6069140618723996,0.0,8,0.012350679630006717,0.015035185636520065,0.0080511111792488,0.0001973758415129182,0.02372577493554983,0.0,True,False,False
CELSR2,187.0,157.0,345.0,8,0.5441185317737728,0.512240102157587,0.06575691100229568,0.4713011468540744,0.6524346377254218,0.0,8,0.013034365898927194,0.014615454035735144,0.005695451268007432,0.0041329476497044436,0.019378001416008428,0.0,True,False,False
CELSR2,187.0,158.0,346.0,8,0.5720940303602954,0.5346517993628546,0.08482719244559479,0.49300463487571033,0.7321943528186132,0.125,8,0.015262524196337817,0.010010684652573456,0.012726458203617641,0.0017324696313109015,0.0408134226538787,0.0,True,False,False
CELSR2,187.0,159.0,347.0,8,0.5654967234902794,0.5301129587141533,0.08340212017608005,0.4960907303824924,0.7321943528186132,0.125,8,0.012381359443166996,0.007213572944376411,0.012839512351952348,0.0017324696313109015,0.0408134226538787,0.0,True,False,False
CELSR2,187.0,160.0,348.0,8,0.572053116845878,0.5588106132000732,0.08403601899191546,0.48867892496849163,0.7560282833757148,0.125,8,0.01033708598073789,0.010194492187391067,0.007350364800137634,0.0018933614314717868,0.02237958077696509,0.0,True,False,False
CELSR2,188.0,105.0,294.0,8,0.4845691613211704,0.4711392595888534,0.09415847312106823,0.38114173611681407,0.6068998122068338,0.0,8,0.01009722529416242,0.010478837402223436,0.008313049451208268,0.00035577712945000713,0.02549390492275906,0.0,True,False,False
CELSR2,188.0,106.0,295.0,8,0.48693156552477557,0.459282748571353,0.09836816300719275,0.3770791507814171,0.6346374276614983,0.0,8,0.015002899678155289,0.015486456593771727,0.008056268600991429,0.00224203211460661,0.027648309900256313,0.0,True,False,False
CELSR2,188.0,107.0,296.0,8,0.5191124584029273,0.5052951836150401,0.10710253495396511,0.38882511843399353,0.6641032128371843,0.0,8,0.01307728654016461,0.010098949166218483,0.01059680406471063,0.0005219533186817583,0.03205667813003681,0.0,True,False,False
CELSR2,188.0,108.0,297.0,8,0.4942194703336499,0.5052951836150401,0.08453461656359978,0.38882511843399353,0.6346813227222492,0.0,8,0.012448809965545201,0.009481834069337154,0.010686110762647971,0.0005219533186817583,0.03205667813003681,0.0,True,False,False
CELSR2,188.0,109.0,298.0,8,0.47084059357826485,0.45967640893885353,0.0955426719728739,0.35042219643933387,0.6396836185346474,0.0,8,0.008954676436404978,0.007863981690640898,0.00717632486985671,0.0005219533186817583,0.02286090207672651,0.0,True,False,False
CELSR2,188.0,110.0,299.0,8,0.47156296667792924,0.47134224614071274,0.08741472761759286,0.35042219643933387,0.6315309707555005,0.0,8,0.007513676743811529,0.005168056633307879,0.007525089450455471,0.0007337558505819892,0.02286090207672651,0.0,True,False,False
CELSR2,188.0,111.0,300.0,8,0.4720933870986877,0.45986102776935545,0.0862120253154286,0.36493458606993734,0.6315309707555005,0.0,8,0.008467989110538875,0.004377893564141288,0.010767013502865904,0.0004643982954434292,0.03208844168416274,0.0,True,False,False
CELSR2,188.0,112.0,301.0,8,0.4643221008336463,0.442684688870491,0.09940156752192518,0.34494150783055477,0.6499374021738761,0.0,8,0.012607838418774272,0.008885176811717115,0.008190330220376123,0.004041537318972914,0.026488948881601825,0.0,True,False,False
CELSR2,188.0,113.0,302.0,8,0.47970008098704775,0.4778941264546526,0.08242093593736918,0.3854930948863992,0.6251140237923403,0.0,8,0.016037895389721023,0.01328347854593559,0.010545157179339813,0.0060464943266839415,0.03550012120794046,0.0,True,False,False
CELSR2,188.0,114.0,303.0,8,0.4818223110685942,0.4796490914904362,0.09176703896836991,0.38939885564820886,0.6799439621127594,0.0,8,0.009655229772475925,0.010279307352291395,0.007185041178631591,0.0005107403953276993,0.018485142927425622,0.0,True,False,False
CELSR2,188.0,115.0,304.0,8,0.5106509790145918,0.4839776570691223,0.1461593082323498,0.3886659260106574,0.8451378683215378,0.125,8,0.011321919869154347,0.006703293560284583,0.01186896155690784,0.0020248519167563378,0.0369111288288602,0.0,True,False,False
CELSR2,188.0,116.0,305.0,8,0.48501013094803724,0.4539275512184733,0.09306328915783468,0.4102551410871196,0.6828477531630408,0.0,8,0.013041232187452978,0.01478053001041573,0.010844505752876482,0.0006405669764256199,0.033427355803860345,0.0,True,False,False
CELSR2,188.0,117.0,306.0,8,0.47667119867658114,0.4524640718130878,0.10240676524275173,0.3866259478335279,0.6915345970094271,0.0,8,0.009989558642466553,0.010755111998188089,0.006150135113585776,0.002749225955118256,0.020608818358114973,0.0,True,False,False
CELSR2,188.0,118.0,307.0,8,0.46545290325363275,0.4436825651952944,0.10303449504333015,0.3735393628221577,0.6924302521865305,0.0,8,0.012676264774042469,0.013932649453784213,0.006891814528797609,0.0013682943058634428,0.02392137631809232,0.0,True,False,False
CELSR2,188.0,119.0,308.0,8,0.46184498306195443,0.4290794690404025,0.10355644893182472,0.3749454278939294,0.6924302521865305,0.0,8,0.011176694043969022,0.012481234949671606,0.008432832677748001,4.1973151505034897e-05,0.02392137631809232,0.0,True,False,False
CELSR2,188.0,120.0,309.0,8,0.46791060842546994,0.43176551698560456,0.09990466022444698,0.3677884758615185,0.6924302521865305,0.0,8,0.015353957255758619,0.01579961096808116,0.007725071708587459,4.1973151505034897e-05,0.02432207067985911,0.0,True,False,False
CELSR2,188.0,121.0,310.0,8,0.4785741911750574,0.45015657245776813,0.09472121981958251,0.3844975103364959,0.6924302521865305,0.0,8,0.012120836246860498,0.012481234949671606,0.009603072360167365,0.00147655705126039,0.029728918588932108,0.0,True,False,False
CELSR2,188.0,122.0,311.0,8,0.46705691864080234,0.44661141725708575,0.09557013558099572,0.3754939706368866,0.6851015012717367,0.0,8,0.009635644797669587,0.007193877781556525,0.007631622371049685,0.00147655705126039,0.02458063976301043,0.0,True,False,False
CELSR2,188.0,123.0,312.0,8,0.46929516674526944,0.44041008488824496,0.09933380307503571,0.3712868847268177,0.6916915286429779,0.0,8,0.007212243053904752,0.0053580228827708985,0.005626611627083825,0.0003770949633527009,0.016156629032374123,0.0,True,False,False
CELSR2,188.0,124.0,313.0,8,0.46693108630212976,0.4237492331043202,0.08960355559824083,0.4031534491404271,0.6581484403949287,0.0,8,0.009654402641492914,0.006873132714439652,0.010620168597445207,0.0003770949633527009,0.030670841338139618,0.0,True,False,False
CELSR2,188.0,125.0,314.0,8,0.47570670583003877,0.4373775044647137,0.0885867344117829,0.39006217462365167,0.6683381211852886,0.0,8,0.0170406920270987,0.01565471965333117,0.011036493458847087,0.0014614844225874716,0.031735409274332854,0.0,True,False,False
CELSR2,188.0,126.0,315.0,8,0.48865507593170726,0.47329227735029056,0.0859194506243268,0.39006217462365167,0.6620705858664012,0.0,8,0.013300687698946656,0.011240922976959547,0.010318655692083562,0.0024318513667670304,0.031735409274332854,0.0,True,False,False
CELSR2,188.0,127.0,316.0,8,0.49824991414638814,0.47056543032372855,0.09796406929329715,0.41409915784462614,0.7085554203640924,0.125,8,0.009378079439649098,0.007086576743432093,0.005671532499920318,0.0040282613521646,0.01857295837704083,0.0,True,False,False
CELSR2,188.0,128.0,317.0,8,0.5035863460860626,0.47778214039702677,0.09059418512732925,0.41409915784462614,0.694820667887107,0.0,8,0.008000485517967212,0.00845585327389553,0.003941049092005387,0.0033270452710489947,0.013627869361058649,0.0,True,False,False
CELSR2,188.0,129.0,318.0,8,0.5034753575475123,0.48137296572571975,0.08852189150614426,0.41409915784462614,0.68035190779542,0.0,8,0.0072435993867133765,0.00680939323889398,0.004272153944262927,0.0014559722235415818,0.013627869361058649,0.0,True,False,False
CELSR2,188.0,130.0,319.0,8,0.5260837330475105,0.5125558690962677,0.0945004073190424,0.41409915784462614,0.6985281988657176,0.0,8,0.007305416334004132,0.007854373050701541,0.003782863062468483,0.001171013346335845,0.012402153148966673,0.0,True,False,False
CELSR2,188.0,131.0,320.0,8,0.5322225376778372,0.5162297002472134,0.0917501310447441,0.4386610862585057,0.7084510455532009,0.125,8,0.00760603238531025,0.006231799345863022,0.0046492693115957745,0.001171013346335845,0.015074129793651034,0.0,True,False,False
CELSR2,188.0,132.0,321.0,8,0.5413742257282194,0.5177612175310788,0.0925159172365642,0.4398971687086373,0.7255514496846246,0.125,8,0.009244287253004892,0.006334768402113857,0.0069668136914958516,0.003989627102601252,0.024434323991733127,0.0,True,False,False
CELSR2,188.0,133.0,322.0,8,0.5276105820215791,0.5064534316100161,0.08558453436187026,0.4398971687086373,0.6922285598683601,0.0,8,0.011961442499487936,0.009201439443276026,0.007264920373814612,0.004675772150868701,0.024434323991733127,0.0,True,False,False
CELSR2,188.0,134.0,323.0,8,0.5493543068113061,0.5305635355936764,0.08434712964189889,0.44124390670682456,0.7156892685152494,0.125,8,0.010280077710921055,0.008195894745436876,0.009487299891042087,5.431260264020457e-07,0.02618183636631935,0.0,True,False,False
CELSR2,188.0,135.0,324.0,8,0.564144557133698,0.523159205555725,0.10383205873572864,0.47029624413455284,0.7338455739199197,0.25,8,0.01266400362165958,0.012075742691153166,0.006848816341674385,0.004335461618271239,0.02618183636631935,0.0,True,False,False
CELSR2,188.0,136.0,325.0,8,0.5668011958673878,0.5298322585181008,0.10262378066387093,0.48168842152118113,0.7444626062032126,0.25,8,0.009426773335724479,0.007485170581768298,0.007454910860834314,0.0004033599318228068,0.019367758175026905,0.0,True,False,False
CELSR2,188.0,137.0,326.0,8,0.5556818507021611,0.52393852926907,0.0895223717420517,0.48546047356068794,0.749028614215477,0.125,8,0.013081086498618593,0.013146041799822993,0.008250996016545702,0.00401031731878568,0.02617034693064839,0.0,True,False,False
CELSR2,188.0,138.0,327.0,8,0.5678844143487474,0.5265068448524318,0.09885283447262275,0.48574347050371336,0.7587456683103261,0.125,8,0.014998075226819896,0.014346516846579213,0.007934560231206419,0.004440940658099414,0.030638687150750552,0.0,True,False,False
CELSR2,188.0,139.0,328.0,8,0.5442910623772671,0.49852174083283807,0.09772891218943491,0.4794645094999712,0.7587456683103261,0.125,8,0.008577475949062755,0.0061745482613564245,0.006934247345044751,0.00240024737250067,0.018830186146229288,0.0,True,False,False
CELSR2,188.0,140.0,329.0,8,0.5584747438118686,0.5146583009951409,0.10222548306496627,0.4739798683847719,0.7587456683103261,0.125,8,0.01083393539204332,0.009435568684857926,0.006314886836397054,0.00240024737250067,0.01994952736868449,0.0,True,False,False
CELSR2,188.0,141.0,330.0,8,0.5601624668447925,0.5237907379032545,0.10789151367634821,0.4633790995893929,0.7760963243970459,0.125,8,0.01044009171114078,0.007157467970184706,0.00797876290454467,0.0021540995017432776,0.021056964381512566,0.0,True,False,False
CELSR2,188.0,142.0,331.0,8,0.5813863456257851,0.542578249221922,0.0991648167975073,0.49954942386211554,0.7892216288426085,0.125,8,0.009821674794663155,0.007381381907829169,0.006578503279944525,0.0023506638053886336,0.019479935244741346,0.0,True,False,False
CELSR2,188.0,143.0,332.0,8,0.5827131809682562,0.5541440694808988,0.10233379545257276,0.49954942386211554,0.7977048371376199,0.125,8,0.010081108189037638,0.010426871102140009,0.006629982447519246,0.0023506638053886336,0.017235138703602455,0.0,True,False,False
CELSR2,188.0,144.0,333.0,8,0.5934999783640638,0.5535840603218596,0.10068382028168175,0.5052336304867266,0.8092945153454244,0.125,8,0.008822353536103469,0.004669657097188928,0.009196826460038884,0.0018047783608973944,0.027829758383360725,0.0,True,False,False
CELSR2,188.0,145.0,334.0,8,0.5871638569579559,0.5523724680322653,0.09861471839176579,0.5015611664887426,0.800119605004305,0.125,8,0.007853163055842343,0.0051069945731607854,0.007162747349282671,0.00010894132877496683,0.02117373005640072,0.0,True,False,False
CELSR2,188.0,146.0,335.0,8,0.5918610650931411,0.5645237944289017,0.09781472727339822,0.4899584850222341,0.800119605004305,0.125,8,0.009724641551586422,0.011945033496638951,0.006631043304005233,0.00010894132877496683,0.019521172323882462,0.0,True,False,False
CELSR2,188.0,147.0,336.0,8,0.5831138579124128,0.5311167361559792,0.1032741384380493,0.4899584850222341,0.803763645912479,0.125,8,0.007857930893931001,0.005451291162416116,0.00709313842190574,0.0005395437167537405,0.019521172323882462,0.0,True,False,False
CELSR2,188.0,148.0,337.0,8,0.5807681238548755,0.5426480857361544,0.10090491232217816,0.4899584850222341,0.803763645912479,0.125,8,0.01001757214974241,0.006576305654499658,0.010522485951854925,0.001245546727650743,0.033452788903263184,0.0,True,False,False
CELSR2,188.0,149.0,338.0,8,0.5806680777203328,0.5415204219911018,0.10364097441333622,0.5106427246769143,0.8228462432351912,0.125,8,0.00956301596298099,0.00657402323023335,0.00845646906840399,0.0013526662070587636,0.023745665944722768,0.0,True,False,False
CELSR2,188.0,150.0,339.0,8,0.569924070908491,0.5348490753879102,0.08332475026307587,0.4762107671026512,0.7468602044076459,0.125,8,0.010357582829885253,0.00726225518393598,0.0073819768878447545,0.004363216380938576,0.023562627217741168,0.0,True,False,False
CELSR2,188.0,151.0,340.0,8,0.5670442226646204,0.5401364314105901,0.09281051704363247,0.4762107671026512,0.770955778969776,0.125,8,0.011419073814318344,0.009810418450762824,0.009931449960419995,0.0013364881481952172,0.03257907294634247,0.0,True,False,False
CELSR2,188.0,152.0,341.0,8,0.5549632231053857,0.5370141432477682,0.09222061126611168,0.4762107671026512,0.7632275501926585,0.125,8,0.011043506975875724,0.008678307966082769,0.01068527541878568,0.0002949740238586316,0.031695334880247415,0.0,True,False,False
CELSR2,188.0,153.0,342.0,8,0.5490633491497527,0.5340170944129277,0.09483200099007379,0.45773502629480317,0.7590500142901284,0.125,8,0.014009514739454658,0.01331950403381365,0.012494910802665264,2.837932174041975e-05,0.034928759239694164,0.0,True,False,False
CELSR2,188.0,154.0,343.0,8,0.5556393684906525,0.5319245286062549,0.09723765058213112,0.46364699091045547,0.7739285973327569,0.125,8,0.011528285934898396,0.008725081756836658,0.008957124422514588,0.001757790676492921,0.030674339239315958,0.0,True,False,False
CELSR2,188.0,155.0,344.0,8,0.5493404884544318,0.5235146852619968,0.09667415404646945,0.44227294930891536,0.7650997251669109,0.125,8,0.014064253487956636,0.015527747113698177,0.005452828336225949,0.003580989557573378,0.02060498523406889,0.0,True,False,False
CELSR2,188.0,156.0,345.0,8,0.5361102089584763,0.5341503690243468,0.046965063025275866,0.4683133433286753,0.6146436537652168,0.0,8,0.012775222662106392,0.008004544236404317,0.012111415531468685,0.0023472269382475166,0.03628224632031279,0.0,True,False,False
CELSR2,188.0,157.0,346.0,8,0.5511001489840203,0.5531377884954667,0.0695484350497939,0.4466054537932081,0.6622973834299916,0.0,8,0.0111378567344341,0.008132363667226486,0.010980686572021196,0.0030278667680071094,0.0364867698898749,0.0,True,False,False
CELSR2,188.0,158.0,347.0,8,0.5794041878921153,0.557649758271501,0.09105448906536538,0.4904299560184712,0.7615999254022571,0.125,8,0.008549719587150124,0.0069503197931867775,0.007785252394508151,1.1393650543616776e-05,0.02393811701770493,0.0,True,False,False
CELSR2,188.0,159.0,348.0,8,0.5722338431418549,0.5485357083652375,0.09029287848733177,0.4904299560184712,0.7615999254022571,0.125,8,0.007627525251642594,0.004519133961199727,0.008047371118074778,1.1393650543616776e-05,0.02393811701770493,0.0,True,False,False
CELSR2,188.0,160.0,349.0,8,0.5705307115945782,0.566430203025084,0.08980856191795801,0.46310664194664014,0.763957606447413,0.125,8,0.010612536224866725,0.011423368591108585,0.005622731837468284,0.002225478133240407,0.01711899963951571,0.0,True,False,False
CELSR2,189.0,105.0,295.0,8,0.4819853724763089,0.4586216234568072,0.09299673550770361,0.38864355192814154,0.6250415459533556,0.0,8,0.010139772374583819,0.01122184576784305,0.00737532951146175,0.00035577712945000713,0.02343601000287647,0.0,True,False,False
CELSR2,189.0,106.0,296.0,8,0.48799104168721474,0.4585383428681358,0.09632153747280614,0.38827180793116584,0.6346374276614983,0.0,8,0.015333212119515825,0.014837648894956479,0.006119749002511434,0.005856827246534417,0.024850239440749166,0.0,True,False,False
CELSR2,189.0,107.0,297.0,8,0.5145589098111485,0.49605295662544135,0.10652093096298229,0.3894798014068296,0.6641032128371843,0.0,8,0.008932770961997726,0.008038550093840174,0.0073792009535453675,0.001833130838450366,0.025417799704691952,0.0,True,False,False
CELSR2,189.0,108.0,298.0,8,0.48965846979323446,0.49605295662544135,0.08286880399811888,0.3894798014068296,0.6346813227222492,0.0,8,0.009775815913922486,0.007238474423889196,0.006722452160723092,0.004925704355642402,0.025417799704691952,0.0,True,False,False
CELSR2,189.0,109.0,299.0,8,0.46821982741582346,0.4660632065378647,0.08812188110842786,0.3756308310959354,0.6396836185346474,0.0,8,0.010231281678338604,0.011552018952929094,0.006783432395282695,0.0014392253877834901,0.01834507956584697,0.0,True,False,False
CELSR2,189.0,110.0,300.0,8,0.4661592045821379,0.46871871053877157,0.08372900743167266,0.3756308310959354,0.6315309707555005,0.0,8,0.00977537313858745,0.005589163871017645,0.01054143521118566,0.0007337558505819892,0.032037807795176274,0.0,True,False,False
CELSR2,189.0,111.0,301.0,8,0.46513282664277367,0.45398401586298104,0.07975833155343626,0.38788806613923615,0.6315309707555005,0.0,8,0.01000032508788808,0.006234587098904004,0.009549204717543742,0.0004643982954434292,0.02456967786952762,0.0,True,False,False
CELSR2,189.0,112.0,302.0,8,0.46181443550721274,0.4362621740264774,0.09612179473428692,0.370709095802818,0.6499374021738761,0.0,8,0.009643467606811281,0.007905822950482868,0.006754415262729506,0.002241756682040708,0.02188406974018494,0.0,True,False,False
CELSR2,189.0,113.0,303.0,8,0.4750457462462214,0.4752580555183165,0.08014520373873964,0.3854930948863992,0.6251140237923403,0.0,8,0.011177716467706014,0.00949892493810261,0.00764102686794659,0.004287970411997784,0.028518772151293285,0.0,True,False,False
CELSR2,189.0,114.0,304.0,8,0.4689631504480506,0.4662951922085632,0.09664069826450518,0.37707071947190246,0.6799439621127594,0.0,8,0.011252853282400868,0.00925955225194328,0.00966292818834058,0.0009935036837172648,0.032491708769857575,0.0,True,False,False
CELSR2,189.0,115.0,305.0,8,0.4999470111472484,0.47306025704164734,0.14930928977433833,0.37707071947190246,0.8451378683215378,0.125,8,0.012421708596351349,0.00925955225194328,0.011470555909542973,0.0025703028513341213,0.0387137859104732,0.0,True,False,False
CELSR2,189.0,116.0,306.0,8,0.4761923202221562,0.45119575420492014,0.09686128459118652,0.37707071947190246,0.6828477531630408,0.0,8,0.01383656742410374,0.012466390122329755,0.008528924386389046,0.0006405669764256199,0.026776180575441556,0.0,True,False,False
CELSR2,189.0,117.0,307.0,8,0.47416540504989124,0.4497322747995347,0.10187338724297028,0.38051960410903923,0.6915345970094271,0.0,8,0.015155612679529085,0.015149888840935953,0.009974472903721795,0.003928755641736757,0.026776180575441556,0.0,True,False,False
CELSR2,189.0,118.0,308.0,8,0.46757174475565927,0.4470033633542015,0.10054491633503154,0.3735393628221577,0.6924302521865305,0.0,8,0.010139846111514882,0.009732713447760687,0.007632657099551605,0.0013682943058634428,0.022512858708685298,0.0,True,False,False
CELSR2,189.0,119.0,309.0,8,0.4636654236413774,0.42784597674905733,0.10113056105273206,0.38004088134128294,0.6924302521865305,0.0,8,0.010328924753065852,0.009732713447760687,0.010108860232829614,4.1973151505034897e-05,0.02955334651472768,0.0,True,False,False
CELSR2,189.0,120.0,310.0,8,0.4689523689647233,0.43133979183396554,0.09734347143255935,0.3973366324992705,0.6924302521865305,0.0,8,0.011254691187875891,0.012155839282600651,0.00935393342162604,4.1973151505034897e-05,0.02955334651472768,0.0,True,False,False
CELSR2,189.0,121.0,311.0,8,0.47765549973085336,0.44209302919413307,0.09331865616369259,0.40063790017456175,0.6924302521865305,0.0,8,0.015095686877568857,0.01431773131456158,0.009932915775974912,0.004357096090835518,0.03604132123857877,0.0,True,False,False
CELSR2,189.0,122.0,312.0,8,0.4641752191047025,0.4454894050456081,0.09433139849908707,0.3869739740765058,0.6851015012717367,0.0,8,0.007818780862314967,0.00795618964495349,0.004765694645631538,0.0015541855620397659,0.015047999736067444,0.0,True,False,False
CELSR2,189.0,123.0,313.0,8,0.4695256041511842,0.44028000655560384,0.09668632956723691,0.3952398232466486,0.6916915286429779,0.0,8,0.00927911386755867,0.005324057946241106,0.011314822120666163,0.0003770949633527009,0.034829081186432534,0.0,True,False,False
CELSR2,189.0,124.0,314.0,8,0.4580849709259359,0.4167119351451284,0.09065958506655647,0.38907092216471123,0.6581484403949287,0.0,8,0.00823565739841167,0.006873132714439652,0.00738691148739601,0.0003770949633527009,0.022647478314141194,0.0,True,False,False
CELSR2,189.0,125.0,315.0,8,0.4726750468094981,0.42744152497524657,0.08760396548122408,0.4165717565938988,0.6683381211852886,0.0,8,0.014235155095819374,0.015367204824495778,0.007904152001386897,0.0014614844225874716,0.024326203693217387,0.0,True,False,False
CELSR2,189.0,126.0,316.0,8,0.48140302360049325,0.4631389980861156,0.0829442684029274,0.41483535682566075,0.6620705858664012,0.0,8,0.010335576129862255,0.007019561693054904,0.008490662311232845,0.0024318513667670304,0.024326203693217387,0.0,True,False,False
CELSR2,189.0,127.0,317.0,8,0.4964007490293624,0.4648183730982747,0.09248730448672686,0.4269034073092976,0.7085554203640924,0.125,8,0.009415609636640438,0.007025832151307003,0.006951231320394506,0.00513092498115393,0.025967558423121866,0.0,True,False,False
CELSR2,189.0,128.0,318.0,8,0.4978774590940023,0.46981570973786374,0.08764456046259038,0.41650412388452596,0.694820667887107,0.0,8,0.010875797671466191,0.010199251801049452,0.007839385444310707,0.0007936663472501576,0.025967558423121866,0.0,True,False,False
CELSR2,189.0,129.0,319.0,8,0.4956954618511787,0.46603774838181417,0.08612365512325419,0.4065569792699951,0.68035190779542,0.0,8,0.010085409436652149,0.006915774829932858,0.007922937870104558,0.0014559722235415818,0.025967558423121866,0.0,True,False,False
CELSR2,189.0,130.0,320.0,8,0.5213734373402272,0.5087041804630077,0.09055471296685676,0.4269905061509321,0.6985281988657176,0.0,8,0.010577599101365574,0.00881596391818097,0.00728653836506759,0.003440543625024776,0.025967558423121866,0.0,True,False,False
CELSR2,189.0,131.0,321.0,8,0.5263853808435497,0.5123780116139534,0.09083317863237719,0.4269905061509321,0.7084510455532009,0.125,8,0.008370595373490353,0.0074139865028065716,0.004090940174542344,0.003440543625024776,0.0155836870802347,0.0,True,False,False
CELSR2,189.0,132.0,322.0,8,0.5359481358852487,0.5123780116139534,0.09095458270793284,0.4604687516724794,0.7255514496846246,0.125,8,0.014204843216594995,0.009164082581121745,0.011755980382178633,0.003440543625024776,0.033501387906019954,0.0,True,False,False
CELSR2,189.0,133.0,323.0,8,0.5183162382294828,0.49409830948690436,0.08128328945882196,0.4436486235011906,0.6922285598683601,0.0,8,0.016234103769234492,0.01262010663944639,0.012746196223592824,0.004675772150868701,0.035364280768922306,0.0,True,False,False
CELSR2,189.0,134.0,324.0,8,0.5429836750086235,0.5258638544153553,0.08570129593661954,0.4423061810400111,0.7156892685152494,0.125,8,0.011819646281961707,0.008377188240488368,0.011326292481961821,5.431260264020457e-07,0.027944123413441185,0.0,True,False,False
CELSR2,189.0,135.0,325.0,8,0.5604767069874796,0.523159205555725,0.10095924037753645,0.46453505250043264,0.7338455739199197,0.25,8,0.013497124573109465,0.015115713713906676,0.008183887583950977,0.0032687244910843526,0.027279636990987018,0.0,True,False,False
CELSR2,189.0,136.0,326.0,8,0.5591994107620112,0.5186408078190934,0.09876743491285009,0.48268777430231635,0.7444626062032126,0.125,8,0.010781664018693378,0.007908373455027578,0.009654609340501413,0.0004033599318228068,0.028183272946113485,0.0,True,False,False
CELSR2,189.0,137.0,327.0,8,0.5538519686990943,0.52393852926907,0.08824865390995719,0.48268777430231635,0.749028614215477,0.125,8,0.011039867364100888,0.00718997657004589,0.009376323244586085,0.00013366901382627001,0.024149752714043248,0.0,True,False,False
CELSR2,189.0,138.0,328.0,8,0.5617020689471295,0.5265068448524318,0.09329294636482001,0.4853453237297308,0.7587456683103261,0.125,8,0.01135246192490974,0.00934772078701586,0.007901992648409713,0.0029408377834152758,0.024149752714043248,0.0,True,False,False
CELSR2,189.0,139.0,329.0,8,0.5417820417097728,0.5085114851909471,0.09572172637939029,0.4615689207971719,0.7587456683103261,0.125,8,0.011611547936914126,0.007088624884135893,0.009828611800927697,0.00240024737250067,0.024794159253830016,0.0,True,False,False
CELSR2,189.0,140.0,330.0,8,0.5609499461353288,0.5172929894627051,0.09856383258306758,0.4774587777130957,0.7587456683103261,0.125,8,0.012762395926438437,0.01096575509881579,0.01025931912949803,0.00240024737250067,0.03340449037625132,0.0,True,False,False
CELSR2,189.0,141.0,331.0,8,0.5592701813620962,0.5237907379032545,0.10393560717721695,0.4673264712863053,0.7760963243970459,0.125,8,0.010990426905111076,0.00780844881692196,0.01024590177537698,0.0021540995017432776,0.03340449037625132,0.0,True,False,False
CELSR2,189.0,142.0,332.0,8,0.5773694160294357,0.5365697651856455,0.09816094581540923,0.5008401511510703,0.7892216288426085,0.125,8,0.01303454609522697,0.012788770180502817,0.006461573062333803,0.005148120416794015,0.02364282304181639,0.0,True,False,False
CELSR2,189.0,143.0,333.0,8,0.5787046228402181,0.5365697651856455,0.1012084932909817,0.5008401511510703,0.7977048371376199,0.125,8,0.01227365275049834,0.00933233845060891,0.009494850992566754,0.003198965811158763,0.030782086233176978,0.0,True,False,False
CELSR2,189.0,144.0,334.0,8,0.591292019631764,0.5541100047722834,0.1008797546948661,0.508830737756276,0.8092945153454244,0.125,8,0.00948917684701071,0.00431013520584729,0.009619466722385962,0.0018047783608973944,0.024841005106685885,0.0,True,False,False
CELSR2,189.0,145.0,335.0,8,0.5880802199897123,0.5543721299922761,0.09706077000948576,0.4950646543276757,0.800119605004305,0.125,8,0.007914599881336026,0.006418473552696136,0.007238668580296854,0.00010894132877496683,0.02004427354373102,0.0,True,False,False
CELSR2,189.0,146.0,336.0,8,0.5895931296798159,0.559830222712669,0.09893371134892666,0.494494269745416,0.800119605004305,0.125,8,0.009060744500084345,0.008875273430546792,0.005658942514683374,0.00010894132877496683,0.019604818689676926,0.0,True,False,False
CELSR2,189.0,147.0,337.0,8,0.5789194014356406,0.533947151374859,0.10215587332867329,0.494494269745416,0.803763645912479,0.125,8,0.00958430972961014,0.008979156557922469,0.006977025188883116,0.0005395437167537405,0.019604818689676926,0.0,True,False,False
CELSR2,189.0,148.0,338.0,8,0.5780457215237073,0.5394906134935591,0.0990528705187285,0.494494269745416,0.803763645912479,0.125,8,0.01045889884184503,0.007740315981182663,0.007781223907188222,0.0004193929405533329,0.023270779027111523,0.0,True,False,False
CELSR2,189.0,149.0,339.0,8,0.5735101534672082,0.5415204219911018,0.10555360728726032,0.48388863014895533,0.8228462432351912,0.125,8,0.012824660494175886,0.011458749286010221,0.009052679322607775,0.0013526662070587636,0.026572262210678668,0.0,True,False,False
CELSR2,189.0,150.0,340.0,8,0.5665495094349025,0.5466071077043622,0.08217548582283288,0.47116655094702037,0.7468602044076459,0.125,8,0.013888266176523218,0.012129741504168848,0.008660255796409187,0.005012916979416285,0.026857986063004376,0.0,True,False,False
CELSR2,189.0,151.0,341.0,8,0.5627496976453411,0.5342108680626603,0.09187352936864981,0.47116655094702037,0.770955778969776,0.125,8,0.010445109362294097,0.006375309591162091,0.010628089374888343,0.0013364881481952172,0.03331240953033251,0.0,True,False,False
CELSR2,189.0,152.0,342.0,8,0.5558216231009799,0.5307345334762672,0.09122141034787641,0.47116655094702037,0.7632275501926585,0.125,8,0.012850010099582164,0.012654578391449107,0.011802371834588756,0.0002949740238586316,0.03473509665613894,0.0,True,False,False
CELSR2,189.0,153.0,343.0,8,0.5496752018942583,0.5324839784172921,0.09379206806422608,0.47096191844969376,0.7590500142901284,0.125,8,0.013912260424739439,0.012445979367273069,0.012831455752576583,2.837932174041975e-05,0.03334674174060244,0.0,True,False,False
CELSR2,189.0,154.0,344.0,8,0.553934463429881,0.525780781899955,0.09675755561114419,0.47812329662576336,0.7739285973327569,0.125,8,0.013319760803116166,0.011783440692645523,0.00944817699129124,0.0034291575555018363,0.033617525721933834,0.0,True,False,False
CELSR2,189.0,155.0,345.0,8,0.5437654318510117,0.5085097347703671,0.09774770727965354,0.4556196257938071,0.7650997251669109,0.125,8,0.013551501215767503,0.01312684820123846,0.005153010824233954,0.005682756726567735,0.023109210425506847,0.0,True,False,False
CELSR2,189.0,156.0,346.0,8,0.5372657598980943,0.523666332319548,0.04626734499557206,0.48448055199914575,0.6146436537652168,0.0,8,0.014245598201483866,0.009999945265976994,0.01218340803470895,0.0023472269382475166,0.03939560907774757,0.0,True,False,False
CELSR2,189.0,157.0,347.0,8,0.5497089758838316,0.5525155339055502,0.06350231163953451,0.4785497405757386,0.6622973834299916,0.0,8,0.009595527554948958,0.009140547804217651,0.005480401224803658,0.0030278667680071094,0.020083303063119475,0.0,True,False,False
CELSR2,189.0,158.0,348.0,8,0.5722453828779498,0.5428873640520497,0.08973155164064955,0.4785497405757386,0.7615999254022571,0.125,8,0.009435296050231669,0.005517492135882748,0.010873913467170279,1.1393650543616776e-05,0.034841788780634285,0.0,True,False,False
CELSR2,189.0,159.0,349.0,8,0.5693088965454679,0.5485357083652375,0.08735042520728133,0.4902044241160644,0.7615999254022571,0.125,8,0.009232071492517266,0.006170632411138058,0.011014501877519341,1.1393650543616776e-05,0.034841788780634285,0.0,True,False,False
CELSR2,189.0,160.0,350.0,8,0.5663801528979956,0.5520435257461698,0.0863465345938609,0.4763849474177811,0.763957606447413,0.125,8,0.011739502672837993,0.012211883420823666,0.00598566556862556,0.002225478133240407,0.020676591637103395,0.0,True,False,False
CELSR2,190.0,105.0,296.0,8,0.47122485806913306,0.4642716424708747,0.09759325517584948,0.34847645414934425,0.6020728912665897,0.0,8,0.005659831823547012,0.0044487090873194975,0.004579327759440811,0.00042765187360176425,0.0149387696803777,0.0,True,False,False
CELSR2,190.0,106.0,297.0,8,0.4776547558463602,0.46418836188220336,0.09735541954550332,0.3611107552797024,0.6222134070859864,0.0,8,0.006301356238732626,0.004498643855162355,0.006457759679192266,0.00042765187360176425,0.021241994621478306,0.0,True,False,False
CELSR2,190.0,107.0,298.0,8,0.5053414938377332,0.49120425134203194,0.10305337715339273,0.3614047946397447,0.645853248213558,0.0,8,0.010117551025116741,0.006439524709482113,0.00956724957915786,0.001862792576073781,0.03140521660557313,0.0,True,False,False
CELSR2,190.0,108.0,299.0,8,0.47852125143904667,0.4768288350425589,0.08222002153926022,0.3614047946397447,0.617975108191214,0.0,8,0.009774713278430925,0.0058177169969906555,0.010658005053044078,0.0006207462000098581,0.03140521660557313,0.0,True,False,False
CELSR2,190.0,109.0,300.0,8,0.4515234292099892,0.4391075722504716,0.09019926003933292,0.32592179780034003,0.60149852661334,0.0,8,0.012747661670041589,0.011568510456620901,0.0075646865196274905,0.004925704355642402,0.026056138867404842,0.0,True,False,False
CELSR2,190.0,110.0,301.0,8,0.4538037297937189,0.44751680722716414,0.08464960565902632,0.32592179780034003,0.6031204619024385,0.0,8,0.012344198371715107,0.011935325698617178,0.006042743733104314,0.006521651317552123,0.024514277994741714,0.0,True,False,False
CELSR2,190.0,111.0,302.0,8,0.45362316251791185,0.4510161496957821,0.08262543809176455,0.33954344293560434,0.6031204619024385,0.0,8,0.010876348164717034,0.010590391059647417,0.004874328726702379,0.003177267279838265,0.01995862223909126,0.0,True,False,False
CELSR2,190.0,112.0,303.0,8,0.4529550054853646,0.4413992219153086,0.09073123634298551,0.33372319715072163,0.6262026526918026,0.0,8,0.011552893692478456,0.01121234828240421,0.008566418434837896,0.002241756682040708,0.022333499990811113,0.0,True,False,False
CELSR2,190.0,113.0,304.0,8,0.4698021456520436,0.46352912180232286,0.08237468764656752,0.3632142683911812,0.6135200382769698,0.0,8,0.011446940972329421,0.009492618309125865,0.010780362310077698,0.0003404050219408885,0.02890459586768634,0.0,True,False,False
CELSR2,190.0,114.0,305.0,8,0.46509881118559954,0.4725569699161142,0.09647500470382589,0.3520833888414371,0.6652708698123595,0.0,8,0.014071984261859008,0.01336953808109465,0.006840345522866968,0.006496258084999743,0.024243682672402452,0.0,True,False,False
CELSR2,190.0,115.0,306.0,8,0.4954027749014552,0.4725569699161142,0.1526628998955362,0.36450619876900675,0.8426692031838094,0.125,8,0.011780306248059279,0.008077683188582867,0.007654228042835496,0.004635744572140593,0.023372007853024644,0.0,True,False,False
CELSR2,190.0,116.0,307.0,8,0.4676906126908637,0.4406241952866923,0.09808664903495393,0.38196897417678216,0.6567200155019778,0.0,8,0.01611540100808971,0.01708099344457353,0.008811907129392707,0.0039357734161032665,0.03069093702100274,0.0,True,False,False
CELSR2,190.0,117.0,308.0,8,0.4641628182255048,0.42957935127743263,0.10248759832830379,0.3703975984203686,0.6663169171189154,0.0,8,0.012792318521148703,0.009697739114721996,0.0072102790847593246,0.006321304801504156,0.025183594845219388,0.0,True,False,False
CELSR2,190.0,118.0,309.0,8,0.4519053600546886,0.4319945706759031,0.0954042475306354,0.35135822727103927,0.6512288510628129,0.0,8,0.009668154845031684,0.010165754348431862,0.004606659818007175,0.0009630401432208001,0.01562712572384926,0.0,True,False,False
CELSR2,190.0,119.0,310.0,8,0.44615225707163625,0.4250083887968957,0.0994953732625357,0.35135822727103927,0.6512288510628129,0.0,8,0.008792472142830039,0.008652583268740442,0.00701175475994953,0.0004516698417412147,0.021178956071942423,0.0,True,False,False
CELSR2,190.0,120.0,311.0,8,0.45224572941463237,0.43102480205329874,0.095232697720307,0.347668658302946,0.6512288510628129,0.0,8,0.011435125015271032,0.010096227656865287,0.008201690877497822,0.001986713964101944,0.024774185114996208,0.0,True,False,False
CELSR2,190.0,121.0,312.0,8,0.4625622300882388,0.4459003223761433,0.0899058093312593,0.3669535869614156,0.6512288510628129,0.0,8,0.013350924708939494,0.01214882658979615,0.008513444796582016,0.0007226949490918035,0.024051293698867382,0.0,True,False,False
CELSR2,190.0,122.0,313.0,8,0.4540971355903348,0.43515160814683596,0.09401042162871406,0.35856851242637017,0.6632689034964004,0.0,8,0.01029446706034664,0.007134783102128241,0.010339465444067126,0.0015541855620397659,0.029019148847515063,0.0,True,False,False
CELSR2,190.0,123.0,314.0,8,0.4539420221798079,0.4318211952865185,0.09093322655061653,0.34372682868010274,0.6440594154349728,0.0,8,0.01145614963390788,0.010594289118220216,0.0077769211673703,0.002074965605430827,0.02164617644564555,0.0,True,False,False
CELSR2,190.0,124.0,315.0,8,0.4492287288995176,0.40881244237373315,0.08493271709381683,0.3775495403614129,0.6283877329945177,0.0,8,0.01133474409266937,0.013305198414244594,0.006893137486072066,0.001026568553042992,0.02087830135733707,0.0,True,False,False
CELSR2,190.0,125.0,316.0,8,0.4664380538728281,0.43193877409129433,0.08866554058004666,0.38582810225873365,0.6539322539766167,0.0,8,0.009823879329704452,0.006965626218087016,0.006783952244432819,0.0032728679648411953,0.02374836952842556,0.0,True,False,False
CELSR2,190.0,126.0,317.0,8,0.47152804907503854,0.4586684909818536,0.089011189662301,0.38582810225873365,0.6546036000952886,0.0,8,0.011447811730676301,0.009297731422432266,0.007853389546073907,0.003322236991175348,0.02374836952842556,0.0,True,False,False
CELSR2,190.0,127.0,318.0,8,0.4795570714573583,0.46564007060173906,0.0927583130373769,0.3806724440328056,0.6750489327881549,0.0,8,0.009611459409538576,0.007152098333879156,0.007892247187092907,0.0007041593777750856,0.0241083762408418,0.0,True,False,False
CELSR2,190.0,128.0,319.0,8,0.48721533443158727,0.47119377727853373,0.09439689848448461,0.3785930810482281,0.6807591203257168,0.0,8,0.010265188319967377,0.006992439657841916,0.006889945675644048,0.002738798463881071,0.02013837722122341,0.0,True,False,False
CELSR2,190.0,129.0,320.0,8,0.48896188257162937,0.47249221752670856,0.0950231489727583,0.37853168384512687,0.6776801726770767,0.0,8,0.0077234889134682,0.005656156976062384,0.006527048289097845,0.0005423698969388767,0.017933458896037258,0.0,True,False,False
CELSR2,190.0,130.0,321.0,8,0.5076136580217808,0.5023553959151924,0.09735868388963406,0.39343654884358903,0.6670494113010778,0.0,8,0.012056323881103542,0.010256340287889427,0.0047612904723189345,0.006809489729133123,0.017933458896037258,0.0,True,False,False
CELSR2,190.0,131.0,322.0,8,0.5146123743928864,0.5122088785893086,0.0958920715154667,0.39343654884358903,0.6798465110621935,0.0,8,0.010297275785303006,0.00885088124387156,0.005788003980526151,2.203725243042506e-05,0.017858633685992817,0.0,True,False,False
CELSR2,190.0,132.0,323.0,8,0.5292980693041349,0.5122088785893086,0.09655526636266068,0.42368177547329033,0.7126780817887887,0.125,8,0.009931229564289162,0.00885088124387156,0.008550511784007257,2.203725243042506e-05,0.025887340168728557,0.0,True,False,False
CELSR2,190.0,133.0,324.0,8,0.5083631227531338,0.5032542215080156,0.08947576756743728,0.4146925683152764,0.6822623071783507,0.0,8,0.01707104230302412,0.020508978497108678,0.009748783142635444,2.203725243042506e-05,0.02704382016259515,0.0,True,False,False
CELSR2,190.0,134.0,325.0,8,0.5314839261226141,0.5122668494533341,0.08257461708489873,0.41594549678440096,0.6845704609655289,0.0,8,0.014607305354317746,0.015834758522818133,0.006299679449824365,0.006050008590100368,0.023872398022790613,0.0,True,False,False
CELSR2,190.0,135.0,326.0,8,0.554542669458096,0.5370739280467944,0.10057631175816621,0.4408281527430164,0.7100321011711942,0.25,8,0.01061704531341887,0.00966763507102532,0.007620412695431571,0.0015533995151371044,0.023872398022790613,0.0,True,False,False
CELSR2,190.0,136.0,327.0,8,0.5505481831597422,0.5383745364694899,0.11053594276621118,0.43963136724420443,0.7436500283573733,0.125,8,0.014089709142155156,0.01361042125127548,0.008516637246799177,0.0015533995151371044,0.025978620528232497,0.0,True,False,False
CELSR2,190.0,137.0,328.0,8,0.5373422247627229,0.5195210950694367,0.09533136927476012,0.44484520810894224,0.7351819765374371,0.125,8,0.012700372747802342,0.010716733718499996,0.012025166522328575,0.00013366901382627001,0.03365800092649489,0.0,True,False,False
CELSR2,190.0,138.0,329.0,8,0.5511837166831299,0.5246667964601421,0.09262698520348747,0.46453940736867216,0.7335094155189783,0.125,8,0.010276221333530022,0.007720436727973734,0.009980158066849171,0.000921320627276777,0.03365800092649489,0.0,True,False,False
CELSR2,190.0,139.0,330.0,8,0.5276414716658074,0.5123827767505351,0.0969038430100086,0.4438725949208866,0.7335094155189783,0.125,8,0.009339035588859299,0.007441848967578241,0.008554943484223537,0.000921320627276777,0.025225535436258734,0.0,True,False,False
CELSR2,190.0,140.0,331.0,8,0.5470361091737364,0.5153816813826635,0.10287663608050328,0.4324749809368504,0.7335094155189783,0.125,8,0.010269049072648764,0.00904816528721502,0.008155259809108362,0.000921320627276777,0.02390782361023235,0.0,True,False,False
CELSR2,190.0,141.0,332.0,8,0.5518670852716601,0.5393552067936969,0.10453266640196113,0.44216759935941236,0.753103853774469,0.125,8,0.014896008744825289,0.017229053779669656,0.008101828662598877,0.004024199715197498,0.02390782361023235,0.0,True,False,False
CELSR2,190.0,142.0,333.0,8,0.5665764581966162,0.5441424925339398,0.09558314896052948,0.4780969468184963,0.7569964780083034,0.125,8,0.01157964497141162,0.008971474899928184,0.009777683792095601,0.000805433987668993,0.028269599315325418,0.0,True,False,False
CELSR2,190.0,143.0,334.0,8,0.5631305131850773,0.5309664825072891,0.10228735700281544,0.47467419571254105,0.7696497316701213,0.125,8,0.010558785419339484,0.006742160909080799,0.007164036577629086,0.004580692257086029,0.023554526342420966,0.0,True,False,False
CELSR2,190.0,144.0,335.0,8,0.5776542054672953,0.541710020220016,0.10479503681635852,0.47555498590671386,0.7968256361123399,0.125,8,0.01166348757421621,0.006950612088848122,0.008514493830687028,0.002825942809656825,0.022320817214985515,0.0,True,False,False
CELSR2,190.0,145.0,336.0,8,0.5801634905051779,0.5652905481426802,0.09643164370240959,0.46822975245910575,0.7798590683323251,0.125,8,0.012969875801456057,0.01519142831811132,0.008391902974013007,0.0016794369883214328,0.023428732261157516,0.0,True,False,False
CELSR2,190.0,146.0,337.0,8,0.577939692375047,0.5486303960308775,0.1008276051675433,0.4697348336693758,0.7798590683323251,0.125,8,0.014449647532466883,0.01373041474314447,0.005594309337081403,0.00601555598445815,0.021925133535239682,0.0,True,False,False
CELSR2,190.0,147.0,338.0,8,0.571135869859153,0.546029155113626,0.09463302891041188,0.4697348336693758,0.7652978248952369,0.125,8,0.012357567606415694,0.013310543037291445,0.006406906306495631,0.0018166277621386691,0.021841669711984257,0.0,True,False,False
CELSR2,190.0,148.0,339.0,8,0.5661546628277551,0.54922664547144,0.09192662246566283,0.4697348336693758,0.7652978248952369,0.125,8,0.010036014017802273,0.007674147753672068,0.00920221186949481,0.0004193929405533329,0.029147097213764163,0.0,True,False,False
CELSR2,190.0,149.0,340.0,8,0.5669693895631316,0.544276386908005,0.09754194484923988,0.47567593547213216,0.7933873988209903,0.125,8,0.012809787667483313,0.011635434715618887,0.010358668241737656,0.0014310893427415246,0.03368916422519885,0.0,True,False,False
CELSR2,190.0,150.0,341.0,8,0.5533562258862426,0.5388837035148686,0.0787410110298297,0.44391925851562775,0.7152345580330239,0.125,8,0.016485596583367568,0.01484203559661877,0.01160907518212754,0.002957067512012935,0.03368916422519885,0.0,True,False,False
CELSR2,190.0,151.0,342.0,8,0.5524777577772668,0.5459741716155543,0.09244701513083421,0.44391925851562775,0.7481242309069991,0.125,8,0.01566491566556114,0.013915433737449327,0.013169630050072873,0.0020640650591654004,0.03491911582491209,0.0,True,False,False
CELSR2,190.0,152.0,343.0,8,0.5420146191420522,0.5275551683312856,0.09463943340606108,0.44391925851562775,0.7411784671829273,0.125,8,0.015071318895015492,0.018137961130740676,0.009566353075047846,0.002924030927017913,0.028550600378161196,0.0,True,False,False
CELSR2,190.0,153.0,344.0,8,0.5405948845648234,0.5393806804110104,0.08522584586437225,0.44943654113432846,0.7118361513371124,0.125,8,0.013965039580614399,0.01423219276166592,0.01016242069737052,0.0006654107950571527,0.030970775483813048,0.0,True,False,False
CELSR2,190.0,154.0,345.0,8,0.5421836773451353,0.5317222976945883,0.09746807729827832,0.4491640768541742,0.7508800423432231,0.125,8,0.009384163609308644,0.00414648540086998,0.011128258173852296,8.179831985893878e-05,0.03125855625447797,0.0,True,False,False
CELSR2,190.0,155.0,346.0,8,0.5289974585990557,0.5115740161812076,0.09369715292108548,0.42135638224252925,0.7269958613990558,0.125,8,0.00951628502544339,0.0062605695324771836,0.008722905020173255,8.179831985893878e-05,0.022704529140882904,0.0,True,False,False
CELSR2,190.0,156.0,347.0,8,0.5288082774880383,0.5257908471256868,0.05479440744760517,0.4539655402354276,0.6119829164286754,0.0,8,0.010100243289403255,0.006844715377159751,0.008413873601240487,0.004212089896994667,0.029112780950598372,0.0,True,False,False
CELSR2,190.0,157.0,348.0,8,0.5332086888542883,0.5461330125200106,0.0768545552672822,0.4261358641188432,0.6518982443116027,0.0,8,0.012308515124618277,0.011818872331221164,0.005079139453812633,0.00685104841593287,0.020528533888843487,0.0,True,False,False
CELSR2,190.0,158.0,349.0,8,0.5636339061927842,0.5536328983121501,0.09199742403867793,0.44616910754645706,0.7344335964262001,0.125,8,0.013099960964779948,0.007711955921643875,0.009980303969173994,0.00431369142810025,0.030737771856075,0.0,True,False,False
CELSR2,190.0,159.0,350.0,8,0.5574186310409142,0.5526932462203069,0.09030344560019851,0.45282419269919266,0.7344335964262001,0.125,8,0.011857678503395712,0.0075343030919808995,0.010053287953273232,0.0024438133311311104,0.028428390815093716,0.0,True,False,False
CELSR2,190.0,160.0,351.0,8,0.5550544640871876,0.5597427747959036,0.09261680958497731,0.444112652749585,0.7458374388576378,0.125,8,0.010927205664471805,0.009375444265400905,0.007540655331834691,0.002190192065874047,0.023978977341961263,0.0,True,False,False
PSRC1,175.0,105.0,281.0,8,0.44297944841153897,0.4463492830821072,0.09998178654466586,0.2985809326611396,0.617178977928429,0.0,8,0.0023923010186367288,0.002570937816062947,0.0017829107325529044,0.0003123038695532007,0.005964752904364906,0.0,True,False,False
PSRC1,175.0,106.0,282.0,8,0.4519020874455854,0.4457942131832208,0.09278014775668371,0.31146471028850237,0.617178977928429,0.0,8,0.0015449015714691131,0.0008006054679098437,0.00155818036632529,0.00014299615694920932,0.004431246198885459,0.0,True,False,False
PSRC1,175.0,107.0,283.0,8,0.4743441848988434,0.4682520670791729,0.10462470555152156,0.30075129034964077,0.644940347568217,0.0,8,0.0031073129269717824,0.0025568620759423627,0.002013093296509744,0.000990300295634885,0.007444055437924731,0.0,True,False,False
PSRC1,175.0,108.0,284.0,8,0.44716465996384797,0.4682520670791729,0.07477033731566525,0.30075129034964077,0.5298793596864826,0.0,8,0.003088097732558968,0.0026859126652618794,0.002267113400249876,0.0007089688431166198,0.007444055437924731,0.0,True,False,False
PSRC1,175.0,109.0,285.0,8,0.42135860184139684,0.43230637356328905,0.08232741394934609,0.2708579977949008,0.5157813023149166,0.0,8,0.00296629177246227,0.0021553358118408445,0.0023877683454084026,0.0007874369197688669,0.007444055437924731,0.0,True,False,False
PSRC1,175.0,110.0,286.0,8,0.4180189953741233,0.4357442701887836,0.07226281308002289,0.2708579977949008,0.4926950213357891,0.0,8,0.003023574664031952,0.0026808594195942676,0.0018272413399029973,0.00021753959977235254,0.006053486469154126,0.0,True,False,False
PSRC1,175.0,111.0,287.0,8,0.4165046323180348,0.4339882038469066,0.06769221967238183,0.28835045968247547,0.49266776210816693,0.0,8,0.0018830647339830725,0.0017939632335006574,0.0011926854063739518,0.0004447450318642936,0.003965950712154608,0.0,True,False,False
PSRC1,175.0,112.0,288.0,8,0.4161992394576775,0.4144087342944272,0.07916560222636357,0.2745467022050584,0.5242664865090267,0.0,8,0.0036602290314501195,0.0035333784090398794,0.0013548740261098895,0.0017675675245640457,0.0056058438027997695,0.0,True,False,False
PSRC1,175.0,113.0,289.0,8,0.429869102461249,0.4483617614165495,0.06621621513039379,0.3060126995171804,0.4889470785979209,0.0,8,0.0028233226279239117,0.0020169958468167276,0.0028041401404993605,0.00023894008290639823,0.008843623881350274,0.0,True,False,False
PSRC1,175.0,114.0,290.0,8,0.4343655309353954,0.4523483599133813,0.07565221869700439,0.30663889187561977,0.5528188681100161,0.0,8,0.0030462796375336225,0.002361538774667168,0.0020086636730646088,0.0008654549051990058,0.006098663456757564,0.0,True,False,False
PSRC1,175.0,115.0,291.0,8,0.47277569552568766,0.4634842946850963,0.13911760832355474,0.31084338793271876,0.7719966338714631,0.125,8,0.0027708544768468932,0.0030151583883883453,0.0018993685136827804,4.235193233935689e-06,0.006098663456757564,0.0,True,False,False
PSRC1,175.0,116.0,292.0,8,0.43842260539364986,0.43853527956064675,0.07991719839457789,0.3206547795512666,0.5588734727248025,0.0,8,0.0035604724245151603,0.0032154226768518653,0.002149421611180778,0.0008346518131712092,0.006277882052593767,0.0,True,False,False
PSRC1,175.0,117.0,293.0,8,0.43917109813824734,0.4360511679783795,0.08398291753350734,0.32663187846069913,0.5562068194928361,0.0,8,0.003920436648347713,0.003006043397812631,0.0035867473888323955,0.0008346518131712092,0.011683576365674976,0.0,True,False,False
PSRC1,175.0,118.0,294.0,8,0.42518465345492684,0.4220393839406189,0.08393316416390277,0.29790160751379463,0.5527648118078756,0.0,8,0.0045043975071324995,0.003821604815051521,0.002970084204795945,0.0008007420717165648,0.009824621647101316,0.0,True,False,False
PSRC1,175.0,119.0,295.0,8,0.4252660428877519,0.4305492936775043,0.08497363789938663,0.29790160751379463,0.5527648118078756,0.0,8,0.0034801971695002025,0.0033408939430231758,0.0022574687226118717,0.0008007420717165648,0.006637261132135493,0.0,True,False,False
PSRC1,175.0,120.0,296.0,8,0.4295950083344522,0.4305492936775043,0.0803053552339324,0.3057585303618803,0.5527648118078756,0.0,8,0.003550020081458916,0.00321313900003316,0.002137255125098579,0.0008007420717165648,0.006637261132135493,0.0,True,False,False
PSRC1,175.0,121.0,297.0,8,0.44114146894865747,0.44766815258603404,0.08442808133982424,0.30336385541635996,0.5527648118078756,0.0,8,0.003241081718981904,0.002931210853721458,0.0031496851989630927,5.345095356578737e-05,0.01022288963989849,0.0,True,False,False
PSRC1,175.0,122.0,298.0,8,0.42912824594761656,0.43385361893025975,0.07868554089031571,0.2909230865689708,0.5569370587350317,0.0,8,0.002814564965935149,0.0025393568804669988,0.0014724181851657585,0.0007385547231012552,0.005038530269344255,0.0,True,False,False
PSRC1,175.0,123.0,299.0,8,0.4288071223219779,0.4238253293180668,0.07821109989740942,0.2996558230382664,0.5532526811503093,0.0,8,0.0012205469674211327,0.0007056262926775483,0.001058551429404517,0.00014653125579451812,0.002892103433072522,0.0,True,False,False
PSRC1,175.0,124.0,300.0,8,0.41219991768966774,0.3920942241478751,0.06812055096651616,0.3248429882799211,0.5364450638495557,0.0,8,0.002001140304676952,0.00198410904357908,0.0009116470571406937,0.0010656135861213793,0.0032920084247704258,0.0,True,False,False
PSRC1,175.0,125.0,301.0,8,0.4274239262545793,0.41716228733358,0.06685722972286579,0.3316684593331007,0.5478413216561858,0.0,8,0.0013006171212733505,0.0005508699554553777,0.0016404992331881473,4.214467247752201e-05,0.004292417604284401,0.0,True,False,False
PSRC1,175.0,126.0,302.0,8,0.429325324235961,0.4196174981860371,0.06467995824334344,0.3316684593331007,0.5439142482404863,0.0,8,0.0022160259552633094,0.002555244622683764,0.0012526582186659738,0.00032398493576922164,0.003420284576648446,0.0,True,False,False
PSRC1,175.0,127.0,303.0,8,0.43780260112967395,0.41865805475555884,0.07513068328875079,0.351650958189028,0.5820768719653998,0.0,8,0.0025713604050910635,0.0014780825023496301,0.0026309210399760898,2.1779905655393645e-05,0.007436370138761455,0.0,True,False,False
PSRC1,175.0,128.0,304.0,8,0.4443647594077431,0.43066419250828214,0.07684010641750409,0.351650958189028,0.587499809232038,0.0,8,0.002300949600901777,0.0019898407087909093,0.001375386669215105,0.0009914314574498739,0.004992534786177499,0.0,True,False,False
PSRC1,175.0,129.0,305.0,8,0.449526596637225,0.439077513640281,0.07984218482498812,0.351650958189028,0.5856600066123457,0.0,8,0.002395606328797308,0.002093392742538915,0.0015269018907345048,0.00026446636661059137,0.005002523502165798,0.0,True,False,False
PSRC1,175.0,130.0,306.0,8,0.47443030701308725,0.4765817438250228,0.08099404580635887,0.351650958189028,0.5743207873659839,0.0,8,0.0016270126117284172,0.0014668888538829001,0.0009368408450474839,0.0003281889500349672,0.003011462195611485,0.0,True,False,False
PSRC1,175.0,131.0,307.0,8,0.4826058724587519,0.48172461839696823,0.07529843126213692,0.38827046943093074,0.5886933511521321,0.0,8,0.001417331503254919,0.0011435974188970825,0.0010817849858524094,0.00019590197804957634,0.0029472444628625893,0.0,True,False,False
PSRC1,175.0,132.0,308.0,8,0.49441298675688844,0.48657797639553024,0.0742120045535996,0.38317780893524633,0.6160026554076001,0.0,8,0.002264631739830658,0.0018698760077991198,0.0023940428214536966,0.00019590197804957634,0.007785924426103857,0.0,True,False,False
PSRC1,175.0,133.0,309.0,8,0.48037210560767724,0.4700091318740019,0.07166771944475879,0.38317780893524633,0.5977879716499283,0.0,8,0.0017748088939099971,0.0017330469925036789,0.0010429205638300557,0.00019590197804957634,0.0032637978148809385,0.0,True,False,False
PSRC1,175.0,134.0,310.0,8,0.5040517627111003,0.4953059705983809,0.06616754431666287,0.40439949808204595,0.6003751722304568,0.0,8,0.0016191482403601777,0.001560611921590992,0.0009478598452624304,0.00037775456514379857,0.0032175708198021453,0.0,True,False,False
PSRC1,175.0,135.0,311.0,8,0.5340431972277528,0.4952051477875996,0.11522108866836274,0.4315385799686019,0.7801817075442455,0.125,8,0.0027507650734346547,0.0021062269928333573,0.00223261626463587,0.00028755760040069506,0.006951600662649749,0.0,True,False,False
PSRC1,175.0,136.0,312.0,8,0.5309579734220953,0.4982746627890141,0.11667188581697054,0.4035257102036927,0.7630132004629973,0.125,8,0.002658079091291068,0.0025167173918900386,0.0023795698137593175,4.3467766099456675e-05,0.006951600662649749,0.0,True,False,False
PSRC1,175.0,137.0,313.0,8,0.5141081378346624,0.49593572905970984,0.08068713541812238,0.41454476139778534,0.6503598270284469,0.0,8,0.0025320245680469024,0.0017858687963668058,0.002143017798580934,0.0005680931223599973,0.006951600662649749,0.0,True,False,False
PSRC1,175.0,138.0,314.0,8,0.5176301733151314,0.4972553252481964,0.08239429834694979,0.41454476139778534,0.6626921007742926,0.0,8,0.0019839591576868657,0.0015702716379360836,0.001507732517295697,9.513285099019317e-05,0.004026857040878683,0.0,True,False,False
PSRC1,175.0,139.0,315.0,8,0.49376116704013806,0.48527799590894005,0.07277949588830693,0.3978685126907406,0.6186753803017059,0.0,8,0.002289681756613251,0.0018146826819990282,0.0019086166214169653,9.513285099019317e-05,0.0058036374902816525,0.0,True,False,False
PSRC1,175.0,140.0,316.0,8,0.5152958204109191,0.4959485218052543,0.09052576995866922,0.39660904182325035,0.6744081162999239,0.0,8,0.003405391033487214,0.00330419626147994,0.0023597472433675,9.513285099019317e-05,0.0073936503909672316,0.0,True,False,False
PSRC1,175.0,141.0,317.0,8,0.5158350005455307,0.4963905471182737,0.09760107812462594,0.39660904182325035,0.6747412796075064,0.0,8,0.004075532026375558,0.0036083818262069266,0.0017427551797745515,0.0015534259601720016,0.0065353328226101055,0.0,True,False,False
PSRC1,175.0,142.0,318.0,8,0.5415285693292321,0.5229782820540929,0.09685852309950967,0.42572664815915034,0.7045808388642777,0.125,8,0.0025056251455268398,0.002323108347942332,0.0009415395342539295,0.0011003250849954294,0.003789139687841809,0.0,True,False,False
PSRC1,175.0,143.0,319.0,8,0.5329484307332956,0.5104947358161036,0.09737742489896235,0.4205752078115941,0.6885380879569514,0.0,8,0.003121004749063522,0.0027302522151313262,0.0020301425405341994,0.0007288796218340316,0.007109881437676336,0.0,True,False,False
PSRC1,175.0,144.0,320.0,8,0.5431259106229812,0.5258025377659331,0.0880339771167445,0.4398273281597819,0.6768887677804106,0.0,8,0.002608032723471551,0.0026071026850309174,0.0014202171890917105,0.001075334417973765,0.00468804421438037,0.0,True,False,False
PSRC1,175.0,145.0,321.0,8,0.5403024496196736,0.5339858182262132,0.08258792366676983,0.431845512626089,0.6584728409290133,0.0,8,0.0029239733206436374,0.002690228214991112,0.0015490113181282762,0.0012681587924801383,0.005148150987660908,0.0,True,False,False
PSRC1,175.0,146.0,322.0,8,0.5421815196397874,0.5364815403634196,0.0857637373963338,0.4347089715675364,0.6693988892532434,0.0,8,0.0029243465341425453,0.0032672546825389414,0.0016897304176119003,0.0003883731616168288,0.005148150987660908,0.0,True,False,False
PSRC1,175.0,147.0,323.0,8,0.5352834140481076,0.5169154235758304,0.08284209400067236,0.4347089715675364,0.6553246047982951,0.0,8,0.002485000720418034,0.002667366757979848,0.0008289817209867576,0.0013963129874026356,0.0034999321306636378,0.0,True,False,False
PSRC1,175.0,148.0,324.0,8,0.5311580879836718,0.516920161906516,0.0761532051792502,0.44117196359905775,0.6553246047982951,0.0,8,0.0018980393166928113,0.0008102953928943721,0.002303381157412708,0.00037028992492028743,0.0069698414579015405,0.0,True,False,False
PSRC1,175.0,149.0,325.0,8,0.5319075819347922,0.512697057707127,0.0721421033026968,0.4585463332254123,0.6704147059552956,0.0,8,0.0022545593519578996,0.0014764028719072247,0.0024606086241195386,0.00010510964017827037,0.0069698414579015405,0.0,True,False,False
PSRC1,175.0,150.0,326.0,8,0.5153184140352951,0.5049670303570968,0.06000932809020028,0.43074156705672784,0.608013397285591,0.0,8,0.002798941596652176,0.0022740962314566062,0.00250855862491434,0.00010510964017827037,0.0069698414579015405,0.0,True,False,False
PSRC1,175.0,151.0,327.0,8,0.517766561739442,0.5105479674654021,0.07325356322469292,0.42637040659970854,0.6293229716248446,0.0,8,0.0027866293382744775,0.0024067482094265887,0.002131679064634312,0.0003522897161723808,0.0069698414579015405,0.0,True,False,False
PSRC1,175.0,152.0,328.0,8,0.49965543253586164,0.4977133727809593,0.06715983566913566,0.39643405504075824,0.5974853043287197,0.0,8,0.0036867303350448305,0.003910678020110751,0.0013592654533131046,0.0010931633386837693,0.005452546100344799,0.0,True,False,False
PSRC1,175.0,153.0,329.0,8,0.4997780155144757,0.49816585690843845,0.06829823160225489,0.4025725978027033,0.6065147555948796,0.0,8,0.002415157115486357,0.0018428688931081117,0.0025327511272718686,0.00028931265257707816,0.00771820546728778,0.0,True,False,False
PSRC1,175.0,154.0,330.0,8,0.4958727910410085,0.4900361148143965,0.07037671418042635,0.39527605365903834,0.6073615545048192,0.0,8,0.0020788358709512306,0.001057355239770775,0.0022177079571906086,0.0002952803077244833,0.006344690238375348,0.0,True,False,False
PSRC1,175.0,155.0,331.0,8,0.4911862687556642,0.4871077167402489,0.07314085773357024,0.3596255607260487,0.6034132698585616,0.0,8,0.0022690213240645976,0.00195844476154804,0.0017837102688221553,0.000510949927322081,0.005301629437562913,0.0,True,False,False
PSRC1,175.0,156.0,332.0,8,0.4965675898767947,0.5026576852764113,0.04720208774009834,0.4170236972769514,0.5717319043105784,0.0,8,0.0030931196581019853,0.0023729092416326573,0.002380144556504866,0.0008673752261243617,0.008337260601611062,0.0,True,False,False
PSRC1,175.0,157.0,333.0,8,0.4858541050003745,0.49086163860817766,0.05935415919658756,0.37927038164435706,0.5768118076710601,0.0,8,0.003071453477846477,0.0020716437486148214,0.0027979366938201736,0.00018398823765790792,0.008337260601611062,0.0,True,False,False
PSRC1,175.0,158.0,334.0,8,0.505882945517475,0.5129946335679335,0.062111124147497976,0.41412502983895844,0.5911039780568443,0.0,8,0.002799476058841566,0.0018869793508250847,0.0027493889449408462,0.0002787872791263047,0.009148904871699275,0.0,True,False,False
PSRC1,175.0,159.0,335.0,8,0.5027291951616732,0.5067441288467638,0.05539265696831757,0.41412502983895844,0.5911039780568443,0.0,8,0.0034814635659908854,0.0027496820083919623,0.0026437686817869692,0.0002787872791263047,0.008087731070152704,0.0,True,False,False
PSRC1,175.0,160.0,336.0,8,0.5054771728021739,0.5075781426552671,0.06722379243596364,0.3983081340686747,0.6104918217612462,0.0,8,0.0030732185273332647,0.0026697950660906594,0.0021519187843723865,7.068925223626952e-05,0.006244970405500668,0.0,True,False,False
PSRC1,176.0,105.0,282.0,8,0.4542339915684618,0.4595097579043683,0.09142414171853724,0.2985809326611396,0.6161858064601925,0.0,8,0.0032726414000315406,0.0024154112351668484,0.00222037353143431,0.0009395535724965241,0.007252516846057963,0.0,True,False,False
PSRC1,176.0,106.0,283.0,8,0.46090210364608336,0.4617318120034702,0.08720531108651768,0.31146471028850237,0.6161858064601925,0.0,8,0.0018040410559989786,0.0018287832543146497,0.001180989869371264,0.0003087961558068615,0.0035187231680638836,0.0,True,False,False
PSRC1,176.0,107.0,284.0,8,0.48733519664984454,0.4883442747307954,0.10349773031105439,0.30075129034964077,0.6508865970758544,0.0,8,0.0033575713268473376,0.0036798257331188376,0.0019896826550291785,0.00011741449277241938,0.005840580582789869,0.0,True,False,False
PSRC1,176.0,108.0,285.0,8,0.45903218058145207,0.48692094697778854,0.07324476014214124,0.30075129034964077,0.521074015727538,0.0,8,0.0034981095637336757,0.003819721438731358,0.002018214125739957,0.00029269330843433527,0.005840580582789869,0.0,True,False,False
PSRC1,176.0,109.0,286.0,8,0.4348576236589306,0.44356592397242867,0.0798521227679268,0.2708579977949008,0.5114412362425799,0.0,8,0.0022234963144812238,0.0021351463931934297,0.0017167539864142904,0.0003410157685505142,0.005840580582789869,0.0,True,False,False
PSRC1,176.0,110.0,287.0,8,0.4319946967025767,0.4465122923999322,0.0719005265865692,0.2708579977949008,0.4971207900882623,0.0,8,0.0025110327720935456,0.0016237929808103934,0.0026119643300495307,0.0003760394030764649,0.008702094560609544,0.0,True,False,False
PSRC1,176.0,111.0,288.0,8,0.43073139198799376,0.44432216798725166,0.06579640844023998,0.28835045968247547,0.4971207900882623,0.0,8,0.00209051138653271,0.001287903193631128,0.0023680371099654885,6.779635816448385e-06,0.007112577633323141,0.0,True,False,False
PSRC1,176.0,112.0,289.0,8,0.42463684095242243,0.4316192325341893,0.07283742741002208,0.2745467022050584,0.5090900584472308,0.0,8,0.0025931697458327716,0.002165678347522614,0.0021797907080845958,6.779635816448385e-06,0.006458848587096241,0.0,True,False,False
PSRC1,176.0,113.0,290.0,8,0.44069623181816947,0.4601135463482292,0.06332748243018486,0.3060126995171804,0.509063535954443,0.0,8,0.00283489559249874,0.002779749603648028,0.002060939881662066,0.000292057715755287,0.006259114581150227,0.0,True,False,False
PSRC1,176.0,114.0,291.0,8,0.4476029580353401,0.4592022453048351,0.07114871050013263,0.30663889187561977,0.5495464893109732,0.0,8,0.003815312703151631,0.004119448992442551,0.0017154921306145015,0.0009146107312329755,0.006323764219002485,0.0,True,False,False
PSRC1,176.0,115.0,292.0,8,0.4859877321906527,0.4796178299275903,0.13321715116803726,0.31084338793271876,0.7745662258947917,0.125,8,0.003801228219089867,0.0038841823857082066,0.002207402845365662,0.0006730177032442781,0.006593003550963879,0.0,True,False,False
PSRC1,176.0,116.0,293.0,8,0.4522504128960702,0.45229651732584947,0.07818869445202496,0.3206547795512666,0.5653671104413941,0.0,8,0.00307809559782735,0.0031223046020392923,0.0020672925875825903,0.0005243738400130477,0.006353284499152802,0.0,True,False,False
PSRC1,176.0,117.0,294.0,8,0.44896600225915273,0.4438073966731483,0.07905763562134459,0.32663187846069913,0.5556637759222611,0.0,8,0.0037125027325658967,0.0028557133435668574,0.003416431492850325,0.0007559136658511831,0.01043141239132487,0.0,True,False,False
PSRC1,176.0,118.0,295.0,8,0.4363115842785881,0.4250247942103164,0.08007453888644075,0.29790160751379463,0.5431947518305782,0.0,8,0.004438226811454587,0.0035369108111634427,0.0030044485753772964,0.0004454436063706291,0.009017620856924365,0.0,True,False,False
PSRC1,176.0,119.0,296.0,8,0.43499921239162265,0.43676700450942907,0.08250747001803223,0.29790160751379463,0.5431947518305782,0.0,8,0.004712827046956776,0.0031922650327478883,0.00379343204383648,0.001128372818688211,0.01202936249711165,0.0,True,False,False
PSRC1,176.0,120.0,297.0,8,0.4398086370794317,0.43676700450942907,0.07813932493463843,0.3057585303618803,0.5431947518305782,0.0,8,0.004387108430656959,0.0028843163085822653,0.0040389173596895025,0.0008702528358805226,0.01202936249711165,0.0,True,False,False
PSRC1,176.0,121.0,298.0,8,0.45007112914231817,0.4492414337889609,0.08303775197229583,0.30336385541635996,0.5431947518305782,0.0,8,0.0036637321539693983,0.0029404476496594873,0.0027289316874144634,0.0008702528358805226,0.008312725018873883,0.0,True,False,False
PSRC1,176.0,122.0,299.0,8,0.43793881795328077,0.43928882762082444,0.07840997570726423,0.2909230865689708,0.5517493918845519,0.0,8,0.0012213694530426827,0.001201089032404657,0.0008612193877414727,3.6059879491797174e-05,0.0023416196686662986,0.0,True,False,False
PSRC1,176.0,123.0,300.0,8,0.4416561256039542,0.431492917607903,0.08211743633174563,0.2996558230382664,0.5589466431073828,0.0,8,0.0029727891631190677,0.002825184497030779,0.002257299248910612,0.0002347789227145661,0.006806801106878093,0.0,True,False,False
PSRC1,176.0,124.0,301.0,8,0.42302336485854525,0.4136009134596453,0.06949672463666552,0.3248429882799211,0.5324718253846721,0.0,8,0.001708101703296114,0.0012625325841783023,0.0015189895237512072,5.231652264092908e-05,0.0043942281015399804,0.0,True,False,False
PSRC1,176.0,125.0,302.0,8,0.43946166514232277,0.4433584897639147,0.0704106805309263,0.3316684593331007,0.5442922682700024,0.0,8,0.002436215839352226,0.0021040618964856513,0.002194670739665882,0.00032398493576922164,0.006701164464955932,0.0,True,False,False
PSRC1,176.0,126.0,303.0,8,0.43926892576315624,0.4369881666284953,0.06846432290254692,0.3316684593331007,0.543145530387213,0.0,8,0.002993413869806321,0.003280079158061915,0.0014148223950909908,0.00032398493576922164,0.004378177831994848,0.0,True,False,False
PSRC1,176.0,127.0,304.0,8,0.4489792088422554,0.4334894111433911,0.07953787411518257,0.351650958189028,0.5845392596755291,0.0,8,0.001974023842025939,0.0017835071944798796,0.0020878869362931265,4.505467010685149e-05,0.006343444171890927,0.0,True,False,False
PSRC1,176.0,128.0,305.0,8,0.4548065584681871,0.45224274778393775,0.07910652444770712,0.351650958189028,0.5830956553147099,0.0,8,0.0016312908604441325,0.0015655834677413291,0.0011617803557555663,0.0001355324302134257,0.003300593437978999,0.0,True,False,False
PSRC1,176.0,129.0,306.0,8,0.4605707114575606,0.4556126257976356,0.0825353740187791,0.351650958189028,0.5849917007681793,0.0,8,0.00223336100675008,0.0015875341133361948,0.002165434373518301,0.00017128098841325993,0.006594099224881761,0.0,True,False,False
PSRC1,176.0,130.0,307.0,8,0.486599425880782,0.4942439160832628,0.08445625025879433,0.351650958189028,0.5889621513566276,0.0,8,0.0014957901089443682,0.0012463107836558922,0.0013771966602254366,0.0001710332767300135,0.00439716253584291,0.0,True,False,False
PSRC1,176.0,131.0,308.0,8,0.49638050179589704,0.5032496139833232,0.07933969762406945,0.39107500897119757,0.5925345030479446,0.0,8,0.001706675498552221,0.0012860701269776528,0.0013812671820554764,0.00017128098841325993,0.00439716253584291,0.0,True,False,False
PSRC1,176.0,132.0,309.0,8,0.5081201221927363,0.5032496139833232,0.07765293663097134,0.38317780893524633,0.6215083407573343,0.0,8,0.0015243487255103207,0.0013542746532439849,0.0008366845361498693,0.0006753896741543454,0.002746129651499011,0.0,True,False,False
PSRC1,176.0,133.0,310.0,8,0.49421149277129073,0.49172974561299615,0.07303337717417542,0.38317780893524633,0.5896362243500125,0.0,8,0.0014319726237310539,0.0013791851639632271,0.0007249905120769557,0.00022735948636320384,0.002698748626388093,0.0,True,False,False
PSRC1,176.0,134.0,311.0,8,0.5148221706155834,0.5197728325260995,0.07013209138096485,0.4072743263952514,0.6261238470390388,0.0,8,0.0024847236431270706,0.002606659455143683,0.0017788517770532632,0.00022735948636320384,0.005635870889883985,0.0,True,False,False
PSRC1,176.0,135.0,312.0,8,0.5472478567766845,0.5165876561385638,0.12422803238615966,0.43460777655853255,0.8140308911737806,0.125,8,0.00192449715993445,0.002204711644749684,0.0008796221391720365,0.0005673590249714008,0.0028691148146655927,0.0,True,False,False
PSRC1,176.0,136.0,313.0,8,0.5454927135471651,0.5165876561385638,0.12437743414391335,0.4035257102036927,0.7949289315489949,0.125,8,0.0015085957527209157,0.0014252571524169136,0.0012634605474837845,4.3467766099456675e-05,0.003411656573319052,0.0,True,False,False
PSRC1,176.0,137.0,314.0,8,0.5279758050633432,0.5197817803150298,0.08450746160567502,0.41454476139778534,0.6474823456632656,0.0,8,0.0017493574261496178,0.0016985291260673842,0.0011489518909288665,0.00020021136953811593,0.003237567048173306,0.0,True,False,False
PSRC1,176.0,138.0,315.0,8,0.5349411302496095,0.515824458162072,0.09059142401695273,0.41454476139778534,0.6988262492164691,0.0,8,0.0016915084094681185,0.0010469787705787497,0.0013521421889442446,0.000393495453090391,0.0033459425590702738,0.0,True,False,False
PSRC1,176.0,139.0,316.0,8,0.5074810113085212,0.4866590463962479,0.08124814584678887,0.3978685126907406,0.6278332829668581,0.0,8,0.0023950251477149655,0.00251492984201825,0.0016008585299625477,0.00016136900316868268,0.005145810712717325,0.0,True,False,False
PSRC1,176.0,140.0,317.0,8,0.5284145849385413,0.5112247871079266,0.10047120561980656,0.39660904182325035,0.7133784801406445,0.125,8,0.0033223010706203036,0.0030599941016445364,0.0021872658104230237,0.0006464553864231821,0.006430263413647585,0.0,True,False,False
PSRC1,176.0,141.0,318.0,8,0.5308072565235151,0.5010141749656566,0.10600328087121469,0.39660904182325035,0.7098824289423267,0.125,8,0.002285090540027569,0.0015250283891927894,0.0019466538399262898,0.00015706024334456302,0.006430263413647585,0.0,True,False,False
PSRC1,176.0,142.0,319.0,8,0.5536355096250516,0.5349259062589551,0.10509601592733178,0.42572664815915034,0.7385460583813006,0.125,8,0.002597452581406097,0.0028494539642912324,0.0010226061050010921,0.0008240552996951878,0.003633346929274652,0.0,True,False,False
PSRC1,176.0,143.0,320.0,8,0.5439450601794615,0.5267327112595576,0.10091134145585444,0.4205752078115941,0.717607914623185,0.125,8,0.0025629171699975027,0.0022078789437042444,0.002163697835696451,6.773666291762688e-05,0.007109881437676336,0.0,True,False,False
PSRC1,176.0,144.0,321.0,8,0.5556440237015842,0.5345877792466132,0.09640502826226886,0.4398273281597819,0.7044178648166645,0.125,8,0.00304208872216893,0.002919743057915852,0.0018592052790658746,0.00027879097679330396,0.006403113636994954,0.0,True,False,False
PSRC1,176.0,145.0,322.0,8,0.5525473326171155,0.5459240359058621,0.09186581569731143,0.431845512626089,0.6911481615476369,0.0,8,0.0014162725497033261,0.0007288915165668468,0.0018319807356709848,0.00027879097679330396,0.005714761975861433,0.0,True,False,False
PSRC1,176.0,146.0,323.0,8,0.5582440012139313,0.5494169427084109,0.09493612643599154,0.4347089715675364,0.7121729938881505,0.125,8,0.0012899607564727696,0.0007217465550449574,0.0010942379104676627,5.715127270206163e-07,0.0028652532588735293,0.0,True,False,False
PSRC1,176.0,147.0,324.0,8,0.5527443913819181,0.5328106316639667,0.09313960678311109,0.4347089715675364,0.6843240827922897,0.0,8,0.002164921042407091,0.002229390579416571,0.001736397990764525,0.0001809805866096729,0.005521318773054445,0.0,True,False,False
PSRC1,176.0,148.0,325.0,8,0.5484732315351558,0.5303410077391166,0.084621482509757,0.44117196359905775,0.6672232331729271,0.0,8,0.0013483451686284022,0.0012954840203158009,0.0009977308464636538,0.0001809805866096729,0.0027816335824794747,0.0,True,False,False
PSRC1,176.0,149.0,326.0,8,0.5480177955306768,0.5303410077391166,0.07687372591715999,0.4585463332254123,0.6768279838488725,0.0,8,0.0013651826897811499,0.001401530161715279,0.0010304113793467415,0.00010510964017827037,0.002813972103672704,0.0,True,False,False
PSRC1,176.0,150.0,327.0,8,0.5286083524912103,0.5154602954352498,0.06952551809104285,0.4457035446448265,0.6405163643316516,0.0,8,0.0022679494212645705,0.0016562489760866494,0.0027284979202930903,0.00010510964017827037,0.008019753859603103,0.0,True,False,False
PSRC1,176.0,151.0,328.0,8,0.5326654668633858,0.5237075982164856,0.08030225496853777,0.42637040659970854,0.6448273012234111,0.0,8,0.0024765574289607097,0.002130303905855121,0.0012622343215251588,0.0009417489037145657,0.004413476271764988,0.0,True,False,False
PSRC1,176.0,152.0,329.0,8,0.5172012104308273,0.5144802170700956,0.07397719025809585,0.39643405504075824,0.6174522160438777,0.0,8,0.0029664587474368155,0.003247862722107453,0.0019402566683889998,1.5089315126902931e-05,0.005524795900624234,0.0,True,False,False
PSRC1,176.0,153.0,330.0,8,0.5134282028485753,0.4984354686718485,0.07569094753438163,0.4025725978027033,0.6174522160438777,0.0,8,0.001896171748509104,0.0010439565023230418,0.002171593248279381,1.5089315126902931e-05,0.006319194686615993,0.0,True,False,False
PSRC1,176.0,154.0,331.0,8,0.510455925916571,0.4975990666907254,0.07567392838188162,0.39527605365903834,0.6174522160438777,0.0,8,0.0013655111006384635,0.0015969796161457931,0.0008876639672412976,1.5089315126902931e-05,0.0026878690746484817,0.0,True,False,False
PSRC1,176.0,155.0,332.0,8,0.505285770710134,0.500295278583763,0.07897021090122062,0.3596255607260487,0.5990635641009343,0.0,8,0.003734182406636599,0.002336124417087643,0.004204224664410006,0.000510949927322081,0.012253449542473647,0.0,True,False,False
PSRC1,176.0,156.0,333.0,8,0.5103028962053987,0.5083721977563805,0.05937786743373968,0.4170236972769514,0.5929633489025155,0.0,8,0.0024826512726085635,0.0022948020379375276,0.001699121459697946,0.0003692588149041443,0.00497369576752657,0.0,True,False,False
PSRC1,176.0,157.0,334.0,8,0.501104879718843,0.49976654945162013,0.06978841333146957,0.37927038164435706,0.6082524611106384,0.0,8,0.0030841422642626606,0.003625923431807475,0.002355720188020463,0.0001884883860564483,0.005735037030754141,0.0,True,False,False
PSRC1,176.0,158.0,335.0,8,0.5213528515083077,0.5272984601148519,0.06987873259389134,0.41412502983895844,0.6108304965046265,0.0,8,0.001500576500204234,0.0010763403789855403,0.0014158247570502625,0.0002787872791263047,0.004428582672931075,0.0,True,False,False
PSRC1,176.0,159.0,336.0,8,0.5172298875481752,0.5160653340621029,0.06264813693347199,0.41412502983895844,0.5984942701548296,0.0,8,0.002427172485018312,0.0015843139654226285,0.0022898628676608947,0.0002787872791263047,0.007279263748907356,0.0,True,False,False
PSRC1,176.0,160.0,337.0,8,0.519489615785746,0.5243560669593048,0.07451973945503743,0.3983081340686747,0.6047246909375827,0.0,8,0.004081923356399382,0.0026181453082960863,0.004486100826436309,9.491236697301257e-05,0.014142777615057077,0.0,True,False,False
PSRC1,177.0,105.0,283.0,8,0.470687021235344,0.48243960029733945,0.10308139738481648,0.2985809326611396,0.6548411434414645,0.0,8,0.003454206897219947,0.003520782631122021,0.0015038390058599801,0.00143631196681767,0.005964752904364906,0.0,True,False,False
PSRC1,177.0,106.0,284.0,8,0.47920276228060377,0.48243960029733945,0.09879140567354072,0.31146471028850237,0.6548411434414645,0.0,8,0.0026822634282497393,0.0026088966477530373,0.0024520359948833385,2.4767184057652286e-05,0.007238293113703284,0.0,True,False,False
PSRC1,177.0,107.0,285.0,8,0.5061695102369375,0.5078353627491148,0.11774701869230737,0.30075129034964077,0.6983838448327181,0.0,8,0.0024972431053815365,0.0015262578603884738,0.0028762961181245184,0.00011741449277241938,0.008614935770897326,0.0,True,False,False
PSRC1,177.0,108.0,286.0,8,0.47593626187641014,0.4948472531881246,0.08617714788095783,0.30075129034964077,0.5800286375267883,0.0,8,0.0022012560941125562,0.0019104758636017116,0.0018981289060947934,0.00014582240750230915,0.005635945966636817,0.0,True,False,False
PSRC1,177.0,109.0,287.0,8,0.4501054341960573,0.4600550571291716,0.09138872907918053,0.2708579977949008,0.5800286375267883,0.0,8,0.0025350036755030763,0.0024101213290355864,0.0017372501611464975,0.0008325812279558958,0.006306402990605649,0.0,True,False,False
PSRC1,177.0,110.0,288.0,8,0.4483645216630002,0.4655305201092781,0.08173834540006215,0.2708579977949008,0.5393799226038287,0.0,8,0.003399496407896413,0.002417863806489577,0.0026068278468897137,0.0007433720837913609,0.008702094560609544,0.0,True,False,False
PSRC1,177.0,111.0,289.0,8,0.4468271074189617,0.46269461016434255,0.07869802978197649,0.28835045968247547,0.5556236628117197,0.0,8,0.002005177890843697,0.0016261241121645954,0.0017179523737186988,0.00025312840317064214,0.004698103564083406,0.0,True,False,False
PSRC1,177.0,112.0,290.0,8,0.44174021467888924,0.43828004034785395,0.08711463238513113,0.2745467022050584,0.5397452402100225,0.0,8,0.002967864908366769,0.0026653607701992168,0.001992205751343522,0.00025312840317064214,0.006458848587096241,0.0,True,False,False
PSRC1,177.0,113.0,291.0,8,0.4583523474440088,0.473547649749965,0.07934781237105533,0.3060126995171804,0.5803764191647501,0.0,8,0.0027135002329184785,0.0024426894758943158,0.0018235791322670416,1.5215908504112277e-05,0.005399584447862886,0.0,True,False,False
PSRC1,177.0,114.0,292.0,8,0.46420285689352847,0.46448808586542545,0.08230971892826572,0.30663889187561977,0.5536539480033196,0.0,8,0.00376840145339792,0.0037588383280582893,0.0021286427549412875,0.0013438426728718572,0.006323764219002485,0.0,True,False,False
PSRC1,177.0,115.0,293.0,8,0.5038064545340768,0.5003864283797141,0.13801537095997482,0.31084338793271876,0.788424272469024,0.125,8,0.0034762027167992825,0.002997982192069657,0.0022965704187023106,0.0008742424164996128,0.006593003550963879,0.0,True,False,False
PSRC1,177.0,116.0,294.0,8,0.47038919139722846,0.46448808586542545,0.08959545094189847,0.3206547795512666,0.6060876297807722,0.0,8,0.0032521496528116877,0.0029421281479108884,0.0018845870350949591,0.0013438426728718572,0.006353284499152802,0.0,True,False,False
PSRC1,177.0,117.0,295.0,8,0.46813259431816123,0.45856623772829963,0.09309215792112505,0.32663187846069913,0.6160984184500559,0.0,8,0.0031128386568567844,0.001815302946605082,0.003430915905744145,0.000681026319497851,0.0112861937801996,0.0,True,False,False
PSRC1,177.0,118.0,296.0,8,0.45323449760938633,0.4384631497504198,0.09629512775154098,0.29790160751379463,0.6160984184500559,0.0,8,0.0041226489154205775,0.003843216691093126,0.0027236640776159464,0.000681026319497851,0.008495239518653453,0.0,True,False,False
PSRC1,177.0,119.0,297.0,8,0.45090816831010366,0.4365961630119319,0.09825094681645019,0.29790160751379463,0.6160984184500559,0.0,8,0.0033347748975304237,0.003180531942628983,0.0023653884451060223,0.0004531153995732123,0.007167296522576153,0.0,True,False,False
PSRC1,177.0,120.0,298.0,8,0.4551005388952368,0.4365961630119319,0.09462443255368004,0.3057585303618803,0.6160984184500559,0.0,8,0.002950844788864274,0.00233603775852008,0.002563407433277229,0.0004531153995732123,0.007167296522576153,0.0,True,False,False
PSRC1,177.0,121.0,299.0,8,0.4677098228365384,0.4650386222504176,0.09854811109173288,0.30336385541635996,0.6160984184500559,0.0,8,0.0037028496907296313,0.0033424845699640943,0.0029320350171630127,0.000681026319497851,0.01001286863033999,0.0,True,False,False
PSRC1,177.0,122.0,300.0,8,0.4556944522610445,0.45170554572603444,0.09123458067497153,0.2909230865689708,0.5761294018736072,0.0,8,0.0020887411003018062,0.0023312763613831137,0.0013257242539822162,0.0002347789227145661,0.004388409799140066,0.0,True,False,False
PSRC1,177.0,123.0,301.0,8,0.4568167626447591,0.4427818344052061,0.0939210071957359,0.2996558230382664,0.6017836019869383,0.0,8,0.0027783458227574813,0.0026203955885141655,0.0020815654529489323,0.0002347789227145661,0.0052163875208614775,0.0,True,False,False
PSRC1,177.0,124.0,302.0,8,0.44077031659467675,0.42507079926368874,0.08527483960060232,0.3248429882799211,0.5776012526081958,0.0,8,0.00157186105864158,0.0012332926232156934,0.0016098018633164113,0.0002347789227145661,0.005169760050364311,0.0,True,False,False
PSRC1,177.0,125.0,303.0,8,0.45599423751125157,0.45098310421348786,0.08502771753790359,0.3316684593331007,0.5923878590526329,0.0,8,0.002110684877027894,0.0015606441345440388,0.0022361730528980437,9.021449392235903e-05,0.006701164464955932,0.0,True,False,False
PSRC1,177.0,126.0,304.0,8,0.455088795587456,0.4444678222883709,0.0813803620013978,0.3316684593331007,0.5858465557936104,0.0,8,0.001762841173154392,0.001882229827039572,0.0015027720137682423,9.021449392235903e-05,0.004378177831994848,0.0,True,False,False
PSRC1,177.0,127.0,305.0,8,0.4646988738356958,0.44482973946080134,0.08956756169859229,0.351650958189028,0.6145234860075826,0.0,8,0.002153537670169036,0.0017835071944798796,0.0024598562794729065,4.505467010685149e-05,0.007802119533446583,0.0,True,False,False
PSRC1,177.0,128.0,306.0,8,0.4722178229050322,0.4599237992585114,0.09240239969689615,0.351650958189028,0.6145234860075826,0.0,8,0.0012412600250490667,0.000984142624092374,0.001099510319755699,0.00023706742058979732,0.003300593437978999,0.0,True,False,False
PSRC1,177.0,129.0,307.0,8,0.4771673272571922,0.46329367727220927,0.09675883481825986,0.351650958189028,0.6410496479946293,0.0,8,0.0017541090515564147,0.0013905910527421267,0.002082584221164779,0.0002505902111560194,0.006594099224881761,0.0,True,False,False
PSRC1,177.0,130.0,308.0,8,0.5051455710460101,0.4953917508741542,0.09679832140533053,0.351650958189028,0.6680337600534382,0.0,8,0.0013408064115436097,0.0009865555531066985,0.0014259007745250978,0.00022892121999138726,0.0046413947522317795,0.0,True,False,False
PSRC1,177.0,131.0,309.0,8,0.5150646702065564,0.5032496139833232,0.09028190115140565,0.39107500897119757,0.6680337600534382,0.0,8,0.0009334103739692501,0.0006446192250997995,0.0008394341782590548,0.00022892121999138726,0.002698748626388093,0.0,True,False,False
PSRC1,177.0,132.0,310.0,8,0.5265231154920208,0.5032496139833232,0.08985308496267957,0.38317780893524633,0.6727627259635878,0.0,8,0.0016900548742931443,0.0016931285862944443,0.0009194897091624229,0.0004654953260018669,0.0031439803724232812,0.0,True,False,False
PSRC1,177.0,133.0,311.0,8,0.5125836384423021,0.49172974561299615,0.08917959873488329,0.38317780893524633,0.6679201022649787,0.0,8,0.002534470266491486,0.0022436463546654456,0.0015267793588738983,0.00022735948636320384,0.004907302282252229,0.0,True,False,False
PSRC1,177.0,134.0,312.0,8,0.5336127160153895,0.5259304099011826,0.08849407021765679,0.43527955852932604,0.710263500763627,0.125,8,0.0016159124932454078,0.0017857431320187013,0.0012170067970130299,0.00022735948636320384,0.0033753366015118755,0.0,True,False,False
PSRC1,177.0,135.0,313.0,8,0.5681155468811029,0.5261715872685365,0.15287979617148673,0.4438750265283705,0.9144820380447468,0.125,8,0.001918545262155188,0.0016794489485273437,0.0008898672216254551,0.0010395708455874504,0.0033453347246477907,0.0,True,False,False
PSRC1,177.0,136.0,314.0,8,0.5646246896463403,0.5284685814492426,0.14704836785323191,0.4035257102036927,0.8815120128117737,0.125,8,0.0012163314126416446,0.001226129853608988,0.0008599789795225192,4.3467766099456675e-05,0.0026184708128904454,0.0,True,False,False
PSRC1,177.0,137.0,315.0,8,0.5454892846756169,0.51987049868488,0.09839075103643526,0.41454476139778534,0.716764894553038,0.125,8,0.0017067289570645591,0.0012123625349516204,0.0008906809526371314,0.0010688542330097792,0.003237567048173306,0.0,True,False,False
PSRC1,177.0,138.0,316.0,8,0.5523178760421004,0.5218513965414413,0.11246221775646437,0.41454476139778534,0.7855944733066778,0.125,8,0.002485442465162294,0.00169512582843545,0.001950586893014718,0.0004986640936676227,0.005594125367299491,0.0,True,False,False
PSRC1,177.0,139.0,317.0,8,0.5237712583209801,0.49396794223773083,0.09501087729632969,0.3978685126907406,0.6897520247713642,0.0,8,0.003083736493549111,0.0031563130095172065,0.0018507263447672016,0.0004898207140504195,0.005594125367299491,0.0,True,False,False
PSRC1,177.0,140.0,318.0,8,0.5448133525732526,0.5211050556860506,0.12153748590824401,0.39660904182325035,0.7947729765128512,0.125,8,0.004067920902379945,0.0038651544891085713,0.0017812764986942892,0.0012701273696746917,0.006430263413647585,0.0,True,False,False
PSRC1,177.0,141.0,319.0,8,0.549909160734056,0.5137832463655473,0.12405953813966415,0.39660904182325035,0.7916141066082119,0.125,8,0.0034788519179318133,0.0032953913847439996,0.0015217614816858574,0.0010500224182513325,0.006430263413647585,0.0,True,False,False
PSRC1,177.0,142.0,320.0,8,0.5738402306490489,0.5521233285516489,0.1267778806557827,0.42572664815915034,0.8260760036178828,0.125,8,0.002765463961106461,0.0030007828689480156,0.0014667751299678713,0.0008240552996951878,0.0047948686716406275,0.0,True,False,False
PSRC1,177.0,143.0,321.0,8,0.5654592322825834,0.5319349504960397,0.1249286863277867,0.4205752078115941,0.813930656085212,0.125,8,0.0037432358378448184,0.0039282557928894315,0.002257108367970977,0.00017481447214016867,0.007109881437676336,0.0,True,False,False
PSRC1,177.0,144.0,322.0,8,0.5750881671821497,0.5500770068151233,0.11704421437635844,0.4398273281597819,0.7989425519686855,0.125,8,0.0029834377235816553,0.0033709078603854675,0.0018618152401813767,0.00027879097679330396,0.0058584365173755,0.0,True,False,False
PSRC1,177.0,145.0,323.0,8,0.5711771738423066,0.555054280953442,0.1133938541159286,0.431845512626089,0.7883854333076261,0.125,8,0.0006476315153594973,0.0005892554231989295,0.00037074500541797804,0.00025981591894563003,0.0012681587924801383,0.0,True,False,False
PSRC1,177.0,146.0,324.0,8,0.5793964807925257,0.5667379018291239,0.11630147177501643,0.4347089715675364,0.8093372270405317,0.125,8,0.002166495064829024,0.0016011337327907246,0.0020409231327802365,5.715127270206163e-07,0.005443638710745877,0.0,True,False,False
PSRC1,177.0,147.0,325.0,8,0.5702571220939827,0.5457734709734142,0.10860342828672517,0.4347089715675364,0.7719084985553394,0.125,8,0.002539853815334973,0.00238284246830223,0.0018326797449705156,0.00030686722674273613,0.005521318773054445,0.0,True,False,False
PSRC1,177.0,148.0,326.0,8,0.5671647667696014,0.5437032356553504,0.1013736974511174,0.44117196359905775,0.75614050240206,0.125,8,0.0021791268079126404,0.0016035755405436783,0.0018522063442283753,0.00037028992492028743,0.005234341204106758,0.0,True,False,False
PSRC1,177.0,149.0,327.0,8,0.56749838659049,0.5437032356553504,0.09446665031536874,0.4585463332254123,0.7327659151249434,0.125,8,0.0019420504178044697,0.0014468954786868056,0.0017396449426203284,0.00010510964017827037,0.005234341204106758,0.0,True,False,False
PSRC1,177.0,150.0,328.0,8,0.5476110898794156,0.5295572036687921,0.08937797438629815,0.4585463332254123,0.7327659151249434,0.125,8,0.0020133036231993594,0.0017164311546819236,0.0018518071178171966,0.00010510964017827037,0.005234341204106758,0.0,True,False,False
PSRC1,177.0,151.0,329.0,8,0.5514905472406954,0.5348827735637667,0.09887906174723197,0.42637040659970854,0.7350208713553521,0.125,8,0.0022513783009332064,0.0019925991243871398,0.0017835827739895607,0.0003286666615220518,0.005234341204106758,0.0,True,False,False
PSRC1,177.0,152.0,330.0,8,0.537371900317622,0.5334053560595473,0.09162342757640024,0.39643405504075824,0.7040417108995812,0.125,8,0.0026931242870864886,0.0027899482772076024,0.0019290406943190202,0.0002092677639805675,0.005871605466868483,0.0,True,False,False
PSRC1,177.0,153.0,331.0,8,0.5318348675949305,0.5080449091083193,0.09292406109994995,0.4025725978027033,0.7040417108995812,0.125,8,0.0021808403500036353,0.0008367483967339546,0.002399591491005311,0.00027198190151341364,0.0067394648066489956,0.0,True,False,False
PSRC1,177.0,154.0,332.0,8,0.5298695946478206,0.5070590297853113,0.09462914769802695,0.39527605365903834,0.7040417108995812,0.125,8,0.001975433285182045,0.0019598435285978722,0.0009888681951334567,0.0007640060408456006,0.003644321271536721,0.0,True,False,False
PSRC1,177.0,155.0,333.0,8,0.522374849897061,0.5068880648245759,0.0932486267102231,0.3596255607260487,0.6724023174688345,0.0,8,0.0023800112970844374,0.0019868491477026554,0.0016903420668418034,0.000510949927322081,0.005344521826119569,0.0,True,False,False
PSRC1,177.0,156.0,334.0,8,0.5308701690219869,0.5140260061686064,0.0792245794070745,0.4170236972769514,0.6873150218190067,0.0,8,0.0027880689598188905,0.0020032236691971805,0.0023567843996150526,0.0003692588149041443,0.006941490832242459,0.0,True,False,False
PSRC1,177.0,157.0,335.0,8,0.51879799725319,0.5112269309604132,0.08824426626580965,0.37927038164435706,0.690821946473981,0.0,8,0.0030743039019630143,0.0022349235695579995,0.0026285751898351413,0.00035682184040705135,0.006941490832242459,0.0,True,False,False
PSRC1,177.0,158.0,336.0,8,0.5356255325151743,0.5319629739912979,0.08084270537793095,0.41412502983895844,0.6779430244939636,0.0,8,0.002579667486436362,0.0016147214001748865,0.0031859907480561926,0.0002787872791263047,0.010128176972263989,0.0,True,False,False
PSRC1,177.0,159.0,337.0,8,0.533592080231612,0.5250888259333572,0.07423737332262566,0.41412502983895844,0.6568063679807069,0.0,8,0.0024026054772039005,0.00199786593782565,0.002134408082819471,0.0002787872791263047,0.00562561534512179,0.0,True,False,False
PSRC1,177.0,160.0,338.0,8,0.5408288089992663,0.5394315933727338,0.08949696968057252,0.3983081340686747,0.678912942332272,0.0,8,0.001956472592363275,0.0006433507175118531,0.0022846057045832263,9.491236697301257e-05,0.006244970405500668,0.0,True,False,False
PSRC1,178.0,105.0,284.0,8,0.528205770576192,0.5219059904232741,0.1248876777937598,0.3327498049969081,0.7157708835071843,0.125,8,0.002252686953848477,0.0023404317901619632,0.0016039297644468479,0.0001890915344891497,0.0043853291568096905,0.0,True,False,False
PSRC1,178.0,106.0,285.0,8,0.5367227219740988,0.5254590980686561,0.12173957472044515,0.3449840258127671,0.7335665140789293,0.125,8,0.0018146334349874941,0.001385262295344321,0.0014293640132377501,0.0002315978418097617,0.003782443130515156,0.0,True,False,False
PSRC1,178.0,107.0,286.0,8,0.5638642173479641,0.5685615087506224,0.13011048512819445,0.3432030692511835,0.7629567901545017,0.125,8,0.0021928996808464824,0.001461344467536819,0.002041349151001721,0.00011741449277241938,0.005926032348217464,0.0,True,False,False
PSRC1,178.0,108.0,287.0,8,0.5337243031250988,0.5351021153116668,0.11004536272013402,0.3432030692511835,0.7247119237793135,0.125,8,0.0030094929252830168,0.0022577521367609012,0.0019574408303290776,0.0009371895819440865,0.005926032348217464,0.0,True,False,False
PSRC1,178.0,109.0,288.0,8,0.5081687409444068,0.5158865919630138,0.12791583177684226,0.3017207603085293,0.7314939459026378,0.125,8,0.0025101672711983526,0.002133565254825065,0.001806963172522811,0.00019163162538349913,0.0054919600377472365,0.0,True,False,False
PSRC1,178.0,110.0,289.0,8,0.5038279008449719,0.5070973702581258,0.12211060073812213,0.3017207603085293,0.7288115145417134,0.125,8,0.0016731427886473083,0.001653130937262694,0.001175759294213983,0.00019163162538349913,0.003489763131743941,0.0,True,False,False
PSRC1,178.0,111.0,290.0,8,0.5055097760588998,0.5055927366893923,0.12178574851200624,0.3164646777099063,0.7288115145417134,0.125,8,0.0011974844123012413,0.0008913368161248712,0.000985655687466912,8.037520453484974e-05,0.002800717286651122,0.0,True,False,False
PSRC1,178.0,112.0,291.0,8,0.5032378617654283,0.5143093356338958,0.1271861692588212,0.30913175063204956,0.7525287822415355,0.125,8,0.0028152560039557163,0.0023489451541278943,0.0015821019028308405,0.0007862522044454386,0.005142568595506618,0.0,True,False,False
PSRC1,178.0,113.0,292.0,8,0.5180689595696566,0.5196241769061267,0.12092619856698951,0.33685758312500463,0.7320662805465394,0.125,8,0.00188791433678052,0.0021257154973842595,0.0009647963304709094,1.5215908504112277e-05,0.002842035232486841,0.0,True,False,False
PSRC1,178.0,114.0,293.0,8,0.5232340141684533,0.5285515763907854,0.13717653568956908,0.3326074845656952,0.792590102071576,0.125,8,0.0030553165033324198,0.0024823482096055305,0.0020456578173175537,0.0005819373777738127,0.006323764219002485,0.0,True,False,False
PSRC1,178.0,115.0,294.0,8,0.5633385938390347,0.5321855978252306,0.2064598062022327,0.3391791469050517,1.0325605881197344,0.125,8,0.003006486834931819,0.0023377524492687197,0.0022146740063429867,0.0005819373777738127,0.006323764219002485,0.0,True,False,False
PSRC1,178.0,116.0,295.0,8,0.526848254165788,0.5182028546652111,0.141310460319373,0.34176497074418977,0.7967819455310597,0.125,8,0.002471906805037083,0.0018924325597733213,0.002185449078908326,0.00035532968124077526,0.006353284499152802,0.0,True,False,False
PSRC1,178.0,117.0,296.0,8,0.5262285946381683,0.5132788589290939,0.1477621060287705,0.34688074844189226,0.8118227334453494,0.125,8,0.002388105007320295,0.0017244023793052147,0.0020458633487398952,0.000681026319497851,0.0072503305009998745,0.0,True,False,False
PSRC1,178.0,118.0,297.0,8,0.5133953661460704,0.4859991851792645,0.14913401949880653,0.3276109050827492,0.7959062759915972,0.125,8,0.00263791906485108,0.0017961373660522256,0.0029144387095996096,0.00019233615309086711,0.009257272513027541,0.0,True,False,False
PSRC1,178.0,119.0,298.0,8,0.5111972068726817,0.4950368996585135,0.1525627059029428,0.3276109050827492,0.7959062759915972,0.125,8,0.001288025660782579,0.001186048347687462,0.0008932630998353343,0.00019233615309086711,0.0025295802842837454,0.0,True,False,False
PSRC1,178.0,120.0,299.0,8,0.5148293173149113,0.4950368996585135,0.1493244820405444,0.33098574678760734,0.7959062759915972,0.125,8,0.0008181005829874154,0.0008543222794259848,0.00041856240861883564,0.00019233615309086711,0.0013153777644930454,0.0,True,False,False
PSRC1,178.0,121.0,300.0,8,0.5276084005502046,0.5169567080395497,0.15459057390500427,0.3293420646941798,0.7959062759915972,0.125,8,0.002384186692810885,0.0013333635217245452,0.0028492146001816415,0.00019233615309086711,0.008707650257642799,0.0,True,False,False
PSRC1,178.0,122.0,301.0,8,0.5132618178920149,0.49909898679498343,0.1473284282287214,0.3234463787657902,0.7957583599052167,0.125,8,0.002418310839966436,0.002485724410764713,0.0018258624708079492,5.180251666596772e-05,0.0059187217214520995,0.0,True,False,False
PSRC1,178.0,123.0,302.0,8,0.5099505461720499,0.4904503242943588,0.14218676505445083,0.32224967276531263,0.7756794043845806,0.125,8,0.002358705742708393,0.0013176646093498723,0.002179047668549373,0.0002347789227145661,0.0059187217214520995,0.0,True,False,False
PSRC1,178.0,124.0,303.0,8,0.4965005050901448,0.46957808696333436,0.13610159585920625,0.35596550178513814,0.7641104758203034,0.125,8,0.0017558078757385202,0.0013519370759930405,0.0015714449586319412,0.0002347789227145661,0.004988357869355397,0.0,True,False,False
PSRC1,178.0,125.0,304.0,8,0.5112002816534084,0.4962241052820072,0.13596856600911358,0.359412907719357,0.7809762589676327,0.125,8,0.001579110626144859,0.0005963581652247269,0.0017841975949078478,0.0002002556754692737,0.005234886907984774,0.0,True,False,False
PSRC1,178.0,126.0,305.0,8,0.5115017430956156,0.4966035189173905,0.13037127334327467,0.359412907719357,0.7731486303609103,0.125,8,0.0019013004094716327,0.001882229827039572,0.00118126764795463,0.0002002556754692737,0.003389166324755538,0.0,True,False,False
PSRC1,178.0,127.0,306.0,8,0.5207709088145863,0.4996723054461496,0.13803298251225518,0.38964508754446237,0.8017411176246206,0.125,8,0.002403274423724183,0.001594478133570791,0.0032080274326329785,2.810226773310904e-05,0.009899869646780907,0.0,True,False,False
PSRC1,178.0,128.0,307.0,8,0.5285154198347698,0.5069148677055489,0.1431211846746758,0.38964508754446237,0.8086900025022438,0.125,8,0.0013884159487624714,0.0006252228454439508,0.0014043146847173998,2.810226773310904e-05,0.003300593437978999,0.0,True,False,False
PSRC1,178.0,129.0,308.0,8,0.5319805670933594,0.5102847457192468,0.14269641800290975,0.38964508754446237,0.8001033751501384,0.125,8,0.0023343878681887737,0.0016449738778592693,0.0019569443504393893,2.810226773310904e-05,0.006594099224881761,0.0,True,False,False
PSRC1,178.0,130.0,309.0,8,0.5602743774704424,0.5364777260940461,0.13883725174257436,0.38964508754446237,0.8010352133717816,0.125,8,0.0011102909421335763,0.0009865555531066985,0.000951083277056751,2.810226773310904e-05,0.002834957447049961,0.0,True,False,False
PSRC1,178.0,131.0,310.0,8,0.5690655108196195,0.5364777260940461,0.13806865167869722,0.4198097033357566,0.8231882685737835,0.125,8,0.002355327506373082,0.0014037312284486117,0.0029835691232451378,0.00022892121999138726,0.009293585567617543,0.0,True,False,False
PSRC1,178.0,132.0,311.0,8,0.5794392441290709,0.547684208531815,0.1365047486681091,0.40971006408434857,0.8354655717401839,0.125,8,0.002535305227976353,0.002921364499405687,0.001529578514315511,0.0003701294179471994,0.004610499537248252,0.0,True,False,False
PSRC1,178.0,133.0,312.0,8,0.5697259865270656,0.535021899268173,0.1386560060856078,0.40971006408434857,0.8303296211248582,0.125,8,0.002625228128954029,0.0022436463546654456,0.0012768803991432855,0.0012553186477854354,0.004610499537248252,0.0,True,False,False
PSRC1,178.0,134.0,313.0,8,0.5920309107053379,0.5734789697774527,0.13231011483489552,0.43527955852932604,0.8271329210664015,0.25,8,0.0022064470346628458,0.002179014970950173,0.001224443654224394,0.0002893712224730692,0.004060287704498511,0.0,True,False,False
PSRC1,178.0,135.0,314.0,8,0.6295674464318167,0.5717025127909052,0.17447528449772587,0.4629686755545252,0.9144820380447468,0.25,8,0.002364321306247393,0.0023536970199294384,0.001361572058280742,0.0004981380802384028,0.004675776858374283,0.0,True,False,False
PSRC1,178.0,136.0,315.0,8,0.6270116108416196,0.5786844468066714,0.1762522563681189,0.43917756067546865,0.895034483445812,0.25,8,0.001789919711508676,0.0014581234595899425,0.0013976550837931667,9.335101817486155e-05,0.004372605536758585,0.0,True,False,False
PSRC1,178.0,137.0,316.0,8,0.606747837178922,0.5654014242072487,0.14958220826194701,0.453587329679429,0.9007263963137033,0.25,8,0.0023066136541816627,0.002735685771532074,0.0009623594462682817,0.0010804331026769251,0.003237567048173306,0.0,True,False,False
PSRC1,178.0,138.0,317.0,8,0.6146518090578945,0.5783079430970035,0.15017848949179277,0.453587329679429,0.8805373071338696,0.25,8,0.0024397749259050566,0.00169512582843545,0.0017157301963240093,0.0007930856891872878,0.006090467197215059,0.0,True,False,False
PSRC1,178.0,139.0,318.0,8,0.5842782398629481,0.5541410221926244,0.14509304075065219,0.42530092265821395,0.8805373071338696,0.125,8,0.0019963266218577707,0.0012962206754606196,0.0016631657714067487,0.0004898207140504195,0.005312849586796484,0.0,True,False,False
PSRC1,178.0,140.0,319.0,8,0.6098445755981557,0.5745259786730925,0.15815498301922815,0.43643887548007587,0.8805373071338696,0.25,8,0.002186421392335716,0.0020613054596650285,0.0014094374079240389,0.000521534806513317,0.004658647367340481,0.0,True,False,False
PSRC1,178.0,141.0,320.0,8,0.6144387959940638,0.5904866259352521,0.1636678320458228,0.43643887548007587,0.9125179397422771,0.25,8,0.0029040027848675335,0.0030895986648143093,0.001340637946843953,0.0008318908592529738,0.004965534181521523,0.0,True,False,False
PSRC1,178.0,142.0,321.0,8,0.6361783353048358,0.6124613247773316,0.16792186774530068,0.45527861841304323,0.9302811113858819,0.25,8,0.0020485333339620893,0.00156885651416983,0.0013314051471712107,0.0008240552996951878,0.0047948686716406275,0.0,True,False,False
PSRC1,178.0,143.0,322.0,8,0.6290874955758342,0.587597886299392,0.16819578607823668,0.4608280929519385,0.9275931420709017,0.25,8,0.002834513950040915,0.0021222818055028105,0.002072835010617526,0.0006273414089935039,0.005701338063174522,0.0,True,False,False
PSRC1,178.0,144.0,323.0,8,0.6378206170263,0.6188117159586928,0.16389530426916776,0.47161256231436255,0.9453884604253636,0.25,8,0.002671804593381852,0.0026979456872708594,0.0016572148056346087,0.00027879097679330396,0.0058584365173755,0.0,True,False,False
PSRC1,178.0,145.0,324.0,8,0.6387324657822647,0.6297697288061394,0.15412208175811715,0.476471602029979,0.915237446921097,0.25,8,0.001203225109951846,0.0011937482101234893,0.0007100178367621146,0.00027879097679330396,0.002059898193321108,0.0,True,False,False
PSRC1,178.0,146.0,325.0,8,0.6420016734046564,0.6261288649736751,0.15839958634926565,0.4663160276646199,0.915237446921097,0.25,8,0.0034261999464762546,0.003832443765325973,0.0016427943084778016,0.0006376708196533668,0.005088951941719878,0.0,True,False,False
PSRC1,178.0,147.0,326.0,8,0.6318248314987462,0.627423046457654,0.14960834792674457,0.4663160276646199,0.9048486745906307,0.25,8,0.002564374010356586,0.0021958766536385095,0.0015785153166246594,0.00027896961934397737,0.004904425488810248,0.0,True,False,False
PSRC1,178.0,148.0,327.0,8,0.6286704652671904,0.6109876679034638,0.14489826303950795,0.48258717620798314,0.9048486745906307,0.25,8,0.0020823230444248614,0.001647452676873413,0.0019020995947428366,0.000235708731209134,0.005153127374310245,0.0,True,False,False
PSRC1,178.0,149.0,328.0,8,0.6273575308405399,0.5985482195812473,0.14586887641766666,0.4918220000962411,0.922904289683327,0.25,8,0.002459360720668953,0.0019334621409571283,0.0015482722286826282,0.0008853169135715974,0.005153127374310245,0.0,True,False,False
PSRC1,178.0,150.0,329.0,8,0.607056639947284,0.6078499162036393,0.11654948375971402,0.4737524644760746,0.8011789146570083,0.25,8,0.002865485481412493,0.002490498741483518,0.0017886826464809278,0.0009937360559722904,0.005447769170090688,0.0,True,False,False
PSRC1,178.0,151.0,330.0,8,0.6100929057934402,0.5999629590072375,0.13708728444164847,0.4654751480826193,0.8645526654681864,0.25,8,0.0024348428541821903,0.0019926028074778606,0.0018049070019643533,0.0005119099682609846,0.005153127374310245,0.0,True,False,False
PSRC1,178.0,152.0,331.0,8,0.5974261411717757,0.5852451579168673,0.13875342900824386,0.4320647263005706,0.8602217839949059,0.25,8,0.0026277819460465736,0.002453236486294275,0.0024482609276369996,0.00017072671722204668,0.00787000093892917,0.0,True,False,False
PSRC1,178.0,153.0,332.0,8,0.5933210555385005,0.5785725196103904,0.1411499790538037,0.4301909619738272,0.8681401122120914,0.25,8,0.002514244007701146,0.002171201338899001,0.0023378389448244804,1.0357143654973285e-05,0.007182043988541105,0.0,True,False,False
PSRC1,178.0,154.0,333.0,8,0.5868101994396212,0.5666722901795431,0.1376964805426644,0.4246471674843878,0.8505607650786529,0.25,8,0.002944132575844973,0.0031660951730926013,0.00177301673651149,0.0006614544940028624,0.005918631372021896,0.0,True,False,False
PSRC1,178.0,155.0,334.0,8,0.5864137506537873,0.5672246575155988,0.13838717084995464,0.4071354436135412,0.8690618695471727,0.125,8,0.002619224003072828,0.0022560186797410033,0.002148897449997677,0.0007492540910291474,0.007677981049664808,0.0,True,False,False
PSRC1,178.0,156.0,335.0,8,0.5860208676647287,0.5945727254125777,0.08670320261027574,0.4674149304972754,0.7013794488451028,0.125,8,0.0016509467838352132,0.001966201098696531,0.0010147314461038009,0.00012530780787060414,0.0029669644244222325,0.0,True,False,False
PSRC1,178.0,157.0,336.0,8,0.575183173599621,0.5789045785367924,0.11594222672274092,0.40677360342840174,0.758825021618888,0.125,8,0.002356689030473453,0.0017271736419839038,0.0018712444789013058,0.00063183072579476,0.005462731143551249,0.0,True,False,False
PSRC1,178.0,158.0,337.0,8,0.59721341391873,0.5802772899889004,0.1251544428746211,0.4549569352984144,0.8366337857639875,0.125,8,0.0026384021521722975,0.0011319675369596556,0.0029879690205404518,0.0002537691210803298,0.00889841777932267,0.0,True,False,False
PSRC1,178.0,159.0,338.0,8,0.5947792679994017,0.5899660214950416,0.12169057578002236,0.4549569352984144,0.8366337857639875,0.125,8,0.0024761381556867275,0.001909948504237981,0.001984811306197335,0.0003716276896810855,0.00562561534512179,0.0,True,False,False
PSRC1,178.0,160.0,339.0,8,0.6013105067939356,0.6090101732133382,0.13558552638534208,0.4389158698901823,0.8600021733590001,0.125,8,0.0029983472431245246,0.0030185273637894695,0.0022586983999968594,0.0002877522386468574,0.006663427220265991,0.0,True,False,False
PSRC1,179.0,105.0,285.0,8,0.6373945332823185,0.5987888819844378,0.14505340158461383,0.4798676712798372,0.8762683884922452,0.25,8,0.001987862951561898,0.0020092071655182548,0.001349756873546138,0.0002908947627374151,0.004132430784541574,0.0,True,False,False
PSRC1,179.0,106.0,286.0,8,0.6458288528739669,0.6046917630829451,0.14143649716618817,0.4981734397029985,0.8762683884922452,0.25,8,0.001859195461294878,0.0015628899795062268,0.0018193154821382672,6.198167664632864e-05,0.005736559849949397,0.0,True,False,False
PSRC1,179.0,107.0,287.0,8,0.6818141297975473,0.6619976196702237,0.1461684862727583,0.5089046249102112,0.9208035234002183,0.25,8,0.001030402978358177,0.001159314468792719,0.0007353722234687213,0.00010706850140212702,0.002216857885365743,0.0,True,False,False
PSRC1,179.0,108.0,288.0,8,0.649185710041679,0.6486902511215829,0.11144840846126684,0.5089046249102112,0.8385119532562386,0.25,8,0.001967889483281765,0.0018897975996436836,0.0016839043064064566,0.0002532264783415945,0.005648837096392333,0.0,True,False,False
PSRC1,179.0,109.0,289.0,8,0.6203072398326263,0.6411985049037892,0.12063023925886841,0.46417171665630347,0.850151771182187,0.125,8,0.002271492282173638,0.0016499281241718717,0.002332550635157653,0.0003931729911780724,0.0077705462225309335,0.0,True,False,False
PSRC1,179.0,110.0,290.0,8,0.6155236773555836,0.6032561464370838,0.11666582511451573,0.46417171665630347,0.8447336311854128,0.125,8,0.0019314601933979178,0.0014273629621709442,0.001379402848873716,0.0004030038007120838,0.003995219741352536,0.0,True,False,False
PSRC1,179.0,111.0,291.0,8,0.6149212822950484,0.6067161964735124,0.11593088716507884,0.47437448622461614,0.8447336311854128,0.125,8,0.0024189685826989287,0.0022399708153811827,0.0021119859798596013,0.00017765070493677037,0.0067854730047413915,0.0,True,False,False
PSRC1,179.0,112.0,292.0,8,0.6137384676935544,0.5777847233880811,0.13151498496605346,0.4666133023690757,0.8670381586566321,0.25,8,0.002745615212348445,0.0016319641613211568,0.002596037763616498,0.0003188687996222263,0.007797340873398386,0.0,True,False,False
PSRC1,179.0,113.0,293.0,8,0.6275205040086815,0.6213485107167693,0.11076425715491911,0.4926637048111485,0.8397363504846784,0.125,8,0.003286678050555013,0.0032693053819783436,0.002692835968598223,0.00010122469529792503,0.008872764367750106,0.0,True,False,False
PSRC1,179.0,114.0,294.0,8,0.6302765472532539,0.5981577640426927,0.1326791905020022,0.4851922988807422,0.8841170979772528,0.25,8,0.0033531306552720026,0.003134810822537093,0.002397219208552799,0.00033553602676426365,0.007419141213990594,0.0,True,False,False
PSRC1,179.0,115.0,295.0,8,0.6725923099296763,0.6399819942442655,0.18862756468180492,0.4851922988807422,1.0922374167574067,0.25,8,0.0029643869081242154,0.002918396416806619,0.0016530039248410593,0.0007956212768044651,0.00521540852610264,0.0,True,False,False
PSRC1,179.0,116.0,296.0,8,0.6369641462805591,0.613893242798996,0.12277182973555627,0.502662445438406,0.8937999669722434,0.125,8,0.0027096691530033574,0.0026608457485320777,0.001482147233087131,0.0008621178128244827,0.005215712510362242,0.0,True,False,False
PSRC1,179.0,117.0,297.0,8,0.6348087659417012,0.613893242798996,0.12926322046945893,0.4800356582767973,0.9032595455443451,0.125,8,0.0030515217643037116,0.0016688279177136918,0.0034036830650716592,0.0008621178128244827,0.010750807847705351,0.0,True,False,False
PSRC1,179.0,118.0,298.0,8,0.6172514669027177,0.5966512412892389,0.1315826496725061,0.4701970215993552,0.885486486680643,0.125,8,0.0034492350362065544,0.0022513204840556643,0.003567001080851458,0.0001111978218038674,0.011383406586422316,0.0,True,False,False
PSRC1,179.0,119.0,299.0,8,0.6159592247620083,0.5992849675061999,0.13052916323505137,0.4715495072975165,0.885486486680643,0.125,8,0.00266927445169046,0.002736256657452179,0.001967812897086603,0.0001111978218038674,0.005031212760354981,0.0,True,False,False
PSRC1,179.0,120.0,300.0,8,0.6235108582399793,0.6083752820390473,0.123890650370612,0.5055601655464993,0.885486486680643,0.125,8,0.0030975271485720974,0.0041203786133749715,0.0020723456731539876,0.00022964059667765995,0.005031212760354981,0.0,True,False,False
PSRC1,179.0,121.0,301.0,8,0.632229147062472,0.6398210236835286,0.13049576629390677,0.4949656302407174,0.885486486680643,0.125,8,0.003451000122622092,0.002728855439279872,0.003170055736576414,0.00022964059667765995,0.009969686875216145,0.0,True,False,False
PSRC1,179.0,122.0,302.0,8,0.6192441914339237,0.6131026097141692,0.12955952684334368,0.4882196468623575,0.896811435816854,0.125,8,0.002334739215398171,0.001350893787969433,0.001968506469496319,0.0004740800671061968,0.005368182090679176,0.0,True,False,False
PSRC1,179.0,123.0,303.0,8,0.614359272884556,0.6130165829122971,0.12533281908134905,0.4885768113993223,0.8797252344746048,0.125,8,0.0019970414823826657,0.0018368591593807587,0.001227780374691105,0.00016152216144479494,0.0035278239296623816,0.0,True,False,False
PSRC1,179.0,124.0,304.0,8,0.6012950978866003,0.5735257423189843,0.12334261759873964,0.4854214823387628,0.8714296251939656,0.125,8,0.001160055376134243,0.0011384896187846129,0.0008425168711792025,0.0001285421313065351,0.002484150937892226,0.0,True,False,False
PSRC1,179.0,125.0,305.0,8,0.6089692413730372,0.5787874777287072,0.11894363553675245,0.5049157776025085,0.874510764711089,0.125,8,0.0030553583410372802,0.0023615209111902055,0.0020178841363872263,0.0007888109440239867,0.006688422821080254,0.0,True,False,False
PSRC1,179.0,126.0,306.0,8,0.6101000305268713,0.5722188699449012,0.1121059408128936,0.5132485276789328,0.8603677119428887,0.125,8,0.0018914968662338523,0.0016010826835919111,0.00208622775350775,0.00012721449649960253,0.006688422821080254,0.0,True,False,False
PSRC1,179.0,127.0,307.0,8,0.6248882803602325,0.5841686960221146,0.12533546647734548,0.5206027688340262,0.9106450346350136,0.125,8,0.0027787521020824317,0.002168760961619323,0.0018954399551677158,0.0003775575149112963,0.005897312690439219,0.0,True,False,False
PSRC1,179.0,128.0,308.0,8,0.6279129683614748,0.5857764807079848,0.12108495741727236,0.5262994719010303,0.891972394422849,0.125,8,0.002731138832090001,0.0025244023616154284,0.0025924719019998856,0.0002500745511942236,0.008251503538058499,0.0,True,False,False
PSRC1,179.0,129.0,309.0,8,0.6360241468193535,0.5925199481522498,0.11846479754607005,0.538299139102165,0.8884638782371691,0.25,8,0.001310357215737027,0.0008580823791782745,0.0011810108829231167,0.0002500745511942236,0.0031395283510486376,0.0,True,False,False
PSRC1,179.0,130.0,310.0,8,0.6641615759707746,0.6176863268363791,0.11700419986085668,0.5475823417891946,0.8924101767974552,0.375,8,0.0025829136179959726,0.002088426101992415,0.0022171405760776294,0.00030725763828702996,0.005764516647243952,0.0,True,False,False
PSRC1,179.0,131.0,311.0,8,0.67450238883453,0.6176863268363791,0.12091809913098761,0.581785853114559,0.9262082233020272,0.375,8,0.0024510160030380254,0.002088426101992415,0.00206449335098114,3.749907794214295e-05,0.005764516647243952,0.0,True,False,False
PSRC1,179.0,132.0,312.0,8,0.6837829813824485,0.6306197176665251,0.12233524829472485,0.5685021602780815,0.937867533016694,0.375,8,0.0026777877504244162,0.0024355994147791725,0.0018139875452952692,3.749907794214295e-05,0.005764516647243952,0.0,True,False,False
PSRC1,179.0,133.0,313.0,8,0.6704376469447196,0.6120906235765005,0.12030742510314273,0.5685021602780815,0.9287358099961663,0.375,8,0.0024243599447487663,0.00252609010263325,0.002024945387923368,3.749907794214295e-05,0.00545516138071748,0.0,True,False,False
PSRC1,179.0,134.0,314.0,8,0.6994797848630013,0.6642747347098705,0.11072507988178854,0.6008282958824834,0.9250967591307879,0.375,8,0.0017650414122858523,0.0005219139627585284,0.0019170775219927016,6.595989119058847e-05,0.004358021938218411,0.0,True,False,False
PSRC1,179.0,135.0,315.0,8,0.7318681228200011,0.6636356292475278,0.1449096406303114,0.5938793637407963,0.9559671202053261,0.375,8,0.002047411381330748,0.0018477767169242328,0.0012656343091661398,0.00041323552588244753,0.004488770773626667,0.0,True,True,False
PSRC1,179.0,136.0,316.0,8,0.7387201877372769,0.666557203856102,0.1591704185230171,0.5938793637407963,0.9912624892437193,0.375,8,0.0018884433004496487,0.0018093790590203314,0.0008826212037192702,0.0009802860448436103,0.003700445956805262,0.0,True,True,False
PSRC1,179.0,137.0,317.0,8,0.7153079399739055,0.6518912178340592,0.12995820197760777,0.6112372066902644,0.9947813356932922,0.375,8,0.0018904717001817924,0.0016537081388550917,0.0013500585658461374,0.0004454637263496208,0.0047968117422172015,0.0,True,True,False
PSRC1,179.0,138.0,318.0,8,0.7225845466957198,0.6609937527562129,0.12786859419958072,0.6162392304504241,0.9708474994236543,0.375,8,0.0016106941491362276,0.0010129435596251284,0.0013962313797360247,0.000398312261801683,0.004395159150033868,0.0,True,True,False
PSRC1,179.0,139.0,319.0,8,0.6959176728164714,0.6437174242098145,0.12319754239042315,0.6129635104405592,0.9708474994236543,0.25,8,0.0019951239383484425,0.0021178862875091175,0.0011958761328156942,0.00022602927825345745,0.0038195020975371973,0.0,True,False,False
PSRC1,179.0,140.0,320.0,8,0.7217812082347763,0.6621671442634421,0.13072399959987935,0.61925774784897,0.9708474994236543,0.375,8,0.0026251899912272704,0.002702995074919373,0.0016834667906563,0.00041888685500626255,0.005715264295065766,0.0,True,True,False
PSRC1,179.0,141.0,321.0,8,0.723529079915225,0.6569942006735368,0.14255606360355358,0.61925774784897,1.0155500424049746,0.375,8,0.0022246610209743466,0.0020494272897741096,0.0012564314262990663,0.00041888685500626255,0.004202140890421596,0.0,True,True,False
PSRC1,179.0,142.0,322.0,8,0.7483845012766481,0.6830078967360467,0.14043419632030682,0.6324947929919651,1.027532598719063,0.375,8,0.0027211658175851907,0.002322638797562844,0.001571511831701507,0.0010457821075643262,0.005701897840543416,0.0,True,True,False
PSRC1,179.0,143.0,323.0,8,0.7403156145384162,0.6828372614916483,0.14452342473033655,0.6266077256793992,1.0316518912705102,0.375,8,0.0022392750323432,0.0016776938885731023,0.0017139303927633804,8.274247779834234e-05,0.005701897840543416,0.0,True,True,False
PSRC1,179.0,144.0,324.0,8,0.7497208048586234,0.7002840485096191,0.13495056947284834,0.6324947929919651,1.0340849465012076,0.5,8,0.0030641084127225873,0.0030808045628204325,0.0013853828559549524,0.0013007630608417454,0.005652084430178976,0.0,True,True,True
PSRC1,179.0,145.0,325.0,8,0.7460810026506827,0.7066076392871026,0.13011279158973646,0.6327358815647501,1.0154096647022706,0.625,8,0.002965643227011989,0.0031675318400260248,0.0010936755141994598,0.0008981977151173779,0.004246963584096137,0.0,True,True,True
PSRC1,179.0,146.0,326.0,8,0.7527490511908517,0.6987707099075025,0.12793310589506005,0.6512595018865982,1.0154096647022706,0.5,8,0.002138547852437939,0.0018257681661439174,0.0020978655470556204,5.001561692626948e-05,0.006100073147718842,0.0,True,True,False
PSRC1,179.0,147.0,327.0,8,0.7443626944671801,0.7089889673383234,0.12156312196951731,0.6431105077351651,1.0031484305648848,0.5,8,0.003324190000367501,0.001935169785241555,0.0033040548631679523,0.0003779979523551578,0.010037084341964297,0.0,True,True,True
PSRC1,179.0,148.0,328.0,8,0.741809100064143,0.7034426669650634,0.116966517269504,0.6535551847897003,1.0031484305648848,0.5,8,0.0025623485004920535,0.0020632640575325234,0.0022069969516308203,0.00042707206236001756,0.006100073147718842,0.0,True,True,True
PSRC1,179.0,149.0,329.0,8,0.7406720406659131,0.6864579988775749,0.12043933240394936,0.6535551847897003,1.0178774397153947,0.375,8,0.0028188191392373354,0.002770940810104529,0.0014150796785463774,0.0007156845097606991,0.0050533216428129135,0.0,True,True,False
PSRC1,179.0,150.0,330.0,8,0.7195863935117736,0.6919414915336345,0.09052560669977018,0.6217303536937637,0.9018137485257072,0.5,8,0.002348336942410007,0.002415402174179083,0.001376892311637015,0.0006098348471809822,0.00391169675144205,0.0,True,True,False
PSRC1,179.0,151.0,331.0,8,0.725347591566162,0.6796654324804179,0.10993746478019618,0.6363761474420305,0.9637704498567358,0.375,8,0.0013493524284432024,0.0009453990491077967,0.0008234137519849288,0.000582552247966931,0.0029502869040599596,0.0,True,True,False
PSRC1,179.0,152.0,332.0,8,0.7107514554028971,0.6619568316405372,0.11250831354278717,0.6225659812928398,0.9629521252174222,0.375,8,0.002338350515113682,0.0019909645641897475,0.0015373682647148756,0.0008619159949837881,0.004928311362617965,0.0,True,True,False
PSRC1,179.0,153.0,333.0,8,0.7069357251990206,0.6567446922221892,0.11417535473406777,0.6308328250296358,0.9655383219291982,0.25,8,0.002264583300380171,0.001906294372557037,0.0012995696780632607,0.0009088549986262072,0.004267824600313656,0.0,True,True,False
PSRC1,179.0,154.0,334.0,8,0.7048578241833167,0.660322129376018,0.11446343781290806,0.6200656973314952,0.9634885877048028,0.25,8,0.0026291793180901455,0.002548094266746621,0.0019180788351338437,9.75498566734422e-05,0.006198691911286018,0.0,True,True,False
PSRC1,179.0,155.0,335.0,8,0.7017645286712222,0.6720255900973875,0.1160305309722735,0.5946222609604453,0.9700292108883514,0.25,8,0.0019896389256913788,0.0014734212823743992,0.0020526407398456527,9.75498566734422e-05,0.006307698550444896,0.0,True,True,False
PSRC1,179.0,156.0,336.0,8,0.7003277575750346,0.6889025426508624,0.04819394677221732,0.6407155446106073,0.7899240163777014,0.5,8,0.001769169220094418,0.0014006327061195888,0.0009841776157554173,0.0006963231685471018,0.0031346027366340487,0.0,True,True,False
PSRC1,179.0,157.0,337.0,8,0.6880067288932158,0.6598969652753411,0.07872424656548685,0.6050406614399481,0.8409459487149783,0.375,8,0.002740027864056219,0.002280854006812484,0.0015739661566328965,0.0016111388681728346,0.006449755600802821,0.0,True,False,False
PSRC1,179.0,158.0,338.0,8,0.7125629160582652,0.6754850873883351,0.09601508177803166,0.6491516735610778,0.9343455028915305,0.375,8,0.0032311193788815175,0.0029803359779379496,0.0021539254232558155,0.00026515948936687314,0.006449755600802821,0.0,True,True,False
PSRC1,179.0,159.0,339.0,8,0.708263255829321,0.665354035177494,0.09544647724661266,0.6526735505201877,0.9343455028915305,0.375,8,0.002083977694226853,0.0021146552934280718,0.0013183080571683111,0.00026515948936687314,0.00397714207302265,0.0,True,True,False
PSRC1,179.0,160.0,340.0,8,0.7125552431547911,0.6877305936034153,0.1093993985958067,0.6079737069628108,0.9633178571334565,0.375,8,0.003222457174306061,0.0020334533010274,0.0029338709030426856,0.00042474779282693226,0.008005817435556853,0.0,True,True,False
PSRC1,180.0,105.0,286.0,8,0.6136830532272881,0.5843448788937847,0.14123975064561603,0.4448055489321915,0.8762683884922452,0.25,8,0.003071706660960882,0.002547916269466478,0.0024945068017500536,5.2343987417973067e-05,0.008395918223445221,0.0,True,False,False
PSRC1,180.0,106.0,287.0,8,0.6215795199466896,0.5824807035597828,0.13731586967851342,0.4807595380859665,0.8762683884922452,0.25,8,0.0023413982767483315,0.002282167956845183,0.001661985273117422,6.198167664632864e-05,0.004865938798251144,0.0,True,False,False
PSRC1,180.0,107.0,288.0,8,0.6534033981482514,0.6110820822679309,0.1446949724611004,0.5089046249102112,0.9208035234002183,0.25,8,0.0012415436131016028,0.001112107620856755,0.0012857355426305398,0.0001247514453763919,0.0041588744144770455,0.0,True,False,False
PSRC1,180.0,108.0,289.0,8,0.621001552430421,0.6110820822679309,0.10432779811330749,0.5049636104564048,0.7765271341078401,0.25,8,0.0019576013232428273,0.0012126109871417952,0.0020882037791589993,0.0001247514453763919,0.005648837096392333,0.0,True,False,False
PSRC1,180.0,109.0,290.0,8,0.5909244991957161,0.6025927613930678,0.10529881262457474,0.455863757289072,0.7762165711023017,0.125,8,0.0013662140421367584,0.0009101072223849179,0.0014208115050278508,0.0001247514453763919,0.004134455126073803,0.0,True,False,False
PSRC1,180.0,110.0,291.0,8,0.590229898297895,0.5818126314315505,0.10709597360699306,0.46417171665630347,0.7859445125958945,0.125,8,0.0028540419723850348,0.002375220297710058,0.0025032358437684487,8.340360916741225e-05,0.008286083979141967,0.0,True,False,False
PSRC1,180.0,111.0,292.0,8,0.5880411121791156,0.5896861904288775,0.10446802352258705,0.45913400321103903,0.7859445125958945,0.125,8,0.0025984766420435027,0.00238446063874519,0.001771665630018767,0.00041967606950863166,0.006162904209303914,0.0,True,False,False
PSRC1,180.0,112.0,293.0,8,0.5860131590751139,0.5527133912734283,0.12179245949799503,0.458797384460448,0.7947214809366364,0.25,8,0.00280496158314847,0.0026126056779018384,0.002217977917640309,0.00041967606950863166,0.007797340873398386,0.0,True,False,False
PSRC1,180.0,113.0,294.0,8,0.6009615959780752,0.6072538717163007,0.09674487992747594,0.4554198053151509,0.7643023196500437,0.125,8,0.002663410493298729,0.0029273323061483293,0.0011915862633240717,0.00092478669401556,0.004346497736704536,0.0,True,False,False
PSRC1,180.0,114.0,295.0,8,0.6085496020712708,0.5714453643181177,0.12413806733098795,0.4615863118538048,0.8423401726161918,0.25,8,0.0025089065379475615,0.0018151740549374896,0.0026526122738414473,3.854845958973137e-05,0.007419141213990594,0.0,True,False,False
PSRC1,180.0,115.0,296.0,8,0.6513866916062978,0.6129446622695729,0.18298216496232786,0.4615863118538048,1.0546311062651816,0.25,8,0.002221652079993905,0.002082767947978478,0.0016810857062965244,0.00043496421130349015,0.004742306794883855,0.0,True,False,False
PSRC1,180.0,116.0,297.0,8,0.610434529779048,0.6110593618446412,0.10518523800925371,0.48056919499437034,0.8319445459346697,0.125,8,0.002645052450874688,0.002669928294863184,0.0018265706609076895,0.0005618737983992593,0.005215712510362242,0.0,True,False,False
PSRC1,180.0,117.0,298.0,8,0.6087522444169706,0.613893242798996,0.11153810839015822,0.45624885394176923,0.8354510728935535,0.125,8,0.0038319298915174996,0.002501520306992274,0.003258659828466271,0.0008621178128244827,0.010990078021086633,0.0,True,False,False
PSRC1,180.0,118.0,299.0,8,0.5935281471014696,0.586755867522743,0.11729642633511411,0.44355018634581206,0.8353504295124712,0.125,8,0.002890218664416342,0.002592809412221061,0.0018343110373942235,0.0001111978218038674,0.00593403105803073,0.0,True,False,False
PSRC1,180.0,119.0,300.0,8,0.5922286811529072,0.5881261847887829,0.1174508738381483,0.44030027306517483,0.8353504295124712,0.125,8,0.0027163633223981367,0.003132738865152459,0.001435648277039928,0.0001111978218038674,0.004274968871861231,0.0,True,False,False
PSRC1,180.0,120.0,301.0,8,0.5993005028558014,0.5959563424332364,0.11113566036335695,0.4704724371135429,0.8353504295124712,0.125,8,0.003024815111857762,0.0034239125166001055,0.0015115857174871523,0.0006110364522413877,0.004516039441232242,0.0,True,False,False
PSRC1,180.0,121.0,302.0,8,0.6075931068040882,0.6254251901979018,0.11638541245835549,0.4704724371135429,0.8353504295124712,0.125,8,0.002563002596816267,0.002186410216489837,0.0015953697503932292,0.0006110364522413877,0.0046683520344027556,0.0,True,False,False
PSRC1,180.0,122.0,303.0,8,0.5931433685497697,0.5959368169349988,0.11538586037024884,0.469020233584401,0.8429853026009899,0.125,8,0.0022965225044083645,0.001588332702715306,0.0017719314346595408,0.0002552739465769254,0.0046683520344027556,0.0,True,False,False
PSRC1,180.0,123.0,304.0,8,0.5901249372971648,0.5866779636237308,0.1142433631422586,0.469020233584401,0.8346334468093128,0.125,8,0.0018262153999344512,0.0018695008378417665,0.0014261369258513523,0.00011983829322451363,0.0035278239296623816,0.0,True,False,False
PSRC1,180.0,124.0,305.0,8,0.5757299978891881,0.5642934870126173,0.10411830406801276,0.469020233584401,0.8024481295880055,0.125,8,0.0007260818602111883,0.0006000227912890941,0.0005277986743601805,0.0001285421313065351,0.0016663761879608036,0.0,True,False,False
PSRC1,180.0,125.0,306.0,8,0.5860274681468292,0.5696956997842435,0.10619043607594858,0.5028553345935273,0.8274866052824894,0.125,8,0.003212292360283983,0.0035309412172956807,0.0021121262437121904,0.000490063197496881,0.006688422821080254,0.0,True,False,False
PSRC1,180.0,126.0,307.0,8,0.5846326858865808,0.5637824315525843,0.0960755081299722,0.5132485276789328,0.8072119112625118,0.125,8,0.002788576982104724,0.002326355193891059,0.0018009553970722502,0.0005660962106280595,0.006688422821080254,0.0,True,False,False
PSRC1,180.0,127.0,308.0,8,0.5989334201233489,0.5693404058027467,0.10645263445811108,0.5142691861355854,0.8397246432072998,0.125,8,0.002364296066869526,0.0010921304775027532,0.0025197564043436403,0.00011786532450145623,0.005870431390722832,0.0,True,False,False
PSRC1,180.0,128.0,309.0,8,0.604243848104968,0.574626963333863,0.10535300125822827,0.507963393811204,0.8368783893467374,0.125,8,0.002184293864978609,0.001265939598911598,0.002558847301656568,0.0003775575149112963,0.008251503538058499,0.0,True,False,False
PSRC1,180.0,129.0,310.0,8,0.6138265312880379,0.581370430778128,0.10893082202352865,0.5204434144777944,0.8548455463407058,0.125,8,0.0017750091097529556,0.0020600467968149476,0.0011236330538897882,0.0003591496919638898,0.0031395283510486376,0.0,True,False,False
PSRC1,180.0,130.0,311.0,8,0.6372632903395923,0.6065368094622574,0.09909522899291112,0.5386695255396196,0.8370220695401945,0.125,8,0.0022951406775113437,0.0021029740950487133,0.001767008202721287,3.466620754683755e-05,0.0050187178417937205,0.0,True,False,False
PSRC1,180.0,131.0,312.0,8,0.6479645427138071,0.6065368094622574,0.10099203487773122,0.5579258022648353,0.8658024661516736,0.125,8,0.0019216697495494613,0.0017236138635154813,0.0015757266954659814,3.466620754683755e-05,0.0050187178417937205,0.0,True,False,False
PSRC1,180.0,132.0,313.0,8,0.6589085976426347,0.6276393598242398,0.1067642189495342,0.5579258022648353,0.8906519862361947,0.25,8,0.0022606002303987753,0.0028362224080820753,0.001746439332016592,3.466620754683755e-05,0.004067757247411878,0.0,True,False,False
PSRC1,180.0,133.0,314.0,8,0.6465746949907213,0.604040887958069,0.10135973365718955,0.5579258022648353,0.86617213403458,0.125,8,0.0028021566271062264,0.0039358451421868485,0.002152548556707348,0.0001385972381726076,0.00545516138071748,0.0,True,False,False
PSRC1,180.0,134.0,315.0,8,0.67286521942837,0.6529713368108586,0.09381286792893752,0.5836455673040034,0.8649334111172661,0.25,8,0.002558176279487648,0.002617436314236458,0.0018114501163673919,3.217631552879914e-05,0.004923404789494885,0.0,True,False,False
PSRC1,180.0,135.0,316.0,8,0.7079249783009987,0.6519762661503903,0.12957947473238834,0.5938793637407963,0.9163693019284473,0.375,8,0.002514974466821179,0.002671360889018785,0.0014000810249350161,0.00041323552588244753,0.004488770773626667,0.0,True,True,False
PSRC1,180.0,136.0,317.0,8,0.7088441919607322,0.6419457066443042,0.13596924138720318,0.5938793637407963,0.9270265727181476,0.375,8,0.002207740813332832,0.0020221133697051214,0.001244594710950491,0.0009802860448436103,0.004764830142678676,0.0,True,True,False
PSRC1,180.0,137.0,318.0,8,0.6929641865807663,0.6462444449829184,0.11486965749822775,0.6112372066902644,0.9480638577548081,0.375,8,0.0017314501753658645,0.001428244970164941,0.0012326208761743022,0.00042334914141643564,0.004172003188154682,0.0,True,False,False
PSRC1,180.0,138.0,319.0,8,0.6934050734187495,0.6482468969434676,0.10770357675261555,0.6120789449630863,0.9056723327267723,0.25,8,0.0017751121720423386,0.0010808850092062525,0.001598120290367907,7.316818632975962e-05,0.004560118014457222,0.0,True,False,False
PSRC1,180.0,139.0,320.0,8,0.6683257531265714,0.6279415077936562,0.10427824687290609,0.5974033881927328,0.9056723327267723,0.25,8,0.0019815484326931453,0.001892552772366882,0.001320963070547414,0.00022602927825345745,0.003861326335258708,0.0,True,False,False
PSRC1,180.0,140.0,321.0,8,0.6916543706516268,0.6485015798112628,0.11075535778076452,0.5974033881927328,0.9056723327267723,0.25,8,0.0024373448703941696,0.002020416708615679,0.0014396541655723296,0.00041888685500626255,0.005029663108042756,0.0,True,False,False
PSRC1,180.0,141.0,322.0,8,0.6993588166003468,0.6354790141013621,0.12193136107399341,0.61925774784897,0.9522672325507082,0.25,8,0.0024393426584384155,0.002082670426723489,0.001868653943765319,0.00041888685500626255,0.005593877218308482,0.0,True,False,False
PSRC1,180.0,142.0,323.0,8,0.7256336657596016,0.6808267246000284,0.12562970130239956,0.6324947929919651,0.9775337302603665,0.25,8,0.0017822025328334144,0.0017049271003525984,0.0007216000960055443,0.0010457821075643262,0.00317763524397079,0.0,True,True,False
PSRC1,180.0,143.0,324.0,8,0.7149956269238347,0.6808267246000284,0.1274479488083738,0.5834012963967,0.9732498023948147,0.25,8,0.001977822591154248,0.002351123077638323,0.0011957990243488723,0.00029009576520773244,0.00317763524397079,0.0,True,True,False
PSRC1,180.0,144.0,325.0,8,0.7251487167194379,0.6813325282676038,0.1151732712215958,0.6324947929919651,0.9747815152425237,0.25,8,0.002993651941314751,0.003074643430726101,0.0015906065256607765,0.00026554122863816276,0.005652084430178976,0.0,True,True,False
PSRC1,180.0,145.0,326.0,8,0.721577694038252,0.6862895681332521,0.1092941822051253,0.6327358815647501,0.9563264967193382,0.25,8,0.0023715263235321803,0.002472079081136359,0.001483771301477525,0.00026554122863816276,0.004246963584096137,0.0,True,True,False
PSRC1,180.0,146.0,327.0,8,0.7272280701363569,0.6774478398523953,0.10680365253961352,0.6512595018865982,0.9563264967193382,0.375,8,0.0020844312046999014,0.001584360858266911,0.0021633946980741366,5.001561692626948e-05,0.006100073147718842,0.0,True,True,False
PSRC1,180.0,147.0,328.0,8,0.717901351044564,0.6738478321955497,0.10813210884034377,0.6431105077351651,0.9581100842207515,0.25,8,0.004124760126637305,0.00357903949086134,0.0033627151015485145,0.0003779979523551578,0.010037084341964297,0.0,True,True,False
PSRC1,180.0,148.0,329.0,8,0.7158454061232897,0.6693635736127591,0.10577889059218182,0.6535551847897003,0.9581100842207515,0.25,8,0.002586162925736607,0.0017622466367368242,0.0025022349383493777,1.4065602390888575e-05,0.006100073147718842,0.0,True,True,False
PSRC1,180.0,149.0,330.0,8,0.7156884596835719,0.677806320116803,0.10683531018233595,0.6374762749228731,0.9633324264388837,0.25,8,0.0025072920848541536,0.0027114404863392027,0.0015526771891649902,0.0006640493900733526,0.0050533216428129135,0.0,True,True,False
PSRC1,180.0,150.0,331.0,8,0.6963259844701223,0.6767034341124943,0.07409287119131402,0.6217303536937637,0.8477738780749975,0.25,8,0.0026967319051667124,0.0032324207233137073,0.001436957712034016,0.0008619159949837881,0.00414388485184527,0.0,True,False,False
PSRC1,180.0,151.0,332.0,8,0.7003875157163898,0.6555528479456707,0.0974203652397941,0.6363761474420305,0.9250761667683705,0.25,8,0.0018208243051265735,0.0017529272054515334,0.0012326468764177595,0.0001728992297910479,0.003913908850933972,0.0,True,True,False
PSRC1,180.0,152.0,333.0,8,0.6837830366924675,0.6470914789080771,0.09342050734495677,0.6225659812928398,0.8986128907297157,0.25,8,0.0030118226500896786,0.002154527502111664,0.002738787872532245,0.00041600317447243896,0.007798222327468163,0.0,True,False,False
PSRC1,180.0,153.0,334.0,8,0.6829294364264412,0.6436998865370571,0.09845888853557518,0.6142251624715164,0.9111258278945842,0.25,8,0.003007650852302531,0.002286794996958393,0.0024307442826978277,0.0002058600728764613,0.006605994946312445,0.0,True,False,False
PSRC1,180.0,154.0,335.0,8,0.6793889211917202,0.6369681798148408,0.10247558378208832,0.6173907133867554,0.9169144349447746,0.25,8,0.0031674351564571985,0.0028168284603369374,0.002015177314754423,0.0002757657615806594,0.00611691038790156,0.0,True,False,False
PSRC1,180.0,155.0,336.0,8,0.6708135704499549,0.6333639797974562,0.09575884979360048,0.5946222609604453,0.8932966647201921,0.125,8,0.00168143710708749,0.0013466994600390605,0.0013393203321376706,0.0002757657615806594,0.003678897852659595,0.0,True,False,False
PSRC1,180.0,156.0,337.0,8,0.675037066811568,0.6652581828642976,0.03482630418213154,0.6407155446106073,0.7446969036431367,0.25,8,0.0019000712417206608,0.001393900125436672,0.0014298054754703672,0.00040323366641108926,0.004753167210098745,0.0,True,False,False
PSRC1,180.0,157.0,338.0,8,0.6617894157739053,0.6435890077137011,0.05803382162141832,0.6050406614399481,0.7784394718070224,0.25,8,0.0034217250612683736,0.002605343839946067,0.0021331950457603127,0.0015861680062623266,0.006974240135675483,0.0,True,False,False
PSRC1,180.0,158.0,339.0,8,0.6842491578259339,0.6546405864250049,0.08429283858729322,0.6215700749496933,0.8821042314362615,0.25,8,0.002717033401783346,0.001099741181927641,0.003466163683307908,1.9334346780443772e-05,0.009396656828730926,0.0,True,False,False
PSRC1,180.0,159.0,340.0,8,0.6828198307898483,0.6554853583948412,0.08198232272525736,0.6215700749496933,0.8821042314362615,0.125,8,0.0017910989207782291,0.0009558185701393061,0.0017669835953507908,0.00012707408229821043,0.0051152105580386424,0.0,True,False,False
PSRC1,180.0,160.0,341.0,8,0.6880845714391197,0.662823930092573,0.09275831237334552,0.6079737069628108,0.909519435456012,0.125,8,0.002473338374192892,0.0015237123634125184,0.0024547493424585407,0.0004171419084857952,0.007181494893109235,0.0,True,False,False
PSRC1,181.0,105.0,287.0,8,0.5935600196951203,0.5803054950828987,0.13566183872054458,0.4412423042209734,0.8762683884922452,0.125,8,0.001523015451397669,0.0014493586231056435,0.0011382545741133257,0.00014299999747138548,0.002863872703204333,0.0,True,False,False
PSRC1,181.0,106.0,288.0,8,0.5975548784775132,0.5795763176029768,0.13119924157295113,0.47380798206354924,0.8762683884922452,0.125,8,0.0025190842341639196,0.00228490437981736,0.0018786826621670066,0.0002650190693328839,0.0058248502037951564,0.0,True,False,False
PSRC1,181.0,107.0,289.0,8,0.6287054124425957,0.6048223570283383,0.1413367031675978,0.4723400120280778,0.9208035234002183,0.125,8,0.0024652087307418294,0.0017539262132963158,0.0021725671089895707,0.0003593456576771824,0.006894929323088525,0.0,True,False,False
PSRC1,181.0,108.0,290.0,8,0.595366326076131,0.6048223570283383,0.09630982532422915,0.4723400120280778,0.7557489615722076,0.125,8,0.003043171444658795,0.002626327573064311,0.002277514918752592,0.0003593456576771824,0.006894929323088525,0.0,True,False,False
PSRC1,181.0,109.0,291.0,8,0.5664400315392017,0.5962898288810391,0.08567565683001371,0.43541303334969,0.6467741878912252,0.0,8,0.0031474770813589167,0.00317776894795311,0.002175169443138449,0.0003931729911780724,0.006894929323088525,0.0,True,False,False
PSRC1,181.0,110.0,292.0,8,0.5665925075313997,0.578272684473489,0.08535758378890083,0.43541303334969,0.6844483656435293,0.0,8,0.003529927081324542,0.003081029443227967,0.0019408715993765883,0.001651162142382544,0.007963864478174034,0.0,True,False,False
PSRC1,181.0,111.0,293.0,8,0.5646178765578063,0.5781192363551553,0.08068961739718755,0.44976171303069645,0.6628075439931463,0.0,8,0.0030682826852995513,0.0028369289959856436,0.002183746776988164,6.947497695009727e-05,0.0071231171550995565,0.0,True,False,False
PSRC1,181.0,112.0,294.0,8,0.5609456990932398,0.5417311502715367,0.10444753018538187,0.43064193498832004,0.7458171302864882,0.125,8,0.0028494619157349724,0.0023623062152037114,0.0025059030630474447,6.947497695009727e-05,0.007797340873398386,0.0,True,False,False
PSRC1,181.0,113.0,295.0,8,0.5765463721174944,0.5922636147193373,0.07850171120688325,0.45166700991917297,0.6844657734090976,0.0,8,0.0026178161913114036,0.0027306624055499383,0.0019057427500835068,0.00015673679991946987,0.004792210844271554,0.0,True,False,False
PSRC1,181.0,114.0,296.0,8,0.5822946733843586,0.5616282817543807,0.0989879598554094,0.457217126314921,0.7230605985586006,0.125,8,0.0028275138050625035,0.002321895783011972,0.0024944610886510916,0.00023046950401873077,0.007419141213990594,0.0,True,False,False
PSRC1,181.0,115.0,297.0,8,0.6280337611744004,0.6079059801460903,0.15577181296811743,0.457217126314921,0.9389140995526875,0.25,8,0.002263068266695192,0.002253739096111604,0.0018366661811107135,0.00021188656029721536,0.004742306794883855,0.0,True,False,False
PSRC1,181.0,116.0,298.0,8,0.5880581590221656,0.6004894152786098,0.0813500433870594,0.4764271215391937,0.7191044745258599,0.125,8,0.002741258859020589,0.002634934824756667,0.0016819946686002344,0.00023046950401873077,0.005215712510362242,0.0,True,False,False
PSRC1,181.0,117.0,299.0,8,0.5865112952112818,0.6128876568474122,0.0848394773101461,0.4556041226792713,0.7086512089888222,0.125,8,0.0032232641159958713,0.0025958711716658946,0.002562353591744961,0.0007403691653705094,0.00810145278650598,0.0,True,False,False
PSRC1,181.0,118.0,300.0,8,0.5690898986151693,0.5814695629704209,0.08655621761926907,0.4397424681164563,0.6984958715385382,0.0,8,0.0033318904230413013,0.002729450505321864,0.002511421065803711,0.00044065010706259203,0.007792555513818323,0.0,True,False,False
PSRC1,181.0,119.0,301.0,8,0.5676899952495182,0.5801545927579328,0.0847241786867474,0.4390111216029766,0.6984958715385382,0.0,8,0.0023614083560709632,0.0025594351776323573,0.001688420660827675,0.00044065010706259203,0.004693754603177559,0.0,True,False,False
PSRC1,181.0,120.0,302.0,8,0.5727406849000511,0.5892449072907804,0.08083709170050452,0.4615375725474722,0.6984958715385382,0.0,8,0.0024084327612655496,0.0021340706789024404,0.0017127431264486424,0.00044065010706259203,0.004693754603177559,0.0,True,False,False
PSRC1,181.0,121.0,303.0,8,0.5831424153599677,0.6177460554583454,0.08910038168739144,0.4615375725474722,0.6984958715385382,0.0,8,0.0023365913900342218,0.0011875152859374218,0.002669314404676666,0.00044065010706259203,0.008021019659290932,0.0,True,False,False
PSRC1,181.0,122.0,304.0,8,0.5682340104822042,0.5786846104019976,0.08555693003219957,0.45085241832103873,0.7042864812651385,0.125,8,0.001977443055420434,0.0013004464811869408,0.0017900553392431657,0.0002332950237842558,0.0046683520344027556,0.0,True,False,False
PSRC1,181.0,123.0,305.0,8,0.565940392700904,0.5889742981016063,0.08400067802473224,0.45317994912067794,0.7011290959008167,0.125,8,0.0025768030091160446,0.0025040519792549724,0.001731167991124203,0.0003743378441482968,0.005756439521606076,0.0,True,False,False
PSRC1,181.0,124.0,306.0,8,0.5502625008141155,0.5582352570933793,0.07662439858738741,0.45971088973959096,0.681899435294698,0.0,8,0.002007133562039651,0.001626894091511559,0.0019886139820101192,0.0001285421313065351,0.005756439521606076,0.0,True,False,False
PSRC1,181.0,125.0,307.0,8,0.56535287153645,0.5653017614904676,0.07169127351179184,0.48057910983668256,0.7001766437118767,0.125,8,0.0035487412923142264,0.0038141091630064282,0.0012516885273269435,0.0019063362917682346,0.005021279613366814,0.0,True,False,False
PSRC1,181.0,126.0,308.0,8,0.5627987016713266,0.5581626774980419,0.06167512327165588,0.48057910983668256,0.6792410283928739,0.0,8,0.0029368197325462886,0.0026887984594425552,0.0013573161906944655,0.0012611174385461826,0.005021279613366814,0.0,True,False,False
PSRC1,181.0,127.0,309.0,8,0.570572611995724,0.5624435041698088,0.06797540947784715,0.5073800054277056,0.7098432012196773,0.125,8,0.0027833051519082224,0.0030281178778655857,0.0015740767823888648,4.695470778742513e-06,0.004958246825282868,0.0,True,False,False
PSRC1,181.0,128.0,310.0,8,0.5774397983570211,0.5663343342278304,0.06988349761141871,0.5032394512913319,0.7067602364364777,0.125,8,0.0019474621240743023,0.000973334885827888,0.0026567517936477167,4.695470778742513e-06,0.008251503538058499,0.0,True,False,False
PSRC1,181.0,129.0,311.0,8,0.5862721369504175,0.5730778016720953,0.07328862778535868,0.5075451209197076,0.7212102190381371,0.125,8,0.0017077647650870708,0.0018695134662746887,0.0010292521651867192,0.0003575521614117621,0.0031395283510486376,0.0,True,False,False
PSRC1,181.0,130.0,312.0,8,0.6114251150407356,0.6008207600905766,0.07593568511863755,0.5075451209197076,0.7046892922176454,0.25,8,0.0023001412642046928,0.002140315891399816,0.0018428606066059857,4.008421138811183e-05,0.0050187178417937205,0.0,True,False,False
PSRC1,181.0,131.0,313.0,8,0.622306489859804,0.6008207600905766,0.0688690770639846,0.5495325872067321,0.7251950873091573,0.25,8,0.002721468627315246,0.0021751616802450618,0.0015329076426071726,0.00045940940573797553,0.0050187178417937205,0.0,True,False,False
PSRC1,181.0,132.0,314.0,8,0.6338169633124857,0.6276393598242398,0.07599576899962217,0.5315405117868026,0.7567900923205643,0.25,8,0.0022570387521431176,0.002069506177785992,0.0015197271052132119,0.00038953165604957977,0.004783618585388373,0.0,True,False,False
PSRC1,181.0,133.0,315.0,8,0.6206780143949973,0.604040887958069,0.0706264053519697,0.5315405117868026,0.7330430283322747,0.125,8,0.0023485035847894556,0.002266747787411148,0.001751805447266113,0.0003990867041008283,0.00545516138071748,0.0,True,False,False
PSRC1,181.0,134.0,316.0,8,0.6445153789016831,0.6270687993214248,0.055296671653261256,0.5760257775288242,0.7292889211222631,0.25,8,0.002451150793966279,0.002406402143176096,0.0014897743066974714,0.0001589698590167007,0.004358021938218411,0.0,True,False,False
PSRC1,181.0,135.0,317.0,8,0.6766738700375732,0.6269921731965231,0.10210217114694688,0.5938793637407963,0.8768900028248301,0.375,8,0.002202988527714001,0.002306147171259753,0.0013884434668627074,6.580528688142797e-05,0.004488770773626667,0.0,True,False,False
PSRC1,181.0,136.0,318.0,8,0.680952575446637,0.641066367544989,0.10906095539997192,0.5838548713177638,0.884088138782505,0.375,8,0.0017241251779873347,0.0011724706003516001,0.001883957883173723,6.682948939946082e-05,0.005737171556953352,0.0,True,False,False
PSRC1,181.0,137.0,319.0,8,0.6596098588234706,0.6354801095692655,0.07377424974212939,0.5938373431972357,0.7911765888253154,0.375,8,0.0015776287379716016,0.0014373748680280058,0.0007804661443619403,0.0005763720677800622,0.0031252081838956188,0.0,True,False,False
PSRC1,181.0,138.0,320.0,8,0.6695750238326904,0.6480890996601503,0.07678388968815494,0.5938373431972357,0.7889309940445305,0.25,8,0.002011040919475365,0.0016187880390323508,0.0015517800049245248,0.0005763720677800622,0.005092937695426958,0.0,True,False,False
PSRC1,181.0,139.0,321.0,8,0.6413733079160745,0.6318312407297837,0.07121299429916496,0.5735563958911183,0.775751492051108,0.25,8,0.0015942665313626093,0.0015607518353212783,0.0010567715124684672,0.00022602927825345745,0.0030132065017128428,0.0,True,False,False
PSRC1,181.0,140.0,322.0,8,0.6650344706171857,0.6438622332561068,0.08377963577494783,0.5745616756330326,0.802453396085612,0.25,8,0.0016542291005490605,0.0015444219890367167,0.0014277994247366584,2.2485200100154747e-05,0.0042980921922706,0.0,True,False,False
PSRC1,181.0,141.0,323.0,8,0.6710163376509846,0.631225320790739,0.0861877685236603,0.5770765693224538,0.8049062618138819,0.25,8,0.002316125286091477,0.0020171480070660577,0.0020636675423537157,2.2485200100154747e-05,0.0055609505725840395,0.0,True,False,False
PSRC1,181.0,142.0,324.0,8,0.6954656978520375,0.6712045511112945,0.08387807226788697,0.60987082547661,0.8249465682322781,0.375,8,0.0027296833442193146,0.0024808542623436765,0.0017804394763033223,0.0006988716907083197,0.005724865711185579,0.0,True,False,False
PSRC1,181.0,143.0,325.0,8,0.6878942134606431,0.6712045511112945,0.09118937607059235,0.5789970451719112,0.8252190509914238,0.375,8,0.0020547440931573727,0.0017801552570152362,0.0011492588651209916,0.0003516850050946652,0.0035211186854878945,0.0,True,False,False
PSRC1,181.0,144.0,326.0,8,0.6942690304751851,0.6673033674420819,0.07671061209075924,0.6145437948633374,0.8257046435966062,0.25,8,0.0019503182062048153,0.0020331337117303035,0.0009789373616410834,0.00041828280960505587,0.00317763524397079,0.0,True,False,False
PSRC1,181.0,145.0,327.0,8,0.6937427986729108,0.6712799599192028,0.06987686449292228,0.6079880759935998,0.7995302351862231,0.375,8,0.0019507497727665635,0.0019057166763168604,0.0012983911125534985,0.0001753660631310311,0.004246963584096137,0.0,True,False,False
PSRC1,181.0,146.0,328.0,8,0.6947264530622198,0.6581746779164341,0.06962490793629923,0.615847002276086,0.7995302351862231,0.375,8,0.002905294586790999,0.002762783404745445,0.002266382644583764,5.001561692626948e-05,0.006100073147718842,0.0,True,False,False
PSRC1,181.0,147.0,329.0,8,0.6900375864204049,0.6717283203636448,0.06482110397658916,0.615847002276086,0.8061660621032563,0.25,8,0.0032833832923536794,0.002396237350653102,0.0033043004367932084,0.0001518778601477469,0.010037084341964297,0.0,True,False,False
PSRC1,181.0,148.0,330.0,8,0.6879552741699159,0.6583547650211048,0.05846480420101394,0.6316298799054212,0.8061660621032563,0.25,8,0.00296931092320885,0.003344367401108499,0.002020801681430158,0.00034830813728590874,0.006100073147718842,0.0,True,False,False
PSRC1,181.0,149.0,331.0,8,0.6861353210521238,0.6675813710031564,0.061506282348217194,0.6219426092181554,0.8154666534465372,0.25,8,0.00217399456650462,0.002159978106172012,0.001713164750984928,0.00010261730410706423,0.0050533216428129135,0.0,True,False,False
PSRC1,181.0,150.0,332.0,8,0.6679055063749739,0.6568976632130817,0.03792335378059659,0.6217303536937637,0.7251185081528942,0.25,8,0.0021337378744520456,0.001997532115666609,0.0014100781267469913,0.0005967742174919778,0.0039918807773142734,0.0,True,False,False
PSRC1,181.0,151.0,333.0,8,0.671323822288424,0.6503779789640245,0.05390523437055084,0.6161017669843,0.7749284873789007,0.25,8,0.0012723122549856403,0.0007113620501037353,0.0012703936000182882,9.089655574389138e-05,0.0033939575248067896,0.0,True,False,False
PSRC1,181.0,152.0,334.0,8,0.6593431666004449,0.6461173822035298,0.05538714599908704,0.5898043685945508,0.7656149824535888,0.125,8,0.00291637931950001,0.001481214878018942,0.003138697899906886,0.0008619159949837881,0.010245638935121683,0.0,True,False,False
PSRC1,181.0,153.0,335.0,8,0.651076099680722,0.6436998865370571,0.05755292704794219,0.5817494687596043,0.764711717415428,0.125,8,0.002465777493052318,0.0015507095075208738,0.0017980041115763612,0.001085598975126088,0.005966067373332615,0.0,True,False,False
PSRC1,181.0,154.0,336.0,8,0.6477867851717756,0.6369232867070693,0.05677539017139607,0.5742369133104378,0.7573254747351776,0.125,8,0.0028050096041206127,0.002878428847649164,0.0018510907439281677,0.0007737860324635252,0.006158666106523761,0.0,True,False,False
PSRC1,181.0,155.0,337.0,8,0.6443534563940652,0.6394173384507159,0.06372001383629514,0.5482604362982211,0.7677046917318824,0.125,8,0.001558928043202596,0.001476913741904519,0.0009425961509095407,0.0003398502674959187,0.00337108610255662,0.0,True,False,False
PSRC1,181.0,156.0,338.0,8,0.6466203450820623,0.6448220104387774,0.020590662445454645,0.6142424125347016,0.6771269195671539,0.0,8,0.0015697096561806717,0.0016045382772315524,0.0009038068797666346,5.9449613723752495e-05,0.003016122433105077,0.0,True,False,False
PSRC1,181.0,157.0,339.0,8,0.6391848653436895,0.639970585825913,0.038119694367267885,0.5629136114469134,0.6933930079320908,0.0,8,0.003167529962282112,0.0030992749847102105,0.0021861088522068767,7.102242524251492e-05,0.006449755600802821,0.0,True,False,False
PSRC1,181.0,158.0,340.0,8,0.6603256522176504,0.6549040592258084,0.04337975001260142,0.6051482729572546,0.7488639555304764,0.125,8,0.0020925205391990323,0.0014133032245470206,0.0019871535252306617,0.00026515948936687314,0.006449755600802821,0.0,True,False,False
PSRC1,181.0,159.0,341.0,8,0.6557265755089643,0.6542750766100481,0.043128743332975825,0.6051482729572546,0.7488639555304764,0.125,8,0.0013904518277677586,0.001329859278241269,0.0008152955542123311,0.00026515948936687314,0.002994847330556795,0.0,True,False,False
PSRC1,181.0,160.0,342.0,8,0.6599457168048748,0.6600303769486707,0.05365029580257147,0.592803152997874,0.7710418114899981,0.125,8,0.002281895234881383,0.0018682002509167557,0.0022162274335833934,0.0001152727451843839,0.006695572150805908,0.0,True,False,False
PSRC1,182.0,105.0,288.0,8,0.5940675143106259,0.5853960038701314,0.1501794357564105,0.40330912730189145,0.85823457222988,0.25,8,0.0025572286963184156,0.0016317290489178413,0.0022654881051241815,0.0006227420212189056,0.006263031425095078,0.0,True,False,False
PSRC1,182.0,106.0,289.0,8,0.5993757971827431,0.5855689779278977,0.14405177658865356,0.41383542189965244,0.85823457222988,0.25,8,0.002966547610755252,0.002891320064863219,0.002136848912050901,0.00029059040336278894,0.0060657389761766736,0.0,True,False,False
PSRC1,182.0,107.0,290.0,8,0.6300397891855886,0.6108452120724917,0.15430460844128888,0.4112353090120824,0.9008807631310102,0.25,8,0.0031016445893058252,0.003191278193679921,0.0020133735963148757,0.00018771494275917833,0.005695674277628126,0.0,True,False,False
PSRC1,182.0,108.0,291.0,8,0.5957635058384426,0.6108452120724917,0.11459740536622091,0.4112353090120824,0.7348458726936702,0.25,8,0.0026049279672163265,0.0013536734075754492,0.0027334063924939586,0.00018771494275917833,0.007810698599287011,0.0,True,False,False
PSRC1,182.0,109.0,292.0,8,0.5723673011013659,0.6032027613360189,0.11843146753540386,0.36900784299061323,0.7342025406520541,0.125,8,0.002247938871230035,0.002269645704695557,0.0013651958808613156,6.54499589707156e-05,0.003921337210275427,0.0,True,False,False
PSRC1,182.0,110.0,293.0,8,0.5680048433264782,0.5883343066916232,0.11453697131869642,0.36900784299061323,0.7358122250316027,0.125,8,0.0026076621346600467,0.0029232146851485234,0.0014332236719362828,0.0008075629115077178,0.005085701770298822,0.0,True,False,False
PSRC1,182.0,111.0,294.0,8,0.5703853274673478,0.5907785444884719,0.10861178465331463,0.3952929073244514,0.7358122250316027,0.125,8,0.002249948015878491,0.001780394072918003,0.001900216812823291,6.947497695009727e-05,0.0049364606282508135,0.0,True,False,False
PSRC1,182.0,112.0,295.0,8,0.5651933730916713,0.5470262789017462,0.12845096873604955,0.37403000959725924,0.7530113742022876,0.25,8,0.002873396358486813,0.0032379754077395562,0.001456844982497754,6.947497695009727e-05,0.004423442980555128,0.0,True,False,False
PSRC1,182.0,113.0,296.0,8,0.5799847284403759,0.6053352615866742,0.10872960242086493,0.4060930904015792,0.7255114896175107,0.125,8,0.0035728125344458117,0.0026294975182085817,0.002572675583159621,0.0009909505351632481,0.008077746027538088,0.0,True,False,False
PSRC1,182.0,114.0,297.0,8,0.5848406159688887,0.5672723347817269,0.12525136362484263,0.41255357380688124,0.7942580356385667,0.125,8,0.00210972093896413,0.0021024501000296574,0.001521451667630146,0.00023046950401873077,0.004827233357355411,0.0,True,False,False
PSRC1,182.0,115.0,298.0,8,0.6210749369735709,0.6059619010470998,0.18227745671873505,0.4127561937586049,1.0007664031442267,0.125,8,0.002537021417106643,0.0028547146748791694,0.0016970118527573478,0.00023046950401873077,0.004827233357355411,0.0,True,False,False
PSRC1,182.0,116.0,299.0,8,0.5882519483155201,0.6009612876970356,0.11531675582837875,0.42384474865582045,0.7962865513711698,0.125,8,0.0026416947324668563,0.0017741833444545885,0.0025768465329335448,0.00023046950401873077,0.007951029329464671,0.0,True,False,False
PSRC1,182.0,117.0,300.0,8,0.5895512170131744,0.6084323512573993,0.119451412287458,0.4275507052632209,0.7985854120763559,0.125,8,0.0033512189320280073,0.0029270455809069728,0.0029124373075800777,0.0004259743418433548,0.007951029329464671,0.0,True,False,False
PSRC1,182.0,118.0,301.0,8,0.5721659009762852,0.5749134891109564,0.12241033571860621,0.40125806736295283,0.7893554003341535,0.125,8,0.0024070311177104803,0.001854123802358388,0.0025622296705736505,0.00017118207749405604,0.008205662202454722,0.0,True,False,False
PSRC1,182.0,119.0,302.0,8,0.5725414613763575,0.5747823582505704,0.12134457669865396,0.40125806736295283,0.7893554003341535,0.125,8,0.0015198260915529152,0.0014768790916946965,0.0011464496482249677,0.00017118207749405604,0.0032443682927520605,0.0,True,False,False
PSRC1,182.0,120.0,303.0,8,0.5770185357454938,0.5814991476473264,0.11783828142845147,0.40387732921829067,0.7893554003341535,0.125,8,0.0017591527073362052,0.002035620394892179,0.0012163298990272595,0.00017118207749405604,0.0032443682927520605,0.0,True,False,False
PSRC1,182.0,121.0,304.0,8,0.5867018574900426,0.6182584904682433,0.1229276885964032,0.4040895142178055,0.7893554003341535,0.125,8,0.0018847711504097666,0.0015770404144614194,0.0016086091301060694,0.00017118207749405604,0.004459862057629184,0.0,True,False,False
PSRC1,182.0,122.0,305.0,8,0.5701949067543626,0.5830220837881201,0.11790174031499132,0.39171215085038724,0.7840695758217343,0.125,8,0.0021927784843129524,0.002231251614242751,0.0013203505544712865,0.0007091474487406439,0.003952155248460891,0.0,True,False,False
PSRC1,182.0,123.0,306.0,8,0.5691588255753803,0.5848913692389883,0.11884464280203494,0.39159709966402484,0.7879720373962464,0.125,8,0.0024991279328295075,0.002318313116901032,0.0012829204252085482,0.0004943804721558868,0.0047475955756800395,0.0,True,False,False
PSRC1,182.0,124.0,307.0,8,0.5523745320331815,0.5519656346815591,0.10923556117635505,0.41361435487041914,0.7688374055233456,0.125,8,0.0016729926387903853,0.0017414676173992368,0.0013128612366681313,6.918499621106466e-05,0.0031662941455298595,0.0,True,False,False
PSRC1,182.0,125.0,308.0,8,0.5634964317653613,0.554866999164549,0.10542146149458309,0.4213703130941392,0.7816530582724971,0.125,8,0.0031114322210312167,0.002760907035529024,0.0017502726352941513,0.0008785291283078221,0.006410435684258722,0.0,True,False,False
PSRC1,182.0,126.0,309.0,8,0.5610465384577683,0.5477279151721233,0.09579087855518888,0.4213703130941392,0.7550219657163836,0.125,8,0.0021819409340248755,0.0022934342098225257,0.0009489645475171536,0.0008524917773268621,0.0032917070954447945,0.0,True,False,False
PSRC1,182.0,127.0,310.0,8,0.5715753528386498,0.5528530529579643,0.10370756012289467,0.450315296418473,0.7938078317040274,0.125,8,0.0019686394833145398,0.001475789128023843,0.0017038957013151335,0.0003232733159264407,0.005649609109207637,0.0,True,False,False
PSRC1,182.0,128.0,311.0,8,0.5784667973203219,0.560657750203283,0.10430864705721253,0.450315296418473,0.7921289619414962,0.125,8,0.0031626040898612095,0.0030125536412670883,0.0021850347763859392,0.0003232733159264407,0.007022633911707634,0.0,True,False,False
PSRC1,182.0,129.0,312.0,8,0.5882510238008658,0.5633578237910786,0.10934452196814745,0.450315296418473,0.8104524860511421,0.125,8,0.002959735655575078,0.002478310601088306,0.0021757651779766383,0.0003232733159264407,0.006278422639019292,0.0,True,False,False
PSRC1,182.0,130.0,313.0,8,0.6115871612253856,0.6028767150596932,0.10667121057557646,0.450315296418473,0.792684820748772,0.125,8,0.0018353456285708678,0.0016524581482759877,0.0014830226176976756,8.648634668319788e-05,0.004907819007299742,0.0,True,False,False
PSRC1,182.0,131.0,314.0,8,0.6235674121134731,0.6028767150596932,0.1037501672244349,0.483872567072876,0.822744478908537,0.125,8,0.002096084243099995,0.0016524581482759877,0.0015485647883595546,0.0002520439359523223,0.004907819007299742,0.0,True,False,False
PSRC1,182.0,132.0,315.0,8,0.6341510116928483,0.6277231163328163,0.11099892273755155,0.4677933659872432,0.8449891515589645,0.125,8,0.0015501899714447406,0.001515517658739776,0.0012032293134366181,0.0002520439359523223,0.0036641714580570206,0.0,True,False,False
PSRC1,182.0,133.0,316.0,8,0.6210245602813125,0.5976406890911691,0.1068198636705468,0.4677933659872432,0.8242074749246455,0.125,8,0.0018025453506457167,0.001807142796903301,0.0015308836735164106,0.00013580646190702815,0.00404361520246963,0.0,True,False,False
PSRC1,182.0,134.0,317.0,8,0.6445300867486651,0.6147466743942679,0.09068242033310712,0.5534285575654716,0.8224307863834226,0.25,8,0.002332850047320441,0.0017375617974603138,0.0019263856195434568,0.0001589698590167007,0.0058385344906129325,0.0,True,False,False
PSRC1,182.0,135.0,318.0,8,0.6751356989756546,0.6134617868339833,0.12550895426110736,0.5534285575654716,0.8866112932584395,0.375,8,0.00178706014659612,0.0012717997243154185,0.0017098030180109235,0.0002783835336252862,0.005397445769195756,0.0,True,False,False
PSRC1,182.0,136.0,319.0,8,0.6773900437633836,0.6261253857411986,0.1358264483327049,0.5157887512004504,0.8865689095757054,0.375,8,0.0017667219178265875,0.0007704446525476751,0.0021683872813012517,0.0001410441905901282,0.005397445769195756,0.0,True,False,False
PSRC1,182.0,137.0,320.0,8,0.6595892069888507,0.6273035971610414,0.10868685795837758,0.5360525616415831,0.881361811887286,0.375,8,0.0017996308875111405,0.0014062941020316095,0.0015125131375593468,0.0004362624805037558,0.004986259743556368,0.0,True,False,False
PSRC1,182.0,138.0,321.0,8,0.6676795487233657,0.6402756361439829,0.1065747644152613,0.5360525616415831,0.8698601893149985,0.25,8,0.002420986841052165,0.002707745001025467,0.0019144136252790228,0.00020956424794983967,0.005794531575268389,0.0,True,False,False
PSRC1,182.0,139.0,322.0,8,0.6411322088265563,0.6175503381129697,0.11094324018405817,0.5002016980273815,0.8698601893149985,0.25,8,0.001649103855556383,0.0012107716388220324,0.0014512506067660207,0.00020956424794983967,0.00476421595079569,0.0,True,False,False
PSRC1,182.0,140.0,323.0,8,0.6621634322873093,0.6345966409493621,0.11711118615745374,0.5028280083239333,0.8698601893149985,0.25,8,0.0026458126877606757,0.001913113031640231,0.0025054476333531144,0.00020956424794983967,0.008069718303913221,0.0,True,False,False
PSRC1,182.0,141.0,324.0,8,0.6653379629286916,0.6225371295053826,0.12168835009092037,0.5028280083239333,0.9000194058541375,0.25,8,0.001833685127363995,0.0018496327586835456,0.0014651300524073426,0.0003017048857808007,0.004745293365819078,0.0,True,False,False
PSRC1,182.0,142.0,325.0,8,0.6947487870216302,0.6631919972146895,0.1236298014716269,0.534704826648903,0.9280174594454588,0.25,8,0.0033961264271749362,0.0030092080855626344,0.002514590141465341,0.000629418522708913,0.007838782623572222,0.0,True,False,False
PSRC1,182.0,143.0,326.0,8,0.6865500073638601,0.6631919972146895,0.12761705423211842,0.5352827234172657,0.9333136978191859,0.375,8,0.0023281920025533505,0.0015649193009796619,0.0024377914166778115,0.0004596794744642593,0.007838782623572222,0.0,True,False,False
PSRC1,182.0,144.0,327.0,8,0.6961207820138876,0.6586529226820257,0.11644030737271478,0.5503182545013326,0.9329964892190292,0.25,8,0.0020763569589696248,0.0011391704755832884,0.0021589265635950966,0.00063688551466752,0.007006483009231126,0.0,True,False,False
PSRC1,182.0,145.0,328.0,8,0.6955399680721814,0.6655623302497529,0.10941512829062354,0.549062364037617,0.91029499418742,0.375,8,0.0021008052285189276,0.0015655608385976693,0.0020862066688553844,9.58793154250903e-06,0.006337795507424492,0.0,True,False,False
PSRC1,182.0,146.0,329.0,8,0.6981959893795489,0.6543374430268577,0.11102407370006019,0.5520518053659625,0.91029499418742,0.375,8,0.0026083861783749818,0.002649301441609262,0.0017765208620920169,0.0001518778601477469,0.005135326960133771,0.0,True,False,False
PSRC1,182.0,147.0,330.0,8,0.6891140446182191,0.6601152666160907,0.10632482262466406,0.5520518053659625,0.9099495429762677,0.25,8,0.0023642171746198403,0.0013622118010092274,0.0023356278908286798,0.0001518778601477469,0.005938694640428406,0.0,True,False,False
PSRC1,182.0,148.0,331.0,8,0.6843932471427825,0.6538938029650772,0.10546176857306434,0.5469547442197584,0.9099495429762677,0.25,8,0.002166225057688726,0.0023881557363128847,0.0013487315614327733,0.0003651500615044572,0.004096407706808193,0.0,True,False,False
PSRC1,182.0,149.0,332.0,8,0.6850105005186639,0.6601120298670602,0.10403269448635713,0.5663218378554691,0.9149362551919423,0.25,8,0.0026059706532167034,0.0026852322826935613,0.0012796806642770275,0.00015841479872758432,0.004078240897957717,0.0,True,False,False
PSRC1,182.0,150.0,333.0,8,0.6626945725321882,0.6407225877186267,0.06745413945187102,0.5663218378554691,0.7828461927163869,0.25,8,0.002753039857749009,0.002698884374050578,0.0014163002015447482,0.00015841479872758432,0.004388365633145469,0.0,True,False,False
PSRC1,182.0,151.0,334.0,8,0.6680584284640856,0.6362278816233149,0.09337848238495032,0.5453459487615302,0.8644984941447645,0.25,8,0.00205521467351847,0.0020380722568085494,0.0013020002959880086,0.00023594525853623674,0.004388365633145469,0.0,True,False,False
PSRC1,182.0,152.0,335.0,8,0.655416643687573,0.6337016229915694,0.09977418129916539,0.5105894426335497,0.8603404663514495,0.25,8,0.0032257462991521404,0.002288913803943703,0.0029153109728057925,0.0007888365157576672,0.009910061443942797,0.0,True,False,False
PSRC1,182.0,153.0,336.0,8,0.6515074169856144,0.632830028416303,0.09968529477333563,0.514168726761345,0.8592947754854278,0.25,8,0.003217859398490805,0.0023558122366310946,0.0023112706302087513,0.0004188631617495166,0.007361229819447909,0.0,True,False,False
PSRC1,182.0,154.0,337.0,8,0.6496365401672978,0.6282717893030629,0.10176076259338264,0.5006627396566428,0.8592255337929343,0.25,8,0.0019300458329765458,0.0015283347700245414,0.0018138357061220174,6.028285040058785e-05,0.005939093164489032,0.0,True,False,False
PSRC1,182.0,155.0,338.0,8,0.6441797577359902,0.641155308648558,0.10303010314835484,0.47688466119604805,0.8501320255847592,0.125,8,0.00214428934562109,0.0014442778504640478,0.0020843572883292825,0.00020278842545261706,0.006208928546915406,0.0,True,False,False
PSRC1,182.0,156.0,339.0,8,0.6434910898396987,0.6479732232680009,0.04600177057277862,0.5429013481734069,0.7040946590519345,0.125,8,0.0026108498416087178,0.001926704819911293,0.0020416542005442673,7.455361165355435e-05,0.006412544659143556,0.0,True,False,False
PSRC1,182.0,157.0,340.0,8,0.6343325432319853,0.6341519375315683,0.07394304417244771,0.49016345843871467,0.7512049294065347,0.125,8,0.002254839779134402,0.0017847186020039886,0.0014109001901995728,0.0008479005837000428,0.004931808759827005,0.0,True,False,False
PSRC1,182.0,158.0,341.0,8,0.6584587881202638,0.6512306315583269,0.08297180597129915,0.5391019101858481,0.8327661232701239,0.125,8,0.0025373019385487965,0.0018260001396596401,0.0014870017985578769,0.0011633828957438785,0.005527937476249732,0.0,True,False,False
PSRC1,182.0,159.0,342.0,8,0.6539538123819228,0.6451094835030077,0.08273656828288843,0.5391019101858481,0.8327661232701239,0.125,8,0.0026258673082744724,0.0017167989234747093,0.0020767932238292043,0.0011633828957438785,0.007319599945918131,0.0,True,False,False
PSRC1,182.0,160.0,343.0,8,0.6567513943716965,0.6453084530216904,0.09397255587048399,0.5228946352190328,0.858723788887842,0.125,8,0.0018754053526292488,0.00117734396588899,0.0015898404624046603,0.00032624233047047745,0.004289092361947165,0.0,True,False,False
PSRC1,183.0,105.0,289.0,8,0.599334268376542,0.5846877517915219,0.13646940017334216,0.429263997377681,0.8317720091871219,0.25,8,0.0025191010437340083,0.002074489751809892,0.0017297334178452612,0.0006227420212189056,0.006263031425095078,0.0,True,False,False
PSRC1,183.0,106.0,290.0,8,0.6054641642294332,0.5848607258492882,0.13116462966891548,0.4641733489361873,0.8317720091871219,0.25,8,0.0021918791439261586,0.002074489751809892,0.0013671833732671935,0.00029059040336278894,0.004292467659341451,0.0,True,False,False
PSRC1,183.0,107.0,291.0,8,0.6355367829146079,0.6178681183930022,0.1381020866484574,0.46647632248212617,0.8712801262374918,0.25,8,0.002742979196851358,0.0024648288794170076,0.0018561778541046476,0.0006488119796995465,0.0066036634544255806,0.0,True,False,False
PSRC1,183.0,108.0,292.0,8,0.6047294662838228,0.6178681183930022,0.10400012674927891,0.46647632248212617,0.7467286836595238,0.25,8,0.0029248643035008405,0.0012948637246113495,0.002907175039243424,0.0006488119796995465,0.007963850929454095,0.0,True,False,False
PSRC1,183.0,109.0,293.0,8,0.5767896988882101,0.6068718285618466,0.10644735441434368,0.4196767183684513,0.7426570682342686,0.125,8,0.0038554202572236946,0.00358719606534025,0.001092613871751375,0.0029680139654450887,0.006417815547306019,0.0,True,False,False
PSRC1,183.0,110.0,294.0,8,0.5748374602478603,0.5845059579550802,0.10383459458527641,0.4196767183684513,0.7414728798106448,0.125,8,0.004022496952223939,0.003439439479153352,0.0024430951574414108,0.0017540292475221914,0.00981126035862359,0.0,True,False,False
PSRC1,183.0,111.0,295.0,8,0.5746521487654677,0.5804362901542168,0.09647646976286237,0.45287709861670217,0.7414728798106448,0.125,8,0.0019805339073987907,0.0014900798974951108,0.0017128310077136701,6.947497695009727e-05,0.004237089034215602,0.0,True,False,False
PSRC1,183.0,112.0,296.0,8,0.5701193775215248,0.5474397164097018,0.11903216865183028,0.42684860424602633,0.7723968967391127,0.25,8,0.0018906459984589636,0.001489326429382478,0.0015295073575153054,6.947497695009727e-05,0.00405188929670914,0.0,True,False,False
PSRC1,183.0,113.0,297.0,8,0.5858619589246163,0.598737696891832,0.09688436465663854,0.44232509557285093,0.7418686587685429,0.125,8,0.0028103298076843034,0.0015680804081631928,0.0025596468659280208,0.0004074204449733349,0.007122326287575018,0.0,True,False,False
PSRC1,183.0,114.0,298.0,8,0.5912846450676099,0.5603558774142221,0.1175920066814003,0.451655963817863,0.7990591685989717,0.125,8,0.0022425580646616983,0.002265289450492992,0.001576328859001344,0.00023046950401873077,0.00459719328814801,0.0,True,False,False
PSRC1,183.0,115.0,299.0,8,0.630602764840935,0.6042157947154495,0.17992668289027197,0.451655963817863,1.021560226368032,0.125,8,0.0023893457223896214,0.002265289450492992,0.0015854307849147542,0.00023046950401873077,0.00459719328814801,0.0,True,False,False
PSRC1,183.0,116.0,300.0,8,0.5954533529460719,0.5946145289880627,0.11039038447798133,0.46547240844204263,0.8147160612214687,0.125,8,0.0022955532213693643,0.0021897736706543796,0.0016691107682250364,0.00023046950401873077,0.0046124039548092275,0.0,True,False,False
PSRC1,183.0,117.0,301.0,8,0.5960162153677444,0.5975678946141956,0.11237951436504914,0.44705482709171024,0.8111645836344561,0.125,8,0.002747309889286411,0.001296821685955182,0.0030891521759871966,0.0003152200847061819,0.009129363162036656,0.0,True,False,False
PSRC1,183.0,118.0,302.0,8,0.5780734642908177,0.5681583695715346,0.11278363199874131,0.43238610836186125,0.7900229054062964,0.125,8,0.003133642603867734,0.0021795800630445136,0.0030677635457608573,0.0004259743418433548,0.009794666649475548,0.0,True,False,False
PSRC1,183.0,119.0,303.0,8,0.5775941159137081,0.5677759061501503,0.11161673095503724,0.43560514243973053,0.7900229054062964,0.125,8,0.0025896073680628582,0.0018254592782218286,0.0024637742988429896,0.0004259743418433548,0.007110725740142819,0.0,True,False,False
PSRC1,183.0,120.0,304.0,8,0.5834213597778333,0.5788448767634944,0.10712416863587476,0.45536889674397085,0.7900229054062964,0.125,8,0.002779079350919691,0.00269874197690448,0.002396017196372123,0.0003360011574389424,0.007110725740142819,0.0,True,False,False
PSRC1,183.0,121.0,305.0,8,0.5902376194066163,0.6073253457332091,0.11398845408036491,0.45536889674397085,0.7900229054062964,0.125,8,0.00259156616879148,0.0016612005645512996,0.0030339268746608036,0.0002734895510380227,0.00921036884956723,0.0,True,False,False
PSRC1,183.0,122.0,306.0,8,0.5753926136950915,0.5797766531208659,0.11633193042392821,0.4423970669003535,0.8113729145580628,0.125,8,0.002556476863000761,0.0030459434906059766,0.001625535845136169,0.00045101705998403413,0.004852179461892467,0.0,True,False,False
PSRC1,183.0,123.0,307.0,8,0.576380528672745,0.5834465741727226,0.11251991204138223,0.4510885543782755,0.8043599364633833,0.125,8,0.001758651931217197,0.0016237791201432626,0.0012216902048334589,0.00024228272615065368,0.0034957305031178523,0.0,True,False,False
PSRC1,183.0,124.0,308.0,8,0.5580275949897173,0.5447463535052037,0.10553452066414883,0.45396379018128663,0.7828477158407225,0.125,8,0.0019848575079394882,0.0016562082580093792,0.0017946840383617343,0.0001708099045459496,0.005341737232400309,0.0,True,False,False
PSRC1,183.0,125.0,309.0,8,0.5688989214556334,0.5543200282439831,0.10036652806966566,0.47218774084489457,0.7876972609829005,0.125,8,0.001901893758725015,0.0017594841036602908,0.0016292070313800528,0.0001637749848441214,0.004890536241373227,0.0,True,False,False
PSRC1,183.0,126.0,310.0,8,0.5701117296800754,0.5471809442515574,0.09198791765421503,0.47218774084489457,0.7726741859807063,0.125,8,0.001928329271771046,0.0017704453276994525,0.0009619457624321784,0.0005413611831649051,0.0032917070954447945,0.0,True,False,False
PSRC1,183.0,127.0,311.0,8,0.5803374957946699,0.5478366023628992,0.09927697157127677,0.501473154400152,0.8038980822217847,0.125,8,0.0023123577659806996,0.001240781695259356,0.002588192855381435,4.404976933096558e-06,0.008000818789046717,0.0,True,False,False
PSRC1,183.0,128.0,312.0,8,0.5874706309414712,0.5563482729943758,0.10380368263284935,0.5009230997790223,0.8142936957569057,0.125,8,0.003053853372929281,0.00304129611040073,0.0011368841174625732,0.0013504205802519916,0.004969998208412985,0.0,True,False,False
PSRC1,183.0,129.0,313.0,8,0.5945993248095713,0.5581974865959167,0.10277300184868207,0.5065312709571992,0.8137956448580609,0.125,8,0.0031224318075266646,0.0026572681444838,0.0018742618926330342,0.0004067374055298402,0.006146618754476825,0.0,True,False,False
PSRC1,183.0,130.0,314.0,8,0.6179848759112457,0.5918730935692841,0.10116991646030647,0.5065312709571992,0.8017893576592948,0.25,8,0.002131784533614244,0.0019163969679698266,0.0018338173629876655,8.648634668319788e-05,0.005804454256055231,0.0,True,False,False
PSRC1,183.0,131.0,315.0,8,0.630837221083571,0.5918730935692841,0.10014162479606764,0.5453704472062701,0.833543864498294,0.25,8,0.0020885492622766946,0.0019163969679698266,0.0017253189924731043,0.0002520439359523223,0.005804454256055231,0.0,True,False,False
PSRC1,183.0,132.0,316.0,8,0.6428424057643243,0.6181911994739246,0.10480292507672805,0.5282746908490178,0.8559731573309515,0.25,8,0.0013875951758021143,0.0015466530953152987,0.0008851241439034268,0.0002520439359523223,0.002778026320317784,0.0,True,False,False
PSRC1,183.0,133.0,317.0,8,0.6298348713003729,0.5950306795153293,0.09910845126599764,0.5282746908490178,0.8317536102094205,0.125,8,0.0015372560388772548,0.0012528364820014858,0.0011225030060354362,0.0002520439359523223,0.0031070084235285448,0.0,True,False,False
PSRC1,183.0,134.0,318.0,8,0.6553688024451753,0.6270256431594075,0.08843938688286349,0.5641455697950711,0.8331713084811327,0.375,8,0.0015999826543408912,0.0015330549515246506,0.0012378302672727192,0.0001589698590167007,0.0032350895717687886,0.0,True,False,False
PSRC1,183.0,135.0,319.0,8,0.6842076854322505,0.6136049114015645,0.1237717835577372,0.5823848105965359,0.8866112932584395,0.375,8,0.001447968629148027,0.0012445360439446935,0.0011631608094155833,0.0002783835336252862,0.003816593578976174,0.0,True,False,False
PSRC1,183.0,136.0,320.0,8,0.6853164313219275,0.6173192396400047,0.130254660348829,0.5823848105965359,0.8972160946276626,0.375,8,0.0012215523284756307,0.0008176201096666501,0.0013029308561731292,0.00012417968192822722,0.003816593578976174,0.0,True,False,False
PSRC1,183.0,137.0,321.0,8,0.6666848938838802,0.6138612156068683,0.11026375598938395,0.5837283662778959,0.9041635872229961,0.375,8,0.0008979350702723807,0.000687578519094211,0.0007657739119404721,0.00011802429409562019,0.0022500739928984085,0.0,True,False,False
PSRC1,183.0,138.0,322.0,8,0.6745513585767633,0.6356438294165832,0.1059654157835658,0.5837283662778959,0.8904796209010665,0.25,8,0.002928241004523977,0.0028928750425924405,0.001623212716977851,0.0004896843075159292,0.00549103698709892,0.0,True,False,False
PSRC1,183.0,139.0,323.0,8,0.65021341715091,0.6118353808652564,0.10855658717867717,0.5610835546127444,0.8904796209010665,0.25,8,0.0022344648553847104,0.0017812900912314237,0.0017766210369575765,0.00033754254563279055,0.005900711792846449,0.0,True,False,False
PSRC1,183.0,140.0,324.0,8,0.6703595837384145,0.6327597240188985,0.11360842102908322,0.5622458835312405,0.8904796209010665,0.25,8,0.002357284494587738,0.0023242216938989917,0.001083019258213919,0.0007783225938993479,0.0042980921922706,0.0,True,False,False
PSRC1,183.0,141.0,325.0,8,0.6734476819238302,0.6144469487161179,0.11851264112789972,0.5622458835312405,0.916365154429705,0.25,8,0.001843016164639102,0.00165764873047997,0.0014749102396579685,0.000380377705366406,0.004892434617301564,0.0,True,False,False
PSRC1,183.0,142.0,326.0,8,0.7001842820297676,0.6547004483321086,0.11685804349727219,0.5979397868916997,0.9300726501333271,0.375,8,0.0036949825344479398,0.0027158379450067708,0.0026958001428329607,0.0017124688610033125,0.009833205120990049,0.0,True,True,False
PSRC1,183.0,143.0,327.0,8,0.6901249810389734,0.6547004483321086,0.11694909332440741,0.5642612094869124,0.9244997494170366,0.375,8,0.0026921920935754763,0.0017443530471586105,0.003090126146035623,0.0004596794744642593,0.009833205120990049,0.0,True,False,False
PSRC1,183.0,144.0,328.0,8,0.7043368749032565,0.6586529226820257,0.11665510892170297,0.6069141240758565,0.9558308370425901,0.25,8,0.0015061809647866297,0.0015514978668494648,0.0007086256686424669,0.00027116961181318766,0.002455029411144636,0.0,True,True,False
PSRC1,183.0,145.0,329.0,8,0.702920627001718,0.6655623302497529,0.1006223854611767,0.6169627510075828,0.9110084317706213,0.375,8,0.0016616503452874438,0.0014004856574929049,0.0016234637279667159,9.58793154250903e-06,0.005298319182200518,0.0,True,True,False
PSRC1,183.0,146.0,330.0,8,0.7063076052564837,0.6543374430268577,0.10136921524359103,0.6212855138130713,0.9110084317706213,0.375,8,0.001983239554938713,0.0013224643465923197,0.0020698994128813455,0.0001518778601477469,0.006139028854171197,0.0,True,True,False
PSRC1,183.0,147.0,331.0,8,0.7005506549868368,0.6601152666160907,0.09998451355266649,0.6212855138130713,0.9215493063246435,0.375,8,0.001661573087105291,0.0014109660185202882,0.00120488424047919,0.0001518778601477469,0.00392431638004811,0.0,True,True,False
PSRC1,183.0,148.0,332.0,8,0.6951939329428924,0.6539493505828622,0.09863491133525862,0.6240214292034678,0.9215493063246435,0.25,8,0.002597483842370597,0.0018494651848433073,0.0026753197369667517,0.0007841680841165859,0.008870631854132952,0.0,True,False,False
PSRC1,183.0,149.0,333.0,8,0.6915442549980262,0.6531589933965416,0.1015943706414597,0.6208982800735049,0.926373808266673,0.25,8,0.0026474357802063297,0.002026778317477754,0.0027955739095969676,0.00015841479872758432,0.008870631854132952,0.0,True,False,False
PSRC1,183.0,150.0,334.0,8,0.6707127361771297,0.6407225877186267,0.06401913948433789,0.6111636674776985,0.7966960173407942,0.25,8,0.002521001423374272,0.0015992853973408406,0.002947466108766312,6.148138459859238e-05,0.008870631854132952,0.0,True,False,False
PSRC1,183.0,151.0,335.0,8,0.6750040064562719,0.6337216662216278,0.08829697691702729,0.6087364463449039,0.8728230654500124,0.25,8,0.0026812776013046377,0.0020137013383637985,0.002600010964918457,0.0009520784766639675,0.008870631854132952,0.0,True,False,False
PSRC1,183.0,152.0,336.0,8,0.6620229441567376,0.6283778018875159,0.08885487283592444,0.5786211157853929,0.857684358639152,0.25,8,0.0018934650026026956,0.0017148078084820823,0.0009885062654505837,0.0009977042455143813,0.003997123572922029,0.0,True,False,False
PSRC1,183.0,153.0,337.0,8,0.6587370479229236,0.6189074848513306,0.09434559081836809,0.5788451251670934,0.8713885407580538,0.25,8,0.0020407696210357398,0.002125305797720007,0.0010236741925203378,0.0004188631617495166,0.0033614182022676077,0.0,True,False,False
PSRC1,183.0,154.0,338.0,8,0.6560776092162516,0.6208538818779388,0.09386039930304199,0.5706721991605471,0.8678459228806474,0.25,8,0.0019795926324942515,0.0018507834632368228,0.0012244380127526,0.0005691152141496495,0.0033614182022676077,0.0,True,False,False
PSRC1,183.0,155.0,339.0,8,0.6490223188844874,0.626264257329813,0.09305671432691748,0.5500364286438798,0.8620679175119176,0.125,8,0.002066592013358483,0.0021977655584825245,0.0012768731362615775,0.0005100607552847788,0.003569458342426972,0.0,True,False,False
PSRC1,183.0,156.0,340.0,8,0.6501355816893688,0.6403221256530828,0.03562647719925795,0.6094658463321108,0.72162165612036,0.125,8,0.00342483801908191,0.0031479826038316033,0.0015086207151033528,0.0015845568414726357,0.006412544659143556,0.0,True,False,False
PSRC1,183.0,157.0,341.0,8,0.6437381087977074,0.6305893907379239,0.06503893420470139,0.5450931547655371,0.7668674171361032,0.125,8,0.0024781038152013593,0.0024978135207105734,0.0013850960750791431,0.0006730036958375314,0.004931808759827005,0.0,True,False,False
PSRC1,183.0,158.0,342.0,8,0.6640403046307843,0.6485356865213165,0.07262460679905446,0.5984278811650667,0.8302900080828552,0.125,8,0.0017644147554754892,0.0016920950477701318,0.000840750760247384,0.00021186204878971963,0.0030900013957645433,0.0,True,False,False
PSRC1,183.0,159.0,343.0,8,0.6588907377841975,0.6390629355071007,0.0733063232678629,0.5984278811650667,0.8302900080828552,0.125,8,0.0019065397071134451,0.0016746489343224243,0.0011769476651822606,0.00021186204878971963,0.0040769497364439465,0.0,True,False,False
PSRC1,183.0,160.0,344.0,8,0.66492222193953,0.6453084530216904,0.08769661607025396,0.5873188565377985,0.8676404906255262,0.125,8,0.0023325132762606862,0.0018825432493453419,0.0022622784055890783,0.0006071882031990429,0.0074456451824802304,0.0,True,False,False
PSRC1,184.0,105.0,290.0,8,0.5915457277181937,0.5807463976692548,0.137617925399011,0.41209236281762296,0.8317720091871219,0.25,8,0.0027744123634808964,0.002493598569900048,0.0019582131424284843,0.000650113877569858,0.006263031425095078,0.0,True,False,False
PSRC1,184.0,106.0,291.0,8,0.5999880207224524,0.5809193717270212,0.13071574504934733,0.45091200462797576,0.8317720091871219,0.25,8,0.0027528963889605924,0.0027759327959549973,0.0017765785872159187,0.00047376414535453304,0.005432486688012416,0.0,True,False,False
PSRC1,184.0,107.0,292.0,8,0.6294359384688232,0.6210139254328322,0.135731183671029,0.46647632248212617,0.8712801262374918,0.25,8,0.0029598106404903598,0.0030621618752787565,0.0020286683530694573,5.8682777673012885e-06,0.0066036634544255806,0.0,True,False,False
PSRC1,184.0,108.0,293.0,8,0.6012838790658097,0.6173019467071916,0.1039463652545158,0.46647632248212617,0.7289933129980544,0.25,8,0.0032930715276329437,0.0029538150069758425,0.002310094515910844,5.8682777673012885e-06,0.0066036634544255806,0.0,True,False,False
PSRC1,184.0,109.0,294.0,8,0.5748818251683009,0.6098124323007117,0.1079628956701573,0.4196767183684513,0.726070816034633,0.125,8,0.0032590723869176854,0.0033474058900263347,0.0018443321491292191,0.0007573412027972808,0.00621655723143154,0.0,True,False,False
PSRC1,184.0,110.0,295.0,8,0.5726502198704188,0.5866425048052702,0.1050229710630301,0.4196767183684513,0.7353037812621493,0.125,8,0.003842027552902318,0.0037133425013843265,0.0015946368681396769,0.0008493807334581084,0.0064340824137004435,0.0,True,False,False
PSRC1,184.0,111.0,296.0,8,0.5732819702300013,0.5825773113458961,0.09864572336140529,0.43653736661821974,0.7353037812621493,0.125,8,0.0026908690009270052,0.0021530568453011797,0.002323914936622914,0.00037315217647334155,0.007349516446985242,0.0,True,False,False
PSRC1,184.0,112.0,297.0,8,0.5664514814919367,0.5514003245737616,0.11760328923987988,0.42684860424602633,0.751157703817594,0.25,8,0.002206810425532332,0.0020270931226404835,0.0013991637764087148,0.0004192861458045714,0.004189193657180001,0.0,True,False,False
PSRC1,184.0,113.0,298.0,8,0.5837649956113719,0.6026797308874476,0.09608713888887396,0.4297003067413101,0.7235329170975078,0.125,8,0.001968759222646318,0.0015818286709543654,0.0014944541695265134,0.0004074204449733349,0.004670060611613038,0.0,True,False,False
PSRC1,184.0,114.0,299.0,8,0.5894377133198027,0.5630973843024594,0.11757553219363802,0.43057604285628776,0.7827280822787758,0.125,8,0.0025241492496853096,0.0025021213660779565,0.0016090754942307093,0.000757226945343351,0.005248122883902942,0.0,True,False,False
PSRC1,184.0,115.0,300.0,8,0.6294261355754688,0.6072528910558865,0.17931584225638125,0.43057604285628776,1.0100003810021656,0.125,8,0.002132556194038919,0.001468270597086722,0.0015331189927867046,0.000757226945343351,0.005248122883902942,0.0,True,False,False
PSRC1,184.0,116.0,301.0,8,0.5930164728767913,0.5946145289880627,0.10920752808315813,0.44519863876714433,0.7956122126121511,0.125,8,0.002398112130260552,0.0018203705922774818,0.0016534531344635575,0.0006721722268536267,0.005248122883902942,0.0,True,False,False
PSRC1,184.0,117.0,302.0,8,0.5930608160878875,0.5989329137177617,0.11784044204343183,0.4184328925721757,0.8057257064394089,0.125,8,0.0025177597236702566,0.0021118879451231193,0.0020280886815350787,0.0003152200847061819,0.005269429439469498,0.0,True,False,False
PSRC1,184.0,118.0,303.0,8,0.5764650653673913,0.5686981230281036,0.1163613857922287,0.4079924003914953,0.7815266707727982,0.125,8,0.002427515487331273,0.00169632787857945,0.002870037546903669,0.0004259743418433548,0.00913853913935206,0.0,True,False,False
PSRC1,184.0,119.0,304.0,8,0.5765234583426125,0.5717808336410899,0.11360528530094548,0.41576580185118395,0.7815266707727982,0.125,8,0.002277732102928142,0.0011445923597940323,0.00223539882196236,0.0004259743418433548,0.006605662842282728,0.0,True,False,False
PSRC1,184.0,120.0,305.0,8,0.5830051461875917,0.582849804254434,0.10774732696541324,0.4407651080022563,0.7815266707727982,0.125,8,0.0024568133465580474,0.0019301678487304874,0.002201115478234441,0.0003360011574389424,0.006605662842282728,0.0,True,False,False
PSRC1,184.0,121.0,306.0,8,0.5904727083124668,0.6100512251279999,0.11525525394531644,0.4407651080022563,0.7815266707727982,0.125,8,0.0027296611839649084,0.001765600108655837,0.003505243431361647,0.0002734895510380227,0.010846970329642802,0.0,True,False,False
PSRC1,184.0,122.0,307.0,8,0.5724209831727819,0.5805380072564421,0.1143592178092088,0.4283558639034004,0.7887823174649521,0.125,8,0.0018670200201743735,0.0014691458958257311,0.0012395385237641337,0.00045101705998403413,0.003844289461825665,0.0,True,False,False
PSRC1,184.0,123.0,308.0,8,0.5711811168694845,0.5850812653199442,0.1097880822401176,0.4283558639034004,0.7758100985392029,0.125,8,0.001495067515263448,0.0011559955707981463,0.0010794582487814314,0.00027167334594348116,0.003427719773521469,0.0,True,False,False
PSRC1,184.0,124.0,309.0,8,0.5532944930455449,0.5444104258191137,0.10366752482447496,0.4283558639034004,0.7587089632285879,0.125,8,0.0021597489610554557,0.0019012766002079362,0.0014719235902136319,0.000357616402680843,0.005020500613363449,0.0,True,False,False
PSRC1,184.0,125.0,310.0,8,0.5667785006358785,0.558191651574815,0.09844171084035037,0.46336697726655374,0.7671974461973106,0.125,8,0.001750776497455733,0.0013558993065061367,0.001548500878481328,0.00013967009441885964,0.004890536241373227,0.0,True,False,False
PSRC1,184.0,126.0,311.0,8,0.5676177810192475,0.542935041881643,0.09151346253353004,0.47218774084489457,0.7589623649248902,0.125,8,0.0023117021003327292,0.002270954669436784,0.0016330068700841547,0.0005601100506246978,0.005571011222546621,0.0,True,False,False
PSRC1,184.0,127.0,312.0,8,0.574777535417723,0.5496752698752978,0.09789619230102511,0.48394211847542135,0.7909946697346216,0.125,8,0.002781986464999091,0.0025520541503802428,0.0027737368912948797,4.404976933096558e-06,0.008805613110296066,0.0,True,False,False
PSRC1,184.0,128.0,313.0,8,0.5787396936276693,0.553756832225603,0.10363913793845683,0.47075372304733304,0.7940394911049603,0.125,8,0.002847664186710939,0.0031133247823633458,0.0014737677339224716,0.0007924186260052096,0.004969998208412985,0.0,True,False,False
PSRC1,184.0,129.0,314.0,8,0.5876823900308598,0.5544786694993606,0.09957949274635973,0.48212477835769224,0.7894650812083277,0.125,8,0.0034660748371833183,0.003593762209660319,0.001917134985318258,0.00045701756946550773,0.006146618754476825,0.0,True,False,False
PSRC1,184.0,130.0,315.0,8,0.6150932359286212,0.5906464032230694,0.10081254390909883,0.500514405555945,0.7863898857220931,0.25,8,0.0026269180433834503,0.002672577759961618,0.0018817893593462269,2.8476880851972003e-05,0.005804454256055231,0.0,True,False,False
PSRC1,184.0,131.0,316.0,8,0.6264682294210477,0.5906464032230694,0.10101520645956732,0.5198838527859857,0.8191812101823939,0.25,8,0.0020016421576623845,0.001140209391030132,0.0020529586875799215,2.8476880851972003e-05,0.005804454256055231,0.0,True,False,False
PSRC1,184.0,132.0,317.0,8,0.6374714517205053,0.6195559498964827,0.10268168515774322,0.5198838527859857,0.8312873873670078,0.25,8,0.0014083474759635126,0.0009796782497837712,0.0013406251457006378,2.8476880851972003e-05,0.003848582346453018,0.0,True,False,False
PSRC1,184.0,133.0,318.0,8,0.6260317754479928,0.5905425537471599,0.09997437233401134,0.5198838527859857,0.8169698758763391,0.25,8,0.001927851408074403,0.0012528364820014858,0.0018717542822185174,0.0003220736311248057,0.005854223749205303,0.0,True,False,False
PSRC1,184.0,134.0,319.0,8,0.6490007625502364,0.6240298926319094,0.08478349902991261,0.5503307270220333,0.8055442988377399,0.375,8,0.0019494842382557556,0.001643396690797664,0.0015884488220072543,0.0001998436843155204,0.004556626914465551,0.0,True,False,False
PSRC1,184.0,135.0,320.0,8,0.682740296439381,0.6136049114015645,0.12255881384924476,0.5735222784952388,0.8866112932584395,0.375,8,0.0025109480811626914,0.002348062664123509,0.001631926466984709,0.0005815822014642761,0.004750811781031252,0.0,True,False,False
PSRC1,184.0,136.0,321.0,8,0.6834647501314804,0.6126122459336819,0.12514152920351296,0.584105304396008,0.8702416498374792,0.375,8,0.0017515225177573606,0.0015495386820177125,0.0015606377553788635,0.00012417968192822722,0.0041827038835494145,0.0,True,False,False
PSRC1,184.0,137.0,322.0,8,0.6640348611703673,0.6126122459336819,0.10713274658341197,0.5626996829945295,0.8807201246422315,0.375,8,0.0012402779872421668,0.0011496145319276271,0.0008965645363614258,3.840544292804382e-05,0.0023799935808316674,0.0,True,False,False
PSRC1,184.0,138.0,323.0,8,0.6685755598159757,0.6301083916878247,0.100334406769647,0.5626996829945295,0.8566468113343381,0.375,8,0.003132561039999583,0.0026956424550853113,0.0019666769925619177,0.0003902266699158411,0.0060020906998497,0.0,True,False,False
PSRC1,184.0,139.0,324.0,8,0.6446724274164707,0.6082951654224871,0.10080177111584049,0.5519695334647525,0.8566468113343381,0.25,8,0.003126782749552792,0.0037726995227813772,0.002018723209537635,0.0006009117242720399,0.005900711792846449,0.0,True,False,False
PSRC1,184.0,140.0,325.0,8,0.6657920653653328,0.6354871364328114,0.10813543386423353,0.5519695334647525,0.8566468113343381,0.25,8,0.0038941916190150224,0.004450622616478566,0.0018204262076529174,0.0007783225938993479,0.0060247436244212456,0.0,True,False,False
PSRC1,184.0,141.0,326.0,8,0.668845964247883,0.6112280760295443,0.1157964787366681,0.5622458835312405,0.8994910665203382,0.25,8,0.0025460622066396793,0.00206247490424838,0.001834926425372732,0.0001805516260330465,0.004892434617301564,0.0,True,False,False
PSRC1,184.0,142.0,327.0,8,0.6966342268982062,0.6639993906146029,0.11650576892450815,0.588217305212325,0.9151389665076491,0.375,8,0.003444300272497451,0.00251194970725665,0.00280403805859836,0.001022714531073039,0.009833205120990049,0.0,True,False,False
PSRC1,184.0,143.0,328.0,8,0.6890213799605892,0.6639993906146029,0.11699728728434443,0.5435087055033659,0.9102221159643407,0.375,8,0.002970567635672582,0.0019143129535629834,0.0031109048109030694,0.0005643724034996523,0.009833205120990049,0.0,True,False,False
PSRC1,184.0,144.0,329.0,8,0.6961411383669374,0.6586413491134802,0.10629266505178293,0.6069141240758565,0.9129290686654208,0.375,8,0.0016030308458721196,0.0011271907796782323,0.001293334365474513,0.00027116961181318766,0.003909280878869275,0.0,True,False,False
PSRC1,184.0,145.0,330.0,8,0.6977562994446145,0.6629917116158051,0.09955087042175943,0.6107647268922207,0.8943688716651803,0.375,8,0.0019338917934536555,0.00138451293693645,0.001845186069182425,9.58793154250903e-06,0.005298319182200518,0.0,True,False,False
PSRC1,184.0,146.0,331.0,8,0.6989447984885501,0.6548106563275542,0.10076974761342543,0.6196412702960615,0.8943688716651803,0.375,8,0.0016020334857010166,0.0013987279911919011,0.001056848012576915,0.0004894426909117714,0.00392431638004811,0.0,True,False,False
PSRC1,184.0,147.0,332.0,8,0.6922697920424549,0.6548106563275542,0.09399856977806298,0.6173862364117099,0.8939037787134768,0.25,8,0.0016340933305193104,0.0013833929322613287,0.0011339393323998115,0.0004894426909117714,0.00392431638004811,0.0,True,False,False
PSRC1,184.0,148.0,333.0,8,0.6908709850620777,0.6551073818568942,0.09108249718093475,0.6222074419464001,0.8939037787134768,0.375,8,0.0019106222887007225,0.001771738698095025,0.0012923801907705995,0.0006741640405628003,0.004751973581500522,0.0,True,False,False
PSRC1,184.0,149.0,334.0,8,0.6863087237332581,0.6543170246705736,0.0968893597368772,0.5949433003368346,0.9018758667196717,0.375,8,0.002017858637988718,0.001824481844154053,0.0014342903942930006,0.00015841479872758432,0.004751973581500522,0.0,True,False,False
PSRC1,184.0,150.0,335.0,8,0.6681249913309764,0.6346540774894796,0.06479034463497435,0.6022813277086858,0.7898370275854781,0.375,8,0.0019219698578200168,0.0014817039429541852,0.0014834061738883118,0.00015841479872758432,0.004751973581500522,0.0,True,False,False
PSRC1,184.0,151.0,336.0,8,0.6721498349357728,0.6374000815670057,0.08549690026911057,0.6087364463449039,0.8564214821776845,0.375,8,0.0022060094729972114,0.0021894876470497787,0.0013994835001876482,0.0003643885887431973,0.004751973581500522,0.0,True,False,False
PSRC1,184.0,152.0,337.0,8,0.659027232948423,0.6257908955422345,0.08958154189021372,0.5786211157853929,0.8520538241517553,0.25,8,0.0016545909395900109,0.001421658045530801,0.0013610903214597216,0.00011774816332985101,0.004128283583174495,0.0,True,False,False
PSRC1,184.0,153.0,338.0,8,0.653549807916462,0.6201047082668238,0.08790454227955433,0.5788451251670934,0.8467640403183693,0.25,8,0.0026498915121597982,0.0027641509034244446,0.0013612855665762972,0.0009878345332085807,0.004813853962452947,0.0,True,False,False
PSRC1,184.0,154.0,339.0,8,0.6506249610053632,0.6250093922678115,0.08848462282212584,0.5706721991605471,0.8440999782799388,0.25,8,0.0015666652141866598,0.0012298155500609302,0.0009747061055606913,0.0004114271680088434,0.0033614182022676077,0.0,True,False,False
PSRC1,184.0,155.0,340.0,8,0.6478711312487249,0.629603603916867,0.08999798863454339,0.5500364286438798,0.8491656573988419,0.125,8,0.0021829162958660305,0.0014824753250803064,0.0022118806322689475,0.00016699930854426311,0.006944108522660274,0.0,True,False,False
PSRC1,184.0,156.0,341.0,8,0.6478166190421072,0.642465437169605,0.03495389348142203,0.6094658463321108,0.7164641305327952,0.125,8,0.0022302828490452574,0.0022615953878830745,0.001516808039377541,0.0002706063476531726,0.004797982255768536,0.0,True,False,False
PSRC1,184.0,157.0,342.0,8,0.6387319885258158,0.637259675205188,0.06382823227916902,0.5450931547655371,0.752740686432077,0.125,8,0.002050896715079243,0.0018473901808898766,0.0009080881317550283,0.0010677279972054754,0.003814906593044311,0.0,True,False,False
PSRC1,184.0,158.0,343.0,8,0.6605829873322933,0.6461989488063976,0.07135376415743402,0.5930291049098325,0.8188506215634441,0.125,8,0.0013331053160232098,0.0004149318419911792,0.0018205184881598395,3.619208982692558e-05,0.005256312041586336,0.0,True,False,False
PSRC1,184.0,159.0,344.0,8,0.6564971829483066,0.6421315779327308,0.07141656756797196,0.5930291049098325,0.8188506215634441,0.125,8,0.00125731178787269,0.0005257854910787958,0.0015932020673339225,3.619208982692558e-05,0.0043259353773858105,0.0,True,False,False
PSRC1,184.0,160.0,345.0,8,0.6613782133385947,0.640577595860794,0.08572311633122508,0.5873188565377985,0.8563608476144408,0.125,8,0.0029583252773108535,0.0025786354307472895,0.00172732564213042,0.0007188042084101695,0.006782290901505771,0.0,True,False,False
PSRC1,185.0,105.0,291.0,8,0.6086438532558537,0.5701636051598435,0.17444343913582167,0.3956224224010672,0.9571293714504457,0.25,8,0.0015397870200735122,0.001345171122034672,0.0007745514986779631,0.0007257164685443358,0.0028606530402148465,0.0,True,False,False
PSRC1,185.0,106.0,292.0,8,0.6168760662278074,0.5716490700567569,0.16752521585952593,0.43282597052260147,0.9571293714504457,0.25,8,0.0016785062346400972,0.0015574140821333993,0.0009466008405143976,0.0005871175977601716,0.00322751392570864,0.0,True,False,False
PSRC1,185.0,107.0,293.0,8,0.6483219595534475,0.6090228396356665,0.17384902818267944,0.4810272418915799,0.9991078940261758,0.25,8,0.0032327326077595244,0.0029679158990143415,0.002360117771865429,5.8682777673012885e-06,0.007554471196636634,0.0,True,False,False
PSRC1,185.0,108.0,294.0,8,0.6150933356835404,0.6004617471773462,0.1250167837306562,0.45488692087981386,0.8137485292176488,0.25,8,0.0018921564980080544,0.001901316146306732,0.001423865017685731,5.8682777673012885e-06,0.004173333122218399,0.0,True,False,False
PSRC1,185.0,109.0,295.0,8,0.5855838541135236,0.5947814967347499,0.12042039687938577,0.4078405975808847,0.7541962962354556,0.25,8,0.0015226410622744071,0.0010361787361939261,0.0017602677889784987,3.437579532771377e-05,0.00490429722200402,0.0,True,False,False
PSRC1,185.0,110.0,296.0,8,0.5842834733934912,0.5722136654359502,0.12270782642633131,0.421476768163599,0.7515248488433596,0.25,8,0.0026715003977536107,0.0024207193662800766,0.0015643193326181025,0.0005171760421651974,0.0051821305309771954,0.0,True,False,False
PSRC1,185.0,111.0,297.0,8,0.5837411846078071,0.5679437428594998,0.11717691239224637,0.4137920958353812,0.7515248488433596,0.25,8,0.0016654666146070467,0.001572623562233491,0.0012084749845096294,0.0002256451503169464,0.004133306971506422,0.0,True,False,False
PSRC1,185.0,112.0,298.0,8,0.5814485628363709,0.5527216970636296,0.14265656709799826,0.41281918389863537,0.8044276365286183,0.25,8,0.0021493687742737263,0.001494062726110686,0.002153704322331038,0.000231595925437458,0.005897825703240557,0.0,True,False,False
PSRC1,185.0,113.0,299.0,8,0.5961094179690083,0.5770038520514232,0.11728293663193687,0.4172890752970368,0.7575144648320865,0.25,8,0.001888564284527301,0.0016997443274723014,0.0011471378079998523,0.0004524393434266776,0.004158438793241042,0.0,True,False,False
PSRC1,185.0,114.0,300.0,8,0.6015770378362961,0.5543272472793654,0.14216137528119394,0.4137332090319855,0.8154647178315471,0.25,8,0.0031590895495153663,0.0026557892609663826,0.002306470225368023,4.000774108836377e-05,0.006470213772374004,0.0,True,False,False
PSRC1,185.0,115.0,301.0,8,0.6474917810725624,0.5967512451477148,0.2048097642669436,0.4137332090319855,1.07108341794237,0.25,8,0.0031494280494450888,0.003020043751180191,0.0022799684704437333,4.000774108836377e-05,0.007264321955672975,0.0,True,False,False
PSRC1,185.0,116.0,302.0,8,0.6071892763054014,0.6018469107736203,0.12131090984870936,0.4232246368689092,0.8292295530243851,0.125,8,0.0032862030270422995,0.0028423643132767015,0.002399279056090224,0.0001127855761297088,0.0073644851549674595,0.0,True,False,False
PSRC1,185.0,117.0,303.0,8,0.6103573178531645,0.6164989601170112,0.12675266174077135,0.40745189298382894,0.841506360227096,0.125,8,0.0031748802376668998,0.0033732707673869806,0.002758608366239656,0.00015534919778692932,0.0073644851549674595,0.0,True,False,False
PSRC1,185.0,118.0,304.0,8,0.5920075571815296,0.5905997662581652,0.1291799825272945,0.40327365749829297,0.821660227388876,0.125,8,0.002030906445732768,0.0011188027263289158,0.0029770052303436313,0.00024082178482853403,0.00913853913935206,0.0,True,False,False
PSRC1,185.0,119.0,305.0,8,0.5889566084702427,0.6016966499129037,0.12658475362425006,0.3993213166628572,0.821660227388876,0.125,8,0.0020887829687398747,0.0013959971550498483,0.0022659193807870806,0.00024082178482853403,0.006605662842282728,0.0,True,False,False
PSRC1,185.0,120.0,306.0,8,0.5948351941522183,0.6016966499129037,0.11998581288896391,0.4291667271715997,0.821660227388876,0.125,8,0.001889779519214182,0.0008287356085767967,0.0023372559221759084,0.00024082178482853403,0.006605662842282728,0.0,True,False,False
PSRC1,185.0,121.0,307.0,8,0.606965667941379,0.6303721720704649,0.1280240904709811,0.4291667271715997,0.821660227388876,0.125,8,0.0023741284130469414,0.000984892521843841,0.0035633632799779978,0.00024082178482853403,0.010846970329642802,0.0,True,False,False
PSRC1,185.0,122.0,308.0,8,0.5866350860588877,0.5752426512016751,0.1279272441461091,0.419584831119513,0.8180836350078661,0.125,8,0.0023310699083367026,0.0017219694362320252,0.0023121927640289627,0.00015192720190921905,0.006953482879620573,0.0,True,False,False
PSRC1,185.0,123.0,309.0,8,0.584594035205668,0.5930203426165297,0.12429751330520585,0.419584831119513,0.8211862553539266,0.125,8,0.0016508848712215292,0.0011980064241383728,0.001565116402698708,0.0001677819313891329,0.0050070993278788474,0.0,True,False,False
PSRC1,185.0,124.0,310.0,8,0.5663578491832701,0.5614774660355024,0.1183501185033163,0.419584831119513,0.8005569929505512,0.125,8,0.0019022424586525384,0.00132212465966863,0.001557562524732959,0.0001677819313891329,0.004458434998805125,0.0,True,False,False
PSRC1,185.0,125.0,311.0,8,0.580030545057968,0.5763668192403241,0.11033877185536412,0.45076522020485654,0.8067787334864327,0.125,8,0.001326898308186345,0.0011271397149341309,0.001213813753122899,9.958165962380048e-05,0.0035495239472250186,0.0,True,False,False
PSRC1,185.0,126.0,312.0,8,0.5792592277261429,0.5599140184544751,0.10425966325939556,0.4687388018196399,0.7999998393355956,0.125,8,0.0018510920853739064,0.0014585346801107106,0.0012126627878175063,0.0005601100506246978,0.0036515109315940378,0.0,True,False,False
PSRC1,185.0,127.0,313.0,8,0.5832092800316356,0.5751538295206373,0.11033541883666051,0.459755934584884,0.8233565395710742,0.125,8,0.0024463136112789405,0.00108409076488275,0.002868913119053277,0.00017307803949484786,0.008805613110296066,0.0,True,False,False
PSRC1,185.0,128.0,314.0,8,0.5919757405329631,0.5904526726963986,0.10911702975369315,0.4595464953909915,0.8209109800770686,0.125,8,0.0017094847005958095,0.0012460266220026305,0.0015031881703861162,0.00017307803949484786,0.004066233222225335,0.0,True,False,False
PSRC1,185.0,129.0,315.0,8,0.6009374512427272,0.6000520391615853,0.10850739078440795,0.472710065253654,0.8303304472567622,0.125,8,0.0015703386398244691,0.0008902249939389976,0.001575797057273392,0.00017307803949484786,0.004144764568352084,0.0,True,False,False
PSRC1,185.0,130.0,316.0,8,0.6285833661401549,0.6201753257813893,0.10813565870271247,0.48425099990790604,0.8280771814621504,0.25,8,0.0008744213311514155,0.0008638774159068106,0.0004161144888337276,0.00017307803949484786,0.0014275571504761531,0.0,True,False,False
PSRC1,185.0,131.0,317.0,8,0.6397613326222916,0.6201753257813893,0.10824034073400822,0.5027638750379544,0.8578005145157223,0.25,8,0.0011001995850050256,0.0010427230837116999,0.0003687876455485921,0.0006389051119080399,0.0017231627946693827,0.0,True,False,False
PSRC1,185.0,132.0,318.0,8,0.6534522632428376,0.6308605321250154,0.1128703666537623,0.5027638750379544,0.8705738050626248,0.375,8,0.0013197907514187332,0.001368949919934915,0.0005698281852583083,0.000446900238767598,0.00230815642474974,0.0,True,False,False
PSRC1,185.0,133.0,319.0,8,0.6400536502544635,0.6200430428229056,0.1073831363455843,0.5027638750379544,0.8535322407396201,0.25,8,0.0022785546897362654,0.001576480810073324,0.0018220078256671252,0.0004778424233584875,0.005854223749205303,0.0,True,False,False
PSRC1,185.0,134.0,320.0,8,0.6627338937961199,0.6549168095448673,0.09648329580957439,0.5248040581918457,0.850070558685685,0.25,8,0.0020483940917406557,0.0011891962001155149,0.002466112439501053,0.0001287348055619048,0.007889919202389307,0.0,True,False,False
PSRC1,185.0,135.0,321.0,8,0.6924410880188157,0.6663656860411471,0.12315630424086754,0.5602906794564256,0.8822792691056675,0.375,8,0.0012545091883053602,0.0006516156798221071,0.0015164524249510244,4.104295595393736e-05,0.004495784805630644,0.0,True,False,False
PSRC1,185.0,136.0,322.0,8,0.6944266021237433,0.6589789824011487,0.1276265079050987,0.5705422759245019,0.9019783422782197,0.5,8,0.0008149381032698091,0.0005404735037915903,0.0008446088220778708,4.104295595393736e-05,0.002255213832989354,0.0,True,False,False
PSRC1,185.0,137.0,323.0,8,0.6777904333070188,0.648854380746311,0.12384320323216094,0.5455757107000234,0.9362634350175333,0.375,8,0.0018537789100347448,0.001418398017226815,0.0015672094885633796,0.00018012098424983328,0.0038072124797209946,0.0,True,False,False
PSRC1,185.0,138.0,324.0,8,0.6828779442680195,0.6631371366848349,0.11683968159319047,0.5455757107000234,0.9137883284734287,0.5,8,0.0022220442196238797,0.0010666550107370915,0.002425228250941517,5.515960462820967e-06,0.0060020906998497,0.0,True,False,False
PSRC1,185.0,139.0,325.0,8,0.6605048763225767,0.641880813607576,0.11632683496334884,0.527194907177337,0.9137883284734287,0.125,8,0.002222157742037927,0.0017444743894624215,0.001988590805708169,5.515960462820967e-06,0.0056027003632756435,0.0,True,False,False
PSRC1,185.0,140.0,326.0,8,0.6803649530175894,0.6702342622273099,0.11905367535733063,0.527194907177337,0.9137883284734287,0.25,8,0.002661322411335018,0.0026761907921356285,0.0017642923720547214,5.515960462820967e-06,0.00573675380988137,0.0,True,False,False
PSRC1,185.0,141.0,327.0,8,0.6838445993793604,0.6607308151483925,0.11782524857526956,0.5739181154691129,0.9359051661829602,0.25,8,0.0019668388777863183,0.0016888031913389306,0.0017843816918425904,9.296190300335611e-05,0.00518708190759073,0.0,True,False,False
PSRC1,185.0,142.0,328.0,8,0.7118582912801674,0.695423389765472,0.1240781187225552,0.5833101680394508,0.970647608862042,0.5,8,0.001831894105889441,0.0019096476131869504,0.001413638914197138,0.0002670140666340133,0.004117357937403368,0.0,True,True,False
PSRC1,185.0,143.0,329.0,8,0.7039853018063083,0.6969411294437498,0.13668949150168544,0.5290293729961061,0.9842180603732982,0.5,8,0.002330310812574456,0.001997890920651695,0.0017055770111648848,0.0005443679012910505,0.004660870689078991,0.0,True,True,False
PSRC1,185.0,144.0,330.0,8,0.7116404881221884,0.6890151791871628,0.11855360029096364,0.6060895553552091,0.9721527640925208,0.5,8,0.0019522505530591612,0.001704036855451866,0.0014351304788585127,0.0004479785914724672,0.004482515446720424,0.0,True,True,False
PSRC1,185.0,145.0,331.0,8,0.710437559430005,0.7053260793072889,0.10505216843812996,0.6148864694475176,0.9363118889474776,0.5,8,0.0016999472696758054,0.0017882880721561663,0.0011530741003804832,0.0002524969891940334,0.003424714487818206,0.0,True,True,True
PSRC1,185.0,146.0,332.0,8,0.7105472175700803,0.6998265102832442,0.10455961602217513,0.6101209692640855,0.9363118889474776,0.5,8,0.002190988660086511,0.002268508907461497,0.0008058663825988053,0.0011612526843018365,0.0032805693463865402,0.0,True,True,False
PSRC1,185.0,147.0,333.0,8,0.7052325627915071,0.6859073165722094,0.10416372966902324,0.6030837010574018,0.9364029237406104,0.375,8,0.0020247474174462927,0.0020331501787444863,0.001230003343723356,0.00047397496976202844,0.0035527884137049603,0.0,True,True,False
PSRC1,185.0,148.0,334.0,8,0.7027828047102054,0.6893419144221182,0.10371678059858083,0.6078501746497331,0.9364029237406104,0.5,8,0.0019534615309340494,0.001278038051667083,0.0014713159461376502,0.00047397496976202844,0.004751973581500522,0.0,True,True,False
PSRC1,185.0,149.0,335.0,8,0.7018687338137135,0.6893059272831896,0.11261455359216542,0.5746747755430066,0.9514296091127548,0.5,8,0.0021152633257268956,0.0017576852678856665,0.0013742486412804968,0.0006481780274052781,0.004751973581500522,0.0,True,True,False
PSRC1,185.0,150.0,336.0,8,0.6806590249259641,0.6791114641756125,0.06902815886742278,0.6011268742495839,0.8192162165190277,0.375,8,0.003024352825499027,0.002275510468946629,0.0021788713736427406,0.0006481780274052781,0.006366728057584002,0.0,True,False,False
PSRC1,185.0,151.0,337.0,8,0.6888568341538582,0.6755582190041938,0.09693328722113002,0.5948490054969342,0.906740787210296,0.25,8,0.0024338510034622174,0.0023146471502502467,0.0015430441256986522,0.000494986726441068,0.004751973581500522,0.0,True,False,False
PSRC1,185.0,152.0,338.0,8,0.6728047983502979,0.6619700968187991,0.10198603109598169,0.5668325220676936,0.8973450665416836,0.125,8,0.002142322366899519,0.0023139196134285733,0.0012588781774198435,0.0004859672192700221,0.004128283583174495,0.0,True,False,False
PSRC1,185.0,153.0,339.0,8,0.6694006422986745,0.6468441169670724,0.1015142919049618,0.5642379120136278,0.8965315769321772,0.25,8,0.0026248606906931755,0.0025451425977109396,0.0016546288663469078,0.0004859672192700221,0.005656630431594206,0.0,True,False,False
PSRC1,185.0,154.0,340.0,8,0.6666200006877785,0.6436596846513931,0.10249668926711919,0.5666241129109582,0.8959254026382802,0.25,8,0.0015077419214661746,0.0015473659731405653,0.000819375436636738,0.0004859672192700221,0.0026875447702212137,0.0,True,False,False
PSRC1,185.0,155.0,341.0,8,0.6601917170602214,0.6358015719297156,0.10563365086510582,0.5666241129109582,0.8932324710742806,0.25,8,0.002882544756594095,0.0022296634556510666,0.001973701676825976,0.0008944943038674115,0.006944108522660274,0.0,True,False,False
PSRC1,185.0,156.0,342.0,8,0.6626913890852121,0.6550892341593,0.0476194386472019,0.6031314818232522,0.746457000646192,0.25,8,0.0027629780852618953,0.002154662362036582,0.0020246366351559953,0.0005995308527659985,0.005464748509560321,0.0,True,False,False
PSRC1,185.0,157.0,343.0,8,0.6523173051758583,0.6484149872496718,0.06835610676827786,0.5791171532326089,0.7835973296113505,0.25,8,0.001551591246813313,0.0010199185343459259,0.0014602403536852404,0.00038989930628673147,0.004240858879093898,0.0,True,False,False
PSRC1,185.0,158.0,344.0,8,0.6736096301263528,0.6577858300043793,0.08619286161174512,0.5734691881464202,0.8649787850423724,0.25,8,0.0027353190936980657,0.0020207473612748285,0.0015673439259089054,0.0014283142871049665,0.005256312041586336,0.0,True,False,False
PSRC1,185.0,159.0,345.0,8,0.6720505419058587,0.6426274393631835,0.08979970153522265,0.5734691881464202,0.8649787850423724,0.25,8,0.0022668399571307138,0.0020207473612748285,0.0013298824530154326,0.000632979891028342,0.004906082014897459,0.0,True,False,False
PSRC1,185.0,160.0,346.0,8,0.6768622881475275,0.6546284172160881,0.09880983249365038,0.5855594161628223,0.8967477021394595,0.25,8,0.003875556453262181,0.002772706813406461,0.0026040851585028,0.0010401925785701158,0.008524438559406596,0.0,True,False,False
PSRC1,186.0,105.0,292.0,8,0.5985817574063002,0.581231113008785,0.14321713156338275,0.3956224224010672,0.8406790886307034,0.25,8,0.0018928012702318056,0.0019046401865378437,0.0011203557932257806,0.0004312072659878472,0.0034065634511458937,0.0,True,False,False
PSRC1,186.0,106.0,293.0,8,0.6070437256653178,0.584927655775321,0.13541662497243903,0.43282597052260147,0.8406790886307034,0.25,8,0.0016562443632353592,0.0012544062382569715,0.0015671611713809585,0.0004312072659878472,0.004972520424166192,0.0,True,False,False
PSRC1,186.0,107.0,294.0,8,0.6373123622880899,0.6315727469414103,0.1408768673743824,0.4810272418915799,0.8762493095945539,0.25,8,0.003869774521632991,0.0025227996475263885,0.0034604364784290836,0.0005234551915813088,0.010060977290418905,0.0,True,False,False
PSRC1,186.0,108.0,295.0,8,0.6078992333612137,0.6241330638457026,0.1089484855639685,0.45488692087981386,0.7590747726080993,0.25,8,0.003242798984735968,0.0023645964195477083,0.0031975465895866862,0.00011176902549941564,0.010060977290418905,0.0,True,False,False
PSRC1,186.0,109.0,296.0,8,0.5788625194111491,0.6168204534057065,0.11210531495597621,0.4078405975808847,0.7541962962354556,0.125,8,0.003752930232097363,0.003026415090598222,0.0037632907241913643,3.437579532771377e-05,0.010060977290418905,0.0,True,False,False
PSRC1,186.0,110.0,297.0,8,0.5708638999279501,0.5834146837758445,0.10657390348920448,0.421476768163599,0.7515248488433596,0.125,8,0.002320358863846169,0.00236245838323061,0.0010289070550894691,0.0007110683060977873,0.003589180352526312,0.0,True,False,False
PSRC1,186.0,111.0,298.0,8,0.5747143785736105,0.5832886215970652,0.10539499425440942,0.4137920958353812,0.7515248488433596,0.125,8,0.002148512554962907,0.0017246769600588697,0.0011390276327269237,0.0011486169142311301,0.004547015675469104,0.0,True,False,False
PSRC1,186.0,112.0,299.0,8,0.5733538255726848,0.5563279807873622,0.12653192244491768,0.41281918389863537,0.786038865195213,0.25,8,0.0018978603884342827,0.0012439336855745594,0.0023133313201076366,0.000231595925437458,0.007413842899911409,0.0,True,False,False
PSRC1,186.0,113.0,300.0,8,0.5871896599080846,0.5959835908739677,0.10374022010668871,0.4172890752970368,0.7507802572385527,0.125,8,0.0018733564904841302,0.0013958963753808852,0.0013771400716360211,0.00015400478985527524,0.0037788151536369925,0.0,True,False,False
PSRC1,186.0,114.0,301.0,8,0.5906001935905049,0.5615649349861862,0.12666549747462935,0.4137332090319855,0.8154647178315471,0.125,8,0.002818341896151053,0.002157598836135382,0.0021115268429645613,0.00020348783181175692,0.005290796906944021,0.0,True,False,False
PSRC1,186.0,115.0,302.0,8,0.6343662072238005,0.6031704330361339,0.19825863158425028,0.4137332090319855,1.07108341794237,0.125,8,0.0030032189603802864,0.003020043751180191,0.001979709154408193,0.00020348783181175692,0.005254959223770912,0.0,True,False,False
PSRC1,186.0,116.0,303.0,8,0.5959509016418434,0.5934677532151044,0.12087970571710076,0.4232246368689092,0.8292295530243851,0.125,8,0.0020961732938527895,0.002056796489343508,0.0019422204743400956,0.0001127855761297088,0.005254959223770912,0.0,True,False,False
PSRC1,186.0,117.0,304.0,8,0.5993898996398506,0.5934677532151044,0.1276839219846081,0.40745189298382894,0.841506360227096,0.125,8,0.0039293581092510865,0.003649104345459447,0.003043309364349905,0.00014653405649793676,0.008134550506469485,0.0,True,False,False
PSRC1,186.0,118.0,305.0,8,0.5830772373049544,0.5633072453978352,0.12725438876012138,0.40327365749829297,0.821660227388876,0.125,8,0.0032806088995304267,0.002085300301467174,0.0030840523821618485,0.00024082178482853403,0.008134550506469485,0.0,True,False,False
PSRC1,186.0,119.0,306.0,8,0.5813813482982608,0.5612026226404336,0.12740996048954614,0.3993213166628572,0.821660227388876,0.125,8,0.00258512530884333,0.0013959971550498483,0.002779880596860117,0.00024082178482853403,0.008134550506469485,0.0,True,False,False
PSRC1,186.0,120.0,307.0,8,0.5882739640444407,0.5695455671767247,0.12023178426290934,0.4291667271715997,0.821660227388876,0.125,8,0.0027848870220344747,0.0021175088571628335,0.00277198166700654,0.00024082178482853403,0.008134550506469485,0.0,True,False,False
PSRC1,186.0,121.0,308.0,8,0.5990085876513759,0.6057194691761665,0.12486954821649358,0.4291667271715997,0.821660227388876,0.125,8,0.002986507260641656,0.002086653141636734,0.0028766611261510943,0.00024082178482853403,0.008134550506469485,0.0,True,False,False
PSRC1,186.0,122.0,309.0,8,0.5783318797654,0.581507633139329,0.1219490400731077,0.419584831119513,0.8180836350078661,0.125,8,0.002343365536925704,0.0017780434066032263,0.0019070827276122322,0.0001677819313891329,0.0057168640587951835,0.0,True,False,False
PSRC1,186.0,123.0,310.0,8,0.5790295865488203,0.5817348577390439,0.1214524587937127,0.419584831119513,0.8211862553539266,0.125,8,0.0022473507248302765,0.0020209023615879026,0.0016989325208715998,0.0001677819313891329,0.0050070993278788474,0.0,True,False,False
PSRC1,186.0,124.0,311.0,8,0.5578274294773374,0.5378612493212427,0.11809917195668028,0.419584831119513,0.8005569929505512,0.125,8,0.0020772942812327714,0.0016784496967641824,0.0015411973134800657,0.0001677819313891329,0.004107246047768307,0.0,True,False,False
PSRC1,186.0,125.0,312.0,8,0.5722889656271699,0.5461970522584112,0.1096376403892639,0.45076522020485654,0.8067787334864327,0.125,8,0.0020188086977711048,0.0020149849451658406,0.0008584818616869357,0.0008182040243987638,0.0033416261065450084,0.0,True,False,False
PSRC1,186.0,126.0,313.0,8,0.5710982051308119,0.5342395344720955,0.1041566985946343,0.4687388018196399,0.7999998393355956,0.125,8,0.002729803706226972,0.0024046705719166376,0.002251942096743222,0.0006188933076522313,0.0078057249880744235,0.0,True,False,False
PSRC1,186.0,127.0,314.0,8,0.5805669923377825,0.542986509287555,0.11225057852245687,0.459755934584884,0.8233565395710742,0.125,8,0.0021757428904836907,0.0009780538525907111,0.0024390161944674617,0.00017307803949484786,0.007177209063690645,0.0,True,False,False
PSRC1,186.0,128.0,315.0,8,0.5885657571541533,0.5535427728038604,0.11119767380487264,0.4595464953909915,0.8209109800770686,0.125,8,0.001664545993922478,0.0017964267141582636,0.0012858614523101307,0.00017307803949484786,0.0035990847791742865,0.0,True,False,False
PSRC1,186.0,129.0,316.0,8,0.5955738919075305,0.553891575683289,0.11256855044199261,0.472710065253654,0.8303304472567622,0.125,8,0.0011965352070897896,0.0008657973597820205,0.0010074479916387395,0.00017307803949484786,0.0028667519552824238,0.0,True,False,False
PSRC1,186.0,130.0,317.0,8,0.620610571273468,0.5895734188951424,0.11309768798759898,0.48425099990790604,0.8280771814621504,0.25,8,0.0017013761581445134,0.0009563963470335191,0.001738307591301814,0.00017307803949484786,0.005064795013786057,0.0,True,False,False
PSRC1,186.0,131.0,318.0,8,0.6317885377556048,0.5923912204670121,0.11409399514160956,0.5027638750379544,0.8578005145157223,0.25,8,0.0019271544119981235,0.0015205299803050807,0.001599313679677138,0.0003319420878674578,0.005064795013786057,0.0,True,False,False
PSRC1,186.0,132.0,319.0,8,0.646160675567491,0.6229427703439152,0.1124182295517096,0.5027638750379544,0.8705738050626248,0.25,8,0.001925661129565076,0.001368949919934915,0.0016404173852948515,0.0003319420878674578,0.005064795013786057,0.0,True,False,False
PSRC1,186.0,133.0,320.0,8,0.633028032658524,0.5845274346636204,0.11061715080966117,0.5027638750379544,0.8535322407396201,0.25,8,0.0016923102277502657,0.001368949919934915,0.001140395586597926,0.0007081330807514039,0.0041532236684350765,0.0,True,False,False
PSRC1,186.0,134.0,321.0,8,0.6571859923841373,0.6391305262127143,0.1042652793355808,0.5248040581918457,0.850070558685685,0.375,8,0.0022665287055660824,0.0015658046718611976,0.0025174578183014404,0.0001287348055619048,0.007889919202389307,0.0,True,False,False
PSRC1,186.0,135.0,322.0,8,0.6869869917491651,0.6280395460476447,0.13554676355754214,0.5602906794564256,0.8981257361596228,0.375,8,0.002021141712822762,0.0016337507092707155,0.0017580515216894966,0.0001287348055619048,0.004495784805630644,0.0,True,False,False
PSRC1,186.0,136.0,323.0,8,0.6869713120865293,0.6177714915247814,0.13607003294673892,0.5752383195289467,0.9019783422782197,0.375,8,0.0022632645301397707,0.0017263877821048277,0.0019098527947459326,0.00039599961198260865,0.0053715479986224685,0.0,True,False,False
PSRC1,186.0,137.0,324.0,8,0.6671314150499752,0.617365017231895,0.12582617481328878,0.5455757107000234,0.9362634350175333,0.375,8,0.002347993082614701,0.0022708025062694176,0.0019538973671316437,0.00018012098424983328,0.0053715479986224685,0.0,True,False,False
PSRC1,186.0,138.0,325.0,8,0.6763366435560618,0.6267819510940835,0.12120364344805873,0.5455757107000234,0.9137883284734287,0.25,8,0.0024198257312851245,0.0017890940345215121,0.0023701483930544335,5.515960462820967e-06,0.006459566620764302,0.0,True,False,False
PSRC1,186.0,139.0,326.0,8,0.6512726567417091,0.6081606962860937,0.11965040163956674,0.527194907177337,0.9137883284734287,0.25,8,0.0022453942822756668,0.0024298380496697762,0.0016105676176738585,5.515960462820967e-06,0.004398926975533425,0.0,True,False,False
PSRC1,186.0,140.0,327.0,8,0.6735539363301809,0.6304194144811239,0.12567396187143284,0.527194907177337,0.9137883284734287,0.25,8,0.002291733872560894,0.0024063255237071115,0.0012662416193381916,5.515960462820967e-06,0.003939475030576046,0.0,True,False,False
PSRC1,186.0,141.0,328.0,8,0.6746134561855041,0.607481984524037,0.12663944329303842,0.5739181154691129,0.9359051661829602,0.25,8,0.002235387020854391,0.0021001781721791,0.0016956192451631968,9.296190300335611e-05,0.00518708190759073,0.0,True,False,False
PSRC1,186.0,142.0,329.0,8,0.7048048737147011,0.6492406249413449,0.1288016239493143,0.5833101680394508,0.970647608862042,0.375,8,0.002297709039895466,0.0014180882167896293,0.0026303564254837038,0.0002670140666340133,0.00782510182354151,0.0,True,True,False
PSRC1,186.0,143.0,330.0,8,0.6983170902247351,0.6492406249413449,0.14176750568705276,0.5290293729961061,0.9842180603732982,0.375,8,0.0028731277965223737,0.002408788758501222,0.0025355997328879018,0.0004571107545799387,0.00782510182354151,0.0,True,False,False
PSRC1,186.0,144.0,331.0,8,0.7090824626078217,0.6567683749837292,0.12387584602918583,0.6160419913606534,0.9721527640925208,0.375,8,0.0025527169731536384,0.0019054491449376335,0.0018674043686348488,0.0004571107545799387,0.005644635352225891,0.0,True,True,False
PSRC1,186.0,145.0,332.0,8,0.7030508947272778,0.6592187437084139,0.11093348880778624,0.6128113995252881,0.9363118889474776,0.375,8,0.0019429947189912508,0.0017882880721561663,0.001693894773650549,3.829024088798887e-05,0.0040128233832292925,0.0,True,True,False
PSRC1,186.0,146.0,333.0,8,0.7083674049538456,0.6523896041274271,0.11388644317738988,0.6101209692640855,0.9363118889474776,0.375,8,0.0024284577472683793,0.0024562462150353424,0.0017297796261864673,0.00010073559440649067,0.005344413030135336,0.0,True,True,False
PSRC1,186.0,147.0,334.0,8,0.7006460134222992,0.6523896041274271,0.10937321126870908,0.6117736415515554,0.9364029237406104,0.375,8,0.0022106110673478325,0.002000697342762236,0.001777851368506895,0.00010073559440649067,0.005344413030135336,0.0,True,True,False
PSRC1,186.0,148.0,335.0,8,0.6943734323110171,0.6502657316974094,0.1070385538240288,0.6078501746497331,0.9364029237406104,0.375,8,0.0025828462707562184,0.001739972261043875,0.002065190498181024,0.00047397496976202844,0.005344413030135336,0.0,True,False,False
PSRC1,186.0,149.0,336.0,8,0.6944219529724489,0.6565364481068083,0.11478202850962081,0.5746747755430066,0.9514296091127548,0.375,8,0.003039184557964178,0.001879872054010931,0.0024244285665348717,0.000281365953069421,0.007511501202728551,0.0,True,False,False
PSRC1,186.0,150.0,337.0,8,0.6740981330138957,0.6430285083788125,0.07467999144854914,0.6088551539097303,0.8192162165190277,0.375,8,0.002394748822227025,0.0019868927573468875,0.0018946812165454143,0.000281365953069421,0.005340458393203997,0.0,True,False,False
PSRC1,186.0,151.0,338.0,8,0.6800149894061762,0.6359196482904753,0.10243730021166703,0.5948490054969342,0.906740787210296,0.375,8,0.0021976823314370894,0.0022592658905952467,0.0016439221172012924,0.0003031557088087451,0.00496475727087155,0.0,True,False,False
PSRC1,186.0,152.0,339.0,8,0.6640722766149305,0.6233177294740254,0.10384696402484514,0.5668325220676936,0.8973450665416836,0.125,8,0.001757775864515664,0.0018634314375500932,0.0014568553415775568,9.589443650997674e-06,0.004256867777515834,0.0,True,False,False
PSRC1,186.0,153.0,340.0,8,0.6609048402029204,0.6218023015563743,0.10337062751933024,0.5642379120136278,0.8965315769321772,0.125,8,0.0017422906325270534,0.001009928749385298,0.0016436875997737645,0.0002032925968869082,0.004110651374504273,0.0,True,False,False
PSRC1,186.0,154.0,341.0,8,0.657398881673269,0.6227726601916928,0.10432232251036634,0.5666241129109582,0.8959254026382802,0.125,8,0.0013183716377191035,0.001442553631297878,0.0008451582536792556,0.0002032925968869082,0.0026875447702212137,0.0,True,False,False
PSRC1,186.0,155.0,342.0,8,0.6524373602471758,0.6280653463163991,0.10539512116404501,0.5666241129109582,0.8932324710742806,0.125,8,0.002088889446513156,0.0019010599683711733,0.0009521611934867112,0.0008944943038674115,0.004169338431915696,0.0,True,False,False
PSRC1,186.0,156.0,343.0,8,0.6555752801734005,0.6449683903690919,0.04504609873562928,0.6031314818232522,0.746457000646192,0.125,8,0.0024862185780919173,0.001625724275213552,0.0029343120786548445,0.0004861513291261763,0.009432934669473616,0.0,True,False,False
PSRC1,186.0,157.0,344.0,8,0.6449658286519404,0.6191690727724498,0.0683636943735586,0.5791171532326089,0.7835973296113505,0.125,8,0.002088096168704996,0.0020442389854517795,0.001614478060418953,0.0004796353093431667,0.004240858879093898,0.0,True,False,False
PSRC1,186.0,158.0,345.0,8,0.6668370501682237,0.6433853488951153,0.08669512501121021,0.5734691881464202,0.8649787850423724,0.125,8,0.002440121535753046,0.002205300524368739,0.0015104775643932432,2.5684617748049674e-05,0.005355763418911926,0.0,True,False,False
PSRC1,186.0,159.0,346.0,8,0.660572581236568,0.6321338309781859,0.08760075381025445,0.5734691881464202,0.8649787850423724,0.125,8,0.0023648652838584323,0.0020599476312900163,0.0011320000351249038,0.0010385493951818616,0.004900167042537545,0.0,True,False,False
PSRC1,186.0,160.0,347.0,8,0.6686014850557038,0.6309528695448607,0.09793723883509749,0.5981711330918991,0.8967477021394595,0.125,8,0.003315643701405209,0.00256207768761622,0.0025748812667548988,0.0010401925785701158,0.009029943696416727,0.0,True,False,False
PSRC1,187.0,105.0,293.0,8,0.600147705588978,0.6005147698894528,0.13672446600863936,0.4104459412352209,0.8121935075927605,0.25,8,0.0026386920501897844,0.0030274483443848113,0.0014018750603030218,0.00020402823553712966,0.0041245776763617695,0.0,True,False,False
PSRC1,187.0,106.0,294.0,8,0.6024723788487941,0.5960486286396525,0.1308894182953784,0.4343991438663509,0.8121935075927605,0.25,8,0.0018901534294869825,0.0016500632149019636,0.0013962280389747577,0.0004430817129494424,0.003995453379548961,0.0,True,False,False
PSRC1,187.0,107.0,295.0,8,0.6328206262476312,0.6535611023761829,0.13378322726079722,0.45955545022346816,0.8443801696223813,0.25,8,0.0024318223021110893,0.0015174901716936279,0.002094168076034872,0.0005234551915813088,0.0058478070698757476,0.0,True,False,False
PSRC1,187.0,108.0,296.0,8,0.604545127552915,0.64166517456249,0.10704239245399488,0.45955545022346816,0.7396239117400895,0.125,8,0.002830633043079978,0.001604804433521394,0.002638567080940322,0.00042051902507854574,0.006093883698584048,0.0,True,False,False
PSRC1,187.0,109.0,297.0,8,0.5788979064229408,0.6208395787929465,0.11550396345001335,0.4130860635858912,0.7351316785051718,0.125,8,0.0026808080800766925,0.0023011999451703256,0.002725057984522308,1.4292268950622442e-05,0.006166321027481655,0.0,True,False,False
PSRC1,187.0,110.0,298.0,8,0.5675106768419125,0.5921419217477786,0.10655736792381572,0.42150028223762404,0.7335316343473414,0.125,8,0.003147909752726864,0.002781462844483526,0.001610539034222945,0.0010143986750523386,0.006194113022483791,0.0,True,False,False
PSRC1,187.0,111.0,299.0,8,0.5736637165554944,0.5972535420364055,0.10488950173436569,0.4186761215203817,0.7335316343473414,0.125,8,0.0026031839213085063,0.0018469866433574187,0.0020668305339341785,0.001107726065077754,0.007222905730583051,0.0,True,False,False
PSRC1,187.0,112.0,300.0,8,0.5676889984009958,0.5692811252331855,0.1176603029830149,0.41826057262361543,0.7586229862543682,0.125,8,0.0022474892637176667,0.0017148589179285189,0.0018670467460403682,4.34515459216893e-05,0.006177789139111215,0.0,True,False,False
PSRC1,187.0,113.0,301.0,8,0.5866862065817579,0.614286403784659,0.10639708807912994,0.41828666518403257,0.7343206806010412,0.125,8,0.0025804765426248547,0.0017412751938712394,0.002136605685906601,0.00020428553297734188,0.005741924203108683,0.0,True,False,False
PSRC1,187.0,114.0,302.0,8,0.5902744273389131,0.5806250095021501,0.1234641989828596,0.4200409121051541,0.7999228399221279,0.125,8,0.0016171387110018012,0.0013434374638536144,0.001633820836515021,2.7063823602641736e-05,0.004216710213336668,0.0,True,False,False
PSRC1,187.0,115.0,303.0,8,0.6324664004927667,0.6251550030054457,0.18798221494602022,0.4200409121051541,1.0387337041567746,0.125,8,0.0014351944900131924,0.0010133019477092991,0.001681756880795815,2.7063823602641736e-05,0.0048696385458462,0.0,True,False,False
PSRC1,187.0,116.0,304.0,8,0.5972841695756912,0.591848427593461,0.1212863665218645,0.4344359478662926,0.8118546782722826,0.125,8,0.0016433629414390118,0.001237040983723535,0.0016444208973170093,4.7970232216368865e-05,0.004049965181898631,0.0,True,False,False
PSRC1,187.0,117.0,305.0,8,0.5985351809621599,0.591848427593461,0.12719237892124127,0.4103624861774457,0.811584667961493,0.125,8,0.0044369841552303205,0.003910315409592553,0.0037220714202754216,5.977716684940709e-05,0.011558446626996899,0.0,True,False,False
PSRC1,187.0,118.0,306.0,8,0.5803113875038589,0.5564187787898055,0.12843018154747113,0.4036047331793132,0.799704845096184,0.125,8,0.0033162450374487644,0.0020723459595684817,0.0037637564965989382,0.000328320693908906,0.011216430639754983,0.0,True,False,False
PSRC1,187.0,119.0,307.0,8,0.5782813269327124,0.5531415994945577,0.1288558138820306,0.3997383552271091,0.799704845096184,0.125,8,0.0031267918591276578,0.0012372150267830825,0.003215039141297547,0.000328320693908906,0.007405289629314165,0.0,True,False,False
PSRC1,187.0,120.0,308.0,8,0.5822091575793041,0.5577358617380093,0.12409753467227311,0.42617380088498724,0.799704845096184,0.125,8,0.0028719949593358943,0.0020635191441436447,0.0026489217781532908,0.000625839763198052,0.007405289629314165,0.0,True,False,False
PSRC1,187.0,121.0,309.0,8,0.5958677218086402,0.592552495894396,0.12652371241678353,0.42617380088498724,0.799704845096184,0.125,8,0.0025517600308991874,0.0011992841491714609,0.0037704799505430785,0.0005760718288021822,0.01169944350882257,0.0,True,False,False
PSRC1,187.0,122.0,310.0,8,0.577492440873063,0.5683406598575584,0.12370434658826149,0.41919817465151016,0.7973431402529779,0.125,8,0.0023730174550248354,0.0020873291919534234,0.0014947713777398977,0.0005760718288021822,0.005468392544322657,0.0,True,False,False
PSRC1,187.0,123.0,311.0,8,0.579277634581185,0.5710978391748963,0.12384258212067657,0.41919817465151016,0.7999883606469806,0.125,8,0.0014861775070100457,0.001544425920907231,0.0009964070009718532,4.535539303444249e-05,0.0030842980777187985,0.0,True,False,False
PSRC1,187.0,124.0,312.0,8,0.5574658259361462,0.5299360197940737,0.11265412334298511,0.41919817465151016,0.7633726818994312,0.125,8,0.002401662074682876,0.002008957896051554,0.001777221917292401,0.00040588713626056106,0.005042651300361529,0.0,True,False,False
PSRC1,187.0,125.0,313.0,8,0.5731985485134341,0.537001819476876,0.11066629707693251,0.46224491382000316,0.7900592211430274,0.125,8,0.0024471599050709374,0.0022870561485248634,0.0009480511981006708,0.001421085949730625,0.004258002414457329,0.0,True,False,False
PSRC1,187.0,126.0,314.0,8,0.5718263041530748,0.5250443016905603,0.10339981784285797,0.47557306028111396,0.7755924948400394,0.125,8,0.002311830294132201,0.002707489391590841,0.001325781887501755,6.820637656319533e-05,0.00377819630687508,0.0,True,False,False
PSRC1,187.0,127.0,315.0,8,0.5807739673724632,0.5313637941779249,0.11236955022779276,0.4735313284748866,0.8092379672888999,0.125,8,0.002254985058492754,0.002318764952973229,0.0015432217866702027,2.0397850506408293e-05,0.0047509934652911895,0.0,True,False,False
PSRC1,187.0,128.0,316.0,8,0.5888370194882702,0.5411746425444279,0.11160536070201647,0.48008504129416224,0.8060664903753473,0.125,8,0.0014366277249411423,0.0009045255425529954,0.001365759704556579,3.0243349644056246e-05,0.0040919814981690205,0.0,True,False,False
PSRC1,187.0,129.0,317.0,8,0.5945863550931983,0.5445329288714954,0.11978689902541534,0.47569173426470057,0.8199633748670913,0.25,8,0.00164074559758571,0.0014023446787626592,0.0011818554294733116,0.0004630791016389523,0.00337671319907821,0.0,True,False,False
PSRC1,187.0,130.0,318.0,8,0.6198433298538225,0.584430975588869,0.11436973352358532,0.4906577858432661,0.7977678761743966,0.375,8,0.0028264146243059396,0.0026492415355020248,0.0018883384090384735,0.0004630791016389523,0.006244818673807019,0.0,True,False,False
PSRC1,187.0,131.0,319.0,8,0.6332682964147256,0.584430975588869,0.11513818334967425,0.5129030752860829,0.8379832610298352,0.375,8,0.002157141461818495,0.002301251936031433,0.0011597899009286215,0.0004630791016389523,0.0041613717620811955,0.0,True,False,False
PSRC1,187.0,132.0,320.0,8,0.6426580819943966,0.6030397409378255,0.11756572257417103,0.5129030752860829,0.8508685446002533,0.375,8,0.002035741000697342,0.0022207762423918573,0.0009628277662846515,0.0005801925206664167,0.003371554014500645,0.0,True,False,False
PSRC1,187.0,133.0,321.0,8,0.6291177938402198,0.5750254782453605,0.11456309683941839,0.5129030752860829,0.8294258413713181,0.375,8,0.0017720236040180575,0.0013827470483054232,0.0013989190862707694,0.00045415461627366986,0.003806909204870213,0.0,True,False,False
PSRC1,187.0,134.0,322.0,8,0.6550890171168808,0.6230565411945245,0.10449512731301147,0.5341706201529541,0.8215490747087472,0.375,8,0.0020549362733762793,0.0017089699084444942,0.0015232330905731195,0.00043440272357863854,0.004664242694046923,0.0,True,False,False
PSRC1,187.0,135.0,323.0,8,0.6844602551092885,0.6037825078547638,0.14236739799283696,0.5654836475480154,0.932236082355045,0.375,8,0.0021535355505683516,0.0023741236359605617,0.0013896998222764547,0.0002228714542698315,0.004080221740140867,0.0,True,False,False
PSRC1,187.0,136.0,324.0,8,0.6898440923348198,0.6026817645504055,0.14853892848380343,0.5766028293941539,0.9386900458922631,0.375,8,0.0023048519448627624,0.0027537839733355607,0.001640001088874879,0.00024084612238245526,0.004080221740140867,0.0,True,False,False
PSRC1,187.0,137.0,325.0,8,0.6716936951010937,0.6077040597562142,0.12299162909586128,0.5552858304097377,0.9012314035706602,0.375,8,0.0025531179659303536,0.0029722791646942274,0.0018395199773161208,3.1842351491266605e-05,0.00499164925057912,0.0,True,False,False
PSRC1,187.0,138.0,326.0,8,0.6770842085718033,0.61477244864427,0.12579138851640148,0.5552858304097377,0.8816926085940823,0.375,8,0.0012179740399225107,0.0011777051279527745,0.0009827528692662822,3.1842351491266605e-05,0.0032048596931040364,0.0,True,False,False
PSRC1,187.0,139.0,327.0,8,0.6492336547935134,0.5935626787926167,0.11669938475569235,0.5380730689075889,0.8816926085940823,0.25,8,0.0020542597710544942,0.0012490095642727324,0.0022121475726854926,7.986416641585422e-05,0.00634560745438826,0.0,True,False,False
PSRC1,187.0,140.0,328.0,8,0.6711314440705939,0.6222548304815162,0.12810040002911857,0.5380730689075889,0.8816926085940823,0.25,8,0.0016353545282888182,0.0014764138055377344,0.0009096981584869787,0.0003577717397190736,0.0031064925925312114,0.0,True,False,False
PSRC1,187.0,141.0,329.0,8,0.6747933306691655,0.6092967647204861,0.12985186587334688,0.5634445434630404,0.904886645700913,0.375,8,0.0019131610384017551,0.0019323203691170633,0.0012021576877066622,5.9452516464596776e-05,0.0032162598065228138,0.0,True,False,False
PSRC1,187.0,142.0,330.0,8,0.7010664337769774,0.6356518482327651,0.1357203967158423,0.5888025394949933,0.9445608395864203,0.375,8,0.0033896545107045717,0.0028418118185145683,0.002195324190262862,0.0015001577131926224,0.008217337012270546,0.0,True,True,False
PSRC1,187.0,143.0,331.0,8,0.6941178446812104,0.6356518482327651,0.14549911204867422,0.529877317151067,0.9461703239167858,0.375,8,0.0033588475524046198,0.0025112293597508908,0.0026555823754790047,0.0007103866971356797,0.008217337012270546,0.0,True,False,False
PSRC1,187.0,144.0,332.0,8,0.7054597585421197,0.6436435400752831,0.12711287825296425,0.60923597652861,0.9454883173702946,0.375,8,0.0032515762467920624,0.0033027717774155403,0.0010199220855924324,0.0019746249965865424,0.004705786437658867,0.0,True,True,False
PSRC1,187.0,145.0,333.0,8,0.7004140003649316,0.6431220227435319,0.11848994847753137,0.6074299232366944,0.9155064567760721,0.375,8,0.0028517969071689396,0.0031161942480117267,0.0011263408305781492,0.0004988282147315812,0.003910061375434103,0.0,True,True,False
PSRC1,187.0,146.0,334.0,8,0.7053180802077916,0.6406719948029256,0.1199126734368696,0.614567223221436,0.9155064567760721,0.375,8,0.0043533147131324815,0.004142278100932427,0.0028852036087780907,0.00010073559440649067,0.008263913380122738,0.0,True,True,False
PSRC1,187.0,147.0,335.0,8,0.6998540132761003,0.6439931084438884,0.11899001203742171,0.6059305121356277,0.9244606375241969,0.375,8,0.0017581961847744389,0.0011377122737427404,0.001713664564384068,0.00010073559440649067,0.005247192113337493,0.0,True,False,False
PSRC1,187.0,148.0,336.0,8,0.6963060780345863,0.6366049982790278,0.11544076271651213,0.6134173177053924,0.9244606375241969,0.375,8,0.002139335119594535,0.0016254092290488875,0.002107276384677831,6.875418535408718e-06,0.005247192113337493,0.0,True,False,False
PSRC1,187.0,149.0,337.0,8,0.6926119202522203,0.6447863566438843,0.11178134544261692,0.5884211902387853,0.9235088375242012,0.375,8,0.0020397685783809594,0.001777444088485511,0.001506200443633968,1.1290116298733956e-05,0.005020344728233161,0.0,True,False,False
PSRC1,187.0,150.0,338.0,8,0.6690839132296859,0.6292157038303177,0.08431965104151275,0.5953533222880059,0.7999947479782014,0.375,8,0.0018771233639902879,0.0019195085779094574,0.001513619181860539,8.403681901325689e-05,0.005020344728233161,0.0,True,False,False
PSRC1,187.0,151.0,339.0,8,0.6781053389641005,0.6201730816088817,0.10494399454923538,0.5978002417969187,0.8833338744437085,0.375,8,0.002349173279346153,0.0017795134079403355,0.002092859954934333,0.00023317878582002148,0.005681964191676644,0.0,True,False,False
PSRC1,187.0,152.0,340.0,8,0.6631496761872592,0.6135288397480488,0.10379072032143775,0.575657633594337,0.8671655971219988,0.25,8,0.002881168347922839,0.0027490711400421286,0.002283250338742069,9.589443650997674e-06,0.006800144216142586,0.0,True,False,False
PSRC1,187.0,153.0,341.0,8,0.65730948736826,0.6104467661290622,0.10597414055664381,0.5654752774582393,0.8659808328767279,0.25,8,0.00208987818737751,0.0012189858007112388,0.0023145730323442535,7.986530729984128e-05,0.006800144216142586,0.0,True,False,False
PSRC1,187.0,154.0,342.0,8,0.6550434604050183,0.6077360322986536,0.10620716568573497,0.5669722502208474,0.870278734930155,0.25,8,0.0020975647108773857,0.0014826474687718568,0.0022438936717231973,7.986530729984128e-05,0.006800144216142586,0.0,True,False,False
PSRC1,187.0,155.0,343.0,8,0.6497985561819408,0.6115628154289772,0.10541439769952533,0.5440800136474344,0.870232823495318,0.25,8,0.0020570621373923515,0.0019121052844761114,0.001451311843857797,0.00034979901368550664,0.004813069246372274,0.0,True,False,False
PSRC1,187.0,156.0,344.0,8,0.6484985355297361,0.6275456426844643,0.05092900718393049,0.6022675127780606,0.730955213659353,0.25,8,0.0012939453214347227,0.0012556589722061418,0.0010462414399937665,0.00010596145168600557,0.002890183681609866,0.0,True,False,False
PSRC1,187.0,157.0,345.0,8,0.6398145834076289,0.6088913510723117,0.07644851394597438,0.5500346303936166,0.752530789116077,0.25,8,0.0024065136477876385,0.002372720566302246,0.001720992351339086,0.00020361764182487058,0.005759678256977359,0.0,True,False,False
PSRC1,187.0,158.0,346.0,8,0.6667923513595428,0.6418160787027629,0.08909850097989379,0.5790407835441375,0.8430857848745331,0.25,8,0.0024238668150521536,0.0023620133122855616,0.0015150548095331279,0.000920035020627004,0.005756363200962533,0.0,True,False,False
PSRC1,187.0,159.0,347.0,8,0.6582327200728582,0.62825417238651,0.08609325042450611,0.5790407835441375,0.8430857848745331,0.125,8,0.0024886910513461473,0.0020309236675857684,0.002071810815987111,0.0004615487374529145,0.006888416236167926,0.0,True,False,False
PSRC1,187.0,160.0,348.0,8,0.6630350580318276,0.6228538369903891,0.09683785058143046,0.5834363685663967,0.8703741310862015,0.25,8,0.0031591076479249545,0.0031461138957380604,0.002222706338097443,0.0002819615487424623,0.0075172407180752986,0.0,True,False,False
PSRC1,188.0,105.0,294.0,8,0.5911950431985524,0.5936939637772407,0.12956918031896927,0.43526504491924284,0.8121935075927605,0.125,8,0.0019976695401535557,0.0017433018229957833,0.0019782726321021108,3.752274301823831e-05,0.006193632782389999,0.0,True,False,False
PSRC1,188.0,106.0,295.0,8,0.5983636500998243,0.5892278225274403,0.12551636635031116,0.4458551695922618,0.8121935075927605,0.25,8,0.002338440323136691,0.0021446581712374103,0.0018000417900724407,0.0005584340576019583,0.006193632782389999,0.0,True,False,False
PSRC1,188.0,107.0,296.0,8,0.6294503793621572,0.6492706667685698,0.13158437118007188,0.4413615657226935,0.8443801696223813,0.25,8,0.0031608982071909893,0.0026807965077356955,0.0022659522555708625,0.0002606169650193548,0.005971174901348373,0.0,True,False,False
PSRC1,188.0,108.0,297.0,8,0.5996962581636881,0.6325702771234543,0.10077830545800331,0.4413615657226935,0.7147928652396707,0.125,8,0.002712128113128506,0.0020606731244309446,0.00217018118371214,0.0002606169650193548,0.0059461373667448955,0.0,True,False,False
PSRC1,188.0,109.0,298.0,8,0.5713123952517564,0.6051313769722537,0.10550231780126544,0.39968801418625527,0.7083469224447222,0.125,8,0.003888568855348483,0.005043450001499156,0.002880222408948291,0.0002263284268798203,0.007799899772356259,0.0,True,False,False
PSRC1,188.0,110.0,299.0,8,0.5661852593355563,0.5861866807769398,0.09976662409680227,0.39968801418625527,0.7180459327078441,0.125,8,0.0018038663489615494,0.000987198215573541,0.0020096403917516594,0.0003948936633060778,0.006194113022483791,0.0,True,False,False
PSRC1,188.0,111.0,300.0,8,0.5680112613187042,0.5895930718419309,0.09872932580227808,0.42316148176138774,0.7180459327078441,0.125,8,0.0017425646362821854,0.0015000040738749863,0.0011581962647235562,0.0003948936633060778,0.0035616652909815014,0.0,True,False,False
PSRC1,188.0,112.0,301.0,8,0.5649386128430084,0.5626965393276091,0.11401346216973374,0.4015583887708852,0.7471275936607669,0.125,8,0.0013773286176032927,0.001074122142632694,0.0012507346460028197,4.34515459216893e-05,0.003162173973577032,0.0,True,False,False
PSRC1,188.0,113.0,302.0,8,0.5788811494547085,0.6058177006223744,0.09719950599717372,0.4356057149883858,0.702663330237382,0.125,8,0.0029858492953705527,0.0024807844983810237,0.0022919759398723045,0.0007944988144660104,0.006389437340249527,0.0,True,False,False
PSRC1,188.0,114.0,303.0,8,0.5812849797726414,0.5702673006767185,0.11562507619313009,0.43480159357662235,0.7620508246933957,0.125,8,0.0026405820181739288,0.002830531444427859,0.0013054353954618366,0.0004643003252366408,0.004881066827622011,0.0,True,False,False
PSRC1,188.0,115.0,304.0,8,0.626431689595431,0.6178250101869713,0.17969620515070472,0.44909725716925286,1.0138134206625764,0.125,8,0.00210953859680192,0.002018596494874942,0.0015184612340408683,0.0003029677292769887,0.004881066827622011,0.0,True,False,False
PSRC1,188.0,116.0,305.0,8,0.5918358638730121,0.580420255052401,0.10951642456435298,0.4572425962794037,0.7814213099409464,0.125,8,0.0027845218872848145,0.0026442630682499296,0.0019998443375434374,5.977716684940709e-05,0.005560490199802834,0.0,True,False,False
PSRC1,188.0,117.0,306.0,8,0.5896674270671397,0.580420255052401,0.12027993742283137,0.4431407066778074,0.7916730050925459,0.125,8,0.002549664583724747,0.0011518262091699614,0.0033520710406070003,5.977716684940709e-05,0.009508890751672399,0.0,True,False,False
PSRC1,188.0,118.0,307.0,8,0.5750806621564433,0.5496081682919527,0.12320914169088314,0.429065160767081,0.7853625708489399,0.125,8,0.0022451298986518094,0.001990875961557791,0.0017562060988923474,0.0003079989813499445,0.005261229296645859,0.0,True,False,False
PSRC1,188.0,119.0,308.0,8,0.5756400184683104,0.5507627017450776,0.1225499282704285,0.429065160767081,0.7853625708489399,0.125,8,0.0032094177330841255,0.001991421250480153,0.003635354563362488,0.0006756170967639782,0.011666596068012819,0.0,True,False,False
PSRC1,188.0,120.0,309.0,8,0.579624978261228,0.5553569639885292,0.11898221463526175,0.42895671500146704,0.7853625708489399,0.125,8,0.0035036867215731448,0.0029310588518725936,0.003510650514398112,0.0006756170967639782,0.011666596068012819,0.0,True,False,False
PSRC1,188.0,121.0,310.0,8,0.5893864309537472,0.5847578383792766,0.12119815918010036,0.43817269012399657,0.7853625708489399,0.125,8,0.0019523786140877093,0.0013756712249159571,0.00170525545135908,0.0005760718288021822,0.005670684615432533,0.0,True,False,False
PSRC1,188.0,122.0,311.0,8,0.5728208933946666,0.5622979475143346,0.11360793609139698,0.42553066242819226,0.7736561075240108,0.125,8,0.002261005054221652,0.0018178614539276934,0.0018438295535426863,0.00024145667587314386,0.0054111957880155345,0.0,True,False,False
PSRC1,188.0,123.0,312.0,8,0.5722904840796177,0.5650551268316724,0.11515054145454316,0.41752813836020203,0.7722438166830495,0.125,8,0.0028155470981267253,0.0026421668675693484,0.0016554744949335484,0.00024145667587314386,0.0050131660338741954,0.0,True,False,False
PSRC1,188.0,124.0,313.0,8,0.5505799851597207,0.5220842971984897,0.10711768125087456,0.43940897052025785,0.7460656888521277,0.125,8,0.001603543011877375,0.001516508152713902,0.001122669633768126,0.00024145667587314386,0.003548847655900021,0.0,True,False,False
PSRC1,188.0,125.0,314.0,8,0.5644328208626864,0.5305250893173811,0.10498997498957532,0.4438364619409217,0.7590493848261107,0.125,8,0.0016050623406402287,0.0015447685888025533,0.0011720520890954429,9.583271798256054e-05,0.0034184846315763583,0.0,True,False,False
PSRC1,188.0,126.0,315.0,8,0.5621603900108324,0.5257273659644504,0.09680842404863992,0.4438364619409217,0.7365115842430686,0.125,8,0.001553555735317792,0.0013521684139577313,0.0013254920168638438,6.820637656319533e-05,0.0039802513832149075,0.0,True,False,False
PSRC1,188.0,127.0,316.0,8,0.5711709187126744,0.522552633803806,0.10562888403842803,0.471732990720407,0.7784463907394772,0.125,8,0.0019975292285959803,0.0011962076102294697,0.0019352790857659397,0.00017009297969099272,0.0050069802794880745,0.0,True,False,False
PSRC1,188.0,128.0,317.0,8,0.5782887382570331,0.5374014198779162,0.10716981591917554,0.471732990720407,0.7776901107178286,0.125,8,0.0018198099897398482,0.0016321974039955646,0.001644916759413683,3.3301625216385945e-05,0.0040919814981690205,0.0,True,False,False
PSRC1,188.0,129.0,318.0,8,0.583777008614226,0.5333885141158949,0.10815681505336715,0.471732990720407,0.770778379844584,0.25,8,0.0022008231675278546,0.0021397397558593927,0.0017179760929519705,0.00017009297969099272,0.004502334910045649,0.0,True,False,False
PSRC1,188.0,130.0,319.0,8,0.6103422317760497,0.5664674763435926,0.10910789835216946,0.471732990720407,0.7668655870577102,0.375,8,0.0015753998846718513,0.001018899114985284,0.0014927496078157622,0.00017009297969099272,0.0041613717620811955,0.0,True,False,False
PSRC1,188.0,131.0,320.0,8,0.6228668759918752,0.5664674763435926,0.1069824279281108,0.5197224128167459,0.800822379164784,0.375,8,0.001312817225396774,0.0009539363308143454,0.0013999413031276834,1.3832745514798696e-05,0.0041613717620811955,0.0,True,False,False
PSRC1,188.0,132.0,321.0,8,0.6362862637839521,0.5904458451998349,0.11096061482995107,0.5065665305661093,0.8260204844191805,0.375,8,0.0018155040597762307,0.0015234943049874982,0.0012937409585222815,0.0002288088847420686,0.003371554014500645,0.0,True,False,False
PSRC1,188.0,133.0,322.0,8,0.6202667893528916,0.5667745080810909,0.10407970405069791,0.5065665305661093,0.7936395067917232,0.375,8,0.0016013130843829655,0.0009907146977998853,0.0013523451742963569,0.0005441436369983029,0.004421870491132855,0.0,True,False,False
PSRC1,188.0,134.0,323.0,8,0.6486948307047267,0.6009857099979976,0.09552809888492289,0.5578662815266423,0.7948215350697915,0.375,8,0.001885998184837055,0.001787748544015475,0.0014105903004065052,0.00039644510565928703,0.004664242694046923,0.0,True,False,False
PSRC1,188.0,135.0,324.0,8,0.6771176274706716,0.5996533530990791,0.13785999445559752,0.5678854675114184,0.932236082355045,0.375,8,0.002163782888426062,0.0020745763870505425,0.0011304319406847234,0.0006900189643947354,0.004073359546719674,0.0,True,False,False
PSRC1,188.0,136.0,325.0,8,0.6795603432230874,0.6166271470409075,0.14487626899774636,0.5475149470726172,0.9386900458922631,0.375,8,0.0028873342507860864,0.003312912020047399,0.0018832187783858817,0.0003070817167501133,0.005789948374631665,0.0,True,False,False
PSRC1,188.0,137.0,326.0,8,0.6624081397565498,0.6081186711284641,0.11587915983503366,0.5594170508197633,0.8685712403936552,0.375,8,0.0024482479897839004,0.0024254365983956555,0.0013306899385934154,0.000377766977838993,0.004073359546719674,0.0,True,False,False
PSRC1,188.0,138.0,327.0,8,0.6711238835621334,0.6123388242195402,0.11755424431951315,0.5594170508197633,0.8549937778240708,0.375,8,0.0022023747330540138,0.0014106048394501695,0.0017421150000450514,0.000377766977838993,0.005391007863979686,0.0,True,False,False
PSRC1,188.0,139.0,328.0,8,0.643299998218388,0.5923718667737976,0.1066166150023524,0.5376661907341217,0.8432363039403435,0.25,8,0.002101547924684126,0.001355052762111587,0.0021210166881703747,2.8967966140467395e-05,0.00634560745438826,0.0,True,False,False
PSRC1,188.0,140.0,329.0,8,0.664725571715774,0.6136088637508992,0.119693630668273,0.5335793138272115,0.8453414489814445,0.25,8,0.001485941249593517,0.0015126864335847268,0.0012037268539286173,2.8967966140467395e-05,0.0034891616917170107,0.0,True,False,False
PSRC1,188.0,141.0,330.0,8,0.6673828093702883,0.6097686234716345,0.12546478401546693,0.5335793138272115,0.8753924048307878,0.25,8,0.0026178242683609016,0.0020957490957820638,0.00211437092933299,9.929050495683228e-05,0.006935245147457669,0.0,True,False,False
PSRC1,188.0,142.0,331.0,8,0.6868327079938247,0.6306980614966711,0.12584253662961614,0.5608260895787632,0.8891394674823807,0.375,8,0.003088239003882369,0.0023011188229022997,0.002846564447735581,0.000170185024897978,0.008217337012270546,0.0,True,False,False
PSRC1,188.0,143.0,332.0,8,0.6849402394942733,0.6238210930966734,0.13307228471120766,0.5632754583140923,0.8978049864277338,0.375,8,0.002268374432725862,0.001504255851705963,0.0025836092841577587,0.00022306948601163204,0.008217337012270546,0.0,True,False,False
PSRC1,188.0,144.0,333.0,8,0.69814354040071,0.6620594870388818,0.12050999091029191,0.5734587364513036,0.9064140405431796,0.375,8,0.002712967928592359,0.0031784274273020455,0.0016744258309986787,0.0006606546160247657,0.00482180630807137,0.0,True,False,False
PSRC1,188.0,145.0,334.0,8,0.6925261545887957,0.6644937725619385,0.11188543526693863,0.56975171042197,0.8762846064697378,0.375,8,0.0020487334303967144,0.0022749149680262055,0.0016934193493567578,5.937584015197842e-06,0.00477736668113467,0.0,True,False,False
PSRC1,188.0,146.0,335.0,8,0.696727874272562,0.6460012867034168,0.11524224213090711,0.5754785753383208,0.8762846064697378,0.375,8,0.002503298420156511,0.0018145508341377674,0.0022349480943069677,6.6794009284268e-05,0.0065620896319082056,0.0,True,False,False
PSRC1,188.0,147.0,336.0,8,0.6924643339604091,0.6601785932759685,0.11276948525803016,0.5754785753383208,0.8816972046019673,0.375,8,0.002538052760475304,0.0019142522122002554,0.001816334572716665,0.0009625431354817566,0.005247192113337493,0.0,True,False,False
PSRC1,188.0,148.0,337.0,8,0.6879035576949715,0.6384213449514489,0.1050836048354643,0.5925689839717152,0.8816972046019673,0.375,8,0.003373985067920882,0.0035275073723596865,0.0014006876585565219,0.0017622570708666855,0.005247192113337493,0.0,True,False,False
PSRC1,188.0,149.0,338.0,8,0.6834602296099556,0.6264402781240933,0.10463025031660793,0.5942875894902357,0.8935459226572058,0.375,8,0.0025232663701166146,0.002247734551753036,0.0008079941514301608,0.001735204545313827,0.0037821606772740386,0.0,True,False,False
PSRC1,188.0,150.0,339.0,8,0.664477141274574,0.6344224226132091,0.07809374660629295,0.5942875894902357,0.7812692550164365,0.375,8,0.0020016063839403157,0.0020784721100714373,0.00034847723877073553,0.0013355204205181648,0.002382291961830722,0.0,True,False,False
PSRC1,188.0,151.0,340.0,8,0.6715376001517027,0.6308919413352736,0.1000288591554271,0.5671894386655792,0.8554645675828122,0.375,8,0.0019318311056955033,0.001803406272822436,0.0010643984366537171,0.0006493109637148042,0.004204196531420448,0.0,True,False,False
PSRC1,188.0,152.0,341.0,8,0.6557536607902167,0.6111048036474633,0.09671914069519343,0.5424869319583339,0.8317274137022624,0.25,8,0.003500413699196647,0.0028848460915970953,0.002612804567722733,0.00024988447259377674,0.007674266377291998,0.0,True,False,False
PSRC1,188.0,153.0,342.0,8,0.6544141989729456,0.6077042851186278,0.09969701503649978,0.5511180272651042,0.8457417180996574,0.25,8,0.0023093273169388978,0.0013417251884979117,0.002375591471988298,7.986530729984128e-05,0.006800144216142586,0.0,True,False,False
PSRC1,188.0,154.0,343.0,8,0.6478558679233384,0.6070474690551089,0.09914492418812898,0.5370344628627748,0.8348538981695401,0.25,8,0.002133346224605828,0.001957719644488682,0.0022135487989077547,2.731430294912422e-05,0.006800144216142586,0.0,True,False,False
PSRC1,188.0,155.0,344.0,8,0.6451669308513953,0.6189945858058192,0.09564248980897891,0.5102558975517192,0.8256858789103145,0.25,8,0.0021092533090859905,0.0023740497501398266,0.0013503102660097643,0.00022445682576217955,0.004030265828158503,0.0,True,False,False
PSRC1,188.0,156.0,345.0,8,0.6479200316200824,0.6389080550783723,0.05185130082371178,0.5715921199023412,0.730955213659353,0.25,8,0.0016130399397282194,0.001587584616384591,0.0008772242847749368,0.00021707825131415658,0.002890183681609866,0.0,True,False,False
PSRC1,188.0,157.0,346.0,8,0.6352007450210074,0.61551451166031,0.07777495443539208,0.5112800784117258,0.7468312369925167,0.25,8,0.0022034090216792816,0.0019183530333477688,0.0018017369578122863,0.00023540747379096106,0.005759678256977359,0.0,True,False,False
PSRC1,188.0,158.0,347.0,8,0.6598752219435594,0.6298270368948133,0.08018330627834473,0.5715450122772675,0.807268391578899,0.25,8,0.0017150563466734807,0.0016742918727350707,0.0014025767583411405,6.669444337604934e-05,0.004289330723046984,0.0,True,False,False
PSRC1,188.0,159.0,348.0,8,0.6489609535211431,0.6174121532799359,0.07496809531591664,0.5715450122772675,0.807268391578899,0.125,8,0.0022072159805063794,0.0016928708136489266,0.0020911965468963572,6.669444337604934e-05,0.006065825137185084,0.0,True,False,False
PSRC1,188.0,160.0,349.0,8,0.661464037241505,0.6429838239847199,0.09362492791740787,0.5506109723688892,0.8461030024354177,0.375,8,0.002647708790425727,0.003016685995604725,0.0012204489350717898,0.000695606351561878,0.0037769315159038456,0.0,True,False,False
PSRC1,189.0,105.0,295.0,8,0.5883803406868997,0.556877341615195,0.14181815643284315,0.43831069952334023,0.8590210536800209,0.125,8,0.00212763987554483,0.0012923970234370212,0.002515724386331275,3.752274301823831e-05,0.007413180357503136,0.0,True,False,False
PSRC1,189.0,106.0,296.0,8,0.5972600873999293,0.5595313776227702,0.1384486447824307,0.45528490636494257,0.8590210536800209,0.25,8,0.0029283429060115926,0.002562041485455106,0.0024369828615225663,3.503916570609061e-05,0.007413180357503136,0.0,True,False,False
PSRC1,189.0,107.0,297.0,8,0.6266675101259436,0.613745794230008,0.1415906722106758,0.45130982676655956,0.8890662505665199,0.25,8,0.003053584839754165,0.0031636380314342006,0.002106912497506906,0.0004501032763383812,0.005478841308513953,0.0,True,False,False
PSRC1,189.0,108.0,298.0,8,0.5945755158759224,0.598844163686935,0.1007299865232037,0.45130982676655956,0.7203163149287161,0.25,8,0.0025540287891305737,0.002408288831849301,0.0014095472059257703,0.0009118966701635125,0.004888471119572872,0.0,True,False,False
PSRC1,189.0,109.0,299.0,8,0.5654580231799029,0.5947683682001375,0.09857425493801966,0.41899687871563024,0.7083469224447222,0.125,8,0.0042743902597094634,0.00431712801917932,0.002237058761014423,0.0011624850485152456,0.007799899772356259,0.0,True,False,False
PSRC1,189.0,110.0,300.0,8,0.565724391914076,0.5610433463307476,0.09755025728782798,0.41899687871563024,0.7180459327078441,0.125,8,0.0024675097217278412,0.0021702709142897916,0.00212454543394651,0.00017679115894170814,0.006854017792258569,0.0,True,False,False
PSRC1,189.0,111.0,301.0,8,0.5637392848383305,0.5590347920072141,0.09791758141145843,0.43343317807611914,0.7180459327078441,0.125,8,0.0021416232709027907,0.002088557899319033,0.0016597241441706836,0.0003948936633060778,0.004921336373318571,0.0,True,False,False
PSRC1,189.0,112.0,302.0,8,0.5603740619266915,0.5304153518479933,0.11666081401137789,0.42002587299279465,0.7471275936607669,0.25,8,0.0019697437437472152,0.0012487784974377714,0.002392859349578006,0.00012723338230723598,0.007328991266481742,0.0,True,False,False
PSRC1,189.0,113.0,303.0,8,0.5745168274818127,0.572979388255923,0.09500381531675264,0.4440394582443086,0.702663330237382,0.125,8,0.003155397426359045,0.00316826978667961,0.0022063169137983177,0.00032492424060710475,0.006389437340249527,0.0,True,False,False
PSRC1,189.0,114.0,304.0,8,0.5782536702616653,0.5406204286036846,0.11510911048437525,0.4524023941772226,0.7620508246933957,0.125,8,0.0026162915857194146,0.001874086419370633,0.001764140609961624,0.0008762950157894894,0.005672877533687113,0.0,True,False,False
PSRC1,189.0,115.0,305.0,8,0.6227206236286774,0.5818129895349007,0.17954191239082032,0.4524023941772226,1.0138134206625764,0.125,8,0.002693183538448122,0.002551992278336807,0.00185394705665716,0.0005873600812063436,0.005672877533687113,0.0,True,False,False
PSRC1,189.0,116.0,306.0,8,0.5859601416524689,0.5775694441683549,0.10276145556365084,0.4759164719383083,0.7814213099409464,0.125,8,0.0022114500952970413,0.0016469399993422683,0.0017845245240416866,0.0002573754950244391,0.004881066827622011,0.0,True,False,False
PSRC1,189.0,117.0,307.0,8,0.5850125487662726,0.5775694441683549,0.11166217929564046,0.4431407066778074,0.7916730050925459,0.125,8,0.0028144910271535543,0.0017578167693005347,0.0030512204043356304,0.00016947708425713346,0.009508890751672399,0.0,True,False,False
PSRC1,189.0,118.0,308.0,8,0.5713190138903298,0.5589707291664239,0.1154043801048666,0.4428542217354139,0.7853625708489399,0.125,8,0.0025670849339990316,0.0021435278276712884,0.0014268504307645077,0.0009705269477202187,0.005261229296645859,0.0,True,False,False
PSRC1,189.0,119.0,309.0,8,0.5709590172453346,0.5564478507921,0.11435400610756197,0.44488498421577105,0.7853625708489399,0.125,8,0.0030035052174610297,0.0018275221551844801,0.0036773032010730755,0.00012488733686277358,0.011666596068012819,0.0,True,False,False
PSRC1,189.0,120.0,310.0,8,0.575544062948392,0.5637914178225298,0.11098020975031835,0.45205806850704106,0.7853625708489399,0.125,8,0.0033372804571393223,0.0024704792727066353,0.0035512683490249728,0.00023621268107512774,0.011666596068012819,0.0,True,False,False
PSRC1,189.0,121.0,311.0,8,0.584246133269598,0.5899541649718127,0.11474761181187108,0.4544493411976646,0.7853625708489399,0.125,8,0.002490305659440919,0.0027676538719123827,0.0018586904376518912,7.733199368147031e-05,0.005670684615432533,0.0,True,False,False
PSRC1,189.0,122.0,312.0,8,0.5678947740484845,0.5637226564984089,0.10889682845209733,0.44518039789608993,0.7736561075240108,0.125,8,0.0018449697394363922,0.001761409442925267,0.0017896718931746543,7.733199368147031e-05,0.0054111957880155345,0.0,True,False,False
PSRC1,189.0,123.0,313.0,8,0.5671700725047623,0.5721950385400246,0.10947976481311956,0.436196253827915,0.7722438166830495,0.125,8,0.002343366873017417,0.0016140286573892498,0.002394599285911641,0.00024145667587314386,0.006847969968179752,0.0,True,False,False
PSRC1,189.0,124.0,314.0,8,0.5462773257911678,0.525365446710438,0.10264410215872333,0.4433465468172915,0.7460656888521277,0.125,8,0.0012135494749468533,0.0011834681742667295,0.0009390553895954093,0.0002105788433353391,0.002539035692573187,0.0,True,False,False
PSRC1,189.0,125.0,315.0,8,0.5606071146584767,0.5378232649382279,0.09783155776626477,0.4642031372248674,0.7590493848261107,0.125,8,0.0022056159389667518,0.0019504027754196737,0.0020249633305208076,2.0126361017511746e-05,0.006311158329594376,0.0,True,False,False
PSRC1,189.0,126.0,316.0,8,0.5608293320832323,0.5350446207720955,0.08733836259330433,0.4708610093020204,0.7365115842430686,0.125,8,0.003041988253470074,0.0026411190616862064,0.0022162986613231362,0.00037200711608513433,0.006311158329594376,0.0,True,False,False
PSRC1,189.0,127.0,317.0,8,0.5699539960277428,0.5362273558071595,0.09808396775039312,0.47136441635987664,0.7784463907394772,0.125,8,0.002286738395791057,0.002298083937875967,0.001475971569231423,0.0003424240368039176,0.0050069802794880745,0.0,True,False,False
PSRC1,189.0,128.0,318.0,8,0.5759808026622628,0.5436641825792448,0.09936429622321195,0.47878652835124524,0.7776901107178286,0.125,8,0.0025007173259611066,0.0026602873020324207,0.0011810841919802548,3.3301625216385945e-05,0.004017338108502494,0.0,True,False,False
PSRC1,189.0,129.0,319.0,8,0.5806436216214952,0.5429157789440717,0.09532231881180671,0.49999463911322106,0.770778379844584,0.125,8,0.00285723333205648,0.0024879241855005744,0.001012189563238119,0.0018216227635600545,0.004502334910045649,0.0,True,False,False
PSRC1,189.0,130.0,320.0,8,0.6076935258139812,0.574272193155941,0.09528487118085063,0.49999463911322106,0.7668655870577102,0.25,8,0.0021520239310323114,0.0018626303540653592,0.0012338772057296256,0.0009790305636421073,0.004587315991983283,0.0,True,False,False
PSRC1,189.0,131.0,321.0,8,0.618984055508295,0.574272193155941,0.09643229324326066,0.5381111450374673,0.800822379164784,0.25,8,0.0019019480973161969,0.0013967493209657864,0.0012282006390974419,0.0009288420979865835,0.004587315991983283,0.0,True,False,False
PSRC1,189.0,132.0,322.0,8,0.6300018359844589,0.5966681118793722,0.10266472909117118,0.5269363104606567,0.8260204844191805,0.25,8,0.002433936129511655,0.0023927069572270117,0.001403906946665596,0.0009288420979865835,0.004141563116743088,0.0,True,False,False
PSRC1,189.0,133.0,323.0,8,0.6157282734950964,0.5761975704144189,0.0943145185428696,0.5269363104606567,0.7936395067917232,0.25,8,0.003167945320570679,0.0035068864276001166,0.0010721036773084936,0.0009288420979865835,0.004421870491132855,0.0,True,False,False
PSRC1,189.0,134.0,324.0,8,0.6410494313195485,0.6024637314805676,0.08609613012292208,0.5483154632221676,0.7948215350697915,0.375,8,0.002332012274441982,0.0026748835673893025,0.000906046018553264,0.00039644510565928703,0.0031807099904460866,0.0,True,False,False
PSRC1,189.0,135.0,325.0,8,0.6705668984451993,0.6072630306736571,0.12398170504525802,0.5515511138793343,0.8746393288146083,0.375,8,0.0028423928707139385,0.002170792537165166,0.0023359008455224937,0.0004251442664060765,0.007862766230488217,0.0,True,False,False
PSRC1,189.0,136.0,326.0,8,0.6721738594330167,0.6220343958516531,0.12749931491113892,0.5515511138793343,0.8688457052583132,0.375,8,0.0021725683004164137,0.0015509752362237541,0.0016482762751196223,0.000370320520815322,0.004621199718567942,0.0,True,False,False
PSRC1,189.0,137.0,327.0,8,0.6572821182372999,0.6135259199392096,0.10588388018169505,0.5625752684421703,0.8685712403936552,0.375,8,0.0023900354124128395,0.001638314249590493,0.0017221882075906714,0.00043973865085843053,0.004621199718567942,0.0,True,False,False
PSRC1,189.0,138.0,328.0,8,0.6634838310689611,0.6237089988357702,0.100274093305342,0.5711267119034975,0.8432363039403435,0.375,8,0.002026433963644935,0.0016706057418910843,0.0015580851216394336,0.00043973865085843053,0.005391007863979686,0.0,True,False,False
PSRC1,189.0,139.0,329.0,8,0.6365200920459538,0.5995720960410642,0.09936643861641628,0.5580990507294079,0.8432363039403435,0.125,8,0.002248525353679289,0.002675173086528995,0.0011977011853023742,2.8967966140467395e-05,0.003480120152081716,0.0,True,False,False
PSRC1,189.0,140.0,330.0,8,0.6590731205643976,0.6177626730968941,0.10430440548411761,0.5620599489383494,0.8432363039403435,0.25,8,0.001858890974008317,0.002264675661905247,0.001342831642415863,2.8967966140467395e-05,0.0034891616917170107,0.0,True,False,False
PSRC1,189.0,141.0,331.0,8,0.6600344322846146,0.6101246848985292,0.11129276348672576,0.5620599489383494,0.8753924048307878,0.25,8,0.0033741133960699375,0.003456254486196325,0.0020154630832747733,0.00017484626139750083,0.006935245147457669,0.0,True,False,False
PSRC1,189.0,142.0,332.0,8,0.6848976878791034,0.6353447321068115,0.11205249458161558,0.581303124576241,0.8891394674823807,0.375,8,0.0021251115558416443,0.001411420792322829,0.002182526881415707,0.000170185024897978,0.0063256825108303286,0.0,True,False,False
PSRC1,189.0,143.0,333.0,8,0.680152371460922,0.6353447321068115,0.11896779667431424,0.5778379683625877,0.8978049864277338,0.375,8,0.001975121490020677,0.0016451575275690184,0.0011937954083727877,0.0002623990543921936,0.004314633696760722,0.0,True,False,False
PSRC1,189.0,144.0,334.0,8,0.6912221298524618,0.6587347651406426,0.10815160457359702,0.581303124576241,0.9064140405431796,0.375,8,0.0017258498817147125,0.001120510782654726,0.0015153816843750717,0.00010670682185452922,0.004151583781363698,0.0,True,False,False
PSRC1,189.0,145.0,335.0,8,0.6904664002789727,0.6569914846028015,0.09673592546068195,0.5929649712740134,0.8762846064697378,0.375,8,0.0011194867312489829,0.0009548974241969403,0.0007428662116739841,6.6794009284268e-05,0.002381790011909395,0.0,True,False,False
PSRC1,189.0,146.0,336.0,8,0.6922261104282172,0.6458825250914135,0.098221942484662,0.6043512943010435,0.8762846064697378,0.375,8,0.0018206934916212248,0.0018198177972366825,0.0013888274497876009,6.6794009284268e-05,0.0046382439640187895,0.0,True,False,False
PSRC1,189.0,147.0,337.0,8,0.6856593932124778,0.6600598316639653,0.09651353262957475,0.5858142969340822,0.8816972046019673,0.375,8,0.002505291263725914,0.0022051771719127818,0.0016839119794318416,0.0006968482471170821,0.005213775363833854,0.0,True,False,False
PSRC1,189.0,148.0,338.0,8,0.6808361428469969,0.6449005333594715,0.09358910837109873,0.6029489706508844,0.8816972046019673,0.375,8,0.0031321011551806786,0.0028862652176867938,0.001718751358379114,0.0002767354057607049,0.005213775363833854,0.0,True,False,False
PSRC1,189.0,149.0,339.0,8,0.6772698895663826,0.6326814920896118,0.09744668672484427,0.6029489706508844,0.8935459226572058,0.375,8,0.002535900377960712,0.0019361462873595816,0.002158173486120777,0.0002277705854082735,0.006405057683256341,0.0,True,False,False
PSRC1,189.0,150.0,340.0,8,0.656840920390455,0.6384453036319012,0.06775101466836181,0.5809674051023831,0.7695849537698466,0.375,8,0.002115244320514622,0.0018554439329862061,0.001649089966774573,0.0002277705854082735,0.005504354661557386,0.0,True,False,False
PSRC1,189.0,151.0,341.0,8,0.6652685498876764,0.633356620038839,0.08890179590210608,0.5857049325336422,0.8554645675828122,0.375,8,0.0016233080102786511,0.0013154433584991127,0.001312760658974184,0.00042949859160372694,0.004204196531420448,0.0,True,False,False
PSRC1,189.0,152.0,342.0,8,0.6495944900137229,0.6161812107302405,0.08645685743939106,0.5614662257624073,0.8317274137022624,0.125,8,0.002741965500980114,0.0020540633354790274,0.0021802311312054783,0.0007451455591974681,0.007674266377291998,0.0,True,False,False
PSRC1,189.0,153.0,343.0,8,0.6470860058833225,0.6176425586282035,0.09141536841170489,0.5632144300118923,0.8457417180996574,0.125,8,0.002739767811708716,0.002353749745953438,0.0015618439781642532,0.00042391809444211766,0.005001671569186564,0.0,True,False,False
PSRC1,189.0,154.0,344.0,8,0.6420156145380027,0.6179783617383517,0.0885668435371656,0.5568071942535242,0.8348538981695401,0.125,8,0.002791251420306916,0.0029633721618685703,0.0017065618417902665,0.0004046263665620487,0.005001671569186564,0.0,True,False,False
PSRC1,189.0,155.0,345.0,8,0.6373290501604661,0.6307779315657531,0.08752386911201547,0.5321295916130429,0.8256858789103145,0.125,8,0.002936782495425949,0.0029701702685306247,0.0015245211396410301,0.00022445682576217955,0.0052978633224190245,0.0,True,False,False
PSRC1,189.0,156.0,346.0,8,0.6442838684293043,0.6527093456136155,0.038370640971572625,0.5938727884611463,0.7007438111169905,0.125,8,0.0019997491131071923,0.002082267744366547,0.0011082969965346878,0.00021707825131415658,0.0038450205136141844,0.0,True,False,False
PSRC1,189.0,157.0,347.0,8,0.628582722369361,0.6196531080403883,0.06086860207328817,0.5421130643176129,0.7312764702234466,0.125,8,0.0024250647264575345,0.001740200221058071,0.002170072837871254,0.00023540747379096106,0.006892760246769773,0.0,True,False,False
PSRC1,189.0,158.0,348.0,8,0.6515945827221805,0.6207557895748301,0.06952871065633234,0.5925212243054114,0.807268391578899,0.125,8,0.001993672944287821,0.0013441665783807955,0.0017161906308272227,6.669444337604934e-05,0.004289330723046984,0.0,True,False,False
PSRC1,189.0,159.0,349.0,8,0.6468019984085818,0.6205934653508172,0.06981288816422229,0.5925212243054114,0.807268391578899,0.125,8,0.0024182526402039056,0.0017722632859084736,0.0021696138450874093,6.669444337604934e-05,0.006065825137185084,0.0,True,False,False
PSRC1,189.0,160.0,350.0,8,0.6543195060083912,0.6391181748278103,0.09019667438745721,0.5643902548956075,0.8461030024354177,0.25,8,0.0027753655223076387,0.0028825801320040085,0.0012791576727416373,0.0010883736177051688,0.004946205978411432,0.0,True,False,False
PSRC1,190.0,105.0,296.0,8,0.5754408875729,0.5592153179176874,0.12850167357642334,0.4097495816419721,0.7788408648569237,0.125,8,0.003094964073584565,0.0032888167746558342,0.0024140334962729766,0.0002427411359094964,0.006786487203636588,0.0,True,False,False
PSRC1,190.0,106.0,297.0,8,0.5834229952578283,0.5618693539252626,0.12194168002038931,0.4162668020760782,0.7788408648569237,0.25,8,0.0027883346972692904,0.0025285658754850104,0.0017859660580893352,0.0005527136146410625,0.00543960402148727,0.0,True,False,False
PSRC1,190.0,107.0,298.0,8,0.6136504149505849,0.6239896679596724,0.13064897694237926,0.42321961102971845,0.823908358414209,0.25,8,0.0030368479781382957,0.003108721100724815,0.0016755636540340462,0.00017440558489276487,0.004860509473035202,0.0,True,False,False
PSRC1,190.0,108.0,299.0,8,0.5807377906590546,0.6053723263611259,0.0976594035629714,0.42321961102971845,0.6971084886631781,0.0,8,0.0022823208891829677,0.002206420916783673,0.0018435277288871526,6.756878393078983e-05,0.004756646283198319,0.0,True,False,False
PSRC1,190.0,109.0,300.0,8,0.5532218911813576,0.5765133501540498,0.10933199909927233,0.37389206385028734,0.7020038369514827,0.125,8,0.0033771887665525963,0.0033503924279238376,0.0018698908478764235,0.0009991250032427154,0.0066957664489222,0.0,True,False,False
PSRC1,190.0,110.0,301.0,8,0.5480904631603907,0.5626571008602339,0.09934383924734932,0.37389206385028734,0.694879260194189,0.0,8,0.0033406657529341114,0.0030186211052597688,0.0018204907564756546,0.0010547325067262533,0.006854017792258569,0.0,True,False,False
PSRC1,190.0,111.0,302.0,8,0.5509779268870123,0.5638419651728535,0.09746945550803164,0.3962187226834525,0.694879260194189,0.0,8,0.0032783179464241263,0.0018806611868883714,0.0028951912103272197,0.0006294685719333652,0.007885619489945104,0.0,True,False,False
PSRC1,190.0,112.0,303.0,8,0.5481696277105363,0.5341207982044256,0.10957543730493668,0.38109357739100785,0.7348137373372272,0.125,8,0.0023108906436980904,0.0016974274717388568,0.0017675962262255374,0.000552004420390442,0.006137711399858711,0.0,True,False,False
PSRC1,190.0,113.0,304.0,8,0.5602348114777433,0.581382320359775,0.09811479115851443,0.40270388944216307,0.6899607960099663,0.0,8,0.002755853472818954,0.0025233254675699895,0.0023153964776706894,0.0002995253704764217,0.006298529029713727,0.0,True,False,False
PSRC1,190.0,114.0,305.0,8,0.5657243233847733,0.5426330929769867,0.11437772059158197,0.4155380550824489,0.7582132682563659,0.125,8,0.0030089281150056106,0.00211981791329354,0.0021122098736442597,0.0009515554680130175,0.005896236537871746,0.0,True,False,False
PSRC1,190.0,115.0,306.0,8,0.6070162025179847,0.5859030221764434,0.17358895741557634,0.42145885697098623,0.978931812711617,0.125,8,0.002692197727782199,0.002154314932849735,0.0017711380184203464,0.0009515554680130175,0.005672877533687113,0.0,True,False,False
PSRC1,190.0,116.0,307.0,8,0.5720935804834926,0.5555605602995202,0.11401590855101969,0.42571510055494177,0.7695427341799915,0.125,8,0.0020830376228873834,0.001968410942656737,0.0015215994679109576,0.0002573754950244391,0.004742823883381487,0.0,True,False,False
PSRC1,190.0,117.0,308.0,8,0.5687387090567652,0.5503597695984637,0.1181463203132755,0.42574265058932376,0.7685231599553833,0.125,8,0.0037040988766644943,0.0029601556572029218,0.003096538706933187,0.0005809145435406615,0.010870381805773465,0.0,True,False,False
PSRC1,190.0,118.0,309.0,8,0.5582219092792804,0.526451729127337,0.12147210934639395,0.40471908381721494,0.7664796734040613,0.125,8,0.0028185042903430186,0.00271702246839737,0.0020067344644849354,0.0003773686355054545,0.005871335417575982,0.0,True,False,False
PSRC1,190.0,119.0,310.0,8,0.5551682550822556,0.5260640611999154,0.11922039427758833,0.40471908381721494,0.7664796734040613,0.125,8,0.0035465939795166026,0.003430814491290156,0.002521819327430223,0.0011444601912407397,0.008746464729696592,0.0,True,False,False
PSRC1,190.0,120.0,311.0,8,0.5565927788017473,0.5278855908220865,0.11799220939160539,0.4043621074852286,0.7664796734040613,0.125,8,0.003474088459136804,0.003430814491290156,0.0026439731210228684,4.907335977886728e-05,0.008746464729696592,0.0,True,False,False
PSRC1,190.0,121.0,312.0,8,0.5687107971970673,0.5611714799071568,0.12440488183625803,0.4045705748095378,0.7664796734040613,0.125,8,0.0033678793814089095,0.002282384104730062,0.0029958367830600413,0.0006945158300778755,0.009912138085364999,0.0,True,False,False
PSRC1,190.0,122.0,313.0,8,0.5560390712398677,0.5371559758565403,0.11713383442748762,0.39692495285973234,0.767216128996538,0.125,8,0.0012718527909521635,0.001318275283343484,0.0007696175010591318,0.00025835358990948114,0.002135847146457538,0.0,True,False,False
PSRC1,190.0,123.0,314.0,8,0.5542646564194553,0.5410634134464773,0.11269412707276119,0.3955454776722688,0.7538613779651011,0.125,8,0.00295582519630085,0.002187858693607027,0.0025344377485888732,0.00025835358990948114,0.00691246529132083,0.0,True,False,False
PSRC1,190.0,124.0,315.0,8,0.5362059398948859,0.49528645333122373,0.10983067119013469,0.4149945055931491,0.7409951946134891,0.125,8,0.001349158960964904,0.0006596465850935256,0.0015892983915621987,0.0002105788433353391,0.004875918402721236,0.0,True,False,False
PSRC1,190.0,125.0,316.0,8,0.5508092128080322,0.5137724184470522,0.10329258077977903,0.426539011765112,0.7481830703851211,0.125,8,0.002044751873495533,0.0020621285994257186,0.0013863382719071708,8.471381583279845e-06,0.004355255068038829,0.0,True,False,False
PSRC1,190.0,126.0,317.0,8,0.5479791833718324,0.5109626458815719,0.09699201172386139,0.426539011765112,0.7294132131277801,0.125,8,0.0023829062949854807,0.0019705290484896506,0.0015457246076427892,0.0011361915351544437,0.005935090254768694,0.0,True,False,False
PSRC1,190.0,127.0,318.0,8,0.5591179191420879,0.517340239184174,0.1051565193938162,0.4524770579861846,0.7738176080008942,0.125,8,0.0028512613110183316,0.0029486641691156626,0.0019170604385334942,0.0004054628383360852,0.0067221271597518355,0.0,True,False,False
PSRC1,190.0,128.0,319.0,8,0.5663299709730797,0.5273159471028319,0.10707466161590208,0.4524770579861846,0.7696436642629922,0.125,8,0.0023496539589309127,0.0020023824716031606,0.001738994204406948,0.00031211623987414423,0.005552404631241587,0.0,True,False,False
PSRC1,190.0,129.0,320.0,8,0.5715420612600606,0.5334978237111628,0.10802453452372905,0.4524770579861846,0.7737381891211612,0.125,8,0.001823726756306356,0.0016412228556146914,0.0008914283408682274,0.0004054628383360852,0.0030991860861663586,0.0,True,False,False
PSRC1,190.0,130.0,321.0,8,0.5942439753798162,0.5661705087098081,0.10781128267832665,0.4524770579861846,0.7638363487738199,0.25,8,0.0025765265401684915,0.001878824190305732,0.0020353648011591525,0.0004054628383360852,0.006482171900328277,0.0,True,False,False
PSRC1,190.0,131.0,322.0,8,0.6039332376436778,0.5661705087098081,0.10647789763322199,0.4859015204577666,0.789566335232305,0.25,8,0.002682589626094975,0.0021897042089179712,0.002003901993976116,0.00029423226423557495,0.006482171900328277,0.0,True,False,False
PSRC1,190.0,132.0,323.0,8,0.6170095806406708,0.576100318875489,0.10989691222312302,0.4719774770117719,0.8139977941126891,0.25,8,0.0023171668444491506,0.0022180853255161907,0.0011838292376781154,0.0007749912108057405,0.004141563116743088,0.0,True,False,False
PSRC1,190.0,133.0,324.0,8,0.6031768276482659,0.5578994601230107,0.1101741235593171,0.4719774770117719,0.8028847322306323,0.25,8,0.0024636372740923914,0.001804768157457932,0.0018578736954347867,0.000758049464125522,0.006175934344162534,0.0,True,False,False
PSRC1,190.0,134.0,325.0,8,0.627449466271402,0.5898985504869737,0.09196577893684207,0.524754122586429,0.7785569909131855,0.375,8,0.0014220904517200257,0.001118132088890514,0.0010302928905974143,0.0002803122955409201,0.0031687433427889946,0.0,True,False,False
PSRC1,190.0,135.0,326.0,8,0.6585733363382644,0.5813302347659753,0.13123077468751781,0.5546451029646118,0.8746393288146083,0.375,8,0.0026111466844150662,0.00218557590209424,0.002400302290617893,0.0004251442664060765,0.007446464743128976,0.0,True,False,False
PSRC1,190.0,136.0,327.0,8,0.6592206095259123,0.5933964305703243,0.13789117812527021,0.5143444532290348,0.8688457052583132,0.375,8,0.0022396032150732237,0.002154989427328376,0.00123510169575816,0.00038751130275481546,0.004530661318649822,0.0,True,False,False
PSRC1,190.0,137.0,328.0,8,0.6417811226111698,0.5858750057655491,0.11698086728280686,0.5282577224305417,0.868879851053833,0.375,8,0.0017342084315872613,0.0016455567556903723,0.00152059379511099,0.00016399154963035067,0.004915447518834498,0.0,True,False,False
PSRC1,190.0,138.0,329.0,8,0.6489877334469354,0.5940624250386943,0.10956797601983537,0.5282577224305417,0.8365329942740568,0.375,8,0.0019924667535814295,0.0009880009758834614,0.0025254862118700714,0.00016399154963035067,0.007767016447163154,0.0,True,False,False
PSRC1,190.0,139.0,330.0,8,0.623643798712336,0.5786144800894412,0.10943533166715647,0.49838855399021087,0.8365329942740568,0.125,8,0.00242682595692333,0.0026518377711845648,0.002096046416944917,6.213776973880359e-05,0.005318234794605039,0.0,True,False,False
PSRC1,190.0,140.0,331.0,8,0.6455343018347994,0.6015421519833875,0.11556455320203098,0.5033302804299885,0.8365329942740568,0.25,8,0.0018732962346512218,0.0016766683109678568,0.0014078102681097362,0.00040803538707854647,0.00419284574226651,0.0,True,False,False
PSRC1,190.0,141.0,332.0,8,0.6445524941033847,0.6052788018994905,0.12044967066619995,0.5033302804299885,0.8605415186008059,0.25,8,0.0015064893283078216,0.0013689010592132286,0.0009753075108526506,0.00017484626139750083,0.003308273820846598,0.0,True,False,False
PSRC1,190.0,142.0,333.0,8,0.6743023553667976,0.6314187570471821,0.12250065289180799,0.5342491548886938,0.8829615578138652,0.375,8,0.0024527204333639253,0.0013640242020256205,0.0027258009323929675,0.00010004038229710615,0.008092379515923682,0.0,True,False,False
PSRC1,190.0,143.0,334.0,8,0.6699232496387989,0.6148424342511905,0.13015144118019575,0.5334784141768477,0.9026596852308227,0.375,8,0.00278940970968272,0.00291799794036622,0.0026460874639904677,0.00010004038229710615,0.008092379515923682,0.0,True,False,False
PSRC1,190.0,144.0,335.0,8,0.67821803577482,0.6485708525466722,0.1179455811707927,0.5450942489603908,0.9002506900812309,0.375,8,0.0012503030906388954,0.0007668975200069246,0.001283053129914886,0.00010004038229710615,0.003618830186127889,0.0,True,False,False
PSRC1,190.0,145.0,336.0,8,0.6754978938677307,0.6552987819723093,0.1098617779199697,0.5408669818185473,0.8670420731974291,0.375,8,0.002418296023905972,0.0022803396684850765,0.001842567055505195,3.0443884718072646e-05,0.00604002871478343,0.0,True,False,False
PSRC1,190.0,146.0,337.0,8,0.6771531551971942,0.6452820712579681,0.11045927770415512,0.5470215900177716,0.8670420731974291,0.375,8,0.0022337911140446667,0.0019106925080715196,0.0017891503208122873,3.0443884718072646e-05,0.004919499972446188,0.0,True,False,False
PSRC1,190.0,147.0,338.0,8,0.6702733864934876,0.6518538521850827,0.10700917025379365,0.5470215900177716,0.8722870713429739,0.375,8,0.0019568860975667226,0.00218635993986507,0.001273694377468947,0.00018921085303513871,0.0037336032573269022,0.0,True,False,False
PSRC1,190.0,148.0,339.0,8,0.6673409871738138,0.6398381527411394,0.10444586619693469,0.5512823016479464,0.8722870713429739,0.375,8,0.0019222031149509888,0.0017629716080267341,0.0014091322862797885,9.033124110673984e-05,0.0042707066861350585,0.0,True,False,False
PSRC1,190.0,149.0,340.0,8,0.6652309446613964,0.6244630916805123,0.10568985712198253,0.5637166970646293,0.8850130493411068,0.375,8,0.0015216935829630782,0.001439886216236282,0.0010315094726122283,0.0002277705854082735,0.0034630783458288487,0.0,True,False,False
PSRC1,190.0,150.0,341.0,8,0.6450645529477237,0.6284405636846413,0.07803331740227414,0.5593587715728574,0.7594730108057559,0.375,8,0.0017756279973301565,0.0017053772654317715,0.001031901292448546,0.0002277705854082735,0.0034634580734905674,0.0,True,False,False
PSRC1,190.0,151.0,342.0,8,0.6514132226333607,0.6308363199176722,0.09715081839324985,0.5461219553296036,0.8363348908220916,0.375,8,0.0021031650891967933,0.001772782078439167,0.0016217213565965817,0.0005393549422291632,0.005242256868469832,0.0,True,False,False
PSRC1,190.0,152.0,343.0,8,0.6357835464339732,0.6096506385973024,0.09706824634331057,0.508126283379007,0.8176399710380642,0.25,8,0.0026428335653641928,0.0028021502578587515,0.0008158579813776227,0.0013166361241461336,0.0034910347058150605,0.0,True,False,False
PSRC1,190.0,153.0,344.0,8,0.6300383542659367,0.6010615604075528,0.0973257874409605,0.5113814472120917,0.8219521113035505,0.125,8,0.003254775417969166,0.002727994259700478,0.002835304170720781,0.000252798406955615,0.008257470316640191,0.0,True,False,False
PSRC1,190.0,154.0,345.0,8,0.6278082139627196,0.6043083237493225,0.0980147396462532,0.502190149371213,0.8226428158301634,0.125,8,0.003139883660253338,0.0027682313699032082,0.0017353242422460447,0.0010985028567336028,0.006779076530900051,0.0,True,False,False
PSRC1,190.0,155.0,346.0,8,0.6245747815018174,0.6139958009666516,0.09476929120449411,0.4840200209633901,0.8151505782433184,0.125,8,0.0031351770068214608,0.0030780156135262523,0.0020952421516100598,0.00023726503446167257,0.00659184333256935,0.0,True,False,False
PSRC1,190.0,156.0,347.0,8,0.6293989652422654,0.6368003325343405,0.052137167114664235,0.5382806281468413,0.6828456013353782,0.0,8,0.0022450823542218864,0.0021307997743073804,0.0012230369396131853,0.00023726503446167257,0.004225163471002632,0.0,True,False,False
PSRC1,190.0,157.0,348.0,8,0.6146241561722185,0.6079022624261801,0.07548288297124664,0.48442378187351937,0.7200110728683462,0.125,8,0.002113840458603184,0.0013920993174093262,0.0015548632559887379,0.0005371723599491398,0.004374246067158999,0.0,True,False,False
PSRC1,190.0,158.0,349.0,8,0.6388584739738778,0.6248623995391689,0.08012817236447184,0.5410759290486528,0.7975708696499675,0.125,8,0.002457464532729906,0.002200578160219755,0.0012895913576870157,0.0005684829061228618,0.004143699692459116,0.0,True,False,False
PSRC1,190.0,159.0,350.0,8,0.6376595318978646,0.6170454665064995,0.08061619112404259,0.5410759290486528,0.7975708696499675,0.125,8,0.0026656725586781125,0.002200578160219755,0.0016675522078014996,0.0005729438504916539,0.005701104906990369,0.0,True,False,False
PSRC1,190.0,160.0,351.0,8,0.6405848649454011,0.6393495972631353,0.09482651121528268,0.5263135519947777,0.8277726824688051,0.25,8,0.0027890323669201946,0.0022204577973814342,0.0022519215719166204,0.0003952117346623782,0.007971462279147341,0.0,True,False,False
SORT1,175.0,105.0,281.0,8,0.4132280064013526,0.3979691684579578,0.16189576309349274,0.22938120589393146,0.6819378009730416,0.0,8,0.029856066110167844,0.03501843644826712,0.01361680053686444,0.008043612224057372,0.04409179662455179,0.0,True,False,False
SORT1,175.0,106.0,282.0,8,0.43416839867257334,0.39056498894331193,0.14670420563221004,0.26605438936564635,0.6819378009730416,0.0,8,0.02513696663961136,0.028970298397605763,0.01757930737809044,0.0020746994966190377,0.04579656523410341,0.0,True,False,False
SORT1,175.0,107.0,283.0,8,0.4667077961564137,0.4289738931778609,0.15497620719168764,0.31721120389424756,0.695615119457083,0.0,8,0.02001271065489782,0.019703229781664684,0.010121930124509232,0.0036810641122232745,0.033914320901505514,0.0,True,False,False
SORT1,175.0,108.0,284.0,8,0.43357834397142425,0.39061431899472665,0.12962259281638855,0.31721120389424756,0.6741323679857305,0.0,8,0.019482615465105952,0.016954224555927117,0.013003719598497498,0.0036810641122232745,0.03775364607041869,0.0,True,False,False
SORT1,175.0,109.0,285.0,8,0.38996013980885014,0.3740989519795026,0.1384971861182075,0.17845654746611495,0.6700977421894695,0.0,8,0.014814279309863218,0.01146179479662486,0.01071345447788525,0.0031075467935965614,0.02770760811672328,0.0,True,False,False
SORT1,175.0,110.0,286.0,8,0.393239469150912,0.39646480048062227,0.1414370692424483,0.17845654746611495,0.6755442580726114,0.0,8,0.03198163200644479,0.029666611183518377,0.023897869912342464,0.0031075467935965614,0.06727929819399277,0.0,True,False,False
SORT1,175.0,111.0,287.0,8,0.3830810337713629,0.34510174770507984,0.13242756546883686,0.22295620045335338,0.6755442580726114,0.0,8,0.030723616094303,0.024507197845339397,0.020914513979495623,0.012147272284548805,0.06727929819399277,0.0,True,False,False
SORT1,175.0,112.0,288.0,8,0.38466700866594716,0.3330298244268668,0.17598107341546446,0.1769912418925942,0.7547988612951178,0.125,8,0.02290471191146381,0.019893969575467123,0.016270363895515134,0.0068203000586994755,0.05526169756497125,0.0,True,False,False
SORT1,175.0,113.0,289.0,8,0.39985512513375804,0.40701541496139293,0.1373285734671606,0.22698197960966696,0.6935422464908347,0.0,8,0.033023016995487056,0.018182824383331034,0.029525204831277754,0.00496204593844976,0.07516767242277703,0.0,True,False,False
SORT1,175.0,114.0,290.0,8,0.4004658159005226,0.36791065981168275,0.1519985199122886,0.2751155616878596,0.7552432561989569,0.125,8,0.026742617369481483,0.023615628676403023,0.02592602591180962,0.001147509628747172,0.08378872923973837,0.0,True,False,False
SORT1,175.0,115.0,291.0,8,0.4533236434530102,0.3919836672381293,0.25040029363739136,0.27704403012606116,1.0536888132370732,0.125,8,0.026722740476517688,0.028500507520243596,0.017097109108184964,0.001147509628747172,0.054853011442029434,0.0,True,False,False
SORT1,175.0,116.0,292.0,8,0.4185878650738291,0.38951791875384634,0.1412906341482262,0.24492771042193118,0.7416745059161357,0.125,8,0.03298697533912775,0.03087624715428984,0.02440737095109098,0.001147509628747172,0.07239261905115667,0.0,True,False,False
SORT1,175.0,117.0,293.0,8,0.41663379159470126,0.3864677361822132,0.15866207080319972,0.27604428210649073,0.7936614875573134,0.125,8,0.023104671930610807,0.017541228581058083,0.01689381598939387,0.0023437810481961655,0.04988065951085802,0.0,True,False,False
SORT1,175.0,118.0,294.0,8,0.40452284705482905,0.40477424793869055,0.15818767252449242,0.23079568310779655,0.7413978568451882,0.125,8,0.04165427204215486,0.038948542048806684,0.028582199022468942,0.012302563576505046,0.0805423496595886,0.0,True,False,False
SORT1,175.0,119.0,295.0,8,0.38514433237918105,0.3594190088787005,0.15741690055029833,0.23079568310779655,0.7413978568451882,0.125,8,0.04203692486895025,0.038948542048806684,0.0313803949868913,0.011688154475751318,0.09373011731588156,0.0,True,False,False
SORT1,175.0,120.0,296.0,8,0.3933429254725421,0.376055887358576,0.15301009137979396,0.23084668030815259,0.7413978568451882,0.125,8,0.034309645015872005,0.022128097061757078,0.02828849660346325,0.011688154475751318,0.09373011731588156,0.0,True,False,False
SORT1,175.0,121.0,297.0,8,0.41867981421843947,0.39644983845258613,0.16125056277625685,0.2392995506790859,0.7413978568451882,0.125,8,0.02531700460599174,0.023598599570942798,0.013647511142350776,0.005451914919013404,0.05048188988660439,0.0,True,False,False
SORT1,175.0,122.0,298.0,8,0.40663441433192576,0.39197188500848423,0.14520429528951626,0.23636204778206138,0.7241844493769762,0.125,8,0.01658738457164521,0.016191885412242275,0.008095524023256934,0.005862198315188343,0.028993901303723826,0.0,True,False,False
SORT1,175.0,123.0,299.0,8,0.38854005853467277,0.3868264676450397,0.13868338066307265,0.22870649769343143,0.6779808994454686,0.0,8,0.027238109226924385,0.021825573669324326,0.02012854487677987,0.005286455758146136,0.058561207840347435,0.0,True,False,False
SORT1,175.0,124.0,300.0,8,0.3882275571428207,0.3696012801848018,0.15024505814277267,0.24825846130363574,0.7385854793146739,0.125,8,0.03056209412454795,0.023964808640419333,0.01919114540152051,0.01013871357076183,0.058146216027566415,0.0,True,False,False
SORT1,175.0,125.0,301.0,8,0.3828223065254081,0.3540829582130359,0.15344613648781064,0.25492764979190013,0.7430921709635717,0.125,8,0.020597739091837965,0.013740607589017871,0.02025833828010499,0.0012226028312246273,0.04602394761974382,0.0,True,False,False
SORT1,175.0,126.0,302.0,8,0.4061661826369504,0.37042464881655573,0.14947208219682084,0.26720859423821036,0.7176409637716912,0.125,8,0.022134725506754566,0.01871249002112442,0.016369269178553168,0.001842492540201663,0.04602394761974382,0.0,True,False,False
SORT1,175.0,127.0,303.0,8,0.4144328010952846,0.3813490337835983,0.15662774928810932,0.27720262296475795,0.7847701658802778,0.125,8,0.017216395871468046,0.008416129322721181,0.01958474550795,0.0002826591879240594,0.05915298212241955,0.0,True,False,False
SORT1,175.0,128.0,304.0,8,0.4078890776636995,0.3566476232142096,0.15162754070154108,0.27082165462452634,0.7395799887987389,0.125,8,0.02578923535792763,0.020883701581051073,0.025044247706255386,0.0026045682517696917,0.06654489444828784,0.0,True,False,False
SORT1,175.0,129.0,305.0,8,0.4309782815274427,0.3673245250107269,0.1508236264363044,0.31618550282874924,0.7646496087924805,0.125,8,0.02766362278738397,0.027403785566699396,0.021803393799455825,0.0027705426817644127,0.06654489444828784,0.0,True,False,False
SORT1,175.0,130.0,306.0,8,0.453964266590725,0.4285392809624342,0.1218443103607114,0.31618550282874924,0.7234846882750179,0.125,8,0.013020080815874944,0.009302727660138496,0.011834606986899249,0.0027705426817644127,0.03657813269380528,0.0,True,False,False
SORT1,175.0,131.0,307.0,8,0.4485508055625954,0.4241954737561884,0.12802668451170748,0.32150443010252483,0.737706542274519,0.125,8,0.013529195088066142,0.010852394364034085,0.010586209881720102,0.003645958275505272,0.03657813269380528,0.0,True,False,False
SORT1,175.0,132.0,308.0,8,0.46170364517336204,0.4241954737561884,0.13542854596145404,0.3176023084162195,0.7671798816647171,0.125,8,0.02004991756604652,0.01608043654533662,0.01066528688526067,0.010129217199446294,0.038302695530566845,0.0,True,False,False
SORT1,175.0,133.0,309.0,8,0.4456722558713383,0.40937933493606204,0.14574730180243692,0.3176023084162195,0.7697926952395423,0.125,8,0.02308895934993084,0.012532910437775406,0.022017909551973656,0.0012395009326340806,0.06861765512535135,0.0,True,False,False
SORT1,175.0,134.0,310.0,8,0.4852062342700301,0.4300118878771021,0.1401291664252922,0.37186467599484196,0.7838227979269801,0.125,8,0.013952594758456522,0.009982804688154896,0.014463228318869415,0.0005537607246066383,0.03855690791643787,0.0,True,False,False
SORT1,175.0,135.0,311.0,8,0.5228972587154822,0.46733987974584046,0.15382650056884956,0.3645455537222651,0.8095596145429328,0.25,8,0.02171192611066794,0.02218189111764752,0.016237389147373184,0.0008087638136186805,0.050364310883538634,0.0,True,False,False
SORT1,175.0,136.0,312.0,8,0.4888410363231445,0.4474468761220029,0.17004603070966787,0.27993887472022705,0.8298338223204411,0.125,8,0.028070748278519443,0.02974849798468341,0.012205704461747149,0.007822233649303904,0.050364310883538634,0.0,True,False,False
SORT1,175.0,137.0,313.0,8,0.49061229783989935,0.4629376064797892,0.16154364742803073,0.3077464788152166,0.8609999310387513,0.125,8,0.03465090248823569,0.029974647426666223,0.014901401931267216,0.01815408953509655,0.0635001616664811,0.0,True,False,False
SORT1,175.0,138.0,314.0,8,0.5050702425122606,0.46898275299953684,0.1626748752416965,0.3077464788152166,0.8646296859006132,0.125,8,0.02926890227123726,0.02537826548717917,0.013349482455472744,0.01815408953509655,0.05207066008570396,0.0,True,False,False
SORT1,175.0,139.0,315.0,8,0.47675131368020734,0.46330830640546505,0.17358881026904732,0.29156312667059986,0.8646296859006132,0.125,8,0.025168618845868487,0.025478461531428076,0.020085513723863965,0.0005851103653517329,0.054178482863614534,0.0,True,False,False
SORT1,175.0,140.0,316.0,8,0.5083131570194273,0.47366019472611787,0.17180449090858987,0.27334969696928174,0.8646296859006132,0.125,8,0.024341350350992722,0.018223353870045752,0.018967243102836515,0.003903220574537526,0.05327832926629577,0.0,True,False,False
SORT1,175.0,141.0,317.0,8,0.48893410492703193,0.4596691759035488,0.1747030364753741,0.27334969696928174,0.8774660355388108,0.125,8,0.025801677159498985,0.029052697823363442,0.016711610589202848,0.00011936606950525987,0.04954241411503204,0.0,True,False,False
SORT1,175.0,142.0,318.0,8,0.5015056106852361,0.4660980674253846,0.15621850069100138,0.3427334944248578,0.8220732871140755,0.125,8,0.03535970332891405,0.03623196419612423,0.018424529490095626,0.01300568155607497,0.06885388842278792,0.0,True,False,False
SORT1,175.0,143.0,319.0,8,0.5118814418309303,0.4291703733504259,0.17390647011588575,0.37530439765079376,0.8653466677320915,0.125,8,0.02860034388812783,0.03047126332040266,0.021346776315347406,0.0014283158413124898,0.060302539401738,0.0,True,False,False
SORT1,175.0,144.0,320.0,8,0.5362178701971986,0.50531096531823,0.16207188324998836,0.37530439765079376,0.868584451695602,0.125,8,0.031953505594796275,0.029505068922366373,0.026103852458338073,0.005166241823785127,0.08326390332775825,0.0,True,False,False
SORT1,175.0,145.0,321.0,8,0.5268488247512203,0.5010812540138335,0.16360380849195913,0.35095615971999233,0.878161877299975,0.125,8,0.019288595636452906,0.010604926043417132,0.01901479068907018,0.0050954595502786665,0.061380101195994456,0.0,True,False,False
SORT1,175.0,146.0,322.0,8,0.5610437727010155,0.5477228491183688,0.169273412487577,0.3697899087585206,0.878161877299975,0.125,8,0.016152301916346944,0.011468408366362806,0.012450038170172931,0.001142109982559114,0.03436426598412165,0.0,True,False,False
SORT1,175.0,147.0,323.0,8,0.5307516732660548,0.4962322238038707,0.147140214469332,0.3784958863210675,0.8531310273919935,0.125,8,0.018801861879320193,0.01782819523986182,0.010049895081446127,0.004935311139925691,0.03209009305493374,0.0,True,False,False
SORT1,175.0,148.0,324.0,8,0.5354193370591753,0.47729860409538805,0.15256126501457892,0.4037043928049004,0.8531310273919935,0.125,8,0.020239590129311345,0.010024669338287434,0.021421905316059895,0.0020458478838364185,0.06200744776253922,0.0,True,False,False
SORT1,175.0,149.0,325.0,8,0.5259935744017911,0.4664717414893622,0.16704365538734975,0.3859769347130408,0.8908887915469689,0.125,8,0.020614395705358494,0.012630959052716747,0.021986116899084234,0.0007355984459072001,0.06200744776253922,0.0,True,False,False
SORT1,175.0,150.0,326.0,8,0.5229804514888764,0.49158449884588873,0.1250301942617923,0.3859769347130408,0.794716403344694,0.125,8,0.022871536757439505,0.022363502734855243,0.013026019362919082,0.0038544276601364426,0.04269879370400117,0.0,True,False,False
SORT1,175.0,151.0,327.0,8,0.5266283162143928,0.5019371910921253,0.18065101576032672,0.31004590603418297,0.9282100635577121,0.125,8,0.019074842098823874,0.013318347389606203,0.016830745192808267,0.00017190236424595792,0.04646831282392552,0.0,True,False,False
SORT1,175.0,152.0,328.0,8,0.4874845035175796,0.48658310235570623,0.16297383666362625,0.280700631872231,0.8275810333650228,0.125,8,0.016607863798558428,0.013263892820934462,0.01333475110533452,0.002566946892740838,0.04037102363189284,0.0,True,False,False
SORT1,175.0,153.0,329.0,8,0.4562589035155713,0.45580830554856644,0.14397367786251827,0.29736000541936985,0.7600844728499857,0.125,8,0.037529298061535835,0.037369879098717335,0.015603335431614967,0.01852717977654385,0.06379216242118076,0.0,True,False,False
SORT1,175.0,154.0,330.0,8,0.48543835637383187,0.46124948972870705,0.14870937989012523,0.3358835197060727,0.8173173878824324,0.125,8,0.028577021603320908,0.022645168407414696,0.01723253938809638,0.005420059366597555,0.05235034564396888,0.0,True,False,False
SORT1,175.0,155.0,331.0,8,0.48385702772481626,0.461876454979872,0.14793196050197496,0.2897525081942203,0.8093140400855263,0.125,8,0.025451153234092066,0.02283354982282651,0.020310823810759403,0.002464282215077883,0.0689917512909169,0.0,True,False,False
SORT1,175.0,156.0,332.0,8,0.4776694754553663,0.4757496620840156,0.08431533792864583,0.34971804104307574,0.6327605926478591,0.0,8,0.023327474894949754,0.018537777375411207,0.0218109808559567,0.002464282215077883,0.0686965120504753,0.0,True,False,False
SORT1,175.0,157.0,333.0,8,0.5098888859308879,0.48343424767924836,0.14234223923794206,0.2748036084432903,0.7203342577864074,0.125,8,0.027110082038730332,0.01742318068914365,0.022415486259910314,0.006206515464951526,0.07552597344360167,0.0,True,False,False
SORT1,175.0,158.0,334.0,8,0.5197397067620808,0.496027971061977,0.1623379280842638,0.3063351221020713,0.8397248051556143,0.125,8,0.020476834156729604,0.01935340130681309,0.017035204855263834,0.0025592737970773034,0.04351160765906947,0.0,True,False,False
SORT1,175.0,159.0,335.0,8,0.522565769666553,0.496027971061977,0.1583484298363118,0.3063351221020713,0.8397248051556143,0.125,8,0.020200482082582794,0.020383704297198685,0.01522086894007315,0.0025592737970773034,0.039581582105311944,0.0,True,False,False
SORT1,175.0,160.0,336.0,8,0.49955893568145643,0.4576263958340391,0.16359714752188126,0.3169811591153494,0.8496728010038893,0.125,8,0.018521401408629307,0.016094143558433686,0.014495064597222013,0.00019008385807742199,0.04915994467361928,0.0,True,False,False
SORT1,176.0,105.0,282.0,8,0.44365082852484095,0.43465472825470397,0.15500888703060542,0.22938120589393146,0.6985260755180144,0.0,8,0.026195514992978626,0.020572944969122174,0.019995116609546875,0.005848474824903157,0.06727667689204461,0.0,True,False,False
SORT1,176.0,106.0,283.0,8,0.4655017328182316,0.4444618945214285,0.132814947624677,0.26605438936564635,0.6833573619179366,0.0,8,0.028467557402337633,0.024714786512332946,0.020183907548735204,0.005848474824903157,0.06727667689204461,0.0,True,False,False
SORT1,176.0,107.0,284.0,8,0.479158283062901,0.44634717931819096,0.1453644820644911,0.31721120389424756,0.7420986279397542,0.125,8,0.021788112022401704,0.016481593697413692,0.01391314836058336,0.008591184430182466,0.0448654318181444,0.0,True,False,False
SORT1,176.0,108.0,285.0,8,0.4427416017766851,0.4187187327516939,0.11877593744584546,0.31721120389424756,0.7024158746845592,0.125,8,0.026355717157732772,0.016481593697413692,0.024898665028819898,0.0019156249534876325,0.08147289477779983,0.0,True,False,False
SORT1,176.0,109.0,286.0,8,0.41079028592311556,0.3921561150797782,0.15338169102428686,0.17845654746611495,0.7347290959509046,0.125,8,0.021132924039038915,0.025583773447445127,0.010663015351075522,0.0031075467935965614,0.03189174922726317,0.0,True,False,False
SORT1,176.0,110.0,287.0,8,0.3883614742507092,0.374332699454318,0.14886479766070465,0.17845654746611495,0.7088730637980887,0.125,8,0.035009736425081685,0.017626880935607242,0.035725173017087365,0.0031075467935965614,0.08274893709954874,0.0,True,False,False
SORT1,176.0,111.0,288.0,8,0.39385534477510215,0.36941891041207664,0.1389776631050093,0.22295620045335338,0.7088730637980887,0.125,8,0.03272136511580964,0.027840022720823122,0.019515582678678735,0.007689038513220279,0.05914957581310719,0.0,True,False,False
SORT1,176.0,112.0,289.0,8,0.4111441493589738,0.35697980733229645,0.1581048877490721,0.1769912418925942,0.7014025099714709,0.125,8,0.024062276153595977,0.028059777679133688,0.00872787174815694,0.005241378762084254,0.031641461267801846,0.0,True,False,False
SORT1,176.0,113.0,290.0,8,0.4243688146733432,0.4253342748687949,0.10816836233488082,0.22698197960966696,0.6199828852333451,0.0,8,0.033068913784133604,0.024711817154539566,0.027686674213918877,0.00496204593844976,0.0883730513796481,0.0,True,False,False
SORT1,176.0,114.0,291.0,8,0.41618084023308016,0.38919814371176414,0.1396515388389116,0.2751155616878596,0.7346665797496269,0.125,8,0.022613559631871623,0.020042979079741598,0.02156975890404762,0.0004743071613967484,0.06491984893672884,0.0,True,False,False
SORT1,176.0,115.0,292.0,8,0.47067397181618986,0.4062653018135022,0.2394917173903214,0.2887130634996446,1.0522138426549414,0.125,8,0.022897275040125727,0.022255518864643165,0.020519412509833107,0.0018954122862995504,0.06491984893672884,0.0,True,False,False
SORT1,176.0,116.0,293.0,8,0.4309285936813028,0.4019402647039408,0.1527637041816354,0.24492771042193118,0.7744096760437871,0.125,8,0.04030041647975361,0.03238332695668818,0.018562514718689974,0.017921503602567876,0.06431676599242946,0.0,True,False,False
SORT1,176.0,117.0,294.0,8,0.43044632296237795,0.37576668152689874,0.147898225085249,0.27604428210649073,0.7619179602841755,0.125,8,0.030320815568372832,0.02202937928862327,0.021097474417976703,0.007360419882555792,0.06431676599242946,0.0,True,False,False
SORT1,176.0,118.0,295.0,8,0.4107550292994878,0.36908801690784565,0.15891891912902872,0.23079568310779655,0.763235426337749,0.125,8,0.033347549606099376,0.034098001833847424,0.021029281915111653,0.00423883225953095,0.05987010045032244,0.0,True,False,False
SORT1,176.0,119.0,296.0,8,0.40537491048609414,0.3710321409429944,0.15679175908227866,0.23079568310779655,0.763235426337749,0.125,8,0.04012078495146315,0.04689411562567329,0.021272527704478985,0.0070088238698710545,0.05987010045032244,0.0,True,False,False
SORT1,176.0,120.0,297.0,8,0.4055722685283894,0.3877724214052619,0.15878571166064911,0.23084668030815259,0.763235426337749,0.125,8,0.032915512261512195,0.04349425246734692,0.02102719293273612,0.0070088238698710545,0.05571747578698329,0.0,True,False,False
SORT1,176.0,121.0,298.0,8,0.4272349998381373,0.4123640251339467,0.16532845301800364,0.2392995506790859,0.763235426337749,0.125,8,0.019753667544719456,0.014056484751409148,0.017257776112066747,0.005638156736864282,0.05571747578698329,0.0,True,False,False
SORT1,176.0,122.0,299.0,8,0.40843994831436914,0.3863738088048981,0.1319845510396363,0.23636204778206138,0.6858764327213691,0.0,8,0.028285512368141523,0.016213740614217955,0.029300787566142357,0.002955910596622791,0.07642429664551806,0.0,True,False,False
SORT1,176.0,123.0,300.0,8,0.4199682183458607,0.41407191851614256,0.14372256952513637,0.24679948664424828,0.7002770895822962,0.125,8,0.01967215707515461,0.010898167573519121,0.020489692936744512,0.002473050944201761,0.06370369561502559,0.0,True,False,False
SORT1,176.0,124.0,301.0,8,0.3985045770682045,0.3882090263472174,0.14854459967610656,0.24825846130363574,0.7028739257458969,0.125,8,0.025449182426322974,0.015018346047320025,0.021142834949720236,0.007415021322261615,0.06370369561502559,0.0,True,False,False
SORT1,176.0,125.0,302.0,8,0.4240376608392454,0.395655697358325,0.15806871462365044,0.25167818042780665,0.7263228933397151,0.125,8,0.02646689702382305,0.022810055645991485,0.017795913157232765,0.003237175730318421,0.04683067191967533,0.0,True,False,False
SORT1,176.0,126.0,303.0,8,0.4018739971125825,0.3772428669480289,0.13183203248754413,0.2709471431002498,0.6924800707587978,0.0,8,0.030637260508283172,0.02548608499202016,0.016304523561466906,0.014299449908701635,0.053182493277666464,0.0,True,False,False
SORT1,176.0,127.0,304.0,8,0.41824070184024215,0.35895093651438625,0.1677367029353709,0.24519304696577898,0.7774311256996503,0.125,8,0.016354919166978257,0.015889171819842885,0.009863439855143815,0.0027705426817644127,0.032184271150431015,0.0,True,False,False
SORT1,176.0,128.0,305.0,8,0.43268543429925865,0.40220496412857887,0.14117951842845577,0.30890653554204445,0.7503228376182975,0.125,8,0.017391599629914746,0.016334660933127135,0.012005915671813925,0.0027705426817644127,0.04325371434354463,0.0,True,False,False
SORT1,176.0,129.0,306.0,8,0.4375999391089305,0.4450975191621139,0.1348960419136285,0.301928140826305,0.7115637952999081,0.125,8,0.017085945972487485,0.010862934801182918,0.014783944629946371,0.0027705426817644127,0.04325371434354463,0.0,True,False,False
SORT1,176.0,130.0,307.0,8,0.4792688163506661,0.49604830659633936,0.1296821540780922,0.31618550282874924,0.7373839630536261,0.125,8,0.017729810545615576,0.011429224926187188,0.016504603571123523,0.0027705426817644127,0.04988407355018811,0.0,True,False,False
SORT1,176.0,131.0,308.0,8,0.4817045925169092,0.4852000637798525,0.14266881004071857,0.32150443010252483,0.786620196443654,0.125,8,0.017924293999509767,0.015673379124477912,0.010017491208956059,0.00777953018669549,0.03694110429464138,0.0,True,False,False
SORT1,176.0,132.0,309.0,8,0.4767196901565304,0.45841408772393905,0.14327005884215097,0.3176023084162195,0.7957510688317572,0.125,8,0.025544508129719062,0.026884846497636273,0.014192656997256308,0.0028790860654886864,0.0420983383678457,0.0,True,False,False
SORT1,176.0,133.0,310.0,8,0.4971164893431716,0.4907389912377866,0.1347964577144002,0.3176023084162195,0.7765412014048554,0.125,8,0.022998894507688945,0.02221955722958629,0.00920552169050988,0.008227292749591655,0.038302695530566845,0.0,True,False,False
SORT1,176.0,134.0,311.0,8,0.5079861855768034,0.5026795879170429,0.1252106532254788,0.38599788519354555,0.7738146347967366,0.125,8,0.027757726226840876,0.02577332515231407,0.020749246876725434,0.0008087638136186805,0.06385247759128293,0.0,True,False,False
SORT1,176.0,135.0,312.0,8,0.550246463795014,0.5095095866507203,0.16620736250648316,0.3657003749649053,0.8170407831575701,0.25,8,0.02224352965265089,0.022437505592898373,0.015096457630769257,0.0008087638136186805,0.042342753723991204,0.0,True,False,False
SORT1,176.0,136.0,313.0,8,0.5326286967964752,0.502961185544791,0.18756848607098545,0.27993887472022705,0.8644376011790964,0.25,8,0.03409279254028427,0.032103608444024274,0.015010741663007289,0.012588004159876898,0.05891015081706814,0.0,True,False,False
SORT1,176.0,137.0,314.0,8,0.5364990978503081,0.5095095866507203,0.16721455287360612,0.3077464788152166,0.8925660806282735,0.125,8,0.028626421276070853,0.028286684056137153,0.01566751670908315,0.0069857763070980145,0.05891015081706814,0.0,True,False,False
SORT1,176.0,138.0,315.0,8,0.5036758467835054,0.4725755736635156,0.1793982893307505,0.3077464788152166,0.8813000045939527,0.125,8,0.026633608606014963,0.02515280290115333,0.01727368237191306,0.0015465643077745086,0.051586135827153205,0.0,True,False,False
SORT1,176.0,139.0,316.0,8,0.48796938941037904,0.4273997165069676,0.18333912204920375,0.3308598939200122,0.8813000045939527,0.125,8,0.02130269751085989,0.026148603609333944,0.012324290850011679,0.0025061168603169475,0.03258645792534492,0.0,True,False,False
SORT1,176.0,140.0,317.0,8,0.5034744109088677,0.4732356880306169,0.1976684134400439,0.27334969696928174,0.8813000045939527,0.125,8,0.030157039575910316,0.03329245921508203,0.02279671457533961,0.0028189059678831265,0.06871842777059446,0.0,True,False,False
SORT1,176.0,141.0,318.0,8,0.4982242463810368,0.44854340126430603,0.18271649409268292,0.27334969696928174,0.8586453871110047,0.125,8,0.029331955812960872,0.031076697828464592,0.01557414252796099,0.006199023415305023,0.054849847408888985,0.0,True,False,False
SORT1,176.0,142.0,319.0,8,0.5424581817887121,0.5348584872902341,0.15732270941432255,0.3427334944248578,0.8373013309125484,0.125,8,0.030150668689194082,0.029526820480593095,0.023712842130874035,0.0011132341624910621,0.06885388842278792,0.0,True,False,False
SORT1,176.0,143.0,320.0,8,0.5324675104483643,0.4548035057353014,0.16422150546533762,0.387174111159011,0.8772835515443262,0.125,8,0.021293289374034203,0.014886063362698512,0.018243890461418263,0.0011132341624910621,0.05034436815799208,0.0,True,False,False
SORT1,176.0,144.0,321.0,8,0.5679899386349686,0.5375811815481238,0.14745553428111297,0.4078618526170041,0.850148234922385,0.125,8,0.031706297832935236,0.03359553693373746,0.025291081500009454,0.0004976315821152342,0.0657233443117268,0.0,True,False,False
SORT1,176.0,145.0,322.0,8,0.5396606580655268,0.5432585090112556,0.16156442261526163,0.3595828076036317,0.8421064209529691,0.125,8,0.02330962945506866,0.023495944860973568,0.01694427123718165,0.00010992380864729768,0.04872425970979955,0.0,True,False,False
SORT1,176.0,146.0,323.0,8,0.537348437734381,0.5594601817906917,0.15843322601214543,0.328820615768365,0.8421064209529691,0.125,8,0.023321413718935733,0.016201866234148106,0.02288975689408845,0.004276307968075582,0.07214804746655071,0.0,True,False,False
SORT1,176.0,147.0,324.0,8,0.5436799329663043,0.5503868350402792,0.1665521988563981,0.3385846469099521,0.8663880563318382,0.125,8,0.02012391394000806,0.019496275080782933,0.01462838783706021,0.004276307968075582,0.04571359266553002,0.0,True,False,False
SORT1,176.0,148.0,325.0,8,0.5408372101427199,0.5075218931834726,0.15462372522194676,0.39301920266136386,0.8663880563318382,0.125,8,0.02833675624361537,0.026176195019908793,0.012506092715172801,0.01305364145544525,0.04571359266553002,0.0,True,False,False
SORT1,176.0,149.0,326.0,8,0.536616296580552,0.5125950609871988,0.15844798355438025,0.3859769347130408,0.8601258069742634,0.125,8,0.018858062067048844,0.017506139730140546,0.014551520071266658,0.001240048342477031,0.04394761301324777,0.0,True,False,False
SORT1,176.0,150.0,327.0,8,0.5276157031656711,0.5046324144672929,0.13323371105004508,0.3859769347130408,0.7959899201764193,0.125,8,0.01821191122876698,0.016779156022565193,0.01628210768535282,0.0001594712169276239,0.04394761301324777,0.0,True,False,False
SORT1,176.0,151.0,328.0,8,0.5105277642886283,0.5103403174469193,0.16364854473886367,0.31004590603418297,0.8349693410446787,0.125,8,0.018107121091404933,0.013985344047533363,0.013786469864499062,0.0011654994985209383,0.04394761301324777,0.0,True,False,False
SORT1,176.0,152.0,329.0,8,0.4908716166383955,0.4974266593354941,0.14665695141129842,0.280700631872231,0.7809793325604818,0.125,8,0.022081015820342272,0.016452532966317854,0.02099695019345017,0.0011654994985209383,0.0672926994631325,0.0,True,False,False
SORT1,176.0,153.0,330.0,8,0.4906813569470039,0.5166216398989765,0.1518151051789048,0.29736000541936985,0.7802210299289715,0.125,8,0.02170798230832531,0.022053296482492726,0.01338889942285688,0.007154887918435691,0.04710600749173381,0.0,True,False,False
SORT1,176.0,154.0,331.0,8,0.4888008773196276,0.47070664047366373,0.15628188359586878,0.3358835197060727,0.8293603489877929,0.125,8,0.029685150929738578,0.018387005825643402,0.02882190641852013,0.007154887918435691,0.08269495508128619,0.0,True,False,False
SORT1,176.0,155.0,332.0,8,0.48596308016779155,0.4840075248576521,0.16175649608867676,0.2897525081942203,0.8227394027492617,0.125,8,0.030291272395479293,0.029858505298205953,0.01227930119058328,0.008176147050849732,0.049571987674180244,0.0,True,False,False
SORT1,176.0,156.0,333.0,8,0.5049790061854256,0.5204340518678644,0.1044225245962509,0.34971804104307574,0.6548038432131932,0.0,8,0.027334576562671402,0.01949726076434595,0.02446074895253719,0.003366677934885587,0.0686965120504753,0.0,True,False,False
SORT1,176.0,157.0,334.0,8,0.5053663708361079,0.5303925087167962,0.12406161819997935,0.2748036084432903,0.6892998185356363,0.0,8,0.020983679530933892,0.020374906885518847,0.015144528232934967,0.0005058063176083959,0.04586112054227014,0.0,True,False,False
SORT1,176.0,158.0,335.0,8,0.5304862651429639,0.49978313150492226,0.16415139303524612,0.3063351221020713,0.8438750335022526,0.125,8,0.023577543692179452,0.029756469806275235,0.01599649322309325,0.0005058063176083959,0.04135699995000442,0.0,True,False,False
SORT1,176.0,159.0,336.0,8,0.513286522147108,0.4671665857684487,0.1624118880669865,0.3063351221020713,0.8438750335022526,0.125,8,0.03578611093113088,0.03718448423038562,0.005947218714308094,0.02372699119046544,0.04135699995000442,0.0,True,False,False
SORT1,176.0,160.0,337.0,8,0.526839241620227,0.49426176581419345,0.156266602865502,0.3169811591153494,0.811229908128858,0.125,8,0.018914044770762133,0.017852564133302714,0.014083940739451642,0.0006940117726168542,0.039492193185047444,0.0,True,False,False
SORT1,177.0,105.0,283.0,8,0.46058699628493327,0.4463651448790565,0.15217961472706992,0.22938120589393146,0.6896020420833691,0.0,8,0.024491222035995703,0.02484457523745488,0.01096943523430621,0.0044850660091593445,0.04104942150913751,0.0,True,False,False
SORT1,177.0,106.0,284.0,8,0.4774682098199168,0.4448907259787186,0.13645198548897156,0.26605438936564635,0.6902628142170126,0.0,8,0.023361215029442647,0.019766438534704604,0.01530704419585303,0.0044850660091593445,0.04579656523410341,0.0,True,False,False
SORT1,177.0,107.0,285.0,8,0.5121241137293594,0.46730998905108656,0.15449644843448687,0.31721120389424756,0.758836279471673,0.25,8,0.02633084237801545,0.021296738198648704,0.021213186984224364,0.000652652525673482,0.06619505397155276,0.0,True,False,False
SORT1,177.0,108.0,286.0,8,0.4518451399819885,0.4419190479027923,0.089543640777791,0.31721120389424756,0.632631394559886,0.0,8,0.022856589858966693,0.022113653252494113,0.02214258538833942,0.000652652525673482,0.06619505397155276,0.0,True,False,False
SORT1,177.0,109.0,287.0,8,0.4097025011070738,0.3921561150797782,0.14828377939076973,0.17845654746611495,0.7128127673794461,0.125,8,0.01967533173711775,0.017731231578694624,0.018407454127271346,0.000652652525673482,0.050528054175841546,0.0,True,False,False
SORT1,177.0,110.0,288.0,8,0.41078870723756933,0.4113622886596867,0.15217171466170712,0.17845654746611495,0.72137874756186,0.125,8,0.022459150278009064,0.0235118689755755,0.020634692227386453,0.0021333744713347425,0.06469328390256532,0.0,True,False,False
SORT1,177.0,111.0,289.0,8,0.4187820153217201,0.40842275143618123,0.14091651934755142,0.22295620045335338,0.72137874756186,0.125,8,0.02758899918564533,0.023271577399843108,0.022931236766327565,0.00243370029076855,0.06483872852973975,0.0,True,False,False
SORT1,177.0,112.0,290.0,8,0.4281648811633769,0.41591639747678905,0.16818926437212098,0.1769912418925942,0.7206358084125597,0.125,8,0.023066581148810935,0.022991186270779826,0.015044145314120488,0.00243370029076855,0.04642543828297106,0.0,True,False,False
SORT1,177.0,113.0,291.0,8,0.44579585668821997,0.43255211939815275,0.1414954718431804,0.22698197960966696,0.7317332693898061,0.125,8,0.02737704161417503,0.022092599026509594,0.02642347989692668,0.00496204593844976,0.0883730513796481,0.0,True,False,False
SORT1,177.0,114.0,292.0,8,0.4522341533972267,0.4489565960428913,0.1456741546119365,0.2751155616878596,0.754267611097918,0.125,8,0.02807773352651929,0.030679741960740775,0.021523702370870684,0.0004743071613967484,0.0682300738805348,0.0,True,False,False
SORT1,177.0,115.0,293.0,8,0.5119326712125792,0.4489565960428913,0.25160007205341633,0.2887130634996446,1.1134579638611748,0.125,8,0.028973681415038935,0.03169015552228379,0.021257031528969596,0.0011959835766647247,0.0682300738805348,0.0,True,False,False
SORT1,177.0,116.0,294.0,8,0.4468150685768429,0.44562286664939443,0.12734842338021254,0.24492771042193118,0.695015149893753,0.0,8,0.04210718508404246,0.03664352640764026,0.02014559936876181,0.009196458844795922,0.0682300738805348,0.0,True,False,False
SORT1,177.0,117.0,295.0,8,0.4427040978432988,0.43418814524800253,0.14454592536959174,0.27604428210649073,0.7638458255746944,0.125,8,0.0331179267762005,0.031959786619596,0.021829319354336445,0.0012149919827852765,0.06431676599242946,0.0,True,False,False
SORT1,177.0,118.0,296.0,8,0.413766739977311,0.38932078671394343,0.1486676210836895,0.23079568310779655,0.7384671901637648,0.125,8,0.027291013894314382,0.025940052245427676,0.022309010639632542,0.002243868473129271,0.05987010045032244,0.0,True,False,False
SORT1,177.0,119.0,297.0,8,0.425181003536582,0.39948371111888364,0.15508479016176846,0.23079568310779655,0.7384671901637648,0.125,8,0.039078024623073165,0.044735260658819845,0.018050419918857728,0.0075583898196775745,0.05987010045032244,0.0,True,False,False
SORT1,177.0,120.0,298.0,8,0.43368763480560624,0.42699013308754696,0.1522466340048678,0.23084668030815259,0.7384671901637648,0.125,8,0.035219113913040945,0.04052883268380183,0.013905033995624002,0.00968268615627395,0.04871760270937171,0.0,True,False,False
SORT1,177.0,121.0,299.0,8,0.4267885832200423,0.429532598695937,0.15586004071463253,0.2392995506790859,0.7384671901637648,0.125,8,0.02843426759433454,0.028612324785242626,0.016938111849460744,0.008619326505370202,0.05790780305833049,0.0,True,False,False
SORT1,177.0,122.0,300.0,8,0.40358679366291594,0.36827936792619487,0.14870672144364158,0.23636204778206138,0.7390478787348207,0.125,8,0.03212564428512313,0.02967996800481744,0.02711394455042507,0.0026612867091350386,0.07642429664551806,0.0,True,False,False
SORT1,177.0,123.0,301.0,8,0.40970205495073886,0.3971674772369117,0.14886867988202246,0.24679948664424828,0.7243963936242943,0.125,8,0.0298667244306507,0.027203918715051182,0.016978463432742664,0.009287239174723724,0.06370369561502559,0.0,True,False,False
SORT1,177.0,124.0,302.0,8,0.4120715882160063,0.3811104051865282,0.15703603853748255,0.24825846130363574,0.7407017618230057,0.125,8,0.028441359995151867,0.024061660012373347,0.01794536847540142,0.007415021322261615,0.06370369561502559,0.0,True,False,False
SORT1,177.0,125.0,303.0,8,0.429623479643705,0.42807806495259487,0.15060198495691382,0.25167818042780665,0.7311802857390389,0.125,8,0.01878601610777364,0.018429007379059444,0.014184147211409127,0.003237175730318421,0.04602394761974382,0.0,True,False,False
SORT1,177.0,126.0,304.0,8,0.4302777855109376,0.4100505404049838,0.14149650725003363,0.2709471431002498,0.727926480018105,0.125,8,0.027046074699892356,0.02304527305158954,0.014943672824837485,0.012380657057041953,0.053182493277666464,0.0,True,False,False
SORT1,177.0,127.0,305.0,8,0.4465664384850539,0.4414392416216257,0.14321191045740742,0.24519304696577898,0.7189868310607016,0.125,8,0.012994718839330623,0.011194645555165717,0.011729463447288997,0.0002061810852208394,0.03710890728919854,0.0,True,False,False
SORT1,177.0,128.0,306.0,8,0.46335603318268026,0.44618820445206886,0.14363893898713276,0.30890653554204445,0.7542978644949997,0.125,8,0.020409873454125205,0.01692151340855063,0.020477234054926925,0.0002061810852208394,0.06672027777796234,0.0,True,False,False
SORT1,177.0,129.0,307.0,8,0.4684960714711208,0.47383216625399804,0.14771431514922073,0.31618550282874924,0.7646331319790189,0.125,8,0.020950879208244254,0.017920156437234356,0.021723791099823548,0.0019890252741628354,0.06672027777796234,0.0,True,False,False
SORT1,177.0,130.0,308.0,8,0.5011198229909986,0.5215317734394032,0.12651470885775462,0.31618550282874924,0.7376349998113073,0.125,8,0.030272518979413247,0.026840819975224327,0.02539843051563052,0.0027705426817644127,0.06672027777796234,0.0,True,False,False
SORT1,177.0,131.0,309.0,8,0.5049688752885607,0.5039972977724738,0.14267432223443527,0.32150443010252483,0.7981774422518882,0.125,8,0.036273154043009834,0.032710290135280554,0.019672718068817086,0.016740535655807274,0.06672027777796234,0.0,True,False,False
SORT1,177.0,132.0,310.0,8,0.4981045931806782,0.46857405070453495,0.16130487047935166,0.3176023084162195,0.8537215894795832,0.125,8,0.026044134040357478,0.019902656935607888,0.01940251852054039,0.003816458245241519,0.06370992908985593,0.0,True,False,False
SORT1,177.0,133.0,311.0,8,0.4837369894965662,0.4788825301951043,0.1299890279678923,0.3176023084162195,0.7557015210572793,0.125,8,0.022019158123066537,0.018847119590833204,0.013603587793717299,0.007673435602694503,0.04049421567132943,0.0,True,False,False
SORT1,177.0,134.0,312.0,8,0.5236813890847146,0.5219183740861395,0.14370292949720048,0.3371176797816763,0.7721035924346565,0.125,8,0.017528909773797962,0.011678920316031158,0.020916603960262924,0.0008087638136186805,0.06566652963552498,0.0,True,False,False
SORT1,177.0,135.0,313.0,8,0.5609860997091253,0.5330224609401429,0.17503758028653538,0.3657003749649053,0.8826766787926259,0.25,8,0.01717889885444674,0.015199806419921736,0.011671031726526027,0.0008087638136186805,0.033607958723621836,0.0,True,False,False
SORT1,177.0,136.0,314.0,8,0.5173218321040377,0.48898703502224306,0.16936189373914695,0.27993887472022705,0.8125887596709581,0.125,8,0.029301325346946065,0.029421443571090042,0.014732939522744556,0.0066952304298698246,0.04856568294145859,0.0,True,False,False
SORT1,177.0,137.0,315.0,8,0.5384924233229965,0.5068156887763517,0.17897000693113954,0.3077464788152166,0.9148358962278242,0.125,8,0.02500689665751992,0.027342557945080156,0.01367296935140871,0.0066952304298698246,0.048913868372929194,0.0,True,False,False
SORT1,177.0,138.0,316.0,8,0.5210388167091377,0.49035197744001086,0.16451204802064545,0.3077464788152166,0.8281911156697369,0.125,8,0.017478818388352253,0.016163444712876004,0.01021422444168975,0.005437238191033324,0.034297841630346444,0.0,True,False,False
SORT1,177.0,139.0,317.0,8,0.49590026189941333,0.48518560969776015,0.15784481105388093,0.3308598939200122,0.8281911156697369,0.125,8,0.026286390499205378,0.022660455606236352,0.016392726148012144,0.0071650364622190335,0.05990130891588985,0.0,True,False,False
SORT1,177.0,140.0,318.0,8,0.5156677620451442,0.4960721660182267,0.1687823774916104,0.27334969696928174,0.8281911156697369,0.125,8,0.02586749040679415,0.030114179884815385,0.014484866436627448,0.0071650364622190335,0.04202510973573083,0.0,True,False,False
SORT1,177.0,141.0,319.0,8,0.5273949021327275,0.5276913995157867,0.19852514818548925,0.27334969696928174,0.8826633700807414,0.25,8,0.02659357966574494,0.02754254705364096,0.017993895540405015,0.006043986604844954,0.04962687573613943,0.0,True,False,False
SORT1,177.0,142.0,320.0,8,0.5693607339749667,0.558659453368147,0.17270150607841053,0.3427334944248578,0.8910132248702857,0.125,8,0.029323982592863704,0.028295336631059834,0.02288496548661106,0.0035869262943672856,0.06885388842278792,0.0,True,False,False
SORT1,177.0,143.0,321.0,8,0.5539172905187066,0.4950598323519638,0.15790232825248782,0.387174111159011,0.8599625602361708,0.125,8,0.030044579546757526,0.03629924353459083,0.01834759385067306,0.0008722263362456809,0.05034436815799208,0.0,True,False,False
SORT1,177.0,144.0,322.0,8,0.5641349431972932,0.529924027880173,0.16132802590131576,0.4078618526170041,0.8901950918244256,0.125,8,0.02760831610742626,0.018905278482726603,0.025459007266209175,0.0001850107050389131,0.06567475217533303,0.0,True,False,False
SORT1,177.0,145.0,323.0,8,0.557146782143145,0.5604431754267909,0.14519448439106228,0.3771133901712459,0.8521737908042779,0.125,8,0.019577007561060455,0.018577235334227785,0.016784642686172194,0.00010992380864729768,0.0486790010574495,0.0,True,False,False
SORT1,177.0,146.0,324.0,8,0.5767778113898201,0.6044439755850195,0.171725533314934,0.328820615768365,0.8521737908042779,0.125,8,0.027008177423721937,0.022438718804537273,0.019543891860871656,0.008126763600998317,0.07214804746655071,0.0,True,False,False
SORT1,177.0,147.0,325.0,8,0.5444248419825022,0.5287529197189044,0.16579134514123753,0.3385846469099521,0.8694752203970799,0.125,8,0.025968068020725217,0.02360306103260882,0.020751240912272904,0.004719355198012474,0.07114446696761138,0.0,True,False,False
SORT1,177.0,148.0,326.0,8,0.5653685172890013,0.5610621489209405,0.1524416238480264,0.39301920266136386,0.8694752203970799,0.125,8,0.025132694996538463,0.01953202200339911,0.02056433927053388,0.004253638364283905,0.07114446696761138,0.0,True,False,False
SORT1,177.0,149.0,327.0,8,0.5554542420212559,0.5503276197754747,0.1579856015081308,0.3859769347130408,0.8984835626621518,0.125,8,0.013002034674304077,0.01287053305571044,0.009343818938079125,0.001240048342477031,0.02924454118415104,0.0,True,False,False
SORT1,177.0,150.0,328.0,8,0.5321316151415457,0.5536080758746071,0.11477051443275427,0.3859769347130408,0.7403294950357201,0.125,8,0.01578895584018615,0.019060705457492288,0.011880447069406774,0.0001594712169276239,0.0295047319530434,0.0,True,False,False
SORT1,177.0,151.0,329.0,8,0.5318845436218871,0.555589987363159,0.17322165617086024,0.31004590603418297,0.8638376094427257,0.125,8,0.019917539400027436,0.020017496550004708,0.010239247818613875,0.008772804896314134,0.03769051655038257,0.0,True,False,False
SORT1,177.0,152.0,330.0,8,0.5042339932203405,0.5175587737693463,0.16413117154040335,0.280700631872231,0.8434768523192945,0.125,8,0.031602585656684674,0.027113057219550717,0.021181751255730408,0.012013408091920138,0.08017260673494826,0.0,True,False,False
SORT1,177.0,153.0,331.0,8,0.49623159680493534,0.5008610776658744,0.1556870777844779,0.29736000541936985,0.809083426333902,0.125,8,0.021137715197712594,0.022498195975776937,0.014549172341685497,0.0006373156917538407,0.04710600749173381,0.0,True,False,False
SORT1,177.0,154.0,332.0,8,0.5145749465150726,0.4891876338896832,0.1541118284138839,0.3358835197060727,0.8261120564227096,0.125,8,0.028710810377043275,0.021664780308013148,0.023900565231988476,0.009793173648524816,0.08269495508128619,0.0,True,False,False
SORT1,177.0,155.0,333.0,8,0.5145415088697696,0.4973978602057282,0.15657956305138482,0.2897525081942203,0.7986369557173104,0.125,8,0.04271393708318993,0.03194241159423765,0.024322370198913194,0.020615439415172812,0.08903120648324149,0.0,True,False,False
SORT1,177.0,156.0,334.0,8,0.5069452465915212,0.5374409906114457,0.10457533150213572,0.34971804104307574,0.6390995090875728,0.0,8,0.0361473350057758,0.023961667085424854,0.03010116034693688,0.003366677934885587,0.08903120648324149,0.0,True,False,False
SORT1,177.0,157.0,335.0,8,0.5189590437797535,0.5578547653271895,0.14058160252170465,0.2748036084432903,0.7273049118702919,0.125,8,0.017702164770376467,0.013852830681789254,0.010544826768719248,0.00347562816353489,0.0360267520121503,0.0,True,False,False
SORT1,177.0,158.0,336.0,8,0.519420267468802,0.46801597427046593,0.1734130112377211,0.3063351221020713,0.8686904604353,0.125,8,0.032485528237924235,0.038530480184129065,0.012757425757361447,0.011940379017171751,0.0432528101306311,0.0,True,False,False
SORT1,177.0,159.0,337.0,8,0.5255815377581852,0.5079520907243671,0.1644901616039403,0.3063351221020713,0.8686904604353,0.125,8,0.024294339748018427,0.029138924236117962,0.015086300298785717,3.4506553975992438e-06,0.04135699995000442,0.0,True,False,False
SORT1,177.0,160.0,338.0,8,0.5540649102915322,0.5743815196273261,0.14950198838036113,0.3169811591153494,0.8097253393735435,0.125,8,0.011985210024676066,0.011313156334929287,0.008765125698401795,0.0006940117726168542,0.02762062609126478,0.0,True,False,False
SORT1,178.0,105.0,284.0,8,0.5181609279120543,0.49032230725519577,0.19782201304902486,0.30571257834006094,0.8954803551200189,0.125,8,0.029495597953443,0.02484457523745488,0.015224528280734758,0.009622261951648942,0.053759985674828474,0.0,True,False,False
SORT1,178.0,106.0,285.0,8,0.5377638592008065,0.48854996058122085,0.21541370813340732,0.2957275439381973,0.9804109420985228,0.125,8,0.02551388806365774,0.01770274836403759,0.02145529056907996,0.0003522174683689284,0.05932209251328696,0.0,True,False,False
SORT1,178.0,107.0,286.0,8,0.5640352389268759,0.4875664037700074,0.206984528832399,0.36071409632433793,1.0009179902899423,0.25,8,0.026872416469111406,0.015520945002826993,0.027753593383460045,0.000652652525673482,0.08014884597294591,0.0,True,False,False
SORT1,178.0,108.0,287.0,8,0.5139665085250495,0.46238304589801427,0.1923525177889039,0.36071409632433793,0.9674867810812997,0.125,8,0.026887183542135998,0.021637437174598387,0.02684967247934217,0.000652652525673482,0.07498239523438688,0.0,True,False,False
SORT1,178.0,109.0,288.0,8,0.49538185706859394,0.4414766235524165,0.22191621235144515,0.22161652636147514,0.9757081715278044,0.125,8,0.02275009196450069,0.028246452379932646,0.017256502851181466,0.000652652525673482,0.04976647278089495,0.0,True,False,False
SORT1,178.0,110.0,289.0,8,0.49438130217377974,0.4322429231383713,0.2365673743093971,0.22161652636147514,1.0067067579745912,0.125,8,0.041885858407445464,0.036142200469972456,0.01789523574930694,0.027564723357994203,0.07762151764108438,0.0,True,False,False
SORT1,178.0,111.0,290.0,8,0.5044217645717368,0.4293508284091805,0.22155691110325984,0.2990611846394497,1.0067067579745912,0.125,8,0.02789029827991124,0.02364779078652412,0.017239646805526768,0.0034931983728033944,0.05889053905991702,0.0,True,False,False
SORT1,178.0,112.0,291.0,8,0.5119843573285219,0.4604128596807938,0.22695737274359,0.258384377363204,1.001242904800839,0.125,8,0.0310661769198809,0.026825825094432834,0.023813650288838487,0.0034931983728033944,0.07197092100970862,0.0,True,False,False
SORT1,178.0,113.0,292.0,8,0.5119430007260413,0.4769980654960085,0.1888981266429992,0.3422397433297705,0.9311530381124189,0.125,8,0.03062831607300905,0.022136291630969425,0.029029962456799657,0.002199340514349315,0.09019364304956692,0.0,True,False,False
SORT1,178.0,114.0,293.0,8,0.5282788041306653,0.4735197602927388,0.24760450115540067,0.31089747746277896,1.085966385325241,0.125,8,0.023328794496516047,0.02514073048934368,0.015178433364887762,0.0018954122862995504,0.04418008543600393,0.0,True,False,False
SORT1,178.0,115.0,294.0,8,0.5745133046388557,0.4735197602927388,0.3402535503558217,0.2803567295008646,1.3805755064038951,0.125,8,0.022371147681947697,0.027464503309883575,0.01340179940387472,0.0018954122862995504,0.03468017966084395,0.0,True,False,False
SORT1,178.0,116.0,295.0,8,0.5261547572916984,0.45729503059312215,0.25873250044079255,0.2631450922150187,1.10669456147501,0.125,8,0.030959878023441023,0.03167184872025036,0.01796697544836521,0.0031067080827396876,0.056285617870168995,0.0,True,False,False
SORT1,178.0,117.0,296.0,8,0.5025776818526524,0.4366109885762498,0.2557367299554843,0.3110665744277457,1.1054483478042714,0.125,8,0.02289535852071521,0.0208912409264456,0.016071521155629175,0.00012787543497142967,0.05159668735087925,0.0,True,False,False
SORT1,178.0,118.0,297.0,8,0.4800905895400079,0.4093818348965744,0.22593168665682808,0.24324706080132372,0.9682921621826848,0.125,8,0.02313519409956538,0.016441976967347817,0.027964702178269178,0.002243868473129271,0.08600785299639058,0.0,True,False,False
SORT1,178.0,119.0,298.0,8,0.4727491824880616,0.4020261767272737,0.22700445044747297,0.24324706080132372,0.9682921621826848,0.125,8,0.02180222394791558,0.021380412879896924,0.017186196543987266,0.00234587589276191,0.0564255582920376,0.0,True,False,False
SORT1,178.0,120.0,299.0,8,0.4864572146125105,0.429532598695937,0.21707469072008237,0.28490926484507706,0.9682921621826848,0.125,8,0.020776210018623308,0.021380412879896924,0.01048591657289195,0.007965972579038997,0.03710724186940049,0.0,True,False,False
SORT1,178.0,121.0,300.0,8,0.5050516931543511,0.429532598695937,0.23006524937667652,0.29127860291226015,0.9682921621826848,0.125,8,0.02719913081116402,0.027545300071689212,0.015553544999303512,0.008619326505370202,0.04884987552799809,0.0,True,False,False
SORT1,178.0,122.0,301.0,8,0.4739479413574902,0.36827936792619487,0.24750224521013073,0.2877984461576697,1.0504174651756808,0.125,8,0.029439125942414848,0.01869519066891552,0.02501209046952975,0.0026612867091350386,0.06370369561502559,0.0,True,False,False
SORT1,178.0,123.0,302.0,8,0.47467072164481494,0.4324974647635249,0.22591900375343188,0.24772676093255558,0.9850732362757251,0.125,8,0.03414013332335065,0.035084530342287645,0.015202330566783552,0.01040096907781358,0.06370369561502559,0.0,True,False,False
SORT1,178.0,124.0,303.0,8,0.4825700040223001,0.4425889521797949,0.23924215366682197,0.24543686710777043,0.9998773549636006,0.125,8,0.03150020721985846,0.02911236427919904,0.01963376947716906,0.00431522431457577,0.06370369561502559,0.0,True,False,False
SORT1,178.0,125.0,304.0,8,0.49603188140132065,0.47522363628448683,0.2190585528423424,0.2798326562519238,0.9584164820064218,0.125,8,0.02873103812291461,0.02850274282810826,0.015250745203922757,0.003237175730318421,0.04719100533437613,0.0,True,False,False
SORT1,178.0,126.0,305.0,8,0.4725130232618317,0.4403504514154633,0.2041810946961429,0.2734371401535769,0.9166427928865882,0.125,8,0.020521018534968495,0.015546665536896567,0.015633354630571635,0.00017809840934425133,0.04667724906306022,0.0,True,False,False
SORT1,178.0,127.0,306.0,8,0.4885010005298413,0.475376267725887,0.2169840900765525,0.21304843506068186,0.9470595076571056,0.125,8,0.027214052841256546,0.01782869687969334,0.02392355879376313,0.0002061810852208394,0.0779664129175196,0.0,True,False,False
SORT1,178.0,128.0,307.0,8,0.4966689984255697,0.46668223167279554,0.2145079016735591,0.25830156081964084,0.938306610497717,0.125,8,0.028611456400142506,0.024400614538899412,0.026922120125548735,0.0002061810852208394,0.0874235261310457,0.0,True,False,False
SORT1,178.0,129.0,308.0,8,0.511646350470992,0.4962817597188268,0.23537548481620335,0.28035645142234655,1.0150073737442376,0.125,8,0.03355979941937564,0.032696079041274986,0.026953316707785037,0.0019890252741628354,0.0874235261310457,0.0,True,False,False
SORT1,178.0,130.0,309.0,8,0.5670227891429837,0.5347240664319779,0.2194057824327624,0.30574690893368095,1.0445608375849773,0.125,8,0.04156179610962696,0.03919606895509678,0.02482041857303429,0.01135377980280069,0.0874235261310457,0.0,True,False,False
SORT1,178.0,131.0,310.0,8,0.5645031247781888,0.5171895907650486,0.19011337491921956,0.3819094923965338,0.9833098905376233,0.125,8,0.04240382526970214,0.03777605854823056,0.023496104273463204,0.01886047773436366,0.0874235261310457,0.0,True,False,False
SORT1,178.0,132.0,311.0,8,0.5870368862746155,0.5074197794755847,0.23388960579196608,0.40395376190508103,1.1124399350776755,0.125,8,0.01914606373940217,0.01944594937802997,0.014438941308511213,0.003816458245241519,0.047537494019119005,0.0,True,False,False
SORT1,178.0,133.0,312.0,8,0.5623958561739818,0.5005344351828236,0.21879147786855604,0.39781637570255934,1.0541856122110733,0.125,8,0.02751048866360151,0.020429838276465537,0.02228630592305692,0.005883816835115791,0.0717774231123011,0.0,True,False,False
SORT1,178.0,134.0,313.0,8,0.5777467958033726,0.5433958095179858,0.21414574312978507,0.3371176797816763,1.0036086310654033,0.25,8,0.020177318136711402,0.013266970196099893,0.021314299195313895,0.002394672265335797,0.06566652963552498,0.0,True,False,False
SORT1,178.0,135.0,314.0,8,0.6059653361789633,0.597328961319221,0.2210024338073124,0.37789659578200285,1.0697253897612895,0.25,8,0.028181955301512466,0.025192415257618846,0.016630432372336038,0.009690333213861374,0.05950775478053012,0.0,True,False,False
SORT1,178.0,136.0,315.0,8,0.5933266088288623,0.5532935354013211,0.24628737943852952,0.37789659578200285,1.1444189814319474,0.125,8,0.02701827178082682,0.027590204463803003,0.014599243173541844,0.003911974250371056,0.047455613015508956,0.0,True,False,False
SORT1,178.0,137.0,316.0,8,0.5900662045405652,0.5609535743119018,0.23619155236685802,0.3652290599446309,1.1284815377643405,0.125,8,0.03198765567642535,0.03066036891982954,0.015520819789362752,0.009687600029477352,0.059779851053076004,0.0,True,False,False
SORT1,178.0,138.0,317.0,8,0.5881671823953571,0.5683581170374065,0.2458810637690242,0.3431015239220449,1.1237620094538359,0.125,8,0.02586657149661967,0.022308337102935404,0.022948013663976106,0.00427324564619292,0.07315479362600881,0.0,True,False,False
SORT1,178.0,139.0,318.0,8,0.5704250378620953,0.5315007714375597,0.23916664344947888,0.32061144877487124,1.1237620094538359,0.125,8,0.030883827463922372,0.021522061847116004,0.02518406507718799,0.0071650364622190335,0.07315479362600881,0.0,True,False,False
SORT1,178.0,140.0,319.0,8,0.6101162658500332,0.5694052634086169,0.24457521138126123,0.342724135974005,1.1237620094538359,0.25,8,0.03362475465610615,0.030114179884815385,0.025786066318850036,0.0011847400097452375,0.07315479362600881,0.0,True,False,False
SORT1,178.0,141.0,320.0,8,0.6079542889584438,0.5839500057294407,0.2777972627222852,0.342724135974005,1.2081076254113257,0.25,8,0.023669209494717323,0.017877892570573612,0.021110878413803682,0.0011847400097452375,0.04962687573613943,0.0,True,False,False
SORT1,178.0,142.0,321.0,8,0.6215518163505613,0.617210163184881,0.2365004954107916,0.3378096693314283,1.1272091946803038,0.125,8,0.021098400550024113,0.021852257408841266,0.01596128175101721,0.0035869262943672856,0.05032496389168678,0.0,True,False,False
SORT1,178.0,143.0,322.0,8,0.6002335463153986,0.536946765033492,0.23892369749152584,0.3378096693314283,1.1187262987454414,0.125,8,0.029526885652038367,0.028968816159747203,0.015574851280374032,0.0054233499284917245,0.05032496389168678,0.0,True,False,False
SORT1,178.0,144.0,323.0,8,0.6313591186306706,0.6118782254165083,0.25407000024897647,0.3378096693314283,1.166269077476938,0.25,8,0.03425295808899366,0.02504389874767566,0.03309136375477512,0.003536886196802174,0.1016458445440492,0.0,True,False,False
SORT1,178.0,145.0,324.0,8,0.6187227724931725,0.5781648051596568,0.2334902135340234,0.4062207334753198,1.12590725321957,0.25,8,0.01879797750176358,0.004524258196529997,0.021431497996194385,0.001958181138282759,0.0486790010574495,0.0,True,False,False
SORT1,178.0,146.0,325.0,8,0.6662138186267056,0.6239683649737727,0.24406697907895047,0.404833509787279,1.12590725321957,0.375,8,0.026773269830546,0.027712925580186,0.011244147528801166,0.006355201018967619,0.04085910758025791,0.0,True,False,False
SORT1,178.0,147.0,326.0,8,0.624780431046132,0.5843409894184811,0.23018378419838342,0.404833509787279,1.1023568235817098,0.25,8,0.02224737949924111,0.021302337198804165,0.01331987970648372,0.004719355198012474,0.04085910758025791,0.0,True,False,False
SORT1,178.0,148.0,327.0,8,0.6184966346716533,0.5848231329220631,0.2316336516123966,0.38248267060989233,1.1023568235817098,0.25,8,0.030586823279201907,0.02591935767042677,0.01888291165190592,0.01352729563076272,0.07142755659742928,0.0,True,False,False
SORT1,178.0,149.0,328.0,8,0.6130471026943524,0.5530182187475845,0.24745528554630078,0.38248267060989233,1.154422891811951,0.25,8,0.02479295363186319,0.02064142714469979,0.023181438653215623,0.001240048342477031,0.07142755659742928,0.0,True,False,False
SORT1,178.0,150.0,329.0,8,0.5980035917868628,0.5773690598757297,0.22702639566413144,0.391753332887279,1.0849204439270888,0.25,8,0.023358891537968697,0.018717655121154492,0.021812228682473542,0.0001594712169276239,0.07142755659742928,0.0,True,False,False
SORT1,178.0,151.0,330.0,8,0.5964892584731081,0.5793509713642816,0.22894969859405057,0.3744507720620829,1.0948337253235279,0.125,8,0.028018113222169537,0.026164202959980745,0.01986514221317669,0.007778233775231633,0.07142755659742928,0.0,True,False,False
SORT1,178.0,152.0,331.0,8,0.5750719970107503,0.5322067277709215,0.21638939894336182,0.3631270892244419,1.0630898025971245,0.125,8,0.03179536615933834,0.030774693773656298,0.019381073738909176,0.0012914944961786921,0.06097378392774933,0.0,True,False,False
SORT1,178.0,153.0,332.0,8,0.5667428648430869,0.540725420263479,0.24326191381437326,0.2884567853585411,1.1087857388022697,0.125,8,0.018901952881271698,0.02044626769247656,0.010008050098259048,0.004650870784842234,0.03156650476520313,0.0,True,False,False
SORT1,178.0,154.0,333.0,8,0.5850700128686385,0.5246040940719379,0.2592849984727944,0.30805316260403903,1.1551646856926967,0.125,8,0.01842710420925478,0.01843464441921051,0.010509037677394846,0.0031635064851846875,0.0328301883579905,0.0,True,False,False
SORT1,178.0,155.0,334.0,8,0.5923096377404671,0.5334700482545789,0.23248614666253012,0.3745041944651327,1.1115824428345862,0.125,8,0.04567221541570836,0.04399947170776117,0.02868988782934639,0.014679436782297273,0.08903120648324149,0.0,True,False,False
SORT1,178.0,156.0,335.0,8,0.5710379677000178,0.5500329437101021,0.16641338791470683,0.4140458357883062,0.9337326991132107,0.125,8,0.03816447275717318,0.025594036518009643,0.030740045998171085,0.003366677934885587,0.08903120648324149,0.0,True,False,False
SORT1,178.0,157.0,336.0,8,0.5818617916828212,0.5674072838839876,0.20188846318442855,0.3661207798496083,0.9814371173417896,0.25,8,0.024345586801991108,0.022631819926448082,0.009796813240087333,0.011940379017171751,0.040600733374061546,0.0,True,False,False
SORT1,178.0,158.0,337.0,8,0.6131058398400548,0.5244970238737965,0.2593719360706287,0.362946597753108,1.150137011595981,0.375,8,0.021242607275140046,0.01850472641079871,0.014231759280357904,0.0029115116076470033,0.0432528101306311,0.0,True,False,False
SORT1,178.0,159.0,338.0,8,0.6090297689271049,0.5213519140016917,0.2480355686212477,0.362946597753108,1.150137011595981,0.25,8,0.01915275872896352,0.014773861730975378,0.01696618589770766,3.4506553975992438e-06,0.04667217265524988,0.0,True,False,False
SORT1,178.0,160.0,339.0,8,0.6255872973095034,0.5743815196273261,0.23146142474115844,0.3815424556009691,1.107651327750053,0.25,8,0.012919852681737093,0.007986139883046021,0.012634590452015176,0.0006940117726168542,0.03471935943938893,0.0,True,False,False
SORT1,179.0,105.0,285.0,8,0.6743750239663445,0.6208763999347874,0.21031410491041358,0.4778169138770165,1.0759886358889799,0.25,8,0.017547090708182948,0.011077266414634225,0.018998506573559337,0.0010586888674382565,0.05670374116840626,0.0,True,False,False
SORT1,179.0,106.0,286.0,8,0.664531711941763,0.5935247120839731,0.20362667894362446,0.4604610535159467,1.046013237833362,0.25,8,0.02508017769636334,0.027056007895516945,0.02023750441458253,0.0004464165163873847,0.05670374116840626,0.0,True,False,False
SORT1,179.0,107.0,287.0,8,0.7310049629021287,0.6640694529848681,0.21985026729202853,0.539552996670779,1.1456405221944121,0.375,8,0.027220813205725256,0.024679204768782707,0.012927998217106171,0.01077382945191652,0.04758464551750038,0.0,True,True,False
SORT1,179.0,108.0,288.0,8,0.684478123703642,0.6368739491455937,0.1786776502900376,0.539552996670779,1.0945244761738993,0.375,8,0.016486843573748966,0.014676705733886875,0.008399747379038647,0.0039897440857813585,0.028247302584195205,0.0,True,False,False
SORT1,179.0,109.0,289.0,8,0.6542424833115272,0.6118286821783137,0.19245691369063128,0.526598116012348,1.1139626472868294,0.125,8,0.023716963759367573,0.019318587381315724,0.015404183638166907,0.00654950630024926,0.05679374849293482,0.0,True,False,False
SORT1,179.0,110.0,290.0,8,0.6521650598862956,0.6196463797099168,0.1834275826429713,0.4719842260599702,1.06748583770967,0.125,8,0.016538241211198224,0.02041617103250354,0.008384874101322175,0.0038635218651776044,0.024844411990936954,0.0,True,False,False
SORT1,179.0,111.0,291.0,8,0.6539818158220463,0.610051752090943,0.17622952933508915,0.5049608987374002,1.06748583770967,0.125,8,0.02125019991725466,0.00921931956400074,0.023140149979014625,0.006344786805501368,0.0733346111587499,0.0,True,False,False
SORT1,179.0,112.0,292.0,8,0.6246037985245151,0.5469982342654653,0.21455166606197576,0.40165422178660193,1.0807430743438184,0.25,8,0.02352355231647868,0.023186628581927195,0.015445241795317947,0.006701304624918113,0.05538299492741908,0.0,True,False,False
SORT1,179.0,113.0,293.0,8,0.6671606366527791,0.5901679063433822,0.22067228022871413,0.4918548037801502,1.1631342236574254,0.375,8,0.03680409295292866,0.032855102932233426,0.02561307477598271,0.0074008047358859064,0.07538956850431121,0.0,True,False,False
SORT1,179.0,114.0,294.0,8,0.667853301616072,0.6170429117703624,0.20431142237798416,0.4821511500559463,1.1375622463740909,0.25,8,0.019989954138815,0.014665651044704523,0.015929725870888038,0.004503295307248844,0.053078787280356234,0.0,True,False,False
SORT1,179.0,115.0,295.0,8,0.7199169889896719,0.6170429117703624,0.31343306090179857,0.5365611447813494,1.4799310344112795,0.25,8,0.01638742399308679,0.014665651044704523,0.008407302942043532,0.0068096083769749495,0.029162759450691477,0.0,True,True,False
SORT1,179.0,116.0,296.0,8,0.6702625077814162,0.6272754872163808,0.1954152232319111,0.5316704380871068,1.134777897612514,0.125,8,0.025760698973690807,0.027059606947634054,0.01878091613870542,0.0032031126372364265,0.061175707787484254,0.0,True,False,False
SORT1,179.0,117.0,297.0,8,0.6719468403659132,0.5818240380737624,0.23208893292794186,0.5132610704357979,1.218048617627288,0.25,8,0.029598872593393936,0.029582805498211802,0.015896354830918374,0.008100982447031729,0.061175707787484254,0.0,True,False,False
SORT1,179.0,118.0,298.0,8,0.6246525306410021,0.5491195207631732,0.2271940407723837,0.4209672225765708,1.1450346434116383,0.125,8,0.02286758095317407,0.019871519769623695,0.01686875637627241,0.0047891518896583,0.04658782413710548,0.0,True,False,False
SORT1,179.0,119.0,299.0,8,0.6245833857658819,0.5536264376007116,0.2228479891539748,0.4209672225765708,1.1450346434116383,0.125,8,0.029680736687475097,0.025940224442573826,0.023418531950418396,0.00575344927140514,0.07110522921357722,0.0,True,False,False
SORT1,179.0,120.0,300.0,8,0.6393909622798366,0.6010580086226875,0.21821221921944595,0.4209672225765708,1.1450346434116383,0.125,8,0.036118533714617304,0.03415291817150756,0.020464193163543722,0.008417807049562919,0.07110522921357722,0.0,True,False,False
SORT1,179.0,121.0,301.0,8,0.6425926037403216,0.595549442375721,0.22474971561232143,0.4178699225797289,1.1450346434116383,0.25,8,0.030340931177607777,0.02998685155449638,0.014422441531595463,0.014383537639260237,0.05583260741430692,0.0,True,False,False
SORT1,179.0,122.0,302.0,8,0.630741689901327,0.5884103097312438,0.22097657403012677,0.41673315548844503,1.1234227030063761,0.125,8,0.03298998146558343,0.03128491588462546,0.017378583516718053,0.009596630313255026,0.06491952529159845,0.0,True,False,False
SORT1,179.0,123.0,303.0,8,0.6041074923618271,0.5890980606687,0.19863757094970647,0.3751979847106335,1.0394965022832847,0.125,8,0.03333091969178913,0.03373531553304087,0.020793593163588198,0.007141728722119962,0.06491952529159845,0.0,True,False,False
SORT1,179.0,124.0,304.0,8,0.624601245470767,0.5797140302333827,0.19519420047525318,0.43711230749583363,1.0771899149594715,0.125,8,0.03099925390129292,0.021882384378786486,0.02302347783863086,0.005605981200899396,0.06491952529159845,0.0,True,False,False
SORT1,179.0,125.0,305.0,8,0.6234955963728435,0.5504875852073196,0.23966966392847464,0.4459407997010439,1.1952742811366894,0.125,8,0.04218293485802125,0.030873239654775737,0.04155206119721653,0.002453771986179914,0.13967042900627996,0.0,True,False,False
SORT1,179.0,126.0,306.0,8,0.6293900675108404,0.5826389863374262,0.23377780060552414,0.4245886891932164,1.1714722990652642,0.125,8,0.036634725563208945,0.022663848388006336,0.04228692283762288,0.01118864835550018,0.13967042900627996,0.0,True,False,False
SORT1,179.0,127.0,307.0,8,0.6559172434447043,0.6106002159994441,0.22059801674618326,0.4650699084060788,1.178808063737231,0.125,8,0.01025461461819908,0.009590645827495766,0.007880471606442382,0.00035774710143803083,0.022236130465343912,0.0,True,False,False
SORT1,179.0,128.0,308.0,8,0.6170020187930959,0.5627178214149491,0.19749893410054614,0.4028000796248565,1.0576925765894527,0.25,8,0.019965021078569102,0.021388185550899576,0.010161111854018363,0.004128520524280572,0.03034625044642516,0.0,True,False,False
SORT1,179.0,129.0,309.0,8,0.6406407701460436,0.554781172592264,0.2094505204730833,0.4699333638121997,1.1194682156967604,0.25,8,0.021432390042538253,0.019348995481149843,0.012530488489465242,0.004868143683821053,0.040996491591914604,0.0,True,False,False
SORT1,179.0,130.0,310.0,8,0.675294487619875,0.576603766529214,0.21959107770097724,0.526551507244996,1.1782592227851079,0.375,8,0.028990816935922262,0.023439425859359493,0.019574612831867465,0.008217276226987128,0.07081612722913326,0.0,True,False,False
SORT1,179.0,131.0,311.0,8,0.6829068332416902,0.585440258119698,0.245349051239837,0.49705283667142064,1.2509836751522367,0.375,8,0.024599505318656994,0.02114237563196825,0.020621117206606244,0.005027405375601296,0.07081612722913326,0.0,True,False,False
SORT1,179.0,132.0,312.0,8,0.6829533059702129,0.6236487112732078,0.21196793528605334,0.4457603517620207,1.1443300890659502,0.375,8,0.02806793520000408,0.018715736948980786,0.02619217416488554,0.002838637540949446,0.07081612722913326,0.0,True,False,False
SORT1,179.0,133.0,313.0,8,0.6537594286278174,0.5826921893493335,0.22892103300241143,0.4457603517620207,1.1659821181414276,0.25,8,0.034006126480715264,0.028729191606258288,0.022916425675801814,0.006152778977640302,0.06659705990390746,0.0,True,False,False
SORT1,179.0,134.0,314.0,8,0.7180968423826983,0.6864407930790897,0.18751018219750692,0.528930211456511,1.1462282471488168,0.375,8,0.025387613182095068,0.028636124299202717,0.015657048545857977,0.0023471533859038174,0.04992594887993105,0.0,True,True,False
SORT1,179.0,135.0,315.0,8,0.7397297892604857,0.7089269222371807,0.1979041093215025,0.5662844920182991,1.1967247248678299,0.625,8,0.02650857078737044,0.025028129946146428,0.017833814252445308,0.0024238249433985643,0.06185524381347624,0.0,True,True,True
SORT1,179.0,136.0,316.0,8,0.7389663628237004,0.6989472950080384,0.2225667324270228,0.5527832928463483,1.257379491502203,0.5,8,0.030288760255088146,0.02745747180870024,0.017760897861337156,0.007087597391742558,0.06185524381347624,0.0,True,True,False
SORT1,179.0,137.0,317.0,8,0.7322285777601549,0.6579991003864911,0.22565626735735073,0.5986214496359036,1.281628145792145,0.375,8,0.02568266062064003,0.016745955949324095,0.02499594027131483,0.009121759671606415,0.0839686470597485,0.0,True,True,False
SORT1,179.0,138.0,318.0,8,0.7245689506274869,0.6680169226260088,0.20305674547775482,0.5492231035881545,1.202172059323029,0.25,8,0.01493732821615277,0.01276172522277163,0.009005296574756128,0.004287014906544489,0.03346054598403636,0.0,True,True,False
SORT1,179.0,139.0,319.0,8,0.696742857133369,0.6543608960670675,0.21236694970743664,0.5085478622580948,1.202172059323029,0.125,8,0.03289657131534185,0.029374989913434353,0.02628830630866443,0.0024210085592161184,0.07628982116837948,0.0,True,False,False
SORT1,179.0,140.0,320.0,8,0.7182757710100505,0.6648514030720699,0.20519423648935806,0.5761361618331758,1.202172059323029,0.375,8,0.03311296158963879,0.025116882967698047,0.023017420838017753,0.008622288540029291,0.06321136176433353,0.0,True,True,False
SORT1,179.0,141.0,321.0,8,0.7467912350150557,0.7001531077551195,0.23801274483998136,0.5761361618331758,1.3181508023295876,0.5,8,0.033208543503637826,0.03568321081739799,0.022889933317007578,0.0047957885478285165,0.059268068589997204,0.0,True,True,True
SORT1,179.0,142.0,322.0,8,0.768277507576844,0.7202162552577251,0.23788804686597806,0.5863192914804447,1.3324201247597542,0.625,8,0.02350799212467401,0.020602339821656376,0.015667113545203896,0.0016495379841931564,0.04826593748629704,0.0,True,True,True
SORT1,179.0,143.0,323.0,8,0.7472000391230169,0.6859072022012467,0.22777054488809773,0.5737108571947,1.2812186372321526,0.5,8,0.022618762873590676,0.01997510666309647,0.012584945244369039,0.006630375073545304,0.040818089472781934,0.0,True,True,False
SORT1,179.0,144.0,324.0,8,0.7839321439903406,0.695870517795967,0.24701901881743307,0.6102812411196639,1.3663901193408543,0.5,8,0.03241478586071161,0.02690081211040661,0.021765299340439127,0.011312073517106025,0.07460528373742605,0.0,True,True,False
SORT1,179.0,145.0,325.0,8,0.7847876722911624,0.7425684817763312,0.22588730930591872,0.545764609902974,1.2914294390486325,0.625,8,0.03850289207917676,0.04161729548152922,0.02697818940680465,0.004476454932431598,0.07460528373742605,0.0,True,True,True
SORT1,179.0,146.0,326.0,8,0.7702580506424552,0.7264675550955539,0.24610944443737554,0.48994553476186326,1.2914294390486325,0.5,8,0.022953731082492827,0.016187817674753267,0.016966595672352158,0.009555391288975744,0.05243321772175096,0.0,True,True,True
SORT1,179.0,147.0,327.0,8,0.7528037160049625,0.6962243201287925,0.23536225447433698,0.5534104351767698,1.3033774358306498,0.375,8,0.024887106223279182,0.01727276543385493,0.017699001969808132,0.004760283392802234,0.05243321772175096,0.0,True,True,False
SORT1,179.0,148.0,328.0,8,0.7408480616636867,0.676422764670844,0.23877377064553673,0.545916458676466,1.3033774358306498,0.5,8,0.027092097127344672,0.027503541201305777,0.017771554106321016,0.002001817089583349,0.05243321772175096,0.0,True,True,False
SORT1,179.0,149.0,329.0,8,0.7445640855807272,0.6718694382166317,0.2560905137115797,0.545916458676466,1.3511171248716192,0.5,8,0.021337835971446978,0.01715805794236394,0.01816985971593807,0.002001817089583349,0.06090526635668818,0.0,True,True,False
SORT1,179.0,150.0,330.0,8,0.730038520532101,0.6888711711757094,0.17300233800698475,0.5819532774564725,1.1260066576452596,0.5,8,0.022656374951452885,0.01828948478690921,0.018063424109403838,0.006817091882882348,0.06090526635668818,0.0,True,True,False
SORT1,179.0,151.0,331.0,8,0.7389093378595307,0.6489966701684096,0.21693479828930684,0.5806241140004117,1.2458303526897556,0.375,8,0.011832539526119594,0.0075941824106028,0.011424873008701434,0.0010997800035838418,0.033727846164996265,0.0,True,True,False
SORT1,179.0,152.0,332.0,8,0.7254524864903817,0.6610365244022648,0.2042487956115898,0.579872511291475,1.211021573003059,0.25,8,0.02277191833131141,0.019171296695219123,0.013727033295857663,0.010001444492801949,0.04886630941930996,0.0,True,True,False
SORT1,179.0,153.0,333.0,8,0.7080186644411287,0.6497060541704334,0.202558144925845,0.5801349993103794,1.1883120847490876,0.25,8,0.019190257042807683,0.02144734426422068,0.013983989574000145,0.00033695488364602044,0.04002099702357443,0.0,True,True,False
SORT1,179.0,154.0,334.0,8,0.6949734972607439,0.6427934496389223,0.24422640668033477,0.5170647791776111,1.2734023901027465,0.25,8,0.01087513043613653,0.00897014157920668,0.007342646291428712,0.001715430184816732,0.022247032485884145,0.0,True,False,False
SORT1,179.0,155.0,335.0,8,0.7219768649126564,0.6796629918400356,0.2183241185206119,0.5785350713886102,1.243823685194777,0.375,8,0.03494356253517437,0.03592660885774468,0.0224201341808199,0.00653913643280381,0.0753876638597121,0.0,True,True,False
SORT1,179.0,156.0,336.0,8,0.6882129689290082,0.6470810916969505,0.1574462037068274,0.5654095961689392,1.055225364277015,0.25,8,0.03038489621558803,0.02550434063329291,0.015796736427578072,0.011488451786044794,0.05244996305292582,0.0,True,False,False
SORT1,179.0,157.0,337.0,8,0.7350761269344868,0.6777803263110334,0.20003920839105716,0.5948773149962027,1.2163587517480785,0.375,8,0.03379515192293475,0.030948333365842795,0.028915951959623397,0.0016658774875160725,0.0707785089214222,0.0,True,True,False
SORT1,179.0,158.0,338.0,8,0.7576330443669965,0.6788542591500308,0.22168297948808732,0.5839052912322413,1.2726359741693518,0.5,8,0.024606848259667788,0.021702232622991834,0.018195491865604,0.0028641408197989634,0.05606934906451775,0.0,True,True,False
SORT1,179.0,159.0,339.0,8,0.7428158391299877,0.6775746209292381,0.2232566417700824,0.5839052912322413,1.2726359741693518,0.5,8,0.02119432362892088,0.019826426601475156,0.01594655583934881,0.0028641408197989634,0.04603333454978006,0.0,True,True,False
SORT1,179.0,160.0,340.0,8,0.7699095166973797,0.696415087791515,0.26148359862062426,0.5334601882656007,1.3680538783867222,0.5,8,0.01847778287539083,0.021240589527649484,0.011772460921583383,0.0005581617697860961,0.03243811249367008,0.0,True,True,False
SORT1,180.0,105.0,286.0,8,0.6458123467750085,0.5908995427297714,0.19415616986374956,0.4397929427334873,0.9764189518217592,0.25,8,0.0223873058086981,0.017827821247640967,0.019907093083557405,0.0010586888674382565,0.05670374116840626,0.0,True,False,False
SORT1,180.0,106.0,287.0,8,0.6661842511956848,0.6028456922322845,0.17137263626570523,0.5168267496597323,0.9640732390839545,0.25,8,0.02179118759219684,0.015132059921742132,0.021395236053472613,0.0030624252479916256,0.05670374116840626,0.0,True,False,False
SORT1,180.0,107.0,288.0,8,0.7017113138802099,0.6080785960073131,0.20554314388508732,0.5152862564956884,1.0633821101129304,0.25,8,0.035079546822259486,0.029813149003066697,0.02442485957325558,0.01077382945191652,0.0798008251102777,0.0,True,True,False
SORT1,180.0,108.0,289.0,8,0.6483946766277444,0.6018912951171552,0.14301932525359862,0.5152862564956884,0.9706344558057328,0.25,8,0.03396288911036363,0.02453445971150375,0.026674169683385738,0.01077382945191652,0.0798008251102777,0.0,True,False,False
SORT1,180.0,109.0,290.0,8,0.6195392320586561,0.5816310807715432,0.1718196701729602,0.4800243919005279,1.0265886413055139,0.125,8,0.025945863389810357,0.025027315340821442,0.017217512261283457,0.003368641775451721,0.05679374849293482,0.0,True,False,False
SORT1,180.0,110.0,291.0,8,0.6218987226361411,0.5440130986741292,0.16911005757512795,0.48778734213851926,1.011579883474719,0.125,8,0.028355430146936842,0.027298747559063537,0.006649817800141891,0.020924830553757174,0.038418239902095606,0.0,True,False,False
SORT1,180.0,111.0,292.0,8,0.6225253754303889,0.5618900516362868,0.1621349830786163,0.5252436262549615,1.011579883474719,0.125,8,0.024707033471673138,0.02250500564479005,0.02251815255039739,0.0027583713049625837,0.0733346111587499,0.0,True,False,False
SORT1,180.0,112.0,293.0,8,0.6092669281527592,0.5206738913371685,0.19805998856751383,0.46244468321246773,1.046687976750638,0.25,8,0.020343426469560916,0.021048819500691707,0.011898974432645247,0.006701304624918113,0.04258476177857805,0.0,True,False,False
SORT1,180.0,113.0,294.0,8,0.6295212431703527,0.5906476172193806,0.17611577758245378,0.49009623745307557,1.0192405455701044,0.25,8,0.03483935479634918,0.027678575254549184,0.025994283985499453,0.0005836933243649902,0.07538956850431121,0.0,True,False,False
SORT1,180.0,114.0,295.0,8,0.6256577396131544,0.5780286055753201,0.2002206115617577,0.4304361497536707,1.071957041494417,0.25,8,0.023646724344204124,0.012538868580326774,0.022333553923396803,0.004355694401895961,0.06002243357270805,0.0,True,False,False
SORT1,180.0,115.0,296.0,8,0.6694343782500495,0.5878939636884241,0.2859826862635678,0.4304361497536707,1.3480294396379664,0.25,8,0.02471826780828854,0.018971720330865346,0.018666735074242526,0.0068096083769749495,0.06002243357270805,0.0,True,False,False
SORT1,180.0,116.0,297.0,8,0.6384176181158641,0.5844023406192406,0.18968213238761666,0.4719757850444699,1.0869756673493132,0.125,8,0.028298567412191653,0.021952113635825745,0.021597096620680645,0.009260641482940982,0.061175707787484254,0.0,True,False,False
SORT1,180.0,117.0,298.0,8,0.6153169883169552,0.5528268945209655,0.17246598918593856,0.5185161716711474,1.0359373767211837,0.125,8,0.02485403570470438,0.02082387320089294,0.021229728151498487,0.0006950827919253891,0.061175707787484254,0.0,True,False,False
SORT1,180.0,118.0,299.0,8,0.5936344409629727,0.5491195207631732,0.18327621195877492,0.4209672225765708,1.022671800172423,0.125,8,0.024819979070258007,0.017841765654752206,0.01771302993522428,0.00575344927140514,0.047592218325944124,0.0,True,False,False
SORT1,180.0,119.0,300.0,8,0.5779348211023027,0.5339798655548696,0.18922933204417852,0.4209672225765708,1.022671800172423,0.125,8,0.042875069778614314,0.04808808562496962,0.027997305013103477,0.00575344927140514,0.09085511129490094,0.0,True,False,False
SORT1,180.0,120.0,301.0,8,0.5955219445395113,0.5422879885292043,0.18196001965635103,0.4209672225765708,1.022671800172423,0.125,8,0.045241335773834115,0.03917918529668569,0.0258470116210559,0.014340764809559777,0.09085511129490094,0.0,True,False,False
SORT1,180.0,121.0,302.0,8,0.6110948196889747,0.5602021752288608,0.1881814087336107,0.4178699225797289,1.022671800172423,0.125,8,0.033328110707131466,0.02998685155449638,0.01662714787254169,0.014104685502945559,0.06359803045584915,0.0,True,False,False
SORT1,180.0,122.0,303.0,8,0.5865121119810222,0.5358500910876618,0.1982641179340594,0.41673315548844503,1.0464968483181414,0.125,8,0.02267995624393739,0.020586147799608358,0.02129672827882278,0.0002434572362852881,0.05536017397726784,0.0,True,False,False
SORT1,180.0,123.0,304.0,8,0.5705319773867182,0.5132118929512699,0.18976673526417281,0.3751979847106335,0.9930372285369833,0.125,8,0.023081279617592352,0.02063813678620849,0.02144398934029522,0.0002434572362852881,0.05840177181538489,0.0,True,False,False
SORT1,180.0,124.0,305.0,8,0.5685174791944828,0.5297181037175234,0.16025237062051187,0.43711230749583363,0.9481265167071695,0.125,8,0.017916791498976153,0.014728650781184769,0.01605824101024765,0.0002434572362852881,0.051354286487470945,0.0,True,False,False
SORT1,180.0,125.0,306.0,8,0.5922796557853061,0.5324275333045919,0.18511920802219411,0.4459407997010439,1.024710405402596,0.125,8,0.043226385703985105,0.0375502960157512,0.04239824550650064,5.540739953057884e-05,0.13967042900627996,0.0,True,False,False
SORT1,180.0,126.0,307.0,8,0.5948777736375822,0.5302663496589238,0.19778883369206746,0.4245886891932164,1.061305277121437,0.125,8,0.04291355748850852,0.035590709635047596,0.04341539468939216,0.004868449020942328,0.13967042900627996,0.0,True,False,False
SORT1,180.0,127.0,308.0,8,0.5997092938767309,0.5325365666312785,0.1974570439000266,0.4650699084060788,1.0733947597258542,0.125,8,0.016548101352736606,0.015896175553856126,0.011819654151585993,0.00035774710143803083,0.041160749746486175,0.0,True,False,False
SORT1,180.0,128.0,309.0,8,0.5904406536950201,0.5268313453700908,0.20269226638790838,0.4028000796248565,1.073863720334345,0.125,8,0.016056999021706785,0.019179501232125196,0.008955237037457703,0.0004144128723838052,0.02853416142908092,0.0,True,False,False
SORT1,180.0,129.0,310.0,8,0.6135601017255163,0.5425972239478042,0.1962816288433182,0.4699333638121997,1.0760435739928504,0.125,8,0.021159386480306082,0.019179501232125196,0.01284484330574664,0.004868143683821053,0.049244612361644395,0.0,True,False,False
SORT1,180.0,130.0,311.0,8,0.6241578674250029,0.5742805595282758,0.1478717391606735,0.526551507244996,0.9747719478712756,0.125,8,0.03281108703863233,0.027324639883395827,0.021136318019245644,0.004194378549940148,0.07081612722913326,0.0,True,False,False
SORT1,180.0,131.0,312.0,8,0.633853379291904,0.5846830374922858,0.1790832215717916,0.49705283667142064,1.06102975745204,0.125,8,0.02967503022941917,0.024649888335640836,0.0203025203095675,0.0023691641043285332,0.07081612722913326,0.0,True,False,False
SORT1,180.0,132.0,313.0,8,0.6528669366073973,0.6052317837308723,0.20729887003860736,0.4457603517620207,1.129606189623468,0.125,8,0.034019614000973114,0.02758225735805589,0.02466352501401851,0.0023691641043285332,0.07081612722913326,0.0,True,False,False
SORT1,180.0,133.0,314.0,8,0.6331893265385752,0.5790194962752815,0.20600385000874155,0.4457603517620207,1.104569447990334,0.125,8,0.02867679516449184,0.02344746908220849,0.022657913768320416,0.0023691641043285332,0.06659705990390746,0.0,True,False,False
SORT1,180.0,134.0,315.0,8,0.6870748311262107,0.6519371214707651,0.17440251015903163,0.528930211456511,1.0842781126508776,0.25,8,0.02311329739945446,0.02438625423453823,0.016555433673902626,0.002262141507040442,0.04992594887993105,0.0,True,False,False
SORT1,180.0,135.0,316.0,8,0.6959068278174307,0.6268067124342903,0.18906083989300532,0.5662844920182991,1.1473871323656053,0.25,8,0.027915982325080607,0.029459464756984563,0.023528910948398776,0.0004985543064843354,0.06185524381347624,0.0,True,False,False
SORT1,180.0,136.0,317.0,8,0.694897286353462,0.6355645802217931,0.20397411476243146,0.5527832928463483,1.1820613106566167,0.25,8,0.03749106790992052,0.03680816933582315,0.014913511459668393,0.018711400592110072,0.06185524381347624,0.0,True,False,False
SORT1,180.0,137.0,318.0,8,0.6943420851688951,0.6251559841234857,0.19793707372198027,0.5979053634736453,1.1816586084091705,0.125,8,0.03577192180680011,0.02744774394260326,0.022255378016003215,0.011927296714568608,0.0839686470597485,0.0,True,False,False
SORT1,180.0,138.0,319.0,8,0.6922809141821354,0.6239474197822845,0.19999974528442133,0.5492231035881545,1.1730735864593935,0.25,8,0.030001156731374278,0.03121087803790263,0.013436717098963234,0.011927296714568608,0.0515531490423925,0.0,True,False,False
SORT1,180.0,139.0,320.0,8,0.6560211236225134,0.5848697034459371,0.21407594872542487,0.5085478622580948,1.1730735864593935,0.125,8,0.034606654235315636,0.042152252442974616,0.02638020937158653,0.002458948681263099,0.07628982116837948,0.0,True,False,False
SORT1,180.0,140.0,321.0,8,0.696470657954443,0.6211738720420337,0.20077783804323965,0.5761361618331758,1.1730735864593935,0.375,8,0.034253519611314544,0.036159783901712206,0.018571177884640522,0.005014401187226486,0.059268068589997204,0.0,True,False,False
SORT1,180.0,141.0,322.0,8,0.7194422549207707,0.6678342616539967,0.20832892695701344,0.5761361618331758,1.2225961068736604,0.125,8,0.02056096488572734,0.012470646988956727,0.021219732047820808,0.0012915402663019253,0.059268068589997204,0.0,True,True,False
SORT1,180.0,142.0,323.0,8,0.7218844607882597,0.6501948223303022,0.19608808037471426,0.5863192914804447,1.181623441749149,0.375,8,0.022038990466510488,0.019572395261617366,0.018670775567606063,0.0010277710926250064,0.05553258530461226,0.0,True,True,False
SORT1,180.0,143.0,324.0,8,0.7116103584751294,0.6640401788636445,0.20916835360479027,0.5563288771847082,1.2092157589587171,0.25,8,0.01850076564811106,0.015121673678782518,0.017313464388182768,0.0010277710926250064,0.0478898156397469,0.0,True,True,False
SORT1,180.0,144.0,325.0,8,0.7522683263130463,0.6879464005095717,0.2109404509875601,0.6102812411196639,1.25555859103699,0.5,8,0.01934955954625957,0.015551784968592958,0.013259118712793255,0.004527307295971735,0.04068390712739491,0.0,True,True,False
SORT1,180.0,145.0,326.0,8,0.7171368933851408,0.6668735905829398,0.19586880942532994,0.545764609902974,1.1870205243439897,0.125,8,0.021765668878665937,0.015414556371679124,0.022693073845987777,0.002999083965211711,0.06983067370676588,0.0,True,True,False
SORT1,180.0,146.0,327.0,8,0.7109972134670974,0.6300476250354577,0.2118491908173236,0.48994553476186326,1.1870205243439897,0.375,8,0.025342816654748593,0.018458220066725345,0.02067589779479427,0.002999083965211711,0.05243321772175096,0.0,True,True,False
SORT1,180.0,147.0,328.0,8,0.7031453712953959,0.634981707503656,0.19301961874454696,0.5534104351767698,1.16231236940427,0.25,8,0.02778933518038159,0.026886058488721526,0.017974739621824155,0.0018980258582830414,0.05243321772175096,0.0,True,True,False
SORT1,180.0,148.0,329.0,8,0.7088101258511785,0.6487268088985094,0.1913915787252775,0.545916458676466,1.16231236940427,0.25,8,0.022062505773845394,0.022125483693286367,0.016981549617277176,0.0018980258582830414,0.05243321772175096,0.0,True,True,False
SORT1,180.0,149.0,330.0,8,0.7332970006980708,0.685164866606488,0.20560734531133792,0.545916458676466,1.222880213412439,0.375,8,0.03000263395996464,0.02712121517269745,0.0194477711381243,0.002001817089583349,0.06090526635668818,0.0,True,True,False
SORT1,180.0,150.0,331.0,8,0.7215841948513327,0.685164866606488,0.14592709536510273,0.6167185285989487,1.0649662982207804,0.375,8,0.02954450770862163,0.023763463619379244,0.02180242520972331,0.0025402605087990046,0.06090526635668818,0.0,True,True,False
SORT1,180.0,151.0,332.0,8,0.7056887972358625,0.6386450096809606,0.20231178895736637,0.5806241140004117,1.198544269522264,0.125,8,0.019857831318868452,0.01664684353658572,0.014747098416458547,0.0010997800035838418,0.04617764021453506,0.0,True,True,False
SORT1,180.0,152.0,333.0,8,0.6921081434327359,0.6258287382476329,0.19266572803092913,0.5679040707542882,1.1541358773488646,0.25,8,0.01692707823372409,0.014037900582768662,0.01108728719060991,0.005636557836188396,0.040601228300889684,0.0,True,False,False
SORT1,180.0,153.0,334.0,8,0.6754313112026473,0.5993280715676319,0.1891372883792874,0.5801349993103794,1.1333308823637305,0.25,8,0.01671157956011925,0.014910854968064798,0.013141230821532094,0.0034310442635597403,0.03445503532919926,0.0,True,False,False
SORT1,180.0,154.0,335.0,8,0.6602094009222333,0.5960509305428374,0.22929321913019096,0.5170647791776111,1.216242030780944,0.125,8,0.022085306559706808,0.017780594584589825,0.018395859013092705,0.003772313737811172,0.06228099158945448,0.0,True,False,False
SORT1,180.0,155.0,336.0,8,0.6866547815951066,0.6000279714037706,0.2032630430228335,0.5785350713886102,1.1772789394483367,0.25,8,0.026670891927713665,0.026465234451913403,0.011268644215965077,0.007374267053685453,0.04831184180156365,0.0,True,False,False
SORT1,180.0,156.0,337.0,8,0.6803510452921281,0.6324696742023609,0.13991386730313443,0.5785350713886102,1.0059453507092517,0.25,8,0.0338741657121728,0.030355269283442954,0.01209550035438631,0.020605431029554713,0.0506189052967857,0.0,True,False,False
SORT1,180.0,157.0,338.0,8,0.6861243847297787,0.6353445780034694,0.12562121402173657,0.5948773149962027,0.9831451606463336,0.25,8,0.029655945082150026,0.01808207330089541,0.025665573844558146,0.002954268773854196,0.0707785089214222,0.0,True,False,False
SORT1,180.0,158.0,339.0,8,0.7071286689738856,0.6353101469191188,0.195742000954403,0.5839052912322413,1.17989022206565,0.25,8,0.030332663783191223,0.028198970625123665,0.018825909124884146,0.0028641408197989634,0.05606934906451775,0.0,True,True,False
SORT1,180.0,159.0,340.0,8,0.7055091075541767,0.6334961872287006,0.19955970453483277,0.5832517922656932,1.17989022206565,0.25,8,0.020538605806304774,0.02236202731165128,0.01366771007515553,0.0028641408197989634,0.04417831362630502,0.0,True,True,False
SORT1,180.0,160.0,341.0,8,0.7214379012913077,0.6511353562038682,0.21602110846920797,0.5334601882656007,1.2170272995023648,0.375,8,0.022724245995053325,0.02434187019711819,0.012768036825757563,0.0016376021705655501,0.040573601901691986,0.0,True,True,False
SORT1,181.0,105.0,287.0,8,0.6074268778264964,0.5640036967722066,0.1839108719450137,0.39281212468649834,0.9082400511019251,0.25,8,0.0238789067119365,0.018888043005133488,0.021773582657595957,0.0013077575126553994,0.05670374116840626,0.0,True,False,False
SORT1,181.0,106.0,288.0,8,0.6227436082291646,0.5704727287352479,0.17165269516272616,0.4486626560617735,0.9082400511019251,0.25,8,0.033177976530833556,0.020327670051338894,0.027883148788667357,0.008448471563407117,0.08292156791965469,0.0,True,False,False
SORT1,181.0,107.0,289.0,8,0.6870737374507112,0.6418189007816015,0.17239622100106286,0.5264184016147966,0.9893456281577746,0.25,8,0.022021804598566074,0.017980369184167753,0.015581620955744679,0.0057101682922745395,0.04943738343058542,0.0,True,False,False
SORT1,181.0,108.0,290.0,8,0.6269773879067541,0.5915695961154821,0.11297405729413819,0.5264184016147966,0.8584190234650552,0.25,8,0.024122294988012702,0.019713859622970762,0.01676933927697253,0.0057101682922745395,0.049886258917874175,0.0,True,False,False
SORT1,181.0,109.0,291.0,8,0.5774946351620026,0.5518949238180815,0.13565665738687527,0.430166382464986,0.8716820718793408,0.125,8,0.030607569243833642,0.029009531066052783,0.0143533405633167,0.011268197323878229,0.05679374849293482,0.0,True,False,False
SORT1,181.0,110.0,292.0,8,0.5962209701166769,0.5685058442681405,0.12698494126296306,0.430166382464986,0.843388907088364,0.125,8,0.02800089315383079,0.023194506320608786,0.01218065098548013,0.012487807200202329,0.04714684455319275,0.0,True,False,False
SORT1,181.0,111.0,293.0,8,0.5954726699969695,0.5953998470146658,0.14180186122674796,0.4399070932542985,0.843388907088364,0.25,8,0.024297078704478774,0.015657921457596514,0.023547437671298303,0.004357848645886554,0.0733346111587499,0.0,True,False,False
SORT1,181.0,112.0,294.0,8,0.5819722834469715,0.5461867566943439,0.15813923744054037,0.38293596036474653,0.8454922429767315,0.25,8,0.028427260910663717,0.027192015143913464,0.01247298914618167,0.0114995307841619,0.04984695830629163,0.0,True,False,False
SORT1,181.0,113.0,295.0,8,0.5951299920000761,0.5625063592788999,0.1242767073559917,0.4654061500905562,0.7907239555708381,0.25,8,0.03926460674128237,0.038857407662077695,0.029990436185178243,0.006005133929606952,0.07714621716774864,0.0,True,False,False
SORT1,181.0,114.0,296.0,8,0.6007234332480083,0.555526576509888,0.15992903062326197,0.4510593428198465,0.94120172320273,0.25,8,0.02996993257687664,0.02816834048966339,0.02009914835873519,0.0006589466203989349,0.058878990155872474,0.0,True,False,False
SORT1,181.0,115.0,297.0,8,0.6539609615349349,0.555526576509888,0.2791921873977385,0.4510593428198465,1.3177231802189313,0.25,8,0.030885006220892987,0.02372468661729639,0.01838511854967921,0.008919422660860621,0.058878990155872474,0.0,True,False,False
SORT1,181.0,116.0,298.0,8,0.6020137743133602,0.55505188955874,0.13814471871485803,0.4987107812926998,0.9324468343339123,0.125,8,0.036152339147762086,0.030061660168993615,0.020642073328597403,0.008253761471456528,0.061175707787484254,0.0,True,False,False
SORT1,181.0,117.0,299.0,8,0.5938106804723705,0.5537799963435086,0.1433762985054185,0.459890935793737,0.9316888791480084,0.125,8,0.023029654909820306,0.01803730316760991,0.017594691057406502,0.0073571541381613455,0.061175707787484254,0.0,True,False,False
SORT1,181.0,118.0,300.0,8,0.5555908115293482,0.533555106412068,0.1682710332845748,0.3890513395104817,0.9117104919923854,0.125,8,0.04128266368253814,0.04807998340961332,0.028573957370071006,0.007694039247848943,0.08696319999279359,0.0,True,False,False
SORT1,181.0,119.0,301.0,8,0.5628824492898862,0.523023918167212,0.17163877389113683,0.3890513395104817,0.9117104919923854,0.125,8,0.03114372217687432,0.023095803702490446,0.026530252684607666,0.007694039247848943,0.08696319999279359,0.0,True,False,False
SORT1,181.0,120.0,302.0,8,0.5844837290861753,0.5593723656312962,0.15984505326986448,0.4209672225765708,0.9117104919923854,0.125,8,0.029639821994933355,0.020112587910715796,0.02474907613708405,0.00879892820687048,0.08696319999279359,0.0,True,False,False
SORT1,181.0,121.0,303.0,8,0.5942009196351511,0.5518960960400866,0.16637564499330526,0.4178699225797289,0.9117104919923854,0.25,8,0.034451789825392265,0.02983984230339204,0.023492114605716718,0.00879892820687048,0.08696319999279359,0.0,True,False,False
SORT1,181.0,122.0,304.0,8,0.5607916929709196,0.5182912344236223,0.16736923995999747,0.41673315548844503,0.8938597946670948,0.125,8,0.03739798750749372,0.035914805167021,0.024811210885488898,0.007543354050981231,0.07629301490117361,0.0,True,False,False
SORT1,181.0,123.0,305.0,8,0.5794952958456419,0.5567218666193174,0.1644744635790622,0.3751979847106335,0.9095726076448593,0.125,8,0.03911434377311398,0.036965771608820044,0.019502039424981507,0.01122377738238505,0.07094543435146614,0.0,True,False,False
SORT1,181.0,124.0,306.0,8,0.5629305816660874,0.5351702622349686,0.14483463564658905,0.43711230749583363,0.8739113421455847,0.125,8,0.03433934487493079,0.03325882066463463,0.02265240962745174,0.0006206905832999214,0.07094543435146614,0.0,True,False,False
SORT1,181.0,125.0,307.0,8,0.5745268444386522,0.5367039341349711,0.15808650796089804,0.4459407997010439,0.9456406906282159,0.125,8,0.0506495399075255,0.04606014614025179,0.043040235930552305,0.0016280704037702637,0.13967042900627996,0.0,True,False,False
SORT1,181.0,126.0,308.0,8,0.5769854550317728,0.5472761703903879,0.13758329638884184,0.4245886891932164,0.8735537134360238,0.125,8,0.04864591362936713,0.03644989770955262,0.04396699832161146,0.0053701567826325665,0.13967042900627996,0.0,True,False,False
SORT1,181.0,127.0,309.0,8,0.5903762394349414,0.5702874554117813,0.13715871594382525,0.4650699084060788,0.8966960065984839,0.125,8,0.025826036568369893,0.021218207359785177,0.021935161114959703,0.00035774710143803083,0.0645099640451408,0.0,True,False,False
SORT1,181.0,128.0,310.0,8,0.5878190829861146,0.5565269819908953,0.15133639539338462,0.4028000796248565,0.9058371198841715,0.125,8,0.014937140152074483,0.012689247117877823,0.01015669324629569,0.005030728485172089,0.02853416142908092,0.0,True,False,False
SORT1,181.0,129.0,311.0,8,0.6080034495335301,0.578794671418674,0.15879841314642765,0.4699333638121997,0.9476481478092662,0.125,8,0.03184606893104181,0.02443140008913098,0.02690583253091191,0.004868143683821053,0.0733023597461455,0.0,True,False,False
SORT1,181.0,130.0,312.0,8,0.6145789709489813,0.5417570104095951,0.15283673560814537,0.4721282225225723,0.9332721205276578,0.25,8,0.033026483034726696,0.025953951492791047,0.027080222805898394,0.0016253553239830186,0.07178788350269633,0.0,True,False,False
SORT1,181.0,131.0,313.0,8,0.6174318465882035,0.5689464597858664,0.15604276472457065,0.4325583280554852,0.9348628336147569,0.25,8,0.030883302430525852,0.023158156352036975,0.02793031975530124,0.0016253553239830186,0.0749460041744524,0.0,True,False,False
SORT1,181.0,132.0,314.0,8,0.6647987570817669,0.6107224701595738,0.16268474719080736,0.5187965201831626,1.0208445710306657,0.375,8,0.03845385617662976,0.03316972263854989,0.026137639052536202,0.0016253553239830186,0.0749460041744524,0.0,True,False,False
SORT1,181.0,133.0,315.0,8,0.6085728554805476,0.5824043444140222,0.12906971946160894,0.4915761418438514,0.899509221822676,0.125,8,0.029362270389293812,0.028132124779917975,0.023947003156183047,0.003639673945046044,0.0749460041744524,0.0,True,False,False
SORT1,181.0,134.0,316.0,8,0.6589956991464749,0.6337579329589874,0.13636527088387673,0.528930211456511,0.9581367984824622,0.25,8,0.01470558534267658,0.011383996278656704,0.015915115049637787,0.00014034157101683637,0.04992594887993105,0.0,True,False,False
SORT1,181.0,135.0,317.0,8,0.6760641232225203,0.611400586093318,0.158766541628527,0.5662844920182991,1.031676772561174,0.25,8,0.032428283170635695,0.02715691744409851,0.02414819394836503,0.0024238249433985643,0.06304393306707785,0.0,True,False,False
SORT1,181.0,136.0,318.0,8,0.678619617277461,0.6402602505344446,0.16026700616868686,0.5435904398683449,1.0343509031618288,0.25,8,0.03866555568126284,0.03920540919964856,0.023523706157628454,0.006447492371065379,0.06942793931849815,0.0,True,False,False
SORT1,181.0,137.0,319.0,8,0.6634399550476477,0.6356868152601677,0.17261113503002606,0.49003869147310075,1.0622352772708028,0.125,8,0.026317437599882514,0.01857301808119642,0.028678193869878806,0.00030021007206487824,0.0839686470597485,0.0,True,False,False
SORT1,181.0,138.0,320.0,8,0.6599263236248349,0.649112000946294,0.15277394916402684,0.49003869147310075,0.9942309378503943,0.125,8,0.02060705403573264,0.01745039241164505,0.01704115289800915,0.00030021007206487824,0.054026033790405964,0.0,True,False,False
SORT1,181.0,139.0,321.0,8,0.6537184747509833,0.6126358534991072,0.14703397375110483,0.5085478622580948,0.9942309378503943,0.125,8,0.022510983722696186,0.011047350902331344,0.02057340259481426,0.0027608015932227186,0.054026033790405964,0.0,True,False,False
SORT1,181.0,140.0,322.0,8,0.6897243274179403,0.6485061312158791,0.14691857408458928,0.5130118595983301,0.9942309378503943,0.375,8,0.028901331262864836,0.023947021277657785,0.02009170976315263,0.002114565622588255,0.054026033790405964,0.0,True,False,False
SORT1,181.0,141.0,323.0,8,0.6797557529200082,0.6489666131757328,0.17727789613160688,0.5130118595983301,1.0958019554719731,0.125,8,0.03133606552464545,0.02815984719460613,0.014282123029017026,0.01506988404623507,0.054776934081611856,0.0,True,False,False
SORT1,181.0,142.0,324.0,8,0.7192942336174131,0.6645078179380703,0.18609828154313002,0.5870363904831631,1.1612168685957551,0.375,8,0.024536658377871518,0.023436496474024456,0.017544167296631902,0.0034128753819037453,0.054995854295784366,0.0,True,True,False
SORT1,181.0,143.0,325.0,8,0.7051152703309607,0.6728621226959584,0.1526408098914562,0.5471539471504977,1.0478440677563492,0.375,8,0.017729006975975865,0.015753948765094884,0.014564416334479333,0.0008476236086714847,0.040818089472781934,0.0,True,True,False
SORT1,181.0,144.0,326.0,8,0.7291504263021401,0.6963161429989497,0.16344019353186548,0.6035503960934885,1.10801592469639,0.5,8,0.022805595735425115,0.015366943816216554,0.021828926610290792,0.00024343750429501636,0.06556922412289791,0.0,True,True,False
SORT1,181.0,145.0,327.0,8,0.7192178353326208,0.6802643677646169,0.14529349255590013,0.545764609902974,1.0228629745783946,0.375,8,0.031790395505772395,0.038840740140033504,0.022529424001921643,0.004476454932431598,0.06556922412289791,0.0,True,True,False
SORT1,181.0,146.0,328.0,8,0.6939867685591765,0.6260796811258579,0.16679743849971443,0.48994553476186326,1.0228629745783946,0.375,8,0.028232290921083807,0.022881164107432333,0.018493995765475415,0.00992954807448948,0.0560755965755085,0.0,True,False,False
SORT1,181.0,147.0,329.0,8,0.7069902074587852,0.6726047616353348,0.15946920159995764,0.5534104351767698,1.0631034534655457,0.5,8,0.0317561800746734,0.029366841521150978,0.021344411848479877,0.001018781446701607,0.0560755965755085,0.0,True,True,False
SORT1,181.0,148.0,330.0,8,0.6859159122938288,0.6332715464694278,0.16882839118330906,0.5407466520772473,1.0631034534655457,0.375,8,0.02452201063756449,0.01685609131725926,0.020026012881343248,0.002001817089583349,0.05243321772175096,0.0,True,False,False
SORT1,181.0,149.0,331.0,8,0.6933805775992129,0.6605795167965594,0.1553097051504181,0.545916458676466,1.0379153329648965,0.375,8,0.022031602696267034,0.018247608338345322,0.01821947532435717,0.002001817089583349,0.05355292275319265,0.0,True,False,False
SORT1,181.0,150.0,332.0,8,0.6979136466587361,0.653912560971621,0.15107660024338954,0.5840446718354962,1.0543924055978695,0.375,8,0.02596637063817852,0.024126125916301346,0.01693951772631173,0.0020797315583479374,0.05355292275319265,0.0,True,False,False
SORT1,181.0,151.0,333.0,8,0.669021488503438,0.6177759474998619,0.14930940046095034,0.5806241140004117,1.0252962350698087,0.25,8,0.025379497337393093,0.016057398034861968,0.030909124716922674,0.0010997800035838418,0.09246283050080992,0.0,True,False,False
SORT1,181.0,152.0,334.0,8,0.6648578355449264,0.6329438492408253,0.16000111348146143,0.49938123776002913,1.0285404510485074,0.25,8,0.025044563405189537,0.023479765654587273,0.01598517704294274,4.883319204236953e-05,0.047263863941095094,0.0,True,False,False
SORT1,181.0,153.0,335.0,8,0.6572816757806242,0.6029957743832837,0.1367548585741374,0.5520304217982761,0.9733934729769675,0.125,8,0.03558110738232795,0.03104969491909347,0.018216317473248242,0.016207162541720884,0.07234888606735507,0.0,True,False,False
SORT1,181.0,154.0,336.0,8,0.6515707931448524,0.5962994621527453,0.17199648114706878,0.517918772350728,1.0467762838700991,0.25,8,0.022632981773889803,0.023705109136716907,0.016595174411460134,0.0010110078602505548,0.047263863941095094,0.0,True,False,False
SORT1,181.0,155.0,337.0,8,0.6663718010454489,0.6313309843618224,0.16540893670510418,0.49289833624941465,1.0402950955835408,0.25,8,0.025839668899962146,0.026186132716205346,0.01791243712839179,0.004487764815129122,0.05149967863163056,0.0,True,False,False
SORT1,181.0,156.0,338.0,8,0.6664682727039162,0.6541324329996078,0.09654568133866302,0.5729445325979842,0.8712766053239175,0.25,8,0.021725835325659186,0.019876926535539387,0.013392442181368472,0.0032688972273675915,0.04831184180156365,0.0,True,False,False
SORT1,181.0,157.0,339.0,8,0.6569457833471315,0.6325048340477298,0.09486488735860114,0.5222396200761552,0.8383549653418085,0.25,8,0.02890563954743841,0.02216534483539356,0.024305536591306732,0.002272464790698126,0.0707785089214222,0.0,True,False,False
SORT1,181.0,158.0,340.0,8,0.6937321461753058,0.6280234557828506,0.15545621044635952,0.5839052912322413,1.0525478405895439,0.375,8,0.038587302310661376,0.03147574437067037,0.033356834713547306,0.00165270730630088,0.09526219916413585,0.0,True,False,False
SORT1,181.0,159.0,341.0,8,0.6851225179380249,0.6088940296369683,0.1582006189088489,0.5839052912322413,1.0525478405895439,0.25,8,0.02894129442140234,0.026786071664488216,0.021044764383603795,0.00165270730630088,0.0719657064780346,0.0,True,False,False
SORT1,181.0,160.0,342.0,8,0.6945634059462347,0.6360432711374882,0.1631994474299465,0.5334601882656007,1.0487696406190015,0.375,8,0.022850275218554223,0.025376305003115673,0.013352980319716271,0.002184178420296435,0.039325868054720076,0.0,True,False,False
SORT1,182.0,105.0,288.0,8,0.6193285943939119,0.5591489638166351,0.20173363264794364,0.3622626317958905,0.9704435796170754,0.25,8,0.03466605916612652,0.038631790678347974,0.017986712960925386,0.003207189020163134,0.058455765428757404,0.0,True,False,False
SORT1,182.0,106.0,289.0,8,0.6276853801431287,0.5719851178641224,0.19192504177935493,0.40996388334687384,0.9667990985955932,0.25,8,0.025567864970924135,0.029335747277320134,0.014752339071352313,0.003207189020163134,0.04555242287097407,0.0,True,False,False
SORT1,182.0,107.0,290.0,8,0.671509695972996,0.6301433361227136,0.18717611666822567,0.41004735145259197,0.9920934800797229,0.25,8,0.022724486669265874,0.016219662547509443,0.026921912239962036,0.0010850245511042878,0.08583196334824339,0.0,True,False,False
SORT1,182.0,108.0,291.0,8,0.6360245766630528,0.603841529556525,0.1739655859786319,0.41004735145259197,0.9859295844707794,0.25,8,0.03191349041096864,0.02211976721664904,0.02642629832422368,0.005826053193063988,0.07832522147745777,0.0,True,False,False
SORT1,182.0,109.0,292.0,8,0.5898503746443545,0.5756733405148744,0.1909063424361961,0.3397564854595966,1.0132054395767662,0.125,8,0.0240282564657598,0.02483430606417518,0.012544526298619426,0.009472757011956722,0.048499895706815364,0.0,True,False,False
SORT1,182.0,110.0,293.0,8,0.5931752749685143,0.5739042686375979,0.17306812986831593,0.3397564854595966,0.9689937638511743,0.125,8,0.02122479473885222,0.01396351600245664,0.016330079673234927,0.006366932799823671,0.05318311371617903,0.0,True,False,False
SORT1,182.0,111.0,294.0,8,0.5983795845110343,0.5558623809377108,0.1636006326832869,0.42057338446340914,0.9689937638511743,0.125,8,0.023046497502321798,0.02132382135814599,0.01786733677535347,0.0017741816463255858,0.053822921536664514,0.0,True,False,False
SORT1,182.0,112.0,295.0,8,0.6127239090613208,0.5366985797503678,0.2211597241320785,0.384838639308704,1.0884611503979962,0.25,8,0.027111572438911852,0.02820675956990778,0.009687582688796416,0.012211552158599643,0.03904360147215587,0.0,True,False,False
SORT1,182.0,113.0,296.0,8,0.6059360377232907,0.6104268084106077,0.16747002363162178,0.38410476344425654,0.9581549990979673,0.125,8,0.026188471133865823,0.02326147076108886,0.018708908431429794,0.0060636728146506265,0.049671968395702155,0.0,True,False,False
SORT1,182.0,114.0,297.0,8,0.588996487962872,0.540299522666823,0.17087729333525853,0.3827482421066508,0.957449644488273,0.125,8,0.03893116699797346,0.030953769119423484,0.02403965368565641,0.00888922561183278,0.08103357567150743,0.0,True,False,False
SORT1,182.0,115.0,298.0,8,0.6410026167697278,0.5880501842142457,0.3003443909443626,0.31167526715353416,1.33365719459046,0.125,8,0.027283319083300218,0.017978029113704767,0.027940488212479523,0.001647414050127383,0.08103357567150743,0.0,True,False,False
SORT1,182.0,116.0,299.0,8,0.5924273497818828,0.556350899294787,0.1927418212246807,0.3504909866344723,1.0201437059549694,0.125,8,0.04089392605728411,0.03390652310784862,0.03211961524228362,0.006646381167414752,0.10251192121546589,0.0,True,False,False
SORT1,182.0,117.0,300.0,8,0.61301265485306,0.5666807308217924,0.2127085440007395,0.4418570905030324,1.1143311879847075,0.125,8,0.03263906440080287,0.030732211736328993,0.03127683686402358,0.0009406993577637801,0.10251192121546589,0.0,True,False,False
SORT1,182.0,118.0,301.0,8,0.5902172929462638,0.5745707743353835,0.18135819611028753,0.41855154368613406,0.9934038938831103,0.125,8,0.030987204145669047,0.03492481288241812,0.0167222036911855,0.005540282048155491,0.050885172701780584,0.0,True,False,False
SORT1,182.0,119.0,302.0,8,0.5877548579852172,0.5707783210607544,0.18270830805723318,0.41855154368613406,0.9934038938831103,0.125,8,0.034006962597944425,0.03492481288241812,0.022019327327238825,0.005540282048155491,0.07656479953056544,0.0,True,False,False
SORT1,182.0,120.0,303.0,8,0.5794814451654428,0.5451118826195388,0.18725331902682554,0.38638843416874114,0.9934038938831103,0.125,8,0.02743702228145776,0.03034783673489336,0.017744249004234734,0.0010460435162157678,0.050171312388254424,0.0,True,False,False
SORT1,182.0,121.0,304.0,8,0.584984258523175,0.5451118826195388,0.19417518811896925,0.3638973030554887,0.9934038938831103,0.125,8,0.021090785607722328,0.02236540310758859,0.011578651930818641,0.0010460435162157678,0.035802456969395574,0.0,True,False,False
SORT1,182.0,122.0,305.0,8,0.5615369334894715,0.5145902001237896,0.18912420013955156,0.33348877990443176,0.967896958290971,0.125,8,0.02040457986739575,0.015501077340168232,0.018766361753324683,0.0024286082194080925,0.060002945089538816,0.0,True,False,False
SORT1,182.0,123.0,306.0,8,0.5823410972903588,0.5366596877128536,0.16901073163778277,0.41516926100992824,0.9649292343410342,0.125,8,0.022085238540329552,0.009435920660273132,0.025090802314105296,0.004124339785637076,0.07075911584336429,0.0,True,False,False
SORT1,182.0,124.0,307.0,8,0.5635943643506349,0.5317428675740192,0.17291462903321145,0.411802849558447,0.96238180746196,0.125,8,0.034535330680077636,0.02126767390767389,0.033752649074387256,0.0010275135597579768,0.09346579991864032,0.0,True,False,False
SORT1,182.0,125.0,308.0,8,0.5686219242764856,0.5458882884272209,0.1721776305826939,0.3698431897829311,0.9530531014298118,0.125,8,0.03304691936493395,0.024319603166357354,0.02753944173571063,0.0016280704037702637,0.08446545295004491,0.0,True,False,False
SORT1,182.0,126.0,309.0,8,0.5694910563534725,0.535229792194353,0.17407607411257772,0.3698431897829311,0.9447130644190602,0.125,8,0.03519611814672673,0.0303155868479763,0.0275494034655091,0.0053701567826325665,0.08762260675480069,0.0,True,False,False
SORT1,182.0,127.0,310.0,8,0.5930869014315732,0.5679523736239696,0.1825144670485367,0.41222247574198145,1.0005684350115855,0.125,8,0.03250587684218387,0.02328670013161593,0.028651816379227018,0.008896613509220318,0.08662385733618198,0.0,True,False,False
SORT1,182.0,128.0,311.0,8,0.5735777886636692,0.5148000620369372,0.15380841208312224,0.4239258956504294,0.921682099087143,0.125,8,0.024060633822242987,0.015607572971537371,0.020240160879915946,0.0034515624712700703,0.05064428896323468,0.0,True,False,False
SORT1,182.0,129.0,312.0,8,0.5900243821006343,0.5267658326540618,0.1914562107235369,0.4239258956504294,1.0346571939384364,0.125,8,0.019582571547106836,0.011859979132650477,0.019495956129866193,0.0004438802449714852,0.055663465696396124,0.0,True,False,False
SORT1,182.0,130.0,313.0,8,0.6362888491547641,0.6151076897060661,0.1696050434185987,0.4239258956504294,1.0008230436643977,0.25,8,0.011580525145505376,0.005650041593134083,0.013894440617169665,0.0006254211728330271,0.04093752409571092,0.0,True,False,False
SORT1,182.0,131.0,314.0,8,0.6363294962959082,0.6151076897060661,0.17930597011058355,0.3684768431398099,1.0085784359438235,0.25,8,0.029714720115280265,0.03247616327754811,0.02439934825678018,0.0006254211728330271,0.06551450856326971,0.0,True,False,False
SORT1,182.0,132.0,315.0,8,0.6594598456095897,0.6174547259205914,0.18968394380482403,0.41769597785387513,1.0684205981482833,0.375,8,0.02816645354279705,0.02052563897133832,0.023328195110072145,0.0006254211728330271,0.06909692904982889,0.0,True,False,False
SORT1,182.0,133.0,316.0,8,0.6354122096188324,0.6063768009257485,0.17547671062599846,0.41769597785387513,1.0264422013321557,0.125,8,0.020479214962481805,0.01899845746873748,0.01871167493910083,0.0007731872573086997,0.05392807305404636,0.0,True,False,False
SORT1,182.0,134.0,317.0,8,0.6611783018817046,0.6267944516533028,0.18075587975686902,0.46745634307838063,1.069886266017239,0.25,8,0.015468098895684072,0.01423979433598353,0.012667537275534112,0.00014034157101683637,0.03830219714545599,0.0,True,False,False
SORT1,182.0,135.0,318.0,8,0.6857800005522972,0.635827103025944,0.1966394131390079,0.46745634307838063,1.081781612791346,0.25,8,0.020257676904507416,0.016306990289520058,0.0153809905799119,0.0006052318992658448,0.04625902710487917,0.0,True,False,False
SORT1,182.0,136.0,319.0,8,0.6600603102777858,0.6139685920034499,0.19996893958297984,0.3936534802384674,1.0676612242940027,0.25,8,0.01698650905005088,0.017137075626224296,0.010497695969796744,0.0006052318992658448,0.037605442831047685,0.0,True,False,False
SORT1,182.0,137.0,320.0,8,0.6623098857175359,0.6233254724549591,0.19228086939137115,0.45934400741974535,1.1031018616440158,0.125,8,0.02687587541398742,0.01833067000594229,0.020365622370338263,0.0006052318992658448,0.055369504355849114,0.0,True,False,False
SORT1,182.0,138.0,321.0,8,0.6880850126335647,0.6443796342366643,0.2035650502919746,0.45934400741974535,1.1344851368714002,0.25,8,0.032295724162037506,0.02985766007780352,0.019393020743755554,0.009054187608222432,0.055369504355849114,0.0,True,False,False
SORT1,182.0,139.0,322.0,8,0.6456695809929497,0.6013804277500734,0.2131326748658102,0.4350807872670343,1.1344851368714002,0.125,8,0.023407985059917202,0.017081747866641593,0.01901098367740054,0.0034021367095857166,0.055103031494150786,0.0,True,False,False
SORT1,182.0,140.0,323.0,8,0.6818851121622872,0.6431920056278169,0.21060954005908983,0.4333897012599161,1.1344851368714002,0.375,8,0.026420685489777183,0.013476949178899023,0.02715470656099429,0.0002663343310289048,0.07795026361422018,0.0,True,False,False
SORT1,182.0,141.0,324.0,8,0.6847975908658075,0.6420570761533958,0.22724557802128828,0.4333897012599161,1.198263379702992,0.25,8,0.021513418807693616,0.021942475784200735,0.014084787047006343,0.0003662188337711858,0.04553448385677235,0.0,True,False,False
SORT1,182.0,142.0,325.0,8,0.7230952954514176,0.6833365654282466,0.18705375117425665,0.5252975987123588,1.1500211917903893,0.5,8,0.02912761417545169,0.022812505767968907,0.018730579643360737,0.0091075060623044,0.056329577873405715,0.0,True,True,False
SORT1,182.0,143.0,326.0,8,0.7088374895811191,0.6832708259978633,0.20493812437943806,0.4762830317399254,1.1405204584925706,0.5,8,0.025071886908338677,0.024371889149769052,0.01715006217120192,0.00369783832933801,0.056329577873405715,0.0,True,True,False
SORT1,182.0,144.0,327.0,8,0.7399816008288862,0.6680150401544447,0.22221755607809998,0.5448336349530795,1.2448553381984073,0.5,8,0.016456180585568404,0.011456894959530704,0.012797166234473132,0.005240266448008286,0.03614771210016612,0.0,True,True,False
SORT1,182.0,145.0,328.0,8,0.7209755366056116,0.6783509306198412,0.197634224920524,0.5288483072627379,1.1374118408830172,0.5,8,0.025706159450717643,0.0175683423556385,0.026555943405112987,0.0033900871828376833,0.08090430903016756,0.0,True,True,False
SORT1,182.0,146.0,329.0,8,0.7101928971044293,0.6369601826781043,0.20071069823758075,0.5199888958588393,1.1374118408830172,0.375,8,0.03047447475099257,0.02271591935382092,0.027812284050745487,0.0005409847761902756,0.08090430903016756,0.0,True,True,False
SORT1,182.0,147.0,330.0,8,0.6978114930546306,0.6957233348220273,0.18219909113934143,0.5199888958588393,1.0887130543456078,0.5,8,0.02099911944920717,0.015707372443667808,0.019729343647061262,0.0005409847761902756,0.0560755965755085,0.0,True,False,False
SORT1,182.0,148.0,331.0,8,0.6850078596493451,0.6615040801752201,0.17926367861435907,0.5408858514310804,1.0887130543456078,0.25,8,0.025630471237480957,0.02620276769068093,0.01724096035598291,0.0005409847761902756,0.052236100531703314,0.0,True,False,False
SORT1,182.0,149.0,332.0,8,0.711226160756363,0.6405448344040634,0.21571432474301916,0.5481306472004893,1.2106572158917903,0.375,8,0.024464837759833172,0.016194736785072203,0.027249135171740768,0.0038546465426912515,0.08672339825835336,0.0,True,True,False
SORT1,182.0,150.0,333.0,8,0.6893105147435659,0.6600534528553648,0.14065487738678786,0.5387941100133583,1.0004125782050797,0.375,8,0.029105292551199553,0.01620771808844035,0.030361449731741392,0.0029661244390049657,0.08672339825835336,0.0,True,False,False
SORT1,182.0,151.0,334.0,8,0.6570690238773764,0.6324258755131016,0.19764844767493775,0.4388370831124651,1.1100053016880043,0.125,8,0.024412926658637178,0.02098551768183738,0.016373174714290884,0.002678458006900999,0.04851446380723753,0.0,True,False,False
SORT1,182.0,152.0,335.0,8,0.6858078369598,0.6342489827052935,0.1957002883248904,0.5308383801626945,1.130265564448168,0.25,8,0.026243170343481725,0.015967473706702436,0.027966773471620833,4.883319204236953e-05,0.07005495552702094,0.0,True,False,False
SORT1,182.0,153.0,336.0,8,0.6626384017978634,0.6168741593013087,0.1796928467271992,0.5055552851675278,1.0751345198486375,0.125,8,0.017848071141143538,0.020068548979500934,0.01229628898988072,0.003569749911035025,0.034479720442956614,0.0,True,False,False
SORT1,182.0,154.0,337.0,8,0.6573777438488942,0.5917461777051811,0.21112561911205707,0.454488880943394,1.1368712501362173,0.25,8,0.022741832427249732,0.01733282347795266,0.02094950985508446,0.004837344300828154,0.06920921337284233,0.0,True,False,False
SORT1,182.0,155.0,338.0,8,0.665358446656059,0.6258586874263896,0.21235179824863262,0.4201587447749419,1.1432828390509644,0.25,8,0.02366726653039132,0.02124147004183497,0.020554792025637484,0.005596732801585638,0.06920921337284233,0.0,True,False,False
SORT1,182.0,156.0,339.0,8,0.6926007498949716,0.6713195764905692,0.13498573321452664,0.5754149526793233,0.9980669447918982,0.375,8,0.023891464133774867,0.016661251238348038,0.021172424490951466,0.0048564332623449785,0.0725192780197439,0.0,True,False,False
SORT1,182.0,157.0,340.0,8,0.6827875698750594,0.629543904815275,0.1705396610692206,0.5038906455057759,1.0739888424461896,0.25,8,0.03035640633884087,0.02188935576866241,0.027621711654813613,0.002272464790698126,0.0725192780197439,0.0,True,False,False
SORT1,182.0,158.0,341.0,8,0.7245106285399311,0.6736146786426165,0.18562510591137105,0.5605955632697877,1.1598990614027218,0.375,8,0.030321373047672535,0.013399712412092538,0.033331909280395346,0.0028530492094457475,0.09526219916413585,0.0,True,True,False
SORT1,182.0,159.0,342.0,8,0.7099061936234591,0.6558093569376173,0.19060417296920412,0.5605955632697877,1.1598990614027218,0.25,8,0.01960127662492049,0.011768795212520208,0.017062446684682247,0.0028530492094457475,0.04547874772649581,0.0,True,True,False
SORT1,182.0,160.0,343.0,8,0.6883068433147725,0.6351617358837398,0.2076420823948581,0.47971961214604486,1.166190778539747,0.25,8,0.02411048839854518,0.026767886407401437,0.0136106518962193,0.007150812959490136,0.04404656075550602,0.0,True,False,False
SORT1,183.0,105.0,289.0,8,0.6503017140252556,0.5664570444190962,0.1926438718514512,0.487000489773171,0.9915638356996052,0.25,8,0.032041981300666406,0.031540917269406304,0.0165978365045476,0.011315293491437879,0.058455765428757404,0.0,True,False,False
SORT1,183.0,106.0,290.0,8,0.6462521934829228,0.5792931984665834,0.19349539463723378,0.47101996081898434,0.9795036921082313,0.25,8,0.024974714993436523,0.02286958763956939,0.012521604393176036,0.008448471563407117,0.04405897990091244,0.0,True,False,False
SORT1,183.0,107.0,291.0,8,0.69902479474924,0.6144599020288051,0.19217705193306936,0.5541743038540612,1.0506780886242832,0.25,8,0.03406723418479271,0.022415038292772894,0.03318351348301871,0.00037650956985836576,0.08583196334824339,0.0,True,False,False
SORT1,183.0,108.0,292.0,8,0.6481925353856975,0.6022050131533697,0.15352871876367416,0.5015163329820898,0.9937329211895397,0.25,8,0.026281290316410102,0.013455594904811664,0.029364017198775978,0.00037650956985836576,0.07832522147745777,0.0,True,False,False
SORT1,183.0,109.0,293.0,8,0.6087667719451513,0.5897925380753464,0.14611363406184466,0.4701378247569582,0.9398010290819191,0.125,8,0.026615406388544316,0.025366976455325076,0.01207257882583673,0.009472757011956722,0.048499895706815364,0.0,True,False,False
SORT1,183.0,110.0,294.0,8,0.6100161383591598,0.5723847501612911,0.14810639576978943,0.4701378247569582,0.9571035282701508,0.125,8,0.03379263998593416,0.028454207243142914,0.02894045703276643,0.010088545317057085,0.10180054550400913,0.0,True,False,False
SORT1,183.0,111.0,295.0,8,0.620740970304504,0.58476112273424,0.15247610689064747,0.4752146428752589,0.9571035282701508,0.125,8,0.031034977277775367,0.024160861625839573,0.02782003431536285,0.005548018611684029,0.09562469618029151,0.0,True,False,False
SORT1,183.0,112.0,296.0,8,0.6125014142820242,0.5370277399933733,0.20332944995825963,0.37394227080349085,1.0018878864685024,0.25,8,0.028617288700415598,0.023725157540317766,0.02141146165094261,0.011188097487427577,0.07584426167085431,0.0,True,False,False
SORT1,183.0,113.0,297.0,8,0.6191020078478509,0.6107470894660632,0.1617514065533843,0.4637642353635731,0.9719624886396062,0.125,8,0.022358292881889195,0.016867190250824463,0.020738021571086257,0.0010326497737458424,0.050553834922945545,0.0,True,False,False
SORT1,183.0,114.0,298.0,8,0.6314976226610641,0.5547069562423093,0.1893220307873318,0.4767115002914639,1.0416174744932978,0.25,8,0.034178024649419145,0.024469403475528288,0.023127714697514137,0.017410758594154023,0.08103357567150743,0.0,True,False,False
SORT1,183.0,115.0,299.0,8,0.6686164823693547,0.5559962178717324,0.29459407759790696,0.4540981629240971,1.3586031662681428,0.25,8,0.035930949435614326,0.024469403475528288,0.023605974363433122,0.011816266694530208,0.08103357567150743,0.0,True,False,False
SORT1,183.0,116.0,300.0,8,0.6171801719739959,0.5618815335236219,0.182172561693622,0.4827859551074978,1.049135322010597,0.125,8,0.03176836340256674,0.028843346297185508,0.020117070381299333,0.008303166687542928,0.06114853888537886,0.0,True,False,False
SORT1,183.0,117.0,301.0,8,0.6216881526856479,0.5846549401700629,0.195097806901873,0.44279008177645485,1.0818277921338166,0.125,8,0.025496367870885838,0.028843346297185508,0.01131605963743806,0.0073571541381613455,0.0372251803200413,0.0,True,False,False
SORT1,183.0,118.0,302.0,8,0.5963984858986563,0.544295672729686,0.18239799030777817,0.46282944909023177,1.0269228286263616,0.125,8,0.033823062427062366,0.03451810900982405,0.020457747248838552,0.0003884360259724245,0.059221956783827925,0.0,True,False,False
SORT1,183.0,119.0,303.0,8,0.6183829009381229,0.577685468479282,0.18350733892630736,0.46282944909023177,1.0269228286263616,0.125,8,0.0372983465777718,0.03451810900982405,0.022372119309414774,0.008888590120033658,0.07656479953056544,0.0,True,False,False
SORT1,183.0,120.0,304.0,8,0.6262947796674283,0.5968306263021521,0.18077395385909353,0.46282944909023177,1.0269228286263616,0.125,8,0.02678452700137183,0.02673186618669795,0.01998296741925701,0.0010460435162157678,0.059221956783827925,0.0,True,False,False
SORT1,183.0,121.0,305.0,8,0.6273417492136315,0.6008366038064228,0.18829264118086397,0.41761895844396457,1.0269228286263616,0.25,8,0.02245415234044698,0.02538726113408505,0.011356766315342158,0.0010460435162157678,0.035802456969395574,0.0,True,False,False
SORT1,183.0,122.0,306.0,8,0.6138677409134149,0.5747451841868098,0.1986234634315517,0.43732503288548424,1.0574969972732133,0.125,8,0.018950680369912813,0.007674058584011063,0.02306408046554603,0.0024286082194080925,0.06897446872108097,0.0,True,False,False
SORT1,183.0,123.0,307.0,8,0.5807236307915801,0.5526911374822202,0.16867977666283548,0.4086719217926277,0.9401669690235038,0.125,8,0.018196154429145392,0.013093849839757771,0.013133834824202197,0.004124339785637076,0.045184619172691204,0.0,True,False,False
SORT1,183.0,124.0,308.0,8,0.5771416641913797,0.5412172000930556,0.16593569912254863,0.435411495656812,0.9664952999476718,0.125,8,0.034064851446510024,0.023742349485493974,0.029041740727908206,0.004124339785637076,0.08886253568833122,0.0,True,False,False
SORT1,183.0,125.0,309.0,8,0.5865638311276841,0.5629716284815578,0.19764313045875787,0.38258426325112443,1.0351564651057237,0.125,8,0.025535189854769137,0.017197000733751664,0.025844192728110903,0.0016280704037702637,0.0729643633395005,0.0,True,False,False
SORT1,183.0,126.0,310.0,8,0.5909667730688495,0.5561388108209697,0.17410507843966577,0.4243211174432328,0.9797628423711902,0.125,8,0.02833315523356397,0.032144659912763704,0.019292547747508774,0.0019360133776724119,0.048909662003072174,0.0,True,False,False
SORT1,183.0,127.0,311.0,8,0.5986553908026802,0.5595692761441342,0.16099681234219715,0.4525266321693284,0.9696742352137184,0.125,8,0.02910789554517412,0.020272548155269153,0.024021865784760864,0.006285898033793364,0.0756035272443702,0.0,True,False,False
SORT1,183.0,128.0,312.0,8,0.5940318912998531,0.5534237874210675,0.1642427234608333,0.4640256165607735,0.9717753184016132,0.125,8,0.020186780078767185,0.020825248031665744,0.015086250962128553,8.516281823149115e-06,0.05064428896323468,0.0,True,False,False
SORT1,183.0,129.0,313.0,8,0.6167255395036133,0.5962737961358555,0.17242278037018702,0.4749084881882741,1.0189186793449223,0.125,8,0.028065360888588787,0.021555485583424128,0.025628905462985442,8.516281823149115e-06,0.0733517320076927,0.0,True,False,False
SORT1,183.0,130.0,314.0,8,0.6458821860072997,0.6188328746269917,0.16295340155612964,0.4749084881882741,1.0027841467631031,0.25,8,0.025029773523414706,0.021819636072482718,0.020639727511484452,0.0024447762375678582,0.05519352092991967,0.0,True,False,False
SORT1,183.0,131.0,315.0,8,0.6594708379497569,0.6188328746269917,0.1516467725779612,0.5321831007592185,1.0061999123714704,0.25,8,0.036507746992459456,0.04383026784429825,0.020136939258795603,0.005481159340609911,0.05519352092991967,0.0,True,False,False
SORT1,183.0,132.0,316.0,8,0.6802694835600883,0.6522369599916614,0.20638186041030782,0.434395206338842,1.1375156551010797,0.375,8,0.0328470025730645,0.03438588297835987,0.01495151399852806,0.01090684842414465,0.05392807305404636,0.0,True,False,False
SORT1,183.0,133.0,317.0,8,0.6221013255200669,0.5997633069678083,0.14854695532410184,0.434395206338842,0.9458671096050402,0.125,8,0.03005366843741861,0.02903025666298993,0.019122558317954615,0.003639673945046044,0.05392807305404636,0.0,True,False,False
SORT1,183.0,134.0,318.0,8,0.6790879337233227,0.6399652698439413,0.15614915135112312,0.5271462002327757,1.0370781746288387,0.25,8,0.016587747629905905,0.016889477013547143,0.011354325700027632,0.00014034157101683637,0.03893557478154778,0.0,True,False,False
SORT1,183.0,135.0,319.0,8,0.7015847992652527,0.6302568489140269,0.1914399984459401,0.5570587027042521,1.1152225476284379,0.25,8,0.02181536145435886,0.02208894586404861,0.015551226132571977,0.002006964491822381,0.053675001868240445,0.0,True,True,False
SORT1,183.0,136.0,320.0,8,0.6801864361066243,0.6302339496462406,0.17881998002571733,0.5257313623509069,1.0700933551803558,0.25,8,0.02586178811887081,0.019945872616031642,0.017466852650014603,0.0023677350614753605,0.053675001868240445,0.0,True,False,False
SORT1,183.0,137.0,321.0,8,0.6772144128227316,0.6395908300977499,0.1861569340052442,0.5291946181561786,1.1173314373572167,0.125,8,0.021398888497170532,0.015357808519761559,0.018864880806948113,0.0023677350614753605,0.050789827571592325,0.0,True,False,False
SORT1,183.0,138.0,322.0,8,0.711630588865498,0.6555319974136304,0.20141485397001416,0.5291946181561786,1.1764836572556863,0.25,8,0.032718015891930956,0.024310178501459192,0.019359642507279062,0.009350791610036935,0.06415165875247124,0.0,True,True,False
SORT1,183.0,139.0,323.0,8,0.6623650684115217,0.6013804277500734,0.21159272216188763,0.5230306153436092,1.1764836572556863,0.125,8,0.046033900471089004,0.05663268732598795,0.026792548304675496,0.0011592186262383043,0.07594864079309668,0.0,True,False,False
SORT1,183.0,140.0,324.0,8,0.7038371624828716,0.6186258794450639,0.20304546061315065,0.5485176794079671,1.1764836572556863,0.375,8,0.0349152604173595,0.03426261567260799,0.023647870003647355,0.0002663343310289048,0.06415165875247124,0.0,True,True,False
SORT1,183.0,141.0,325.0,8,0.7081678664593445,0.6578568748182247,0.19360040366289333,0.5485176794079671,1.166080727998888,0.25,8,0.02781540201578676,0.028861186854927806,0.0186910792362217,0.0003662188337711858,0.05034054422231304,0.0,True,True,False
SORT1,183.0,142.0,326.0,8,0.7241561957754176,0.6737204919950261,0.17501025314300814,0.5660425417356943,1.1292302886936643,0.375,8,0.03479796328149648,0.02890493021325919,0.017980005670554192,0.010412892075751044,0.06680244784482692,0.0,True,True,False
SORT1,183.0,143.0,327.0,8,0.7239557316753824,0.6949820340373758,0.18327453321178483,0.5316290027601267,1.1216942110646073,0.5,8,0.03719707585257994,0.036562593556191014,0.01355131584454428,0.024824605558410342,0.06680244784482692,0.0,True,True,False
SORT1,183.0,144.0,328.0,8,0.7267468514302607,0.6599996718185106,0.20055806439581936,0.5660425417356943,1.1740525302591993,0.375,8,0.02230814687750764,0.009383726725581909,0.02277049664051259,0.005240266448008286,0.06680244784482692,0.0,True,True,False
SORT1,183.0,145.0,329.0,8,0.7225552499022182,0.664809154970637,0.20860874012149436,0.5307186330828332,1.1792087818018608,0.5,8,0.021813660511918975,0.021280217039077412,0.014344341100462241,0.0039382733179771584,0.04115597786213258,0.0,True,True,False
SORT1,183.0,146.0,330.0,8,0.7337656853894547,0.6352245565067474,0.20664905987238286,0.5795164768038295,1.1792087818018608,0.375,8,0.039259675119406416,0.04139654873699351,0.029218271958226166,0.0029371875922360596,0.07997185621603943,0.0,True,True,False
SORT1,183.0,147.0,331.0,8,0.7194207461981639,0.6767729932776968,0.19200490358718528,0.5223175380030926,1.1599409517857437,0.375,8,0.042056556586975054,0.041582663314041354,0.022740403530953558,0.012665036385371494,0.0706538886528614,0.0,True,True,False
SORT1,183.0,148.0,332.0,8,0.7089645805427923,0.6638460628669929,0.1967165265398504,0.5365377666570966,1.1599409517857437,0.375,8,0.02617785380301057,0.027622106905109974,0.0190338453467638,0.005669817003694136,0.052738653106939086,0.0,True,True,False
SORT1,183.0,149.0,333.0,8,0.7239454791827469,0.6958941427734253,0.18263990757659362,0.5365377666570966,1.1369143836339706,0.5,8,0.022663931765778245,0.01227504936476698,0.027125962047508313,0.0053018414135068085,0.08672339825835336,0.0,True,True,False
SORT1,183.0,150.0,334.0,8,0.7057168869805971,0.6820785611874716,0.16809493977557477,0.5185398636762644,1.0815174359590225,0.5,8,0.023543994825648534,0.007188344914304892,0.03140174277795523,0.0029661244390049657,0.08672339825835336,0.0,True,True,False
SORT1,183.0,151.0,335.0,8,0.6977126432603005,0.6286433494585671,0.18039132999120258,0.5976136060121907,1.134311538573981,0.25,8,0.012859615803846685,0.009592658896304878,0.014083406170741301,0.0004157574949114337,0.04378508313601505,0.0,True,False,False
SORT1,183.0,152.0,336.0,8,0.6612971673030921,0.627441473749969,0.18022187625329072,0.4837693508081158,1.0660812915808517,0.25,8,0.019193843711579207,0.02560598758832857,0.013442634186626395,4.883319204236953e-05,0.031588781153371395,0.0,True,False,False
SORT1,183.0,153.0,337.0,8,0.6966006483729178,0.6450152013087991,0.1789347037842351,0.5713700725595772,1.1264660293252897,0.125,8,0.031305180805957726,0.024263751695601,0.023722631771720775,0.012847939837013317,0.08770669590934424,0.0,True,False,False
SORT1,183.0,154.0,338.0,8,0.6688549148162728,0.6307846700185513,0.19955738358789,0.4839877187302838,1.1230397298909383,0.25,8,0.023954556986895602,0.016780591269803715,0.02274406070563762,0.0003139532943365464,0.06920921337284233,0.0,True,False,False
SORT1,183.0,155.0,339.0,8,0.6584756602737677,0.6154946194903257,0.19377307844447939,0.487600166204704,1.0982333949253356,0.25,8,0.03038151947882458,0.016994993674277058,0.028943685790942968,0.0036958563841675202,0.08028487274989952,0.0,True,False,False
SORT1,183.0,156.0,340.0,8,0.664097798863971,0.6475719190007734,0.14508584044966602,0.487600166204704,0.9714310875030155,0.25,8,0.021625424594454865,0.014370416584642491,0.024010724141918825,0.0048564332623449785,0.08028487274989952,0.0,True,False,False
SORT1,183.0,157.0,341.0,8,0.6854826086951883,0.6632170958370254,0.13328736851223713,0.5674008570560966,0.9889852609748624,0.25,8,0.011631791168603347,0.007367029892363599,0.00945157099532331,0.002272464790698126,0.029909074395875986,0.0,True,False,False
SORT1,183.0,158.0,342.0,8,0.7361767131013186,0.7201354362211481,0.16740171745486432,0.57500417313574,1.1233651950663968,0.625,8,0.022053650590160734,0.00929402829805171,0.030944910095735113,0.0027979878315971666,0.09526219916413585,0.0,True,True,True
SORT1,183.0,159.0,343.0,8,0.7166020508233922,0.6487580042433345,0.1745246479673787,0.57500417313574,1.1233651950663968,0.375,8,0.02503011199299372,0.017748049226516308,0.022959315680093535,0.0027979878315971666,0.06328253542261209,0.0,True,True,False
SORT1,183.0,160.0,344.0,8,0.6957225447545976,0.6216200421120781,0.1960660083130607,0.5488942561072112,1.1529940326291863,0.25,8,0.018038019494433795,0.011361798716658081,0.014270832310944098,0.006689448959763553,0.045863068109022596,0.0,True,False,False
SORT1,184.0,105.0,290.0,8,0.6430136898106592,0.6062780089033932,0.18920380773441614,0.3957051028794617,0.9379593754560283,0.25,8,0.016880057052798186,0.014378180101640586,0.013754359133202582,0.004014398482652772,0.04291294386460697,0.0,True,False,False
SORT1,184.0,106.0,291.0,8,0.6673365356329617,0.6029942829914243,0.20453637103393604,0.47101996081898434,1.0508489417353988,0.25,8,0.027717489414227876,0.025043268443143328,0.02110109788993752,0.004894782263504851,0.07040361127127778,0.0,True,False,False
SORT1,184.0,107.0,292.0,8,0.6881079882610701,0.6006694186058681,0.16685931917812288,0.5541743038540612,0.9540691187719448,0.25,8,0.016514663020894552,0.008627105991023664,0.02630958133458064,0.0015357281960966702,0.08086093447676938,0.0,True,False,False
SORT1,184.0,108.0,293.0,8,0.6474054978804551,0.596401037808173,0.1544496506292018,0.5185692879232977,0.999924237334115,0.25,8,0.020813599196323265,0.011616856526336303,0.020129679961488362,0.0035902058714719015,0.06026442759118753,0.0,True,False,False
SORT1,184.0,109.0,294.0,8,0.607139854794249,0.5831248267393496,0.14853959775777384,0.4701378247569582,0.9498317778025481,0.125,8,0.0211203770426199,0.014931682886523292,0.013031273226942048,0.009472757011956722,0.04102943281011981,0.0,True,False,False
SORT1,184.0,110.0,295.0,8,0.6085094072992119,0.5777807937758592,0.16538403907090993,0.46396953847736505,0.9914552821447559,0.125,8,0.02517190411880391,0.023338575303343982,0.014359049609784586,0.006330372289031392,0.05054773082478576,0.0,True,False,False
SORT1,184.0,111.0,296.0,8,0.6032052568118067,0.561699346525949,0.1704851793267435,0.46164500546700993,0.9914552821447559,0.125,8,0.03295740027976139,0.03462464369831304,0.010975053838637111,0.016087677063159216,0.04638546047801622,0.0,True,False,False
SORT1,184.0,112.0,297.0,8,0.5964600418441386,0.5336159357324748,0.19859441320796864,0.37394227080349085,0.9803284081087235,0.25,8,0.03748202112769235,0.040346585473067964,0.02029032744301685,0.012211552158599643,0.07584426167085431,0.0,True,False,False
SORT1,184.0,113.0,298.0,8,0.6164574538830957,0.6013701117896276,0.14923008159518164,0.4700652940673775,0.9535641385529041,0.125,8,0.019415025169953633,0.017838535611026135,0.017377251455770105,0.00019452518095501616,0.05048492433966575,0.0,True,False,False
SORT1,184.0,114.0,299.0,8,0.6171175588673503,0.5514622317074012,0.17649365172969106,0.4602378168803781,0.9811962822211701,0.25,8,0.03717376577311811,0.030583526284011488,0.025262859214338105,0.0020157389167647496,0.07845476416301793,0.0,True,False,False
SORT1,184.0,115.0,300.0,8,0.6651422249427212,0.578826790810071,0.282355841493108,0.4540981629240971,1.3195631731037807,0.25,8,0.033342147188347084,0.026406207454663967,0.02268918079969542,0.0020157389167647496,0.07032321565862037,0.0,True,False,False
SORT1,184.0,116.0,301.0,8,0.6189764653889167,0.5619755909895963,0.1960228705748877,0.4827859551074978,1.0869063617196228,0.125,8,0.024334936796404204,0.02150552512575004,0.02259422536022858,0.0020157389167647496,0.07032321565862037,0.0,True,False,False
SORT1,184.0,117.0,302.0,8,0.62802217259389,0.5706228260411527,0.20758551552173907,0.4934035947503213,1.1261854255180077,0.125,8,0.023055013809588073,0.02114421843614891,0.01553242428524803,0.0030896934202475023,0.04718750260287937,0.0,True,False,False
SORT1,184.0,118.0,303.0,8,0.5859228417786448,0.544295672729686,0.20508657692265123,0.41286183399874027,1.0697878569377328,0.125,8,0.023614970731859367,0.02609681367164903,0.01809784681283317,0.0003884360259724245,0.046589665720705956,0.0,True,False,False
SORT1,184.0,119.0,304.0,8,0.6080161916629508,0.577685468479282,0.20057597666979898,0.4414679894889551,1.0697878569377328,0.125,8,0.018987765964968435,0.017435829396810033,0.015411715280420128,0.0028332362674285323,0.046589665720705956,0.0,True,False,False
SORT1,184.0,120.0,305.0,8,0.6088584645994478,0.5795800487676751,0.20345804320104735,0.4349890266442132,1.0697878569377328,0.125,8,0.02323322008373422,0.015518040028208682,0.021752809227311178,0.0028332362674285323,0.0602967676959548,0.0,True,False,False
SORT1,184.0,121.0,306.0,8,0.6197949576025845,0.6008366038064228,0.20180677731403673,0.4349890266442132,1.0697878569377328,0.125,8,0.022174314673083537,0.019800961769449715,0.019777725441729854,0.00025370382969579046,0.0602967676959548,0.0,True,False,False
SORT1,184.0,122.0,307.0,8,0.5829155889772144,0.5433862032985626,0.19462021413968744,0.42498274191708413,1.0219240026843013,0.125,8,0.023397813427719117,0.02055858812298875,0.021513107490756973,0.0024286082194080925,0.06897446872108097,0.0,True,False,False
SORT1,184.0,123.0,308.0,8,0.563890776881113,0.5252325174553993,0.18618243123591638,0.4086719217926277,0.9891155221486685,0.125,8,0.021173188466257067,0.01608362824399405,0.017936252213633715,0.005127446920472359,0.06346956794365705,0.0,True,False,False
SORT1,184.0,124.0,309.0,8,0.5560850963032632,0.5298597089489777,0.1789139160507214,0.3755943184107602,0.9565534763440154,0.125,8,0.01645042390758458,0.014405505028754293,0.007896537069314962,0.006560785059247524,0.030904840420565533,0.0,True,False,False
SORT1,184.0,125.0,310.0,8,0.5815426371301406,0.5566014771313077,0.16122279161210826,0.4243211174432328,0.9481246181651984,0.125,8,0.024211376867443003,0.0246873910993593,0.015782245933100805,0.0019360133776724119,0.04198517973509466,0.0,True,False,False
SORT1,184.0,126.0,311.0,8,0.5828377785335874,0.5508093950844193,0.1602805928040603,0.4243211174432328,0.9579269647433132,0.125,8,0.01870723404214266,0.015255620359272092,0.0157298176985327,0.0013126905075817234,0.03955559549463434,0.0,True,False,False
SORT1,184.0,127.0,312.0,8,0.6011752743806328,0.576140580779553,0.17773709848529418,0.4617347965534919,1.0197346351601433,0.125,8,0.03591641662899417,0.03060312817525085,0.02450042583415869,0.0030363049887530786,0.07713066043415183,0.0,True,False,False
SORT1,184.0,128.0,313.0,8,0.6038528109091803,0.550308605164967,0.18410950080677868,0.4749084881882741,1.0411847611249416,0.125,8,0.02400240213053497,0.0233661799363048,0.006394389842776499,0.015481185571894207,0.036899375632451964,0.0,True,False,False
SORT1,184.0,129.0,314.0,8,0.608219737028628,0.5651665010246595,0.16935279245553178,0.4749084881882741,1.0062518410432826,0.125,8,0.026747977144810777,0.023923188097304347,0.0166541395074431,0.008355339873119629,0.055663465696396124,0.0,True,False,False
SORT1,184.0,130.0,315.0,8,0.6368453770098434,0.617229049842705,0.16623686769215096,0.4749084881882741,1.018757402753599,0.125,8,0.0291230422808134,0.02362181821203914,0.02147138541186586,0.005481159340609911,0.06202232974387861,0.0,True,False,False
SORT1,184.0,131.0,316.0,8,0.6576255246264312,0.617229049842705,0.1795352895270499,0.5321831007592185,1.089819071282195,0.125,8,0.03195110342967073,0.03135799367902343,0.020300248032807652,0.005481159340609911,0.06202232974387861,0.0,True,False,False
SORT1,184.0,132.0,317.0,8,0.644643791362378,0.6417989035388201,0.16609845138034018,0.434395206338842,1.0112841887713238,0.125,8,0.03202216736696854,0.03014339603065598,0.015261296806121505,0.010819713628337857,0.06202232974387861,0.0,True,False,False
SORT1,184.0,133.0,318.0,8,0.6443868745764624,0.5899110529235728,0.18787062403088,0.434395206338842,1.0538700356053707,0.25,8,0.02854878465694942,0.023905832091886937,0.022869537140846836,0.003736812447820281,0.06494198923527435,0.0,True,False,False
SORT1,184.0,134.0,319.0,8,0.6909219375098372,0.6399652698439413,0.1662965940121019,0.5505627146190304,1.0676978533581618,0.25,8,0.02064021670469761,0.018763688101127607,0.01069752947320581,0.01061203291264847,0.044441560817902265,0.0,True,False,False
SORT1,184.0,135.0,320.0,8,0.7183968409462257,0.6560654194508564,0.1632539933001672,0.591963846057484,1.0642679978956304,0.25,8,0.02507267669609667,0.022566952466537695,0.0189319806106312,0.00632329359385358,0.06640557507519536,0.0,True,True,False
SORT1,184.0,136.0,321.0,8,0.6994815676562864,0.6675598581637128,0.16393018250830776,0.5257313623509069,1.0513864089302143,0.25,8,0.034889893863828056,0.03551217879615564,0.023445988010763395,0.0023677350614753605,0.06640557507519536,0.0,True,False,False
SORT1,184.0,137.0,322.0,8,0.6889218595807116,0.6675598581637128,0.18514605058099112,0.5291946181561786,1.1161885682019685,0.125,8,0.025061018223608837,0.01282685825075161,0.02384994625587165,0.0023677350614753605,0.06640557507519536,0.0,True,False,False
SORT1,184.0,138.0,323.0,8,0.6959668497031761,0.6309188003894297,0.2090284215820554,0.5291946181561786,1.1727874412205352,0.25,8,0.035442396166156936,0.027646933600828018,0.02110738490679359,0.018573958808414438,0.0797832369998096,0.0,True,False,False
SORT1,184.0,139.0,324.0,8,0.6679463429867727,0.6046083296532938,0.2095559594581335,0.5230306153436092,1.1727874412205352,0.125,8,0.03880285906135213,0.03723812226121467,0.030435120917693605,0.0011592186262383043,0.08848961998334971,0.0,True,False,False
SORT1,184.0,140.0,325.0,8,0.6733628025638636,0.6109868615008781,0.2148790613655076,0.47910696305653216,1.1727874412205352,0.25,8,0.028999324089165973,0.02930489297028851,0.017408205196126035,0.0002663343310289048,0.0603720726612329,0.0,True,False,False
SORT1,184.0,141.0,326.0,8,0.6911162333827764,0.6335733237082588,0.20917063402537173,0.47910696305653216,1.1671061162006484,0.375,8,0.01670242272636338,0.016296585840314348,0.009811288298656382,0.0006646446873020189,0.030289265912457466,0.0,True,False,False
SORT1,184.0,142.0,327.0,8,0.7143491314233107,0.6761602205073454,0.199090583601757,0.549779392243839,1.1796268467179132,0.375,8,0.018540941662812345,0.010265266861406558,0.018510856413110618,0.0010740175644283194,0.05310725259386484,0.0,True,True,False
SORT1,184.0,143.0,328.0,8,0.7259430711620929,0.6761602205073454,0.190923028929912,0.5457789908546943,1.141568912971972,0.375,8,0.024644389444801316,0.02499161347628107,0.01957065374079281,0.0007091665434539583,0.05743869537537805,0.0,True,True,False
SORT1,184.0,144.0,329.0,8,0.7412960972703844,0.6758746163722935,0.20562945479875488,0.549779392243839,1.196055033675825,0.375,8,0.022763230971183435,0.025931539014979174,0.013279078770268113,0.003357604072048987,0.0379105385006965,0.0,True,True,False
SORT1,184.0,145.0,330.0,8,0.7264963469275434,0.6952965889537096,0.18892131695473352,0.5806270440977107,1.1592970342210964,0.5,8,0.024874203517234208,0.025595618026073644,0.016331864650291593,0.0012023976906532941,0.050975039868303075,0.0,True,True,False
SORT1,184.0,146.0,331.0,8,0.7272701583104213,0.6438989538491858,0.20150598224061245,0.5149004495017349,1.1592970342210964,0.375,8,0.032334011958501246,0.030847221818759023,0.02137465871358924,0.0051610232236141,0.0685702064266191,0.0,True,True,False
SORT1,184.0,147.0,332.0,8,0.7154005261711385,0.6605722401712892,0.17299223589828328,0.556949824283696,1.1042863064877648,0.375,8,0.025508737737192408,0.0185655573585952,0.023171933542640074,0.004329861578579097,0.0685702064266191,0.0,True,True,False
SORT1,184.0,148.0,333.0,8,0.6882091380515641,0.6337010278615078,0.1792539034950246,0.5621079336838247,1.1042863064877648,0.375,8,0.02281269851077696,0.019009386544561455,0.014261439458774335,0.006030803608045739,0.052738653106939086,0.0,True,False,False
SORT1,184.0,149.0,334.0,8,0.7212150904697823,0.6867434827693583,0.1820535471068474,0.5789149838095512,1.1465610300409064,0.5,8,0.022451570324410666,0.012924868418783597,0.027041108982385632,0.0038758083791871328,0.08672339825835336,0.0,True,True,False
SORT1,184.0,150.0,335.0,8,0.704237210550174,0.6719575985668371,0.16096939658611598,0.5413920747647919,1.0622318089176104,0.5,8,0.03429664489590372,0.02297669384353934,0.034822457847422474,0.0030608029538085387,0.08672339825835336,0.0,True,True,False
SORT1,184.0,151.0,336.0,8,0.7039508109315239,0.6475688920743762,0.18471646443847217,0.5247248078153929,1.132669652936339,0.375,8,0.018203558015484008,0.019703494434285877,0.008184419971347603,0.0030608029538085387,0.028871188324217346,0.0,True,True,False
SORT1,184.0,152.0,337.0,8,0.665994133035496,0.6285731925057898,0.19265314531462135,0.4837693508081158,1.112356394757009,0.125,8,0.021164956416467172,0.020617695879007004,0.016186321401270517,0.0030608029538085387,0.05278336597677904,0.0,True,False,False
SORT1,184.0,153.0,338.0,8,0.6973238549320228,0.6445405836229838,0.17485670968320763,0.5699379014555991,1.1177619004661505,0.125,8,0.030135568588151595,0.02426997245652316,0.024517643633513622,0.012847939837013317,0.08770669590934424,0.0,True,False,False
SORT1,184.0,154.0,339.0,8,0.6736103583561386,0.6327777571309459,0.2164775106198122,0.4839877187302838,1.1798248990411082,0.125,8,0.015612835917772312,0.013251351723754804,0.014402375348054875,0.0004439862280704,0.04085701029458486,0.0,True,False,False
SORT1,184.0,155.0,340.0,8,0.6699268449101834,0.6154946194903257,0.19608762747464137,0.514428715024356,1.1169306871518183,0.25,8,0.01597959519418017,0.015144847566938624,0.009398587203581846,0.0004439862280704,0.03097133149697378,0.0,True,False,False
SORT1,184.0,156.0,341.0,8,0.6734804841173203,0.6273059857374963,0.14929884302538196,0.5171427727777339,0.9656112399159151,0.375,8,0.012281010228069298,0.012599281698380257,0.003893678986098463,0.0048564332623449785,0.018055520972297512,0.0,True,False,False
SORT1,184.0,157.0,342.0,8,0.7026449871529046,0.6416843765848134,0.15050720990537061,0.5877027099476706,1.0426915659001663,0.375,8,0.020162066002810695,0.02041520325006052,0.014306588369199902,0.005747841930913439,0.047038286523040714,0.0,True,True,False
SORT1,184.0,158.0,343.0,8,0.7315706946324536,0.7033144993585596,0.17445902768436816,0.57500417313574,1.1271430095513373,0.5,8,0.01689170222654036,0.012169089853311879,0.014595703423088472,0.0012260380264730822,0.04393166387769208,0.0,True,True,True
SORT1,184.0,159.0,344.0,8,0.701659837670845,0.6506485586992714,0.17911441173719958,0.57500417313574,1.1271430095513373,0.25,8,0.027655662230308728,0.019826800898801254,0.02227411538585351,0.0012423419309076954,0.06328253542261209,0.0,True,True,False
SORT1,184.0,160.0,345.0,8,0.7117400558381043,0.6330781180407825,0.2158599418983168,0.5488942561072112,1.2031827948005875,0.375,8,0.019237094304396397,0.020814125501103307,0.007232750222553852,0.007174305814042603,0.02993515946303576,0.0,True,True,False
SORT1,185.0,105.0,291.0,8,0.6369360179191146,0.5355008334163006,0.2139926323274646,0.39748601699598446,0.9758506781242573,0.25,8,0.02978703871152235,0.0262538540917326,0.014494397808835977,0.0125319488597727,0.05576640255335008,0.0,True,False,False
SORT1,185.0,106.0,292.0,8,0.6631041946099466,0.5915838530812261,0.19729930986299274,0.4520734034411713,0.9758506781242573,0.25,8,0.025636696016005822,0.023934699571590327,0.016935949886347664,0.007133775513636821,0.0555795878978437,0.0,True,False,False
SORT1,185.0,107.0,293.0,8,0.7120094753252045,0.6305909991102725,0.20700297590624855,0.5528925880795534,1.045761175012774,0.25,8,0.019955990265013827,0.020246996563541675,0.012958109906887342,0.0026358033656729766,0.042455208311576245,0.0,True,True,False
SORT1,185.0,108.0,294.0,8,0.6718559350837077,0.6146518986683904,0.18103027127484636,0.4976882713154873,1.0549720683094272,0.25,8,0.03240904464282576,0.024398923284428123,0.03425523363182773,0.0026358033656729766,0.11358815526107917,0.0,True,False,False
SORT1,185.0,109.0,295.0,8,0.6091743309804287,0.5666277585927081,0.208908389504113,0.37694407534085045,1.0645009841634798,0.125,8,0.01420000299315755,0.008631211158239031,0.01482578201338596,0.0009389531792783959,0.04102943281011981,0.0,True,False,False
SORT1,185.0,110.0,296.0,8,0.6293254445647263,0.5782992431053344,0.17932295293564077,0.4563462444800925,1.0206552868263272,0.25,8,0.023566276019678336,0.014742350471067955,0.028569444110653784,0.0008644293562798486,0.08805338801648897,0.0,True,False,False
SORT1,185.0,111.0,297.0,8,0.6178534363071496,0.5624198851993,0.18948684235147922,0.41876376784275704,1.0206552868263272,0.25,8,0.025816695357568746,0.0256882311924808,0.015424866408043424,0.005400147764636561,0.049103086058198596,0.0,True,False,False
SORT1,185.0,112.0,298.0,8,0.6032345717955546,0.4853533084383598,0.2232255102585072,0.4297466010700565,1.0200119897001887,0.25,8,0.024507971791572367,0.02145567624530234,0.018627530802757773,0.004634295311440819,0.05116513043927965,0.0,True,False,False
SORT1,185.0,113.0,299.0,8,0.6332876778969717,0.5821940780969754,0.20498573394681477,0.43344593028271167,1.0621124249469018,0.25,8,0.021137333119440833,0.015994400942891885,0.023026106751715448,0.00227202397421765,0.0724699366783775,0.0,True,False,False
SORT1,185.0,114.0,300.0,8,0.6142890819738066,0.5317595605238817,0.22281748023137704,0.41552945101185496,1.0896126344948975,0.25,8,0.028305457585619562,0.024982909333790083,0.020930681136881565,0.0008950415905102105,0.07032321565862037,0.0,True,False,False
SORT1,185.0,115.0,301.0,8,0.6552693652190738,0.5458820665474475,0.2998178213901572,0.41552945101185496,1.3474185401851724,0.25,8,0.02930876987205256,0.019741747114937206,0.028552898870296814,0.0008950415905102105,0.07032321565862037,0.0,True,False,False
SORT1,185.0,116.0,302.0,8,0.6218470926647947,0.5427326855153949,0.20083361032267377,0.4448708233273574,1.071786658695921,0.25,8,0.021039820141335746,0.015695086743428933,0.02254330695742321,0.0008950415905102105,0.07032321565862037,0.0,True,False,False
SORT1,185.0,117.0,303.0,8,0.636707166060382,0.5946827833057002,0.2116950036389733,0.3855320296256329,1.1003342521109252,0.25,8,0.019345646435291068,0.01892778514515677,0.013269394015787236,0.0005447423960988556,0.04718750260287937,0.0,True,False,False
SORT1,185.0,118.0,304.0,8,0.6083268180335972,0.5657251659599323,0.19432347429063754,0.3964292402998227,1.0399762550642875,0.125,8,0.015612871694696159,0.013494851678788677,0.015716347679470173,0.0005447423960988556,0.04787165591215042,0.0,True,False,False
SORT1,185.0,119.0,305.0,8,0.6133464351764103,0.5792411953421167,0.1953543647402151,0.3904108297990997,1.0399762550642875,0.125,8,0.009135185681965769,0.003669771927350899,0.009204147785790002,0.0005447423960988556,0.023679533744589323,0.0,True,False,False
SORT1,185.0,120.0,306.0,8,0.6063624762202988,0.5792411953421167,0.19705260988232826,0.37619525382396435,1.0399762550642875,0.125,8,0.017240913212460695,0.0069040293588868585,0.021417111940411983,0.0005447423960988556,0.06268837763935867,0.0,True,False,False
SORT1,185.0,121.0,307.0,8,0.6080930922995713,0.6084072766817987,0.21093044752695783,0.37619525382396435,1.0399762550642875,0.125,8,0.01460429946253652,0.013705757149238756,0.01091842533156497,0.0005447423960988556,0.03111356530376217,0.0,True,False,False
SORT1,185.0,122.0,308.0,8,0.5863322628923997,0.5408567148234018,0.2009815408763549,0.37993848791238616,1.0329208775546443,0.125,8,0.016565435820795817,0.01292190363796502,0.010295083057296593,0.00318293638265045,0.03394666243025772,0.0,True,False,False
SORT1,185.0,123.0,309.0,8,0.5680228712331106,0.5316923378385706,0.23090445818647096,0.37993848791238616,1.0950710050261778,0.125,8,0.017228896055297364,0.01805979548874599,0.00935452813661398,0.00318293638265045,0.028048453861980027,0.0,True,False,False
SORT1,185.0,124.0,310.0,8,0.5677397401050683,0.528316663137979,0.1832705080577309,0.37993848791238616,0.9847448696854457,0.125,8,0.010569111508244593,0.00715780642067787,0.0088819386352807,0.0012172243410117833,0.02810104447052621,0.0,True,False,False
SORT1,185.0,125.0,311.0,8,0.6009449898682885,0.5477164617543976,0.1764495968767229,0.40444798799160153,0.974699113268498,0.25,8,0.026660176725252106,0.028985946061102094,0.01194279611110085,0.008741835452150609,0.03955559549463434,0.0,True,False,False
SORT1,185.0,126.0,312.0,8,0.6097977790824594,0.5678141594451932,0.18206823961233456,0.47493088134098665,1.0192097364228454,0.25,8,0.027090606930592558,0.017729619353903856,0.029053082517217645,0.001903880560403051,0.09128909951188303,0.0,True,False,False
SORT1,185.0,127.0,313.0,8,0.5944479186601326,0.5349139915188343,0.18142965946159514,0.4524051738996558,1.0186368322195722,0.125,8,0.032589040449902615,0.027826354052878075,0.014027775923543633,0.015117917584591582,0.0579203582933483,0.0,True,False,False
SORT1,185.0,128.0,314.0,8,0.5926997536038128,0.5293645044003261,0.17583475985292754,0.4675728262446912,1.0089442790562626,0.125,8,0.029458706525117367,0.02304447268585815,0.024469134349054046,0.0011545342135204687,0.08155840260066297,0.0,True,False,False
SORT1,185.0,129.0,315.0,8,0.6064490079193268,0.5637788695762472,0.19696447724798857,0.4167033038507788,1.0629735238704556,0.125,8,0.040392723088493426,0.028950730986479236,0.02762004594871442,0.012357009601407362,0.08721732450017006,0.0,True,False,False
SORT1,185.0,130.0,316.0,8,0.6371110830197103,0.5950045639917074,0.16938416829886346,0.4595775569644949,1.008610657860122,0.25,8,0.029996536981599757,0.029756859055130556,0.017467211484951763,0.005229753371193493,0.061972562029005474,0.0,True,False,False
SORT1,185.0,131.0,317.0,8,0.6557380757451061,0.6108840400861879,0.18279292161076058,0.4699616720835227,1.0721247653576158,0.25,8,0.023232798821234527,0.01786709510912651,0.015623241928408353,0.005229753371193493,0.048323268041946726,0.0,True,False,False
SORT1,185.0,132.0,318.0,8,0.6475138973936176,0.5843838908112103,0.20958016115951525,0.4699616720835227,1.1298678590703115,0.25,8,0.029070648178391223,0.028462815878786102,0.014002555539113653,0.011169825267241577,0.047638247542578546,0.0,True,False,False
SORT1,185.0,133.0,319.0,8,0.655065632730178,0.6149997966639924,0.20343122476745917,0.4699616720835227,1.1083361167545243,0.25,8,0.021404331040004384,0.01411733421061194,0.021431631739805664,0.0021211375924800485,0.06119821282252282,0.0,True,False,False
SORT1,185.0,134.0,320.0,8,0.6871937306208883,0.6539746726673294,0.18325219889541944,0.5174595485588848,1.0981461028839914,0.25,8,0.04285694252234093,0.05308989902958315,0.0254610284887746,0.010781220807431382,0.07322590707125863,0.0,True,False,False
SORT1,185.0,135.0,321.0,8,0.7024476234147775,0.6476493059950882,0.17398715628880224,0.5319104273771152,1.0570017886561462,0.25,8,0.036260170781656706,0.02927526428364375,0.02859410629176438,0.005085175527143703,0.07960448601113496,0.0,True,True,False
SORT1,185.0,136.0,322.0,8,0.7119250926574763,0.6583813326373171,0.20304037809583697,0.5265853929536991,1.1526368081201486,0.375,8,0.025836312658022678,0.018972832848368815,0.019771818879422292,0.005085175527143703,0.053105995036174816,0.0,True,True,False
SORT1,185.0,137.0,323.0,8,0.6979209117398006,0.6514711806688339,0.20038364825916563,0.5504592980919396,1.172826822997607,0.25,8,0.024550644512007575,0.018972832848368815,0.020099714926337327,0.0032957390261129306,0.05505601181343356,0.0,True,False,False
SORT1,185.0,138.0,324.0,8,0.7085443608996191,0.6646216984154883,0.18693641832086244,0.5504592980919396,1.1368557163893258,0.5,8,0.04105856908720919,0.043163983877007,0.02783753070814576,0.00287885721521362,0.0797832369998096,0.0,True,True,False
SORT1,185.0,139.0,325.0,8,0.6871075368574442,0.6693598760915564,0.19301381051685976,0.5353186614718594,1.1368557163893258,0.125,8,0.027075625348572774,0.025119746749275945,0.020576879841371767,0.0010768683270174287,0.0645772456212815,0.0,True,False,False
SORT1,185.0,140.0,326.0,8,0.7258132367940989,0.6789198353338679,0.18843065521142502,0.5547712910404821,1.1368557163893258,0.375,8,0.02069319874892488,0.02069937447722573,0.008616863930141178,0.007730488079712448,0.033370039867595,0.0,True,True,False
SORT1,185.0,141.0,327.0,8,0.7198246782361697,0.6715131846429755,0.16550111091045455,0.5807360114138345,1.1165680711335257,0.375,8,0.014749305078569972,0.014553565872310574,0.011214620403519582,0.00018925491148677253,0.030289265912457466,0.0,True,True,False
SORT1,185.0,142.0,328.0,8,0.732897826279416,0.6970508257385377,0.20634466960400022,0.5360648323939493,1.1992114085759016,0.5,8,0.014112018654251744,0.010428948313315659,0.010871870272745849,0.0035561564076839426,0.031036085752247224,0.0,True,True,False
SORT1,185.0,143.0,329.0,8,0.7391726720396443,0.7236895925790627,0.21117592138029806,0.5119951496026794,1.1918802036186857,0.5,8,0.03219716071027679,0.03611797051409389,0.019266580907076065,0.0035561564076839426,0.05277638268671254,0.0,True,True,True
SORT1,185.0,144.0,330.0,8,0.7408830924375056,0.6954910355118145,0.21978759176911256,0.5360648323939493,1.247212361439366,0.5,8,0.016462096543348483,0.015042360680547399,0.008170651009905867,0.0066091058300716855,0.02902266442769148,0.0,True,True,False
SORT1,185.0,145.0,331.0,8,0.7292499470600539,0.7101310078257742,0.20524783958970205,0.5033598536194466,1.189533651142762,0.625,8,0.023625864107006907,0.0183561654530717,0.017047227762711004,0.0012023976906532941,0.04918762721746621,0.0,True,True,True
SORT1,185.0,146.0,332.0,8,0.7536292458225246,0.7279807873088535,0.19833092030351818,0.5633544225852214,1.189533651142762,0.625,8,0.027157480059818072,0.028216148025576388,0.01799361085566254,0.0009336536170152693,0.049595278733656115,0.0,True,True,True
SORT1,185.0,147.0,333.0,8,0.7360457426188031,0.7035448003480953,0.17774708421675,0.5730608058322317,1.1543766870416678,0.5,8,0.01722885826957809,0.011425804275578837,0.01730655964366281,0.0009336536170152693,0.049595278733656115,0.0,True,True,True
SORT1,185.0,148.0,334.0,8,0.7299809927330144,0.7144272450935526,0.19213893829208575,0.5352317347772756,1.1543766870416678,0.625,8,0.01244075542965869,0.014258540021975949,0.008447326118928478,0.0009336536170152693,0.02540645363759349,0.0,True,True,True
SORT1,185.0,149.0,335.0,8,0.7227028856945413,0.666930195733964,0.22858429426898833,0.5352317347772756,1.2447104249107768,0.5,8,0.021144269596929954,0.01876218623303801,0.01005322000737314,0.009407170148462,0.04312335573043188,0.0,True,True,False
SORT1,185.0,150.0,336.0,8,0.6960137218008564,0.6397763102000963,0.15916730850193386,0.536963347830024,1.0413274579213612,0.375,8,0.020444187341713944,0.020610013832743676,0.008710876391476155,0.006476222540599939,0.032477574012363744,0.0,True,False,False
SORT1,185.0,151.0,337.0,8,0.7046645866976448,0.6623293428736688,0.19065027723320688,0.5570361742756457,1.150545360851251,0.375,8,0.01877321811345069,0.015735062107268896,0.015038103289846332,0.0039692624940741075,0.051094431975941296,0.0,True,True,False
SORT1,185.0,152.0,338.0,8,0.6762530377319514,0.6514665590119602,0.17343623169243472,0.515040279058396,1.0755550844200874,0.125,8,0.013613613583582733,0.013759738150377059,0.011019219586952272,0.0010943514714559072,0.033034982101935124,0.0,True,False,False
SORT1,185.0,153.0,339.0,8,0.6877700453036457,0.6547373016880167,0.19966206363207809,0.5397698922210856,1.1579714371677945,0.125,8,0.020468802172933225,0.022261123865784903,0.014431906289379438,0.0016816553413171631,0.04399273374524123,0.0,True,False,False
SORT1,185.0,154.0,340.0,8,0.6766600993230082,0.6462249231238753,0.1838697977551683,0.5105187117343053,1.0948891988353786,0.25,8,0.015565819974967705,0.012499613332006766,0.011417169496252006,0.0016816553413171631,0.03753639025892187,0.0,True,False,False
SORT1,185.0,155.0,341.0,8,0.7125083253825576,0.6413190059210316,0.23865456228336335,0.5383326776637227,1.2617851440224457,0.375,8,0.018716064865985944,0.020191232666153785,0.009816787970711643,0.007466711582933454,0.03623223474797436,0.0,True,True,False
SORT1,185.0,156.0,342.0,8,0.6820663650693862,0.635577103621231,0.14963391145216892,0.5429904214836307,1.0011419584328478,0.25,8,0.02465503299171138,0.021777576543708252,0.012394583024237028,0.004538828738004503,0.04007679946951531,0.0,True,False,False
SORT1,185.0,157.0,343.0,8,0.6961416641873139,0.6560620245332208,0.18439619885997993,0.5280929562913,1.1066330874071049,0.375,8,0.021134312778846524,0.017988441801544332,0.016195345841894113,0.0012180205365703153,0.05286573926275823,0.0,True,False,False
SORT1,185.0,158.0,344.0,8,0.7469355380098988,0.6818368605042509,0.19735490507902395,0.5816293536130556,1.1896556051530336,0.375,8,0.03833321630099713,0.0333444316227405,0.030826990590030103,0.004552320936960385,0.08883607978199352,0.0,True,True,False
SORT1,185.0,159.0,345.0,8,0.7459709818493132,0.6680358962469377,0.1972854151675289,0.5816293536130556,1.1896556051530336,0.375,8,0.030873545373325477,0.02048036536743441,0.030622043604854918,0.0012423419309076954,0.08883607978199352,0.0,True,True,False
SORT1,185.0,160.0,346.0,8,0.7214321448421722,0.6649555750085452,0.18677985740775166,0.5712237265674629,1.16288184858331,0.375,8,0.03135586717672854,0.03007579050425499,0.009959852886283397,0.021108703720312334,0.04569750215133503,0.0,True,True,False
SORT1,186.0,105.0,292.0,8,0.6251870110599109,0.566548962490937,0.19555396840987077,0.39748601699598446,0.9568599023966229,0.25,8,0.03155242098826981,0.014659397431055439,0.037529266666856596,0.005374720565827515,0.11579883250981358,0.0,True,False,False
SORT1,186.0,106.0,293.0,8,0.6512695965246733,0.5816069413387015,0.1746636468748559,0.4520734034411713,0.961429022571648,0.25,8,0.029740043568688194,0.013042804326643162,0.038337428379216616,0.005374720565827515,0.11579883250981358,0.0,True,False,False
SORT1,186.0,107.0,294.0,8,0.7012309838879545,0.5966584443336762,0.21665581098535744,0.5453535069176652,1.0452479626931168,0.25,8,0.018447911378624334,0.018351980849366283,0.011917055149181443,0.005198888282796025,0.042455208311576245,0.0,True,True,False
SORT1,186.0,108.0,295.0,8,0.6471407328266678,0.5639147746047963,0.18092750969400576,0.4976882713154873,1.0549720683094272,0.25,8,0.02020574879213037,0.018351980849366283,0.0143634725322383,0.005198888282796025,0.047833500975988784,0.0,True,False,False
SORT1,186.0,109.0,296.0,8,0.5845500909384381,0.5451463647629498,0.20613505747696295,0.37694407534085045,1.0645009841634798,0.125,8,0.018765780148712993,0.016847268172631304,0.011459582992464792,0.0009389531792783959,0.03882389604727123,0.0,True,False,False
SORT1,186.0,110.0,297.0,8,0.6011870682816244,0.5423943225414132,0.18238004593658924,0.4563462444800925,1.0206552868263272,0.125,8,0.020095132355412815,0.01806479235836769,0.01654608027936645,0.0009389531792783959,0.04391102422673369,0.0,True,False,False
SORT1,186.0,111.0,298.0,8,0.5983541819008715,0.539500857151592,0.19427339647193764,0.41876376784275704,1.0206552868263272,0.25,8,0.034213630142588415,0.03465304259437344,0.018808228090745515,0.009151453656819686,0.06596757963897384,0.0,True,False,False
SORT1,186.0,112.0,299.0,8,0.60500974629615,0.5354703325557801,0.19448909898189828,0.4297466010700565,1.0200119897001887,0.25,8,0.028829621382939537,0.017679139558688692,0.022610707440501015,0.009799312938767171,0.06596757963897384,0.0,True,False,False
SORT1,186.0,113.0,300.0,8,0.6367159330095574,0.5793056182222174,0.1845401681174733,0.4555282871911722,1.0621124249469018,0.125,8,0.03595553451629084,0.022006406585335158,0.032311637105808054,0.002966829094487581,0.0881759876896315,0.0,True,False,False
SORT1,186.0,114.0,301.0,8,0.6238927944150288,0.5504004570227341,0.2158576550115913,0.41552945101185496,1.0896126344948975,0.25,8,0.018020913037533465,0.01637200421363605,0.01318348114880257,0.001245759631819144,0.0437140480084097,0.0,True,False,False
SORT1,186.0,115.0,302.0,8,0.6661017458631022,0.5803009676376911,0.29388745667202554,0.41552945101185496,1.3474185401851724,0.25,8,0.013586039514773787,0.010122507716033968,0.013325387235920744,0.001245759631819144,0.0437140480084097,0.0,True,False,False
SORT1,186.0,116.0,303.0,8,0.6095819509407331,0.5468437018410173,0.19998829316582117,0.4448708233273574,1.071786658695921,0.125,8,0.021898372368076683,0.019986642751534257,0.019962674987938307,0.001245759631819144,0.057663036391600135,0.0,True,False,False
SORT1,186.0,117.0,304.0,8,0.6143370406526303,0.5610890738177838,0.21312644422774538,0.3855320296256329,1.1003342521109252,0.125,8,0.02940608354699548,0.026846735093865016,0.019570297601728,0.000114762212130637,0.057663036391600135,0.0,True,False,False
SORT1,186.0,118.0,305.0,8,0.5891072051445487,0.568134783165826,0.2003457362068195,0.3964292402998227,1.0399762550642875,0.125,8,0.03164213462161362,0.022864721163767122,0.03397344207042915,0.0030953383938722174,0.10799271785383503,0.0,True,False,False
SORT1,186.0,119.0,306.0,8,0.5904322310129512,0.5523967298328036,0.20424678284065215,0.3904108297990997,1.0399762550642875,0.125,8,0.03072207750844209,0.01265682188082286,0.0378662972798888,0.002367258849462075,0.10799271785383503,0.0,True,False,False
SORT1,186.0,120.0,307.0,8,0.5960761185422909,0.5733488944676752,0.20551268885925522,0.37619525382396435,1.0399762550642875,0.125,8,0.026012323495143982,0.006986648175788952,0.036887588165066244,0.002367258849462075,0.10799271785383503,0.0,True,False,False
SORT1,186.0,121.0,308.0,8,0.6082621262798519,0.5960947752055696,0.20786621818233078,0.37619525382396435,1.0399762550642875,0.125,8,0.035839799487038554,0.0388525633592612,0.022934889454406613,0.00325979163067429,0.062204906092164176,0.0,True,False,False
SORT1,186.0,122.0,309.0,8,0.5801838979535798,0.5351227775305442,0.20314795623113743,0.37993848791238616,1.0329208775546443,0.125,8,0.020073265812653243,0.013333134779440077,0.01960425147786939,0.00318293638265045,0.062204906092164176,0.0,True,False,False
SORT1,186.0,123.0,310.0,8,0.5688902072422434,0.5442729812579608,0.23129420385676047,0.37420583696151094,1.0950710050261778,0.125,8,0.02032148654214165,0.01952871923610489,0.01689226163446412,0.00318293638265045,0.0564234575481349,0.0,True,False,False
SORT1,186.0,124.0,311.0,8,0.55526566074328,0.5176452459164815,0.18644352260593938,0.37993848791238616,0.9847448696854457,0.125,8,0.030653127817175135,0.02933508218751476,0.026024241778399432,0.00318293638265045,0.08581512362907957,0.0,True,False,False
SORT1,186.0,125.0,312.0,8,0.5815746365531467,0.5361905397522597,0.1723363150633294,0.39909935635797295,0.974699113268498,0.125,8,0.021674059932706755,0.019606128403460387,0.010016038327696843,0.008907882910818734,0.03433596462914808,0.0,True,False,False
SORT1,186.0,126.0,313.0,8,0.5780571941882807,0.5339627724730098,0.18862922944876873,0.4040497431373282,1.0192097364228454,0.125,8,0.02854459692565131,0.025825424495585052,0.028009016912540693,0.00034690346308659356,0.09128909951188303,0.0,True,False,False
SORT1,186.0,127.0,314.0,8,0.6010019663670588,0.5575865657138075,0.18339672786137348,0.43869910815854857,1.0186368322195722,0.125,8,0.035563323859176196,0.03264355769811846,0.015224738924607763,0.010975897131284346,0.054592899397628965,0.0,True,False,False
SORT1,186.0,128.0,315.0,8,0.5867846329743006,0.539585152576511,0.1741793398343656,0.47933466542577846,1.0089442790562626,0.125,8,0.01839287746275911,0.01617644951156933,0.01795420870445257,0.0011545342135204687,0.054592899397628965,0.0,True,False,False
SORT1,186.0,129.0,316.0,8,0.5942443828298993,0.539585152576511,0.19730778721016817,0.4167033038507788,1.0629735238704556,0.125,8,0.028937790621861914,0.018959734678755835,0.022613082475740457,0.0044631511027085225,0.07267642940681304,0.0,True,False,False
SORT1,186.0,130.0,317.0,8,0.6156912418298158,0.5488683250308681,0.17682085129704558,0.4595775569644949,1.008610657860122,0.25,8,0.030603954223064483,0.029907332692689553,0.021903952260886,0.0044631511027085225,0.061972562029005474,0.0,True,False,False
SORT1,186.0,131.0,318.0,8,0.6343182345552116,0.5830045324530482,0.19209331059787282,0.4699616720835227,1.0721247653576158,0.25,8,0.023840216062699253,0.016709418018385852,0.020691930554103087,0.0044631511027085225,0.05876503532750226,0.0,True,False,False
SORT1,186.0,132.0,319.0,8,0.6487425229539905,0.5960673696214407,0.208675924817429,0.4699616720835227,1.1298678590703115,0.25,8,0.02912987783531825,0.025556056525235127,0.017008205975849768,0.0076160464613944075,0.05876503532750226,0.0,True,False,False
SORT1,186.0,133.0,320.0,8,0.6392075189704008,0.5768482026344663,0.2036171632029261,0.4699616720835227,1.1083361167545243,0.25,8,0.023666753982039452,0.019281640164398213,0.014148051947491927,0.00971353680164842,0.047638247542578546,0.0,True,False,False
SORT1,186.0,134.0,321.0,8,0.6786747619823241,0.6452578563485641,0.18918419624606597,0.5235867341415239,1.0981461028839914,0.25,8,0.028410345721777003,0.023336780710255516,0.022107127722664217,0.007596308175432722,0.06159765725905383,0.0,True,False,False
SORT1,186.0,135.0,322.0,8,0.6925191728299865,0.6235564064952377,0.17819719445363472,0.5319104273771152,1.0570017886561462,0.25,8,0.0291709273970068,0.019078284312204173,0.026339432891386745,0.004081301896456627,0.07960448601113496,0.0,True,False,False
SORT1,186.0,136.0,323.0,8,0.6896765536755628,0.6144200710948919,0.20490269584972304,0.5265853929536991,1.1526368081201486,0.25,8,0.022145362315311452,0.019078284312204173,0.016250805446406502,0.0013235965966720176,0.04607007793737626,0.0,True,False,False
SORT1,186.0,137.0,324.0,8,0.6860377140169164,0.6144200710948919,0.20779379514363663,0.5368510173301384,1.172826822997607,0.25,8,0.03333551525972846,0.025742562588816187,0.020668748302276798,0.011536595375887316,0.0636843877710146,0.0,True,False,False
SORT1,186.0,138.0,325.0,8,0.683567031800282,0.636992129465523,0.19884098362070435,0.49929669334603893,1.1368557163893258,0.25,8,0.035840238421868634,0.03278930125459563,0.017127138566131066,0.012423159945153948,0.05672045415541538,0.0,True,False,False
SORT1,186.0,139.0,326.0,8,0.6755300152193298,0.6283012253047771,0.1935004000610266,0.5353186614718594,1.1368557163893258,0.125,8,0.02849551525305451,0.03276152096628364,0.021105309603910532,0.0016169348541944034,0.0645772456212815,0.0,True,False,False
SORT1,186.0,140.0,327.0,8,0.7137161273471833,0.660294807211825,0.187321342143591,0.5547712910404821,1.1368557163893258,0.375,8,0.033760627671057336,0.03698895760059234,0.01964774416382027,0.007730488079712448,0.06352202490358165,0.0,True,True,False
SORT1,186.0,141.0,328.0,8,0.7076941353649968,0.6772948934660237,0.1766559469720689,0.5500881008999814,1.1165680711335257,0.5,8,0.016326059824145228,0.016056508366704136,0.01338759794923261,0.00018925491148677253,0.04587709246118316,0.0,True,True,False
SORT1,186.0,142.0,329.0,8,0.7182402315783223,0.6677948630945215,0.20909246280931823,0.5701629865911745,1.1992114085759016,0.5,8,0.016049776481359142,0.012289506396470869,0.014495391547037315,0.0037530412892799285,0.04764243438396376,0.0,True,True,False
SORT1,186.0,143.0,330.0,8,0.7092375380552676,0.6816624784200211,0.2120489003627722,0.5119951496026794,1.1918802036186857,0.5,8,0.027629053019721708,0.015852732243656,0.028612018460585628,0.0015068165736294326,0.07788003729435641,0.0,True,True,False
SORT1,186.0,144.0,331.0,8,0.7231974735425176,0.6501135353203455,0.22067894956375406,0.5701629865911745,1.247212361439366,0.375,8,0.02271412648984776,0.021538400333339307,0.011139501457012894,0.01042622377439776,0.04466386435462504,0.0,True,True,False
SORT1,186.0,145.0,332.0,8,0.7225025008275706,0.6806026709323946,0.2062978811105935,0.5418569246119911,1.189533651142762,0.5,8,0.02736028695104297,0.020793191294438754,0.018755509558821992,0.009682389566239694,0.06252822800847857,0.0,True,True,False
SORT1,186.0,146.0,333.0,8,0.7214295066815549,0.670464021439676,0.2088164884797218,0.5197469069259754,1.189533651142762,0.375,8,0.03577053103276532,0.04093960795554017,0.022991896326831705,0.0015839289476046558,0.06280393096148912,0.0,True,True,False
SORT1,186.0,147.0,334.0,8,0.7085915217555211,0.670464021439676,0.19115037509138624,0.5139465758943195,1.1543766870416678,0.375,8,0.0352700160896227,0.032398815136918106,0.018934696362932896,0.011265262954681167,0.06280393096148912,0.0,True,True,False
SORT1,186.0,148.0,335.0,8,0.6955128083531079,0.6359250146357895,0.19412527626891704,0.5609184600331717,1.1543766870416678,0.25,8,0.021745421222801948,0.01052339980862916,0.025296649743789236,0.0030856841667595758,0.06280393096148912,0.0,True,False,False
SORT1,186.0,149.0,336.0,8,0.7063873345482162,0.6334862160693302,0.22544578274007915,0.5526381566076698,1.2447104249107768,0.25,8,0.01661357600331341,0.012402480525087025,0.01910018380859035,0.0007901705927044401,0.06135103619302906,0.0,True,True,False
SORT1,186.0,150.0,337.0,8,0.6845671823674817,0.6308068072657317,0.15024584522732082,0.5897157305299899,1.0413274579213612,0.25,8,0.0176509805231114,0.013154467804228392,0.01633112532329132,0.0034355710238283847,0.053738531316840824,0.0,True,False,False
SORT1,186.0,151.0,338.0,8,0.6814472366689885,0.6106889526455365,0.19754667581403043,0.533673376441311,1.150545360851251,0.25,8,0.02130478551540277,0.013327507198425351,0.018434318863352298,0.0034355710238283847,0.053738531316840824,0.0,True,False,False
SORT1,186.0,152.0,339.0,8,0.6652491414297866,0.6196123981892396,0.17429753839601103,0.5245579806383809,1.0755550844200874,0.125,8,0.026707606353076146,0.0157376868674486,0.017815378116340316,0.01110556492172319,0.053738531316840824,0.0,True,False,False
SORT1,186.0,153.0,340.0,8,0.6822797296378377,0.62427952822722,0.19888825861834267,0.5543706236280725,1.1579714371677945,0.125,8,0.02846068312127978,0.02289014571811906,0.02543174787998707,0.0020030980408487914,0.07705103335153786,0.0,True,False,False
SORT1,186.0,154.0,341.0,8,0.6557485855671894,0.6179123703403766,0.18600617344021633,0.5105187117343053,1.0948891988353786,0.125,8,0.02739801134352643,0.03204514340131285,0.017531535023146548,0.006788624128319504,0.04654941105781704,0.0,True,False,False
SORT1,186.0,155.0,342.0,8,0.6897800482660681,0.6326054572791557,0.24207931097282384,0.49167995077289345,1.2617851440224457,0.25,8,0.01265154205052158,0.008145242600179788,0.012139428923804247,0.0033171600228049073,0.03859938639380661,0.0,True,False,False
SORT1,186.0,156.0,343.0,8,0.6752390131672397,0.6339929724716398,0.15062668915087327,0.49167995077289345,1.0011419584328478,0.25,8,0.0265699869816083,0.028192910873098373,0.021352098752425674,0.0033171600228049073,0.06013724908157109,0.0,True,False,False
SORT1,186.0,157.0,344.0,8,0.6936955213575645,0.6513423518944103,0.18110616459352408,0.5280929562913,1.1066330874071049,0.25,8,0.02312688528325531,0.021251093653891013,0.01768073675842969,0.0012180205365703153,0.06013724908157109,0.0,True,False,False
SORT1,186.0,158.0,345.0,8,0.74194913721414,0.6538073269664371,0.2003005316070068,0.5816293536130556,1.1896556051530336,0.375,8,0.03321867221370341,0.024391056225436518,0.02827625637987539,0.009793282886399352,0.08883607978199352,0.0,True,True,False
SORT1,186.0,159.0,346.0,8,0.7085506633346864,0.6331063517577504,0.20414921500222447,0.5816293536130556,1.1896556051530336,0.25,8,0.03233321538153747,0.02883855783391298,0.029981435240733545,0.001586900136319468,0.08883607978199352,0.0,True,True,False
SORT1,186.0,160.0,347.0,8,0.7193351809338765,0.6668508926016936,0.18515109776731045,0.5926857869219645,1.16288184858331,0.25,8,0.02934491156142876,0.021392375138438592,0.02720622094827504,0.0017941420697238214,0.09103765265456176,0.0,True,True,False
SORT1,187.0,105.0,293.0,8,0.6112342247537607,0.5335619905336807,0.19676595884303463,0.4370586731265859,0.9727411270089955,0.25,8,0.010068856005034101,0.008496711473843456,0.008323670506266619,0.0005972292591918124,0.024962372818019468,0.0,True,False,False
SORT1,187.0,106.0,294.0,8,0.624194627289855,0.5810922870588348,0.18246458237932328,0.45409151812898974,0.952459940823529,0.25,8,0.025483868831320592,0.02188897394469303,0.022267471612211445,0.0042998537125054455,0.06042472388967041,0.0,True,False,False
SORT1,187.0,107.0,295.0,8,0.6726163242450047,0.6102546244079401,0.20319236993017917,0.4784719370882342,1.018935790836575,0.25,8,0.01959008915174977,0.01887553669319845,0.017070813460876813,0.0015485226559723954,0.04910413937970851,0.0,True,False,False
SORT1,187.0,108.0,296.0,8,0.6373070052044836,0.5790550328591104,0.16713382546776656,0.4784719370882342,0.9554645580834367,0.25,8,0.027024821374207753,0.02003980813027828,0.018907063490924303,0.007083257780126541,0.06679415268326491,0.0,True,False,False
SORT1,187.0,109.0,297.0,8,0.607195667996189,0.6106718174552446,0.16768157323175623,0.3977036047930029,0.9571919924317446,0.125,8,0.030078562796537575,0.02072882588113341,0.030265543987529255,0.002464225663626709,0.09469677195722272,0.0,True,False,False
SORT1,187.0,110.0,298.0,8,0.5956883397488896,0.5617404849578198,0.15491281043761335,0.4301309719014027,0.9220402865982482,0.125,8,0.04447220430292813,0.03208703236035551,0.03295030066220803,0.01834610712716699,0.09918419400549852,0.0,True,False,False
SORT1,187.0,111.0,299.0,8,0.5962313913482484,0.5491690524062842,0.15406877491601573,0.4324342920162283,0.9220402865982482,0.125,8,0.03392139855419506,0.03744770975745215,0.02062630675007839,0.0050441437903661155,0.06596757963897384,0.0,True,False,False
SORT1,187.0,112.0,300.0,8,0.5858874072112249,0.5324968426975583,0.17625619515337343,0.3908904739524878,0.9019000412663398,0.25,8,0.03895413611595937,0.03139527603442206,0.030189874160843046,0.0008135519717859557,0.0933102059340218,0.0,True,False,False
SORT1,187.0,113.0,301.0,8,0.6178348422980068,0.6138976401773396,0.16875807943064497,0.4294047681156063,0.9743115725047805,0.125,8,0.023435901412436302,0.02304300234824134,0.012162313881583588,0.007586745895205524,0.04006406644325609,0.0,True,False,False
SORT1,187.0,114.0,302.0,8,0.6098616772851592,0.5476253794437962,0.18060509664538843,0.4488516507959418,0.9713504459525556,0.375,8,0.041598715127112725,0.027820716199062477,0.042870127427598895,0.001245759631819144,0.1263572257642433,0.0,True,False,False
SORT1,187.0,115.0,303.0,8,0.6676667950184487,0.5738977004310921,0.2757810131878939,0.45248894571516235,1.306691738784829,0.375,8,0.029695689892052693,0.023855676958892305,0.025212596274511893,0.001245759631819144,0.08076022875756408,0.0,True,False,False
SORT1,187.0,116.0,304.0,8,0.6376693718268597,0.5885033199783363,0.18469550492133904,0.4484642630059168,1.056422536451201,0.25,8,0.02940616928955147,0.026900924399598944,0.024962013271949555,0.001245759631819144,0.08076022875756408,0.0,True,False,False
SORT1,187.0,117.0,305.0,8,0.6266769203272988,0.5999347553948088,0.16284338386089356,0.47375474142311896,0.9934862793744061,0.125,8,0.01807672212017583,0.008655452200692916,0.02173088112652084,0.000114762212130637,0.059632799184951985,0.0,True,False,False
SORT1,187.0,118.0,306.0,8,0.5922841308762652,0.5630938253782098,0.1939349764981935,0.41145431627450746,1.0285500076328555,0.125,8,0.015285592423006252,0.01710332651570317,0.011101159536325539,0.0004950098733082843,0.029843183822642116,0.0,True,False,False
SORT1,187.0,119.0,307.0,8,0.587619408343274,0.5603418677804566,0.19290613977366042,0.414940472161338,1.0285500076328555,0.125,8,0.01405271103566985,0.010307895973172707,0.012754906460108004,0.0004950098733082843,0.030641130036046113,0.0,True,False,False
SORT1,187.0,120.0,308.0,8,0.5913549044188353,0.5601298807127388,0.18958619411543898,0.4287928497195538,1.0285500076328555,0.125,8,0.01636101937466427,0.008566761222966401,0.020620886041992196,0.0004950098733082843,0.05994544325224444,0.0,True,False,False
SORT1,187.0,121.0,309.0,8,0.6044435370570231,0.5649012429002287,0.19789476007108717,0.41649868871174767,1.0285500076328555,0.125,8,0.019473163312756198,0.013488297915228256,0.02010805740428436,0.00129915579338814,0.05994544325224444,0.0,True,False,False
SORT1,187.0,122.0,310.0,8,0.5770428342307579,0.5220781031411171,0.18341023979027093,0.43912274542641094,0.9965613556693895,0.125,8,0.023531217376986553,0.023823830763910418,0.016210803275005042,0.002522294235994051,0.044313624356120074,0.0,True,False,False
SORT1,187.0,123.0,311.0,8,0.5851064186003823,0.594859902337628,0.19624693472657706,0.38166615050075486,1.013017922300022,0.125,8,0.02224589304037272,0.02285121879368622,0.018031050121855217,0.0020714760641105893,0.04667897978151016,0.0,True,False,False
SORT1,187.0,124.0,312.0,8,0.571985938546665,0.5530393128443496,0.15126273196842366,0.44989486450212757,0.9107418674077932,0.125,8,0.030048680492955955,0.02908620058929903,0.01968208028952296,0.0030758350608704648,0.06467265523645334,0.0,True,False,False
SORT1,187.0,125.0,313.0,8,0.5815764770179674,0.5513530768357375,0.1570540126808846,0.419733016730954,0.9344346767064369,0.125,8,0.028652011314616244,0.023318564939736827,0.014981009538741347,0.01676913705888558,0.0594636769956267,0.0,True,False,False
SORT1,187.0,126.0,314.0,8,0.5874110847617265,0.5384362604887041,0.17696131178291302,0.4602447541969697,1.0055778004753957,0.125,8,0.03377047446299224,0.0291155612667669,0.025489440092750597,0.016193553374815893,0.09493109877921264,0.0,True,False,False
SORT1,187.0,127.0,315.0,8,0.6132144411228755,0.5937875074742207,0.16085400023465918,0.4607367916610891,0.9782078067379413,0.125,8,0.030686191012565905,0.030778735981600053,0.013861188860202555,0.010908301877737288,0.04827025044962644,0.0,True,False,False
SORT1,187.0,128.0,316.0,8,0.6036533551234675,0.5890080514116254,0.16288904026106316,0.4509051725891101,0.964918485700992,0.125,8,0.025047511988492067,0.020654057849467986,0.01938224265127975,0.003401772990218799,0.05913535739594459,0.0,True,False,False
SORT1,187.0,129.0,317.0,8,0.5945711721077014,0.5476104291125723,0.16767633007603439,0.44446702015748746,0.9842682044507939,0.125,8,0.019486772555919497,0.016620845534259764,0.014446984049678945,0.003401772990218799,0.04712528156759791,0.0,True,False,False
SORT1,187.0,130.0,318.0,8,0.6260362728042915,0.587975788750818,0.14297141129340232,0.5021718486790245,0.9443591681050456,0.125,8,0.030704622588848634,0.02675641500727239,0.0207896083859354,0.0044631511027085225,0.05865874728876281,0.0,True,False,False
SORT1,187.0,131.0,319.0,8,0.648056332521177,0.5892678169258907,0.14873381391853274,0.5543606504344308,0.999302302415564,0.125,8,0.023285622857037214,0.013866655069669588,0.021777103524747484,0.0044631511027085225,0.05865874728876281,0.0,True,False,False
SORT1,187.0,132.0,320.0,8,0.6468946028479288,0.6259588086111518,0.14976329351698947,0.4649243820030947,0.978049827014602,0.125,8,0.025771957263319576,0.02016284211040309,0.019632189687425316,0.00591792447768778,0.05865874728876281,0.0,True,False,False
SORT1,187.0,133.0,321.0,8,0.639892226122802,0.6016658537887483,0.1556855469457748,0.4649243820030947,0.9836971642076122,0.25,8,0.02031468104331182,0.024815967935098365,0.011313268601416364,0.00591792447768778,0.03570808399511804,0.0,True,False,False
SORT1,187.0,134.0,322.0,8,0.6865699847083508,0.6517906662407478,0.1780607911630225,0.5034332421416109,1.0797156260826555,0.25,8,0.032261896174436325,0.03194861923438905,0.012605942951983836,0.012941823376781689,0.05801105766118021,0.0,True,False,False
SORT1,187.0,135.0,323.0,8,0.6949439530707384,0.639870574953597,0.1761610167321409,0.5656840102372087,1.0877384180166494,0.25,8,0.029357124131301798,0.02292351463206241,0.022162531887902803,0.007927616051205526,0.06397123685157724,0.0,True,False,False
SORT1,187.0,136.0,324.0,8,0.6912393872296312,0.6357210493298763,0.17408848715407263,0.5520923690269376,1.0798336263737187,0.25,8,0.023229018646825497,0.017035767267956272,0.020668247941980376,0.00010225030607190685,0.06397123685157724,0.0,True,False,False
SORT1,187.0,137.0,325.0,8,0.6795233433548118,0.6357210493298763,0.20070606792447812,0.5059375355229847,1.1504228541421733,0.25,8,0.033719031411521154,0.0328403756537316,0.023708045195461644,0.0011801351352444687,0.076360319667485,0.0,True,False,False
SORT1,187.0,138.0,326.0,8,0.6861055628112003,0.6531832278362303,0.2112543912806187,0.5059375355229847,1.1666467697450829,0.25,8,0.026226807116031228,0.01786639696316103,0.02698597896467798,0.0015784243355461585,0.076360319667485,0.0,True,False,False
SORT1,187.0,139.0,327.0,8,0.6613546139366425,0.6181418532664353,0.2117507767935436,0.49361150553686595,1.1666467697450829,0.125,8,0.01583639507972379,0.011823310095926862,0.01425695121545162,0.0016169348541944034,0.03770439647258983,0.0,True,False,False
SORT1,187.0,140.0,328.0,8,0.675974002922223,0.6333622799104608,0.22242379026449935,0.4651631792374092,1.1666467697450829,0.25,8,0.0246345708522759,0.02222028548201687,0.019937025710356403,0.0018637267949974787,0.06352202490358165,0.0,True,False,False
SORT1,187.0,141.0,329.0,8,0.6563813713455611,0.5848101020853258,0.20132034306860527,0.4651631792374092,1.1044386719543162,0.375,8,0.02026999197389329,0.019909475453491886,0.015531191556503537,0.0018637267949974787,0.040787961790842354,0.0,True,False,False
SORT1,187.0,142.0,330.0,8,0.7188749518281737,0.6861323381925022,0.19749510535830106,0.5263688220657515,1.1478636285562127,0.5,8,0.01765037602781487,0.015616987058478249,0.014352981971854303,0.0017417534596552073,0.04827824393564475,0.0,True,True,False
SORT1,187.0,143.0,331.0,8,0.7178908660422003,0.6861323381925022,0.20333553522513487,0.48942389017384974,1.1564779640912697,0.5,8,0.02543908468731828,0.022998926902720093,0.01814630505808357,0.006425896431045027,0.05308077695559751,0.0,True,True,False
SORT1,187.0,144.0,332.0,8,0.7178074277887231,0.6582071903881805,0.1829912073501073,0.5790367128345791,1.1367656669563122,0.375,8,0.01359380244691402,0.009640893924522831,0.011434502606423909,0.001785174189982346,0.035239709243324535,0.0,True,True,False
SORT1,187.0,145.0,333.0,8,0.7341183706786196,0.6921451629155144,0.1853460487289923,0.537446154796086,1.1533475912619064,0.5,8,0.014982028194099231,0.014313740744298711,0.011451200187826692,0.001423322226430408,0.035239709243324535,0.0,True,True,False
SORT1,187.0,146.0,334.0,8,0.7084435099367343,0.6481849168581182,0.21039284387264431,0.48644996407612595,1.1533475912619064,0.375,8,0.016811434617455753,0.01730259489845204,0.008727855163528222,0.007694328921480741,0.03514877695677361,0.0,True,True,False
SORT1,187.0,147.0,335.0,8,0.7062265191664288,0.6710714792893745,0.17344188954832235,0.5667418530705743,1.1020464470647187,0.375,8,0.018242684675369093,0.015627267318278307,0.012451538766434381,0.002495602156169298,0.03673784781429832,0.0,True,True,False
SORT1,187.0,148.0,336.0,8,0.6894694456958763,0.6398531675840691,0.18098354209776774,0.5135759914109017,1.1020464470647187,0.25,8,0.021045904761783012,0.016993638778897393,0.019241013174737923,0.0007609255609012234,0.06135103619302906,0.0,True,False,False
SORT1,187.0,149.0,337.0,8,0.7098238405780279,0.6595905101955707,0.21161687126499962,0.5135759914109017,1.1969481409220788,0.375,8,0.02597593248609385,0.024596785204202484,0.02224301034199038,0.001960053235262093,0.06135103619302906,0.0,True,True,False
SORT1,187.0,150.0,338.0,8,0.6998241632416573,0.6595905101955707,0.13746778129317608,0.5839907042602036,1.016389552961824,0.375,8,0.024430863130069015,0.021052388954825307,0.019219678704986146,0.005720056862144194,0.05197031259344428,0.0,True,False,False
SORT1,187.0,151.0,339.0,8,0.6802872507077462,0.6390319984577277,0.17631749876550756,0.537611507770389,1.0877047229147754,0.25,8,0.02502738386877314,0.019635875990516995,0.024772220986785942,0.0018896804512988426,0.0779778859449815,0.0,True,False,False
SORT1,187.0,152.0,340.0,8,0.6823961883170856,0.6319712725644107,0.1633678362342205,0.551575702593657,1.0758169054166422,0.125,8,0.024519628382412173,0.0203234327612158,0.01791731930652109,0.004388251965286154,0.056160006730674165,0.0,True,False,False
SORT1,187.0,153.0,341.0,8,0.6459745290032473,0.6039064845898096,0.17510600700873735,0.47903496004480417,1.048041084862578,0.125,8,0.017017984812738748,0.0186836214225944,0.011363486948178694,0.0013410138322481045,0.030470964289367228,0.0,True,False,False
SORT1,187.0,154.0,342.0,8,0.6591714434238569,0.5778461714193421,0.21519381904630908,0.5099092226094967,1.1765264726006777,0.125,8,0.01502007872366162,0.012883416309481747,0.013651490832682831,0.0007817330354376147,0.03487537145718365,0.0,True,False,False
SORT1,187.0,155.0,343.0,8,0.6605719819010477,0.6214924926615834,0.18723345675392408,0.48883408542811296,1.0989221535160192,0.125,8,0.03161651724815978,0.036309580854380505,0.013606705202150562,0.00321400285931499,0.04448102925294533,0.0,True,False,False
SORT1,187.0,156.0,344.0,8,0.6718502383645042,0.6468715364431536,0.115554126646513,0.5682847039011245,0.9383784222923598,0.125,8,0.03323356609519453,0.03553580682495827,0.024744152726769688,0.005442532871134914,0.07736389121587568,0.0,True,False,False
SORT1,187.0,157.0,345.0,8,0.6764412810234802,0.6693841564962071,0.14791337895244083,0.4933437437903167,0.9986733187049506,0.125,8,0.03731372262137908,0.03413908635871854,0.019387743999601827,0.0032477581742821103,0.06251375836453857,0.0,True,False,False
SORT1,187.0,158.0,346.0,8,0.7162853606576727,0.6672861870960514,0.17885261447990602,0.5152065622836924,1.0951096380050866,0.25,8,0.02313508715021425,0.020331443131366297,0.018285328570828093,0.005333819426240013,0.050387580176783305,0.0,True,True,False
SORT1,187.0,159.0,347.0,8,0.7090268584346292,0.6575928536041609,0.17141481980530837,0.5152065622836924,1.0951096380050866,0.25,8,0.01635485521604068,0.010812097999494306,0.014616742768812805,0.001586900136319468,0.04602987535064335,0.0,True,True,False
SORT1,187.0,160.0,348.0,8,0.6848475693518135,0.6357968651907402,0.19553193131985894,0.5015866138191638,1.1283371903980086,0.375,8,0.018996092911339725,0.017233620033673017,0.01876264700702647,0.00045352552153928526,0.05680676651417519,0.0,True,False,False
SORT1,188.0,105.0,294.0,8,0.625720737035715,0.5666108905978149,0.16069579081700944,0.47900161605017094,0.8931948668157652,0.25,8,0.01863746407518672,0.01686188631496477,0.014668557367152366,0.0005972292591918124,0.043831431319132995,0.0,True,False,False
SORT1,188.0,106.0,295.0,8,0.6230546205176514,0.5772589659042076,0.17769170548613433,0.45549716599389645,0.9308680100697944,0.25,8,0.025088649632101733,0.019875981027892536,0.01864670652120583,0.0042998537125054455,0.06042472388967041,0.0,True,False,False
SORT1,188.0,107.0,296.0,8,0.6939870999089577,0.6260529988103258,0.20786413484683736,0.45681816569925365,1.0542126336318507,0.25,8,0.03073172100504861,0.025437036375599575,0.019978512894457526,0.001240155546156125,0.060999555317449695,0.0,True,False,False
SORT1,188.0,108.0,297.0,8,0.6533788045079258,0.6013960473412734,0.17159216711373537,0.45681816569925365,0.9868306721841231,0.25,8,0.027651527236281382,0.024812790170927388,0.018101326639489088,0.001240155546156125,0.05641219750399698,0.0,True,False,False
SORT1,188.0,109.0,298.0,8,0.6178845149129033,0.5921981404336303,0.17731475035251934,0.4416743245649907,1.0151595445355233,0.125,8,0.021793710869992225,0.015673382379223215,0.014917445784407603,0.0075826912785138005,0.04990424085422546,0.0,True,False,False
SORT1,188.0,110.0,299.0,8,0.6154893653675697,0.5612096487253826,0.18108986407111916,0.4416743245649907,1.0353231858928273,0.125,8,0.020094866177100507,0.020107589311948948,0.005555967118680156,0.01030003979723985,0.02645023163775248,0.0,True,False,False
SORT1,188.0,111.0,300.0,8,0.6120980965544575,0.5503771478586805,0.1919795418509819,0.40753207366454397,1.0353231858928273,0.125,8,0.03400548892927189,0.03844755653864034,0.022949161266447644,0.0031669123876382596,0.07040608204063703,0.0,True,False,False
SORT1,188.0,112.0,301.0,8,0.5940669216668377,0.5364888346017076,0.21187011566148242,0.3216323545623913,0.9965827854132822,0.25,8,0.01801073977795515,0.014531136713881187,0.014227229374960087,0.0024520579484024483,0.04540611797011255,0.0,True,False,False
SORT1,188.0,113.0,302.0,8,0.600040304831985,0.5956487368515457,0.18989312142737652,0.36155606804297463,0.9863957529024868,0.125,8,0.03200101926152829,0.027457496931382906,0.0189072218450018,0.007191043211685067,0.06109083077765588,0.0,True,False,False
SORT1,188.0,114.0,303.0,8,0.6138976569342751,0.55079728239494,0.17086593263841174,0.45741868979224143,0.9686669147925593,0.25,8,0.02492863662482691,0.02364041814582222,0.017537396938767172,0.0012720804656640205,0.04966876347465686,0.0,True,False,False
SORT1,188.0,115.0,304.0,8,0.6829839893769221,0.5800178162690719,0.30678877505455476,0.4699208154935351,1.412123024122297,0.25,8,0.03148664323821315,0.02434788122949011,0.030971880197479137,0.0012720804656640205,0.09610299489743442,0.0,True,False,False
SORT1,188.0,116.0,305.0,8,0.6341466745255275,0.5621456194260495,0.18998382960578455,0.4964620526498522,1.0832378833557395,0.125,8,0.016318801405178465,0.015438306453964948,0.011561893931967673,0.001177270743349954,0.03233780812702156,0.0,True,False,False
SORT1,188.0,117.0,306.0,8,0.6097348208950208,0.5431076919965816,0.19510898848255445,0.4684561136778506,1.0690462886525471,0.125,8,0.024850494043169316,0.026761868967212877,0.016713226444717462,0.00129915579338814,0.04654828775889846,0.0,True,False,False
SORT1,188.0,118.0,307.0,8,0.5912652040588107,0.5619132107762598,0.18051467684092273,0.41707144278929825,0.9976192729554665,0.125,8,0.022866699218471887,0.012794894884389316,0.022781526186290844,0.0003476111698870071,0.0555127748036417,0.0,True,False,False
SORT1,188.0,119.0,308.0,8,0.5928166235016149,0.5603418677804566,0.17709173244264895,0.41707144278929825,0.9976192729554665,0.125,8,0.03376152214510655,0.03521626236226595,0.022045135215428033,0.00129915579338814,0.05990345766745155,0.0,True,False,False
SORT1,188.0,120.0,309.0,8,0.585157420682825,0.5601298807127388,0.1831557934455611,0.41707144278929825,0.9976192729554665,0.125,8,0.023205944130583373,0.020679118277622636,0.017626827162127014,0.00129915579338814,0.0555127748036417,0.0,True,False,False
SORT1,188.0,121.0,310.0,8,0.5995868689689049,0.5649012429002287,0.1834522833779086,0.4199728113455832,0.9976192729554665,0.125,8,0.022528230846217766,0.026209039408962794,0.011280397806425788,0.00129915579338814,0.034134332273831836,0.0,True,False,False
SORT1,188.0,122.0,311.0,8,0.5919963946194212,0.5450134965267646,0.20765817322640584,0.39364213170551454,1.0671477166049483,0.125,8,0.030607760537239216,0.024029919291902666,0.02415527346645866,0.004856482490531107,0.08174282907633738,0.0,True,False,False
SORT1,188.0,123.0,312.0,8,0.5994009940743658,0.5801375417861578,0.16313382621227923,0.452868192741189,0.9731466547945736,0.125,8,0.034313270156914995,0.03334321719057258,0.02306765583645782,0.004407053287313564,0.08174282907633738,0.0,True,False,False
SORT1,188.0,124.0,313.0,8,0.5781141051341588,0.5610403384719904,0.17682239255197355,0.37726510570303573,0.9677350956394434,0.125,8,0.0245734263541963,0.025180465713011878,0.020509993116560255,0.001395954580623069,0.06467265523645334,0.0,True,False,False
SORT1,188.0,125.0,314.0,8,0.5588301288914913,0.5210321933751135,0.1622588670664514,0.4037800712538078,0.9287712168584138,0.125,8,0.030020976055806704,0.027029301169349707,0.019301604899179817,0.0033392877091749417,0.0594636769956267,0.0,True,False,False
SORT1,188.0,126.0,315.0,8,0.5612028711462906,0.5283170716103165,0.14752393267546532,0.4322509815162074,0.9038100159572923,0.125,8,0.03345940173262218,0.025511822003332806,0.027646748810815,0.009286300583449012,0.09493109877921264,0.0,True,False,False
SORT1,188.0,127.0,316.0,8,0.6118866690256595,0.5808615362004955,0.17976455403521457,0.4017658453934085,1.0080010717028085,0.125,8,0.0256308926017034,0.023039436047156345,0.014724205374400546,0.005901335375034019,0.0544949575794814,0.0,True,False,False
SORT1,188.0,128.0,317.0,8,0.6138068933612644,0.6052888755701931,0.18586746112217833,0.4243465314196559,1.035121609478653,0.125,8,0.030368541633592285,0.02333079541082983,0.020524700037356996,0.005901335375034019,0.06256096092200666,0.0,True,False,False
SORT1,188.0,129.0,318.0,8,0.6147904285843045,0.5583360765277635,0.17724735117451784,0.4734822610888993,1.0387367289072986,0.125,8,0.019195005025047424,0.019656720691354136,0.009825762539403952,0.005901335375034019,0.034327528699157256,0.0,True,False,False
SORT1,188.0,130.0,319.0,8,0.6373381150609778,0.5891524855376574,0.16686245488618356,0.4734822610888993,1.0029565641930756,0.25,8,0.019874476896693756,0.014748128482993842,0.014372464608365883,0.005347955457329358,0.04051880782091602,0.0,True,False,False
SORT1,188.0,131.0,320.0,8,0.6601492755198476,0.6230644246671553,0.16800134044222714,0.5068902439263975,1.0433052974005868,0.25,8,0.02525993221896409,0.02679982739726329,0.013714704946136538,0.008191843942562513,0.04107316498020382,0.0,True,False,False
SORT1,188.0,132.0,321.0,8,0.6828499846702263,0.6355587050756089,0.20383410510073222,0.4882108378243414,1.1578418657995933,0.25,8,0.019025542815042998,0.01648376533401238,0.01329366197572587,0.005064410771412746,0.04051880782091602,0.0,True,False,False
SORT1,188.0,133.0,322.0,8,0.6434562458261788,0.6156270486390903,0.1651731933813623,0.4882108378243414,1.023754892820272,0.125,8,0.028333973144491608,0.024030679786823134,0.01862626721397976,0.008191843942562513,0.06722739372946983,0.0,True,False,False
SORT1,188.0,134.0,323.0,8,0.6900648508148833,0.6540193758746018,0.16811883813388337,0.5138838424378729,1.0714561134510707,0.25,8,0.04754758829989925,0.045062872348243715,0.028402481168119487,0.012160865177583267,0.0833456691941606,0.0,True,False,False
SORT1,188.0,135.0,324.0,8,0.7159926438812814,0.6511182943474043,0.2027769035726998,0.5487197285759324,1.1822373614153934,0.25,8,0.036899942926886614,0.02896314586006348,0.023503066441977687,0.012027554904345004,0.0811884192306338,0.0,True,True,False
SORT1,188.0,136.0,325.0,8,0.6911673746316317,0.6351226262859269,0.1966886029097526,0.5071520868926981,1.1264196827695578,0.25,8,0.03095484850451896,0.03109713181931289,0.011995881169421359,0.013037608102968782,0.05308318629134025,0.0,True,False,False
SORT1,188.0,137.0,326.0,8,0.68667470850456,0.6351226262859269,0.18507447880750005,0.52321065969232,1.1208067083108755,0.25,8,0.0345699701707737,0.03252280215133494,0.0208183008374933,0.0011801351352444687,0.06954678605048886,0.0,True,False,False
SORT1,188.0,138.0,327.0,8,0.6828376344341929,0.6491316634574305,0.16041678860547415,0.5074343369979946,1.039515968186611,0.25,8,0.012750785162174686,0.004977360090769397,0.0154382047170593,7.021960686227983e-05,0.04196943402194843,0.0,True,False,False
SORT1,188.0,139.0,328.0,8,0.6629787294260877,0.6367794867671608,0.16398864100327704,0.4759858158431783,1.039515968186611,0.125,8,0.014493131216933953,0.008145472874439796,0.012067604360150926,0.0024340835386641264,0.03357774784183077,0.0,True,False,False
SORT1,188.0,140.0,329.0,8,0.6917066335206862,0.66123807772798,0.1609078717847557,0.5178280691179138,1.039515968186611,0.25,8,0.020712905097573935,0.022242710673765338,0.014406154955018995,0.0024340835386641264,0.04385488104813114,0.0,True,False,False
SORT1,188.0,141.0,330.0,8,0.6841090383675326,0.6704081142311595,0.19021185424169693,0.5178280691179138,1.1122522009525717,0.375,8,0.017548392891713657,0.009203542218702083,0.018240553647069824,0.0008552822613120212,0.042644692480200676,0.0,True,False,False
SORT1,188.0,142.0,331.0,8,0.708475850982342,0.6736961890104496,0.18848407730041325,0.5105575385748682,1.1147955709772972,0.375,8,0.02294434361848308,0.02160942264531136,0.017223434782326748,0.0017417534596552073,0.04827824393564475,0.0,True,True,False
SORT1,188.0,143.0,332.0,8,0.7289109836592109,0.6802698817341851,0.20844008386090515,0.5105575385748682,1.163876612752325,0.5,8,0.020100689323385146,0.015327304302821764,0.017257315012554304,0.0009532625263139902,0.04827824393564475,0.0,True,True,False
SORT1,188.0,144.0,333.0,8,0.7267312492062739,0.6744192476814047,0.21422365172601374,0.5105575385748682,1.1904955914683308,0.5,8,0.015156231546239516,0.01688537449081352,0.010516078168348732,0.001237441483495026,0.028272275337225948,0.0,True,True,False
SORT1,188.0,145.0,334.0,8,0.7277076519542842,0.6884799882343735,0.20694343823011446,0.5159456020275367,1.1776389136189733,0.5,8,0.01856520121668722,0.022039643783204943,0.011693453115022102,0.001423322226430408,0.030614982721552247,0.0,True,True,False
SORT1,188.0,146.0,335.0,8,0.7439339790797255,0.7091446361560637,0.21186721373331602,0.5244114377332416,1.1776389136189733,0.5,8,0.019346119621387044,0.0168213762551616,0.01072891943519995,0.004417643054428599,0.03534881285252505,0.0,True,True,True
SORT1,188.0,147.0,336.0,8,0.7245560770871643,0.6907043747338508,0.20110217070461472,0.5654748085316784,1.1886054484343695,0.5,8,0.025206432922242377,0.017033952230913488,0.016903267950624492,0.00821100328818004,0.05276773051862591,0.0,True,True,False
SORT1,188.0,148.0,337.0,8,0.7256495574781677,0.679794836962901,0.1957876708544786,0.5878214010614569,1.1886054484343695,0.375,8,0.019083806215242763,0.012326293113107638,0.017665767803725304,0.0009982553054550915,0.04533563635513735,0.0,True,True,False
SORT1,188.0,149.0,338.0,8,0.7297664292433802,0.6725012721812503,0.21428918551905918,0.5899115787706386,1.2366168476520156,0.5,8,0.022893043394983197,0.022086815522187032,0.017791394126027923,0.0009982553054550915,0.05197031259344428,0.0,True,True,False
SORT1,188.0,150.0,339.0,8,0.6978187914715419,0.6564384757207805,0.17354686435187186,0.5419963432552378,1.0962637981247672,0.375,8,0.029825740294741547,0.025194490166819877,0.02309300094547075,0.004265874836279803,0.06964473885342598,0.0,True,False,False
SORT1,188.0,151.0,340.0,8,0.698688821048477,0.6522989319360918,0.1917643070542976,0.5222650257122401,1.1349791308528698,0.375,8,0.02458959162613594,0.0241156046008508,0.009596659511831595,0.011530104571598504,0.03987171605199953,0.0,True,False,False
SORT1,188.0,152.0,341.0,8,0.6816972743171588,0.6286145480911537,0.22488681920636866,0.44496264945223524,1.203338998035528,0.125,8,0.022367010857115933,0.014605505630641195,0.0169598585520898,0.004388251965286154,0.05012644552759969,0.0,True,False,False
SORT1,188.0,153.0,342.0,8,0.6686520458303209,0.6115133326938564,0.17787940383405082,0.502260849469175,1.072638141635755,0.25,8,0.021697015472228503,0.024534768506776987,0.013492459043164852,0.001832297616145227,0.042981043199090956,0.0,True,False,False
SORT1,188.0,154.0,343.0,8,0.6809330889619897,0.6444428089164502,0.19248160978397527,0.5365137685010801,1.13794123444333,0.125,8,0.02096506027197386,0.020152097640501656,0.017232253503345615,0.002619027317718292,0.05143641566648754,0.0,True,False,False
SORT1,188.0,155.0,344.0,8,0.6697256576178371,0.6501253855947736,0.19755184013294472,0.43500744349786713,1.1081589304915085,0.25,8,0.0278080746620204,0.017928847560683497,0.021198720493434894,0.008872554123101978,0.0676946695930918,0.0,True,False,False
SORT1,188.0,156.0,345.0,8,0.6569363703790508,0.6482596233544684,0.13200100649054436,0.5139489274580802,0.9394913710531739,0.25,8,0.02399543928443273,0.01572451749998132,0.020665849327249287,0.005442532871134914,0.0660536708774801,0.0,True,False,False
SORT1,188.0,157.0,346.0,8,0.6749325220449083,0.6565524655377736,0.15496514518739163,0.4898834129967285,1.0162028111315864,0.25,8,0.02760684604947631,0.022297283939466905,0.015353635166156222,0.013628846977174291,0.058868280776296265,0.0,True,False,False
SORT1,188.0,158.0,347.0,8,0.7114500587184496,0.6565163084137315,0.1947106685552833,0.5094135188621475,1.1542800503821242,0.375,8,0.028445333014029173,0.026572175578544424,0.01805464157295953,0.003784256467795758,0.055936530259923456,0.0,True,True,False
SORT1,188.0,159.0,348.0,8,0.7074058740747293,0.6575928536041609,0.19249875597193045,0.5094135188621475,1.1542800503821242,0.375,8,0.027771704681775818,0.028961681828483236,0.018501713294214503,0.003784256467795758,0.055936530259923456,0.0,True,True,False
SORT1,188.0,160.0,349.0,8,0.7060882555559748,0.6751805493704758,0.1945361510876224,0.49402578069219183,1.144001798555715,0.375,8,0.03674970678507827,0.031937637167100894,0.020046371135455526,0.014434845465757882,0.06822196586762162,0.0,True,True,False
SORT1,189.0,105.0,295.0,8,0.6040768906546621,0.5094773045213361,0.1787774794329239,0.4524737773149668,0.8931948668157652,0.25,8,0.02508188347007899,0.01686188631496477,0.020888792163916037,0.0084902453853463,0.06684310406377972,0.0,True,False,False
SORT1,189.0,106.0,296.0,8,0.619892910863207,0.5227683843489765,0.17940673608560126,0.48552631864138085,0.9308680100697944,0.25,8,0.03419402654769109,0.023949634747882045,0.021306260870760305,0.013214224579643104,0.06684310406377972,0.0,True,False,False
SORT1,189.0,107.0,297.0,8,0.6730449531443353,0.5922339225483253,0.21368910889579174,0.4843686922028662,1.0542126336318507,0.25,8,0.017264528196812935,0.019353470572149697,0.010874970569659564,0.002000494029836671,0.03061241614026838,0.0,True,False,False
SORT1,189.0,108.0,298.0,8,0.6304690972270722,0.5765892270096775,0.16733919933414873,0.4843686922028662,0.9868306721841231,0.25,8,0.025620895505997634,0.02544813693652416,0.015088301805062385,0.002000494029836671,0.05641219750399698,0.0,True,False,False
SORT1,189.0,109.0,299.0,8,0.6036504780685965,0.5584221423384819,0.18049497171418272,0.41443953781184895,1.0151595445355233,0.125,8,0.033807395006171956,0.027862602717050898,0.020425759886768202,0.011232851652088026,0.06654066814298651,0.0,True,False,False
SORT1,189.0,110.0,300.0,8,0.6138913761891599,0.5646064459001976,0.18577339947457416,0.41443953781184895,1.0353231858928273,0.125,8,0.02901388626487912,0.025976645100438758,0.01717658161357324,0.005114823945752203,0.05853124472710032,0.0,True,False,False
SORT1,189.0,111.0,301.0,8,0.6032570818907245,0.5373808827288413,0.1833410245795582,0.46416949117331807,1.0353231858928273,0.125,8,0.03176593156318374,0.025768131166291064,0.025510457896085106,0.0031669123876382596,0.07344217038454162,0.0,True,False,False
SORT1,189.0,112.0,302.0,8,0.5915588272094711,0.5125075458930531,0.19719376662174892,0.4344247327039389,0.9965827854132822,0.25,8,0.02999740221365601,0.0265744526897377,0.01779228817227738,0.007380785930295088,0.05895768800456609,0.0,True,False,False
SORT1,189.0,113.0,303.0,8,0.6037079819147029,0.5491948447484982,0.17155747276900962,0.41491330061478116,0.9863957529024868,0.125,8,0.02778184030821306,0.0259215290019221,0.01923194988457478,0.005721881358319526,0.06109083077765588,0.0,True,False,False
SORT1,189.0,114.0,304.0,8,0.6078936085178784,0.5315784432232878,0.1757170043326572,0.42105293666986254,0.9686669147925593,0.25,8,0.030748056694182586,0.016223576701067114,0.03451201117927227,0.0012720804656640205,0.09477935639568213,0.0,True,False,False
SORT1,189.0,115.0,305.0,8,0.6647787667553501,0.5273518306534082,0.3163236980476141,0.44776437334096003,1.412123024122297,0.25,8,0.02860635245399385,0.01978067749755043,0.024067421024422934,0.0012720804656640205,0.07544605139845306,0.0,True,False,False
SORT1,189.0,116.0,306.0,8,0.6168555252687986,0.5418092128880254,0.19626608846619473,0.48665628409893563,1.0832378833557395,0.125,8,0.020440493596450046,0.015101601983403368,0.020164299548085827,0.003049897068176068,0.0619920761433996,0.0,True,False,False
SORT1,189.0,117.0,307.0,8,0.6043885192115341,0.5386446492162954,0.19305014390990055,0.48486970059803736,1.0690462886525471,0.125,8,0.024643148643995652,0.014426538302198682,0.023262556022861154,0.003049897068176068,0.0619920761433996,0.0,True,False,False
SORT1,189.0,118.0,308.0,8,0.5885214459123654,0.5653723305958036,0.18381807347978285,0.3911029820868634,0.9976192729554665,0.125,8,0.018732061068437975,0.009785862339708608,0.018669545557857083,0.0003476111698870071,0.044522720892212236,0.0,True,False,False
SORT1,189.0,119.0,309.0,8,0.5854453463005629,0.5542810437957997,0.18104054684478205,0.3911029820868634,0.9976192729554665,0.125,8,0.024349131286000344,0.015661077760664284,0.019773912749568204,0.004497513023481829,0.05990345766745155,0.0,True,False,False
SORT1,189.0,120.0,310.0,8,0.5823746482419737,0.5672344347915146,0.19079664613346703,0.3911029820868634,0.9976192729554665,0.125,8,0.016347887080938955,0.01361513925213971,0.011246987029453943,0.004497513023481829,0.039886641769103746,0.0,True,False,False
SORT1,189.0,121.0,311.0,8,0.5883979157339451,0.5671288754120627,0.19467622861059042,0.3604229694725739,0.9976192729554665,0.125,8,0.013923953993086316,0.013445401302982836,0.009384762547041564,0.0030407666539337738,0.0297906343054586,0.0,True,False,False
SORT1,189.0,122.0,312.0,8,0.5884345788713929,0.5322125683352337,0.21244153170748434,0.38492045542046793,1.0671477166049483,0.125,8,0.023399532830729274,0.020335592136156884,0.01561362334439777,0.004856482490531107,0.052868657968348325,0.0,True,False,False
SORT1,189.0,123.0,313.0,8,0.5716524190617632,0.5390800806140199,0.18215563841139173,0.3396377750206864,0.9731466547945736,0.125,8,0.01951986425585863,0.0203004754163176,0.012534033874117927,0.0004898089709851466,0.033857884387693604,0.0,True,False,False
SORT1,189.0,124.0,314.0,8,0.5682048893647186,0.5199887954698337,0.17573078286331612,0.3674733393311784,0.9677350956394434,0.125,8,0.026510671810951843,0.0269807889779522,0.014643425368668134,0.004839344757458007,0.053128250064963106,0.0,True,False,False
SORT1,189.0,125.0,315.0,8,0.5560410962511937,0.5110475851432987,0.15490794154422585,0.4243565857787944,0.9287712168584138,0.125,8,0.026062550843099632,0.017345468829173254,0.021244136459535684,0.0033392877091749417,0.057464750539369475,0.0,True,False,False
SORT1,189.0,126.0,316.0,8,0.56149742396308,0.5280711126844305,0.14561451536056763,0.4084618598135202,0.9038100159572923,0.125,8,0.030969084441446058,0.025340223043665795,0.022722325192453367,0.009286300583449012,0.07018385254965316,0.0,True,False,False
SORT1,189.0,127.0,317.0,8,0.6104793872714904,0.5687343779232725,0.17297996469242316,0.4342595876273936,1.0080010717028085,0.125,8,0.039226388439015436,0.03388073249474948,0.025467141962895637,0.0023368437315477485,0.07720014995776821,0.0,True,False,False
SORT1,189.0,128.0,318.0,8,0.6053821635397973,0.5931077973185326,0.1897176322057266,0.3750931989468708,1.035121609478653,0.125,8,0.024125846362975593,0.025149587910683502,0.013052558248671263,0.0023368437315477485,0.047248299884225665,0.0,True,False,False
SORT1,189.0,129.0,319.0,8,0.6059654987135272,0.5741644884959638,0.184847270032116,0.43220670539440775,1.0387367289072986,0.125,8,0.018747050355077833,0.01816476738409006,0.01038131257772309,0.0023368437315477485,0.03771674055512741,0.0,True,False,False
SORT1,189.0,130.0,320.0,8,0.6316880232224978,0.5871362320637785,0.16463708656317513,0.5085529012361769,1.0029565641930756,0.25,8,0.015482307116303159,0.009384460267000612,0.014835722723824414,0.0023368437315477485,0.046164290818146575,0.0,True,False,False
SORT1,189.0,131.0,321.0,8,0.6622883254527551,0.6162093479093103,0.16422674329730838,0.5085529012361769,1.0433052974005868,0.25,8,0.025690425510697022,0.023117709556612562,0.018075717187645713,0.0050050272761752446,0.04983861595068208,0.0,True,False,False
SORT1,189.0,132.0,322.0,8,0.6831342213485752,0.6358293279592524,0.20283866579981993,0.5085529012361769,1.1578418657995933,0.25,8,0.01182131594544728,0.01146394670123517,0.005924721091374486,0.0016758224053222278,0.019742378436567263,0.0,True,False,False
SORT1,189.0,133.0,323.0,8,0.6382890826766345,0.5914433916944022,0.16380294380075447,0.49195528166619895,1.023754892820272,0.125,8,0.017939890425936425,0.016618349337086072,0.012555965805376228,0.0016758224053222278,0.042535905192967835,0.0,True,False,False
SORT1,189.0,134.0,324.0,8,0.6815341649655705,0.6295504747508671,0.17504017698020666,0.49195528166619895,1.0714561134510707,0.375,8,0.026494591544161027,0.01753589779345585,0.02376139897088276,0.011074642875015752,0.0833456691941606,0.0,True,False,False
SORT1,189.0,135.0,325.0,8,0.6946421343591892,0.6087562886188647,0.225694685885826,0.4905321288906756,1.1822373614153934,0.25,8,0.034594488808594885,0.027998111885494868,0.02253983913388906,0.01338697094381933,0.0820194480407686,0.0,True,False,False
SORT1,189.0,136.0,326.0,8,0.6745196137868399,0.6147326735623135,0.20685802251211444,0.4905321288906756,1.1264196827695578,0.25,8,0.033636608515884736,0.025742457114278448,0.023089538436892213,0.01338697094381933,0.0820194480407686,0.0,True,False,False
SORT1,189.0,137.0,327.0,8,0.6543827446069322,0.6065089383666669,0.19844776142638945,0.49285778499649147,1.1208067083108755,0.125,8,0.033499519263369755,0.02293888635295937,0.024063827502535926,0.011540429279294192,0.0820194480407686,0.0,True,False,False
SORT1,189.0,138.0,328.0,8,0.6816468209922496,0.6458226242631435,0.15778647826997727,0.5336172444509558,1.039515968186611,0.25,8,0.02609694454858462,0.026780165394688096,0.01984854126532794,0.0024340835386641264,0.061296207123632145,0.0,True,False,False
SORT1,189.0,139.0,329.0,8,0.6748992962895646,0.6438686128787677,0.15932759128547178,0.5172865448653562,1.039515968186611,0.25,8,0.02763308869274974,0.023749608921558932,0.021265358071665,0.0024340835386641264,0.05885812592648014,0.0,True,False,False
SORT1,189.0,140.0,330.0,8,0.6918855454928459,0.643873673419627,0.15861512758859794,0.5565711869148425,1.039515968186611,0.25,8,0.023393154976769342,0.02631570164332786,0.015484280090648674,0.0024340835386641264,0.04385488104813114,0.0,True,False,False
SORT1,189.0,141.0,331.0,8,0.6961357622402502,0.6548103390013175,0.17603849352369422,0.5565711869148425,1.1122522009525717,0.25,8,0.03469605436918015,0.03532377825904365,0.024074216872552158,0.0008552822613120212,0.07045660933500877,0.0,True,False,False
SORT1,189.0,142.0,332.0,8,0.6999322502470514,0.6591431818379601,0.17673259840590871,0.5297517565075663,1.1147955709772972,0.25,8,0.020135991869638558,0.017505596897274295,0.01693921352812362,0.002655048759001963,0.044939868576312915,0.0,True,False,False
SORT1,189.0,143.0,333.0,8,0.7271685504124946,0.6448676559377522,0.20481786203021346,0.5297517565075663,1.163876612752325,0.375,8,0.013552450218039483,0.010576499278461517,0.01453844433678768,0.0009532625263139902,0.044939868576312915,0.0,True,True,False
SORT1,189.0,144.0,334.0,8,0.734227959552137,0.6619379105363521,0.2021231158668427,0.5297517565075663,1.1904955914683308,0.375,8,0.013874881728757137,0.014763603847617011,0.008664394424649514,0.001237441483495026,0.028272275337225948,0.0,True,True,False
SORT1,189.0,145.0,335.0,8,0.712985662725087,0.6772821714245558,0.21106185969342242,0.46373871865876604,1.1776389136189733,0.375,8,0.02262818914042358,0.024867994147944286,0.012408814164924467,0.0028637390603833846,0.04155367673044176,0.0,True,True,False
SORT1,189.0,146.0,336.0,8,0.7320785299366975,0.6886735213239186,0.21969556723998532,0.44871405583509594,1.1776389136189733,0.5,8,0.03476124305862592,0.028732598627591557,0.024098201872564846,0.004417643054428599,0.06561795275576945,0.0,True,True,False
SORT1,189.0,147.0,337.0,8,0.7148610941949738,0.6902579350273003,0.21016697748944424,0.4721115209272153,1.1886054484343695,0.5,8,0.03780607157618235,0.040039864254515396,0.022732624900440035,0.0025020268481416846,0.06561795275576945,0.0,True,True,False
SORT1,189.0,148.0,338.0,8,0.71941782085585,0.6798591142941952,0.20484889617970828,0.47698190469938295,1.1886054484343695,0.375,8,0.026854248401212803,0.02064948908244323,0.02030531381686638,0.005216567119622446,0.06226086964873084,0.0,True,True,False
SORT1,189.0,149.0,339.0,8,0.7126677200363779,0.6657913956384817,0.2258227864244276,0.47698190469938295,1.2366168476520156,0.375,8,0.018119461995451256,0.01327758905264105,0.013920553921358124,0.0005495789688407858,0.03987171605199953,0.0,True,True,False
SORT1,189.0,150.0,340.0,8,0.7022841121258182,0.6657913956384817,0.1697570705579286,0.5332894537497596,1.0962637981247672,0.375,8,0.022569065873462787,0.006719111617935334,0.02561729715351486,0.0005495789688407858,0.06765241365985543,0.0,True,True,False
SORT1,189.0,151.0,341.0,8,0.6999511733683336,0.6376388000482204,0.18804091421960245,0.5190798596158221,1.1349791308528698,0.375,8,0.02659660595645396,0.024389526895259334,0.020819044139578326,0.002113669546661154,0.06765241365985543,0.0,True,False,False
SORT1,189.0,152.0,342.0,8,0.6742387613973508,0.6164995460358269,0.2226768375103417,0.4677533864728461,1.203338998035528,0.125,8,0.01901911606341783,0.010646814595654055,0.020692922031975546,0.003919132076907138,0.06765241365985543,0.0,True,False,False
SORT1,189.0,153.0,343.0,8,0.6643290004048148,0.6102005445434571,0.17323269890972068,0.5382104561529208,1.072638141635755,0.125,8,0.01588184845823231,0.014616437554349777,0.011682040488030268,0.001832297616145227,0.030204752825510685,0.0,True,False,False
SORT1,189.0,154.0,344.0,8,0.6735252919600426,0.6369521074161929,0.19790616611756032,0.5096155149367738,1.13794123444333,0.125,8,0.021786398696645136,0.01430283231588688,0.01781240916231875,0.005698386672976379,0.05143641566648754,0.0,True,False,False
SORT1,189.0,155.0,345.0,8,0.677636287943404,0.6316118573986966,0.18583376760153827,0.47419031186010446,1.1081589304915085,0.25,8,0.0287382771913352,0.025345892224524776,0.01835016555473373,0.008872554123101978,0.0676946695930918,0.0,True,False,False
SORT1,189.0,156.0,346.0,8,0.6705038855314583,0.6364029311221042,0.1172492929729112,0.5548987946192063,0.9394913710531739,0.25,8,0.02713895424804311,0.02539261724774819,0.017290550434938868,0.009782945973436262,0.0660536708774801,0.0,True,False,False
SORT1,189.0,157.0,347.0,8,0.678944296733681,0.6607404887628334,0.15431417191307287,0.5139878517380597,1.0162028111315864,0.375,8,0.0181489286560621,0.015618565006579894,0.013041067200507085,0.004834386131257517,0.040083413547789805,0.0,True,False,False
SORT1,189.0,158.0,348.0,8,0.7124799347505155,0.6380993439502272,0.19028658506076945,0.5815516761314425,1.1542800503821242,0.375,8,0.012189827859036786,0.011060798450045579,0.009840694751531402,0.0029573056679735765,0.033431160183804334,0.0,True,True,False
SORT1,189.0,159.0,349.0,8,0.7062243204237647,0.6444170060980041,0.1854988138121335,0.5858795346089404,1.1542800503821242,0.25,8,0.015770510075177116,0.011060798450045579,0.014064283174117639,0.003784256467795758,0.04673782176608248,0.0,True,True,False
SORT1,189.0,160.0,350.0,8,0.7020715650868526,0.6410231628209186,0.19754615094477793,0.5423922847567574,1.144001798555715,0.375,8,0.02368875831807217,0.02388337069093734,0.013241977865364433,0.0017957078124519444,0.042839236375962965,0.0,True,True,False
SORT1,190.0,105.0,296.0,8,0.6002944233383767,0.5218639380289594,0.18017139381556105,0.43456255875265626,0.9294997996700356,0.25,8,0.030024452825543935,0.018248723602004493,0.02383851298390062,0.007717289622824729,0.06778245920582539,0.0,True,False,False
SORT1,190.0,106.0,297.0,8,0.5921480632368589,0.5121510180042403,0.1798998427233572,0.38924152630034403,0.906452709648914,0.25,8,0.029534838555344247,0.024616070875174655,0.022768658053367377,0.007124255545352471,0.06778245920582539,0.0,True,False,False
SORT1,190.0,107.0,298.0,8,0.6516974867715744,0.5973748771278478,0.1919372505438863,0.4272023329351593,1.0121829855406845,0.25,8,0.029314004211981323,0.02954045100679089,0.00980813401622903,0.016145718783732853,0.04329841948335929,0.0,True,False,False
SORT1,190.0,108.0,299.0,8,0.6056355198730367,0.5636548878507976,0.1569358147668933,0.4272023329351593,0.9338177644921544,0.25,8,0.03428151028931285,0.03511632242686881,0.013429522369127509,0.016860718059723924,0.05451033062261354,0.0,True,False,False
SORT1,190.0,109.0,300.0,8,0.5759418597049907,0.5564034872588477,0.17775205470120156,0.3808835712279043,0.96256103262846,0.125,8,0.040268914602706214,0.043166012812767204,0.023672098206517948,0.004871226754812554,0.06936027673210375,0.0,True,False,False
SORT1,190.0,110.0,301.0,8,0.5784498354907673,0.5483974833747507,0.15913272553531904,0.3808835712279043,0.926759701805843,0.125,8,0.032492529200324916,0.03278750839059546,0.023311987461739216,0.0026572046303822614,0.062373626928932675,0.0,True,False,False
SORT1,190.0,111.0,302.0,8,0.5903010755939675,0.5561978284608136,0.1545972263433008,0.4171176432876342,0.926759701805843,0.125,8,0.03579925479452066,0.033840367373407745,0.029000004616196447,0.0023022000707318894,0.08335818984741247,0.0,True,False,False
SORT1,190.0,112.0,303.0,8,0.5952266536042763,0.5669273283925185,0.17178990704001768,0.3953575065594565,0.950924030767747,0.25,8,0.032544447955303535,0.03423903300703758,0.0248792518022602,0.007095348194783211,0.07762726839440703,0.0,True,False,False
SORT1,190.0,113.0,304.0,8,0.5842157723337978,0.5571159323623105,0.1589788100842969,0.36536858070599043,0.8961384839820783,0.125,8,0.024981653734005925,0.02228067815614067,0.015209201381607836,0.0019502529508064336,0.04721846858880945,0.0,True,False,False
SORT1,190.0,114.0,305.0,8,0.5680908924533676,0.5297523817265362,0.16311025020465353,0.4228038793328645,0.9061019521436814,0.125,8,0.04454068500367766,0.053115315548706,0.026757655206513034,0.003265618057125562,0.07544605139845306,0.0,True,False,False
SORT1,190.0,115.0,306.0,8,0.6119210831496997,0.5297523817265362,0.27118969396643244,0.37789500705245954,1.2433927359061592,0.125,8,0.034649654872771635,0.03179924509532389,0.025937649443913174,0.003265618057125562,0.07544605139845306,0.0,True,False,False
SORT1,190.0,116.0,307.0,8,0.6002046370578021,0.5557335923392543,0.166234382809121,0.44150457685159794,0.9836861071791311,0.125,8,0.024386296114133676,0.018659330338231108,0.020558696713888904,0.003265618057125562,0.061435870687559097,0.0,True,False,False
SORT1,190.0,117.0,308.0,8,0.5883122050226057,0.5451987394384996,0.1989389315317631,0.3683874696797476,1.0347555336509602,0.125,8,0.0169118954160415,0.018706503297742216,0.012033913374362791,0.001611234549638054,0.03559901435752603,0.0,True,False,False
SORT1,190.0,118.0,309.0,8,0.5660532750173333,0.5311402992885914,0.18309840137388167,0.36534270618105114,0.9469959247084173,0.125,8,0.029121792351429712,0.02173198600757121,0.02974973718806455,0.0008060861636241167,0.07485706624184267,0.0,True,False,False
SORT1,190.0,119.0,310.0,8,0.563055043671991,0.530826135757168,0.18075833124112115,0.36534270618105114,0.9469959247084173,0.125,8,0.018313360330028738,0.01290263220655613,0.019058250046026893,0.0008060861636241167,0.05107525493252515,0.0,True,False,False
SORT1,190.0,120.0,311.0,8,0.5474347229514614,0.5119931120214796,0.18999205001305053,0.361904143626364,0.9469959247084173,0.125,8,0.028484570056038654,0.025817362659543992,0.024653697100579044,0.00330231892942721,0.0725113945852078,0.0,True,False,False
SORT1,190.0,121.0,312.0,8,0.5591109864937054,0.5041506385480848,0.19121355928562953,0.38180336567176804,0.9469959247084173,0.25,8,0.017444461248039996,0.011133781754644204,0.02327420784670972,0.001429329292039915,0.0725113945852078,0.0,True,False,False
SORT1,190.0,122.0,313.0,8,0.5485947781526331,0.49223473603478196,0.19174030439380985,0.31743335974624143,0.9566075305772793,0.125,8,0.02991051981429354,0.021519719437356116,0.019824996923943457,0.011200743448913624,0.07208419152484626,0.0,True,False,False
SORT1,190.0,123.0,314.0,8,0.5744930113400785,0.5480393690957427,0.18605148851133,0.35299393274880647,0.9838112528879519,0.125,8,0.024054507525636308,0.02105377690633855,0.01617857518475908,0.0026397316570688036,0.054852631245444074,0.0,True,False,False
SORT1,190.0,124.0,315.0,8,0.5420417024237204,0.5147117407795905,0.17391159787366556,0.32122489080517064,0.9163896917976669,0.125,8,0.023871975548880518,0.022774380938327326,0.010267140787348415,0.012306834838151372,0.04417490080749446,0.0,True,False,False
SORT1,190.0,125.0,316.0,8,0.5416107364290119,0.5188380008733218,0.14793830044588038,0.374118427138557,0.8654000443650143,0.125,8,0.030176848525760372,0.031029827866696374,0.022285565891867642,0.0028831461746055068,0.05690730725771552,0.0,True,False,False
SORT1,190.0,126.0,317.0,8,0.5614712104346341,0.5502582770211333,0.1741968279344964,0.374118427138557,0.9507847901191502,0.125,8,0.03567714430153092,0.035966287224799595,0.016041769188056314,0.009301170359365613,0.05690730725771552,0.0,True,False,False
SORT1,190.0,127.0,318.0,8,0.569300313304886,0.5696885883983142,0.16017692161189942,0.3922081839096722,0.908915088643374,0.125,8,0.024471723813956948,0.019923140866663205,0.026318061808217035,0.002400066622450462,0.08508177686652278,0.0,True,False,False
SORT1,190.0,128.0,319.0,8,0.5641799655490021,0.5349461301336607,0.18220020602045506,0.3922081839096722,0.9728592985817525,0.125,8,0.029750607857106797,0.02497892906796905,0.03003226047872823,0.002577708958683556,0.09185622346563758,0.0,True,False,False
SORT1,190.0,129.0,320.0,8,0.5801955362872531,0.5623900159656247,0.1555861272294067,0.3922081839096722,0.9202271092706064,0.125,8,0.018461162267648667,0.015476273529456849,0.01178457900415043,0.005486920875264299,0.039294725294614086,0.0,True,False,False
SORT1,190.0,130.0,321.0,8,0.6038956024791924,0.5376770182487702,0.16812299577814696,0.3922081839096722,0.9296422871447088,0.25,8,0.03415697494960703,0.02861982944712145,0.032477912608849586,0.005486920875264299,0.10696962140966541,0.0,True,False,False
SORT1,190.0,131.0,322.0,8,0.6164862095313239,0.5296663063549829,0.1668586948919953,0.49120739894398474,0.9661298929730131,0.25,8,0.0335724318278198,0.023003736013374437,0.03234360391818389,0.003096614666487006,0.10696962140966541,0.0,True,False,False
SORT1,190.0,132.0,323.0,8,0.6491625647804882,0.6140187992126024,0.19416350637263075,0.4352821962644968,1.0559703293107086,0.25,8,0.03848686050662746,0.025702044392108075,0.038523712300333066,0.0019239876513510144,0.10696962140966541,0.0,True,False,False
SORT1,190.0,133.0,324.0,8,0.5870286260253853,0.5501466009313403,0.16974655496669228,0.4198193022379163,0.9456256487568347,0.125,8,0.024956473795152652,0.018205807562879733,0.02334095405339439,0.003096614666487006,0.07258079155168277,0.0,True,False,False
SORT1,190.0,134.0,325.0,8,0.6522802144749396,0.6214347591260763,0.16412648856918688,0.5215042720433002,1.0167993725547602,0.125,8,0.020748171866889285,0.02020032951570322,0.004996534372180982,0.014326493502519784,0.029739146653584743,0.0,True,False,False
SORT1,190.0,135.0,326.0,8,0.6724709568675065,0.6095674732616109,0.1765874960158021,0.5262270748454494,1.0161317680705018,0.25,8,0.02901047670082619,0.02590911931565581,0.016618554582949027,0.005564502138093881,0.04928791998906161,0.0,True,False,False
SORT1,190.0,136.0,327.0,8,0.6618478735121466,0.6376457894409964,0.19689546523701523,0.40805703220801953,1.0569827198335884,0.25,8,0.024647285646836898,0.02412710722631896,0.015608269592163816,0.0009533418610732339,0.04928791998906161,0.0,True,False,False
SORT1,190.0,137.0,328.0,8,0.6475597592190181,0.6129765269455665,0.21274235188178997,0.46286566439305965,1.1395279036950692,0.125,8,0.024981604048066697,0.02412710722631896,0.01565889368249239,0.0045756150477540515,0.04928791998906161,0.0,True,False,False
SORT1,190.0,138.0,329.0,8,0.6620807926760619,0.631958422468498,0.1807233606154575,0.46286566439305965,1.0613193295458654,0.25,8,0.027221069340043834,0.01841004718403109,0.024390414519340223,0.0045756150477540515,0.0689065518565459,0.0,True,False,False
SORT1,190.0,139.0,330.0,8,0.6562713400027417,0.6123074263906918,0.17743387271476774,0.4924262459860953,1.0613193295458654,0.25,8,0.027636858212901957,0.025660587705778365,0.012698448584416546,0.009614576650664945,0.050177569053304685,0.0,True,False,False
SORT1,190.0,140.0,331.0,8,0.6719058187239838,0.6294275088155536,0.1838148275985486,0.5145177744001532,1.0613193295458654,0.25,8,0.01982953799905338,0.020899279572321683,0.006728139109993963,0.010142173583672979,0.027607009397689983,0.0,True,False,False
SORT1,190.0,141.0,332.0,8,0.6811360476063661,0.6302643600854266,0.21034316322625196,0.5210564592350918,1.1696776811903895,0.25,8,0.03088184022977561,0.0278138077684051,0.02191757480600266,0.0037680624115560904,0.06916378710037589,0.0,True,False,False
SORT1,190.0,142.0,333.0,8,0.677750638479306,0.6558685039541564,0.21484928352598906,0.41068287763679145,1.1415856633886563,0.375,8,0.028766211241630653,0.029386795841780968,0.01801469688603181,0.002895205465672824,0.06016486612336515,0.0,True,False,False
SORT1,190.0,143.0,334.0,8,0.6856942989695353,0.6558685039541564,0.19091273265133069,0.5042902882792599,1.0772689513031697,0.375,8,0.02887580934542561,0.029386795841780968,0.01506162734724461,0.00865381434463367,0.05670566656212179,0.0,True,False,False
SORT1,190.0,144.0,335.0,8,0.7118704576530932,0.6823154693389779,0.19678873874968023,0.5244255473193922,1.1513769551759354,0.5,8,0.027699096055924178,0.023629910561404094,0.023983562984670363,0.0001103617772109488,0.06517856468930067,0.0,True,True,False
SORT1,190.0,145.0,336.0,8,0.704018040177217,0.6672103080725394,0.19533338687256768,0.5478198032186252,1.1355505484447164,0.375,8,0.02297502117681367,0.013392293187657826,0.021294454770153428,0.0001103617772109488,0.06124370968254779,0.0,True,True,False
SORT1,190.0,146.0,337.0,8,0.713743898608641,0.6965342836982003,0.19364396831548986,0.5034014313421352,1.1355505484447164,0.5,8,0.011950588562306626,0.01158144718331234,0.005738786806393926,0.004206785896828056,0.01960800446722866,0.0,True,True,False
SORT1,190.0,147.0,338.0,8,0.6829661217894373,0.6686561824263346,0.1817239638738426,0.45114202571484874,1.0754619525263422,0.375,8,0.022702251143566908,0.017233230479659384,0.022903762578464357,0.0025020268481416846,0.07485505663121395,0.0,True,False,False
SORT1,190.0,148.0,339.0,8,0.6768698177215842,0.6229385127675613,0.17666634869271988,0.5161712447441862,1.0754619525263422,0.25,8,0.03246793008350031,0.02637658344675135,0.020549962459407697,0.016010242264588297,0.08032922230717451,0.0,True,False,False
SORT1,190.0,149.0,340.0,8,0.6921418740572365,0.6242906667263828,0.21862114562063534,0.5161712447441862,1.2001111240011457,0.25,8,0.027664474924111164,0.019516774166772236,0.028126373765942417,0.0005495789688407858,0.08032922230717451,0.0,True,False,False
SORT1,190.0,150.0,341.0,8,0.677799485198948,0.6725893793365034,0.16036432230761102,0.4934112039713747,1.0147349774234768,0.25,8,0.0390587515388523,0.03747820960082191,0.03018988276998788,0.0005495789688407858,0.08032922230717451,0.0,True,False,False
SORT1,190.0,151.0,342.0,8,0.678672913202579,0.6206191838126538,0.19573463962914495,0.5097733903044608,1.1142101780581284,0.375,8,0.03422966242708944,0.020690069323027614,0.03094463136401117,0.002113669546661154,0.08032922230717451,0.0,True,False,False
SORT1,190.0,152.0,343.0,8,0.666398386252171,0.6306241509724517,0.1753475696142377,0.5397406488166645,1.0719734597221788,0.25,8,0.016319636073006568,0.011041020903508114,0.015389872221542991,0.003410461774319874,0.050834200522492004,0.0,True,False,False
SORT1,190.0,153.0,344.0,8,0.6587543083773602,0.6239522942932969,0.1711288272253711,0.508353455265616,1.0483237713091054,0.25,8,0.025991277202656322,0.020007223816791077,0.022958213941204297,0.0011783789889819771,0.06588894769908957,0.0,True,False,False
SORT1,190.0,154.0,345.0,8,0.6476251437534475,0.6146658312770172,0.19619262676139299,0.45887506084730884,1.1091561570895523,0.125,8,0.02614245056265536,0.025528997776399612,0.018695826684860826,0.0011314880747285807,0.0624024494523176,0.0,True,False,False
SORT1,190.0,155.0,346.0,8,0.6374061782879394,0.6026027717261787,0.19559684993467005,0.42475143347775424,1.0805825770639235,0.125,8,0.034271171469261924,0.03281255844424875,0.01695023844100098,0.007835927643336384,0.0624024494523176,0.0,True,False,False
SORT1,190.0,156.0,347.0,8,0.6372599818113064,0.6176549701209346,0.12365064593790696,0.5156935994199814,0.8921584897319788,0.125,8,0.029422857942114966,0.025964665551017906,0.017562980899465886,0.006295124260005763,0.063024874619046,0.0,True,False,False
SORT1,190.0,157.0,348.0,8,0.6669539415698328,0.6625489331614538,0.14551106659061716,0.47512325512581105,0.9602752341049235,0.375,8,0.0207215218955434,0.022461122026619464,0.012878142854432882,0.004834386131257517,0.04016620547720496,0.0,True,False,False
SORT1,190.0,158.0,349.0,8,0.6833127469451636,0.6521193344048136,0.1671900704153396,0.5145746991278941,1.0601172087132031,0.25,8,0.029707757828569555,0.02384393734626688,0.027179648134370956,0.0029573056679735765,0.08791409834311081,0.0,True,False,False
SORT1,190.0,159.0,350.0,8,0.6809798454394299,0.646142114513816,0.16465605727093277,0.5145746991278941,1.0601172087132031,0.25,8,0.03569817070948515,0.026518030618895724,0.024766066262542397,0.010667542837105158,0.08791409834311081,0.0,True,False,False
SORT1,190.0,160.0,351.0,8,0.6942649913826532,0.643259001802203,0.20039165890691182,0.48042079517109465,1.1323862697678537,0.375,8,0.015192798388583499,0.017093836450532217,0.008302694333743336,0.0002066609588116927,0.025336460236494218,0.0,True,False,False
